solid bottom
facet normal 0 0 -1
outer loop
vertex 144.38304550000007 -97.11500011841207 0
vertex 144.3830731069985 -97.11500229225634 0
vertex 62.85509519729686 -97.11500229225634 0
endloop
endfacet
facet normal 0 0 -1
outer loop
vertex 144.38304550000007 -97.11500011841207 0
vertex 62.85509519729686 -97.11500229225634 0
vertex 94.3846110676685 -97.11500011841207 0
endloop
endfacet
facet normal 0 0 -1
outer loop
vertex 288.4194848615332 -97.11500011841207 0
vertex 312.11463918442865 -97.11500229225634 0
vertex 288.4194848615332 -97.11500011841207 0
endloop
endfacet
facet normal 0 0 -1
outer loop
vertex 288.4194848615332 -97.11500011841207 0
vertex 288.4194848615332 -97.11500011841207 0
vertex 243.6169546000003 -97.11500011841207 0
endloop
endfacet
facet normal 0 0 -1
outer loop
vertex 288.4194848615332 -97.11500011841207 0
vertex 243.6169546000003 -97.11500011841207 0
vertex 243.61692699300082 -97.11500229225634 0
endloop
endfacet
facet normal 0 0 -1
outer loop
vertex 288.4194848615332 -97.11500011841207 0
vertex 243.61692699300082 -97.11500229225634 0
vertex 243.6169546000003 -97.11500011841207 0
endloop
endfacet
facet normal 0 0 -1
outer loop
vertex 62.85509519729686 -97.11500229225634 0
vertex 144.3830731069985 -97.11500229225634 0
vertex 145.71348474088623 -97.2197622395512 0
endloop
endfacet
facet normal 0 0 -1
outer loop
vertex 62.85509519729686 -97.11500229225634 0
vertex 145.71348474088623 -97.2197622395512 0
vertex 147.01112977071452 -97.5314823739005 0
endloop
endfacet
facet normal 0 0 -1
outer loop
vertex 62.85509519729686 -97.11500229225634 0
vertex 147.01112977071452 -97.5314823739005 0
vertex 148.24398928085787 -98.04247111530846 0
endloop
endfacet
facet normal 0 0 -1
outer loop
vertex 62.85509519729686 -97.11500229225634 0
vertex 148.24398928085787 -98.04247111530846 0
vertex 149.38167175606173 -98.74013195784579 0
endloop
endfacet
facet normal 0 0 -1
outer loop
vertex 62.85509519729686 -97.11500229225634 0
vertex 149.38167175606173 -98.74013195784579 0
vertex 150.39613191297104 -99.60726669688069 0
endloop
endfacet
facet normal 0 0 -1
outer loop
vertex 62.85509519729686 -97.11500229225634 0
vertex 150.39613191297104 -99.60726669688069 0
vertex 151.26236205112914 -100.62249938614097 0
endloop
endfacet
facet normal 0 0 -1
outer loop
vertex 62.85509519729686 -97.11500229225634 0
vertex 151.26236205112914 -100.62249938614097 0
vertex 151.95900852379816 -101.76080328129132 0
endloop
endfacet
facet normal 0 0 -1
outer loop
vertex 62.85509519729686 -97.11500229225634 0
vertex 151.95900852379816 -101.76080328129132 0
vertex 152.46889813182034 -102.99411778020367 0
endloop
endfacet
facet normal 0 0 -1
outer loop
vertex 62.85509519729686 -97.11500229225634 0
vertex 152.46889813182034 -102.99411778020367 0
vertex 152.77946146426714 -104.29204015158663 0
endloop
endfacet
facet normal 0 0 -1
outer loop
vertex 62.85509519729686 -97.11500229225634 0
vertex 152.77946146426714 -104.29204015158663 0
vertex 152.88304275000002 -105.62257500000013 0
endloop
endfacet
facet normal 0 0 -1
outer loop
vertex 62.85509519729686 -97.11500229225634 0
vertex 152.88304275000002 -105.62257500000013 0
vertex 152.861316364397 -130.01999999999995 0
endloop
endfacet
facet normal 0 0 -1
outer loop
vertex 62.85509519729686 -97.11500229225634 0
vertex 152.861316364397 -130.01999999999995 0
vertex 142.50000000000176 -130.01999999999995 0
endloop
endfacet
facet normal 0 0 -1
outer loop
vertex 62.85509519729686 -97.11500229225634 0
vertex 142.50000000000176 -130.01999999999995 0
vertex 22.104655934611017 -130.01999999999995 0
endloop
endfacet
facet normal 0 0 -1
outer loop
vertex 62.85509519729686 -97.11500229225634 0
vertex 22.104655934611017 -130.01999999999995 0
vertex 22.069682400000005 -105.62718639999994 0
endloop
endfacet
facet normal 0 0 -1
outer loop
vertex 62.85509519729686 -97.11500229225634 0
vertex 22.069682400000005 -105.62718639999994 0
vertex 22.17261855022204 -104.29613950690265 0
endloop
endfacet
facet normal 0 0 -1
outer loop
vertex 62.85509519729686 -97.11500229225634 0
vertex 22.17261855022204 -104.29613950690265 0
vertex 22.48269064031811 -102.99762971464067 0
endloop
endfacet
facet normal 0 0 -1
outer loop
vertex 62.85509519729686 -97.11500229225634 0
vertex 22.48269064031811 -102.99762971464067 0
vertex 22.992253571706755 -101.76368563138124 0
endloop
endfacet
facet normal 0 0 -1
outer loop
vertex 62.85509519729686 -97.11500229225634 0
vertex 22.992253571706755 -101.76368563138124 0
vertex 23.688737379829803 -100.62474634999754 0
endloop
endfacet
facet normal 0 0 -1
outer loop
vertex 62.85509519729686 -97.11500229225634 0
vertex 23.688737379829803 -100.62474634999754 0
vertex 24.55496111167031 -99.60890737257378 0
endloop
endfacet
facet normal 0 0 -1
outer loop
vertex 62.85509519729686 -97.11500229225634 0
vertex 24.55496111167031 -99.60890737257378 0
vertex 25.569556647731872 -98.74122754691201 0
endloop
endfacet
facet normal 0 0 -1
outer loop
vertex 62.85509519729686 -97.11500229225634 0
vertex 25.569556647731872 -98.74122754691201 0
vertex 26.707495813586007 -98.04311091161955 0
endloop
endfacet
facet normal 0 0 -1
outer loop
vertex 62.85509519729686 -97.11500229225634 0
vertex 26.707495813586007 -98.04311091161955 0
vertex 27.94070777812783 -97.53177869850636 0
endloop
endfacet
facet normal 0 0 -1
outer loop
vertex 62.85509519729686 -97.11500229225634 0
vertex 27.94070777812783 -97.53177869850636 0
vertex 29.238771508483808 -97.21984451700183 0
endloop
endfacet
facet normal 0 0 -1
outer loop
vertex 62.85509519729686 -97.11500229225634 0
vertex 29.238771508483808 -97.21984451700183 0
vertex 30.56966620000003 -97.11500229225634 0
endloop
endfacet
facet normal 0 0 -1
outer loop
vertex 243.6169546000003 -97.11500011841207 0
vertex 357.43033379999997 -97.11500229225634 0
vertex 358.7612284915161 -97.21984451700183 0
endloop
endfacet
facet normal 0 0 -1
outer loop
vertex 243.6169546000003 -97.11500011841207 0
vertex 358.7612284915161 -97.21984451700183 0
vertex 360.05929222187194 -97.53177869850636 0
endloop
endfacet
facet normal 0 0 -1
outer loop
vertex 243.6169546000003 -97.11500011841207 0
vertex 360.05929222187194 -97.53177869850636 0
vertex 361.292504186414 -98.04311091161955 0
endloop
endfacet
facet normal 0 0 -1
outer loop
vertex 243.6169546000003 -97.11500011841207 0
vertex 361.292504186414 -98.04311091161955 0
vertex 362.4304433522679 -98.74122754691201 0
endloop
endfacet
facet normal 0 0 -1
outer loop
vertex 243.6169546000003 -97.11500011841207 0
vertex 362.4304433522679 -98.74122754691201 0
vertex 363.4450388883296 -99.60890737257378 0
endloop
endfacet
facet normal 0 0 -1
outer loop
vertex 243.6169546000003 -97.11500011841207 0
vertex 363.4450388883296 -99.60890737257378 0
vertex 364.3112626201703 -100.62474634999754 0
endloop
endfacet
facet normal 0 0 -1
outer loop
vertex 243.6169546000003 -97.11500011841207 0
vertex 364.3112626201703 -100.62474634999754 0
vertex 365.0077464282931 -101.76368563138124 0
endloop
endfacet
facet normal 0 0 -1
outer loop
vertex 243.6169546000003 -97.11500011841207 0
vertex 365.0077464282931 -101.76368563138124 0
vertex 365.517309359682 -102.99762971464067 0
endloop
endfacet
facet normal 0 0 -1
outer loop
vertex 243.6169546000003 -97.11500011841207 0
vertex 365.517309359682 -102.99762971464067 0
vertex 365.82738144977804 -104.29613950690265 0
endloop
endfacet
facet normal 0 0 -1
outer loop
vertex 243.6169546000003 -97.11500011841207 0
vertex 365.82738144977804 -104.29613950690265 0
vertex 365.9303176 -105.62718639999994 0
endloop
endfacet
facet normal 0 0 -1
outer loop
vertex 243.6169546000003 -97.11500011841207 0
vertex 365.9303176 -105.62718639999994 0
vertex 365.895344065389 -130.01999999999995 0
endloop
endfacet
facet normal 0 0 -1
outer loop
vertex 243.6169546000003 -97.11500011841207 0
vertex 365.895344065389 -130.01999999999995 0
vertex 245.50000000000568 -130.01999999999995 0
endloop
endfacet
facet normal 0 0 -1
outer loop
vertex 243.6169546000003 -97.11500011841207 0
vertex 245.50000000000568 -130.01999999999995 0
vertex 235.13868367211828 -130.01999999999995 0
endloop
endfacet
facet normal 0 0 -1
outer loop
vertex 243.6169546000003 -97.11500011841207 0
vertex 235.13868367211828 -130.01999999999995 0
vertex 235.11695730000002 -105.62257500000013 0
endloop
endfacet
facet normal 0 0 -1
outer loop
vertex 243.6169546000003 -97.11500011841207 0
vertex 235.11695730000002 -105.62257500000013 0
vertex 235.22053858573287 -104.29204015158663 0
endloop
endfacet
facet normal 0 0 -1
outer loop
vertex 243.6169546000003 -97.11500011841207 0
vertex 235.22053858573287 -104.29204015158663 0
vertex 235.53110191817956 -102.99411778020367 0
endloop
endfacet
facet normal 0 0 -1
outer loop
vertex 243.6169546000003 -97.11500011841207 0
vertex 235.53110191817956 -102.99411778020367 0
vertex 236.04099152620185 -101.76080328129132 0
endloop
endfacet
facet normal 0 0 -1
outer loop
vertex 243.6169546000003 -97.11500011841207 0
vertex 236.04099152620185 -101.76080328129132 0
vertex 236.73763799887087 -100.62249938614097 0
endloop
endfacet
facet normal 0 0 -1
outer loop
vertex 243.6169546000003 -97.11500011841207 0
vertex 236.73763799887087 -100.62249938614097 0
vertex 237.60386813702914 -99.60726669688069 0
endloop
endfacet
facet normal 0 0 -1
outer loop
vertex 243.6169546000003 -97.11500011841207 0
vertex 237.60386813702914 -99.60726669688069 0
vertex 238.61832829393802 -98.74013195784579 0
endloop
endfacet
facet normal 0 0 -1
outer loop
vertex 243.6169546000003 -97.11500011841207 0
vertex 238.61832829393802 -98.74013195784579 0
vertex 239.7560107691422 -98.04247111530846 0
endloop
endfacet
facet normal 0 0 -1
outer loop
vertex 243.6169546000003 -97.11500011841207 0
vertex 239.7560107691422 -98.04247111530846 0
vertex 240.98887027928558 -97.5314823739005 0
endloop
endfacet
facet normal 0 0 -1
outer loop
vertex 243.6169546000003 -97.11500011841207 0
vertex 240.98887027928558 -97.5314823739005 0
vertex 242.28651530911375 -97.2197622395512 0
endloop
endfacet
facet normal 0 0 -1
outer loop
vertex 243.6169546000003 -97.11500011841207 0
vertex 242.28651530911375 -97.2197622395512 0
vertex 243.61692699300082 -97.11500229225634 0
endloop
endfacet
facet normal 0 0 -1
outer loop
vertex 142.50000000000176 -130.01999999999995 0
vertex 142.2951551618897 -130.04017545557608 0
vertex 22.104684861450107 -130.04017545557608 0
endloop
endfacet
facet normal 0 0 -1
outer loop
vertex 142.50000000000176 -130.01999999999995 0
vertex 22.104684861450107 -130.04017545557608 0
vertex 22.104655934611017 -130.01999999999995 0
endloop
endfacet
facet normal 0 0 -1
outer loop
vertex 152.861316364397 -130.01999999999995 0
vertex 152.861298397758 -130.04017545557608 0
vertex 142.70484483811387 -130.04017545557608 0
endloop
endfacet
facet normal 0 0 -1
outer loop
vertex 152.861316364397 -130.01999999999995 0
vertex 142.70484483811387 -130.04017545557608 0
vertex 142.50000000000176 -130.01999999999995 0
endloop
endfacet
facet normal 0 0 -1
outer loop
vertex 245.50000000000568 -130.01999999999995 0
vertex 245.29515516189335 -130.04017545557608 0
vertex 235.13870163874614 -130.04017545557608 0
endloop
endfacet
facet normal 0 0 -1
outer loop
vertex 245.50000000000568 -130.01999999999995 0
vertex 235.13870163874614 -130.04017545557608 0
vertex 235.13868367211828 -130.01999999999995 0
endloop
endfacet
facet normal 0 0 -1
outer loop
vertex 365.895344065389 -130.01999999999995 0
vertex 365.8953151385499 -130.04017545557608 0
vertex 245.70484483813794 -130.04017545557608 0
endloop
endfacet
facet normal 0 0 -1
outer loop
vertex 365.895344065389 -130.01999999999995 0
vertex 245.70484483813794 -130.04017545557608 0
vertex 245.50000000000568 -130.01999999999995 0
endloop
endfacet
facet normal 0 0 -1
outer loop
vertex 142.2951551618897 -130.04017545557608 0
vertex 142.0981823959866 -130.09992649086945 0
vertex 22.104770530325176 -130.09992649086945 0
endloop
endfacet
facet normal 0 0 -1
outer loop
vertex 142.2951551618897 -130.04017545557608 0
vertex 22.104770530325176 -130.09992649086945 0
vertex 22.104684861450107 -130.04017545557608 0
endloop
endfacet
facet normal 0 0 -1
outer loop
vertex 152.861298397758 -130.04017545557608 0
vertex 152.86124518828885 -130.09992649086945 0
vertex 142.90181760400273 -130.09992649086945 0
endloop
endfacet
facet normal 0 0 -1
outer loop
vertex 152.861298397758 -130.04017545557608 0
vertex 142.90181760400273 -130.09992649086945 0
vertex 142.70484483811387 -130.04017545557608 0
endloop
endfacet
facet normal 0 0 -1
outer loop
vertex 245.29515516189335 -130.04017545557608 0
vertex 245.09818239597914 -130.09992649086945 0
vertex 235.13875484818226 -130.09992649086945 0
endloop
endfacet
facet normal 0 0 -1
outer loop
vertex 245.29515516189335 -130.04017545557608 0
vertex 235.13875484818226 -130.09992649086945 0
vertex 235.13870163874614 -130.04017545557608 0
endloop
endfacet
facet normal 0 0 -1
outer loop
vertex 365.8953151385499 -130.04017545557608 0
vertex 365.89522946967486 -130.09992649086945 0
vertex 245.90181760394137 -130.09992649086945 0
endloop
endfacet
facet normal 0 0 -1
outer loop
vertex 365.8953151385499 -130.04017545557608 0
vertex 245.90181760394137 -130.09992649086945 0
vertex 245.70484483813794 -130.04017545557608 0
endloop
endfacet
facet normal 0 0 -1
outer loop
vertex 142.0981823959866 -130.09992649086945 0
vertex 141.91665125537176 -130.19695690706746 0
vertex 22.10490964902935 -130.19695690706746 0
endloop
endfacet
facet normal 0 0 -1
outer loop
vertex 142.0981823959866 -130.09992649086945 0
vertex 22.10490964902935 -130.19695690706746 0
vertex 22.104770530325176 -130.09992649086945 0
endloop
endfacet
facet normal 0 0 -1
outer loop
vertex 152.86124518828885 -130.09992649086945 0
vertex 152.86115878079963 -130.19695690706746 0
vertex 143.08334874465035 -130.19695690706746 0
endloop
endfacet
facet normal 0 0 -1
outer loop
vertex 152.86124518828885 -130.09992649086945 0
vertex 143.08334874465035 -130.19695690706746 0
vertex 142.90181760400273 -130.09992649086945 0
endloop
endfacet
facet normal 0 0 -1
outer loop
vertex 245.09818239597914 -130.09992649086945 0
vertex 244.91665125536915 -130.19695690706746 0
vertex 235.13884125561785 -130.19695690706746 0
endloop
endfacet
facet normal 0 0 -1
outer loop
vertex 245.09818239597914 -130.09992649086945 0
vertex 235.13884125561785 -130.19695690706746 0
vertex 235.13875484818226 -130.09992649086945 0
endloop
endfacet
facet normal 0 0 -1
outer loop
vertex 365.89522946967486 -130.09992649086945 0
vertex 365.89509035097063 -130.19695690706746 0
vertex 246.08334874467994 -130.19695690706746 0
endloop
endfacet
facet normal 0 0 -1
outer loop
vertex 365.89522946967486 -130.09992649086945 0
vertex 246.08334874467994 -130.19695690706746 0
vertex 245.90181760394137 -130.09992649086945 0
endloop
endfacet
facet normal 0 0 -1
outer loop
vertex 141.91665125537176 -130.19695690706746 0
vertex 141.75753787974622 -130.32753787974747 0
vertex 22.10509687130893 -130.32753787974747 0
endloop
endfacet
facet normal 0 0 -1
outer loop
vertex 141.91665125537176 -130.19695690706746 0
vertex 22.10509687130893 -130.32753787974747 0
vertex 22.10490964902935 -130.19695690706746 0
endloop
endfacet
facet normal 0 0 -1
outer loop
vertex 152.86115878079963 -130.19695690706746 0
vertex 152.86104249588166 -130.32753787974747 0
vertex 143.24246212023567 -130.32753787974747 0
endloop
endfacet
facet normal 0 0 -1
outer loop
vertex 152.86115878079963 -130.19695690706746 0
vertex 143.24246212023567 -130.32753787974747 0
vertex 143.08334874465035 -130.19695690706746 0
endloop
endfacet
facet normal 0 0 -1
outer loop
vertex 244.91665125536915 -130.19695690706746 0
vertex 244.75753787974978 -130.32753787974747 0
vertex 235.13895754046365 -130.32753787974747 0
endloop
endfacet
facet normal 0 0 -1
outer loop
vertex 244.91665125536915 -130.19695690706746 0
vertex 235.13895754046365 -130.32753787974747 0
vertex 235.13884125561785 -130.19695690706746 0
endloop
endfacet
facet normal 0 0 -1
outer loop
vertex 365.89509035097063 -130.19695690706746 0
vertex 365.89490312869106 -130.32753787974747 0
vertex 246.24246212025767 -130.32753787974747 0
endloop
endfacet
facet normal 0 0 -1
outer loop
vertex 365.89509035097063 -130.19695690706746 0
vertex 246.24246212025767 -130.32753787974747 0
vertex 246.08334874467994 -130.19695690706746 0
endloop
endfacet
facet normal 0 0 -1
outer loop
vertex 141.75753787974622 -130.32753787974747 0
vertex 141.62695690706127 -130.48665125534927 0
vertex 22.10532500231669 -130.48665125534927 0
endloop
endfacet
facet normal 0 0 -1
outer loop
vertex 141.75753787974622 -130.32753787974747 0
vertex 22.10532500231669 -130.48665125534927 0
vertex 22.10509687130893 -130.32753787974747 0
endloop
endfacet
facet normal 0 0 -1
outer loop
vertex 152.86104249588166 -130.32753787974747 0
vertex 152.8609008022991 -130.48665125534927 0
vertex 143.37304309292924 -130.48665125534927 0
endloop
endfacet
facet normal 0 0 -1
outer loop
vertex 152.86104249588166 -130.32753787974747 0
vertex 143.37304309292924 -130.48665125534927 0
vertex 143.24246212023567 -130.32753787974747 0
endloop
endfacet
facet normal 0 0 -1
outer loop
vertex 244.75753787974978 -130.32753787974747 0
vertex 244.62695690706485 -130.48665125534927 0
vertex 235.13909923395823 -130.48665125534927 0
endloop
endfacet
facet normal 0 0 -1
outer loop
vertex 244.75753787974978 -130.32753787974747 0
vertex 235.13909923395823 -130.48665125534927 0
vertex 235.13895754046365 -130.32753787974747 0
endloop
endfacet
facet normal 0 0 -1
outer loop
vertex 365.89490312869106 -130.32753787974747 0
vertex 365.8946749976833 -130.48665125534927 0
vertex 246.3730430929262 -130.48665125534927 0
endloop
endfacet
facet normal 0 0 -1
outer loop
vertex 365.89490312869106 -130.32753787974747 0
vertex 246.3730430929262 -130.48665125534927 0
vertex 246.24246212025767 -130.32753787974747 0
endloop
endfacet
facet normal 0 0 -1
outer loop
vertex 141.62695690706127 -130.48665125534927 0
vertex 141.52992649087653 -130.6681823960087 0
vertex 22.105585275105838 -130.6681823960087 0
endloop
endfacet
facet normal 0 0 -1
outer loop
vertex 141.62695690706127 -130.48665125534927 0
vertex 22.105585275105838 -130.6681823960087 0
vertex 22.10532500231669 -130.48665125534927 0
endloop
endfacet
facet normal 0 0 -1
outer loop
vertex 152.8609008022991 -130.48665125534927 0
vertex 152.86073914525699 -130.6681823960087 0
vertex 143.47007350913356 -130.6681823960087 0
endloop
endfacet
facet normal 0 0 -1
outer loop
vertex 152.8609008022991 -130.48665125534927 0
vertex 143.47007350913356 -130.6681823960087 0
vertex 143.37304309292924 -130.48665125534927 0
endloop
endfacet
facet normal 0 0 -1
outer loop
vertex 244.62695690706485 -130.48665125534927 0
vertex 244.5299264908761 -130.6681823960087 0
vertex 235.13926089090003 -130.6681823960087 0
endloop
endfacet
facet normal 0 0 -1
outer loop
vertex 244.62695690706485 -130.48665125534927 0
vertex 235.13926089090003 -130.6681823960087 0
vertex 235.13909923395823 -130.48665125534927 0
endloop
endfacet
facet normal 0 0 -1
outer loop
vertex 365.8946749976833 -130.48665125534927 0
vertex 365.89441472489415 -130.6681823960087 0
vertex 246.47007350914157 -130.6681823960087 0
endloop
endfacet
facet normal 0 0 -1
outer loop
vertex 365.8946749976833 -130.48665125534927 0
vertex 246.47007350914157 -130.6681823960087 0
vertex 246.3730430929262 -130.48665125534927 0
endloop
endfacet
facet normal 0 0 -1
outer loop
vertex 141.52992649087653 -130.6681823960087 0
vertex 141.47017545557304 -130.8651551618836 0
vertex 22.105867687539178 -130.8651551618836 0
endloop
endfacet
facet normal 0 0 -1
outer loop
vertex 141.52992649087653 -130.6681823960087 0
vertex 22.105867687539178 -130.8651551618836 0
vertex 22.105585275105838 -130.6681823960087 0
endloop
endfacet
facet normal 0 0 -1
outer loop
vertex 152.86073914525699 -130.6681823960087 0
vertex 152.86056373714467 -130.8651551618836 0
vertex 143.5298245444227 -130.8651551618836 0
endloop
endfacet
facet normal 0 0 -1
outer loop
vertex 152.86073914525699 -130.6681823960087 0
vertex 143.5298245444227 -130.8651551618836 0
vertex 143.47007350913356 -130.6681823960087 0
endloop
endfacet
facet normal 0 0 -1
outer loop
vertex 244.5299264908761 -130.6681823960087 0
vertex 244.47017545557048 -130.8651551618836 0
vertex 235.13943629890346 -130.8651551618836 0
endloop
endfacet
facet normal 0 0 -1
outer loop
vertex 244.5299264908761 -130.6681823960087 0
vertex 235.13943629890346 -130.8651551618836 0
vertex 235.13926089090003 -130.6681823960087 0
endloop
endfacet
facet normal 0 0 -1
outer loop
vertex 365.89441472489415 -130.6681823960087 0
vertex 365.89413231246084 -130.8651551618836 0
vertex 246.5298245444211 -130.8651551618836 0
endloop
endfacet
facet normal 0 0 -1
outer loop
vertex 365.89441472489415 -130.6681823960087 0
vertex 246.5298245444211 -130.8651551618836 0
vertex 246.47007350914157 -130.6681823960087 0
endloop
endfacet
facet normal 0 0 -1
outer loop
vertex 141.47017545557304 -130.8651551618836 0
vertex 141.45000000000059 -131.07000000000676 0
vertex 22.106161386665217 -131.07000000000676 0
endloop
endfacet
facet normal 0 0 -1
outer loop
vertex 141.47017545557304 -130.8651551618836 0
vertex 22.106161386665217 -131.07000000000676 0
vertex 22.105867687539178 -130.8651551618836 0
endloop
endfacet
facet normal 0 0 -1
outer loop
vertex 152.86056373714467 -130.8651551618836 0
vertex 152.86038131879758 -131.07000000000676 0
vertex 143.54999999999993 -131.07000000000676 0
endloop
endfacet
facet normal 0 0 -1
outer loop
vertex 152.86056373714467 -130.8651551618836 0
vertex 143.54999999999993 -131.07000000000676 0
vertex 143.5298245444227 -130.8651551618836 0
endloop
endfacet
facet normal 0 0 -1
outer loop
vertex 244.47017545557048 -130.8651551618836 0
vertex 244.45000000000044 -131.07000000000676 0
vertex 235.13961871713735 -131.07000000000676 0
endloop
endfacet
facet normal 0 0 -1
outer loop
vertex 244.47017545557048 -130.8651551618836 0
vertex 235.13961871713735 -131.07000000000676 0
vertex 235.13943629890346 -130.8651551618836 0
endloop
endfacet
facet normal 0 0 -1
outer loop
vertex 365.89413231246084 -130.8651551618836 0
vertex 365.89383861333476 -131.07000000000676 0
vertex 246.55000000000007 -131.07000000000676 0
endloop
endfacet
facet normal 0 0 -1
outer loop
vertex 365.89413231246084 -130.8651551618836 0
vertex 246.55000000000007 -131.07000000000676 0
vertex 246.5298245444211 -130.8651551618836 0
endloop
endfacet
facet normal 0 0 -1
outer loop
vertex 141.45000000000059 -131.07000000000676 0
vertex 141.4701754555774 -131.27484483812958 0
vertex 22.106455085791257 -131.27484483812958 0
endloop
endfacet
facet normal 0 0 -1
outer loop
vertex 141.45000000000059 -131.07000000000676 0
vertex 22.106455085791257 -131.27484483812958 0
vertex 22.106161386665217 -131.07000000000676 0
endloop
endfacet
facet normal 0 0 -1
outer loop
vertex 152.86038131879758 -131.07000000000676 0
vertex 152.86019890045048 -131.27484483812958 0
vertex 143.52982454442275 -131.27484483812958 0
endloop
endfacet
facet normal 0 0 -1
outer loop
vertex 152.86038131879758 -131.07000000000676 0
vertex 143.52982454442275 -131.27484483812958 0
vertex 143.54999999999993 -131.07000000000676 0
endloop
endfacet
facet normal 0 0 -1
outer loop
vertex 244.45000000000044 -131.07000000000676 0
vertex 244.47017545557696 -131.27484483812958 0
vertex 235.13980113537121 -131.27484483812958 0
endloop
endfacet
facet normal 0 0 -1
outer loop
vertex 244.45000000000044 -131.07000000000676 0
vertex 235.13980113537121 -131.27484483812958 0
vertex 235.13961871713735 -131.07000000000676 0
endloop
endfacet
facet normal 0 0 -1
outer loop
vertex 365.89383861333476 -131.07000000000676 0
vertex 365.89354491420875 -131.27484483812958 0
vertex 246.52982454023123 -131.27484483812958 0
endloop
endfacet
facet normal 0 0 -1
outer loop
vertex 365.89383861333476 -131.07000000000676 0
vertex 246.52982454023123 -131.27484483812958 0
vertex 246.55000000000007 -131.07000000000676 0
endloop
endfacet
facet normal 0 0 -1
outer loop
vertex 141.4701754555774 -131.27484483812958 0
vertex 141.52992649085957 -131.47181760398075 0
vertex 22.10673749822456 -131.47181760398075 0
endloop
endfacet
facet normal 0 0 -1
outer loop
vertex 141.4701754555774 -131.27484483812958 0
vertex 22.10673749822456 -131.47181760398075 0
vertex 22.106455085791257 -131.27484483812958 0
endloop
endfacet
facet normal 0 0 -1
outer loop
vertex 152.86019890045048 -131.27484483812958 0
vertex 152.86002349233817 -131.47181760398075 0
vertex 143.4700735091346 -131.47181760398075 0
endloop
endfacet
facet normal 0 0 -1
outer loop
vertex 152.86019890045048 -131.27484483812958 0
vertex 143.4700735091346 -131.47181760398075 0
vertex 143.52982454442275 -131.27484483812958 0
endloop
endfacet
facet normal 0 0 -1
outer loop
vertex 244.47017545557696 -131.27484483812958 0
vertex 244.5299264908564 -131.47181760398075 0
vertex 235.13997654337464 -131.47181760398075 0
endloop
endfacet
facet normal 0 0 -1
outer loop
vertex 244.47017545557696 -131.27484483812958 0
vertex 235.13997654337464 -131.47181760398075 0
vertex 235.13980113537121 -131.27484483812958 0
endloop
endfacet
facet normal 0 0 -1
outer loop
vertex 365.89354491420875 -131.27484483812958 0
vertex 365.89326250177544 -131.47181760398075 0
vertex 246.47007350913512 -131.47181760398075 0
endloop
endfacet
facet normal 0 0 -1
outer loop
vertex 365.89354491420875 -131.27484483812958 0
vertex 246.47007350913512 -131.47181760398075 0
vertex 246.52982454023123 -131.27484483812958 0
endloop
endfacet
facet normal 0 0 -1
outer loop
vertex 141.52992649085957 -131.47181760398075 0
vertex 141.62695690707375 -131.65334874465864 0
vertex 22.106997771013734 -131.65334874465864 0
endloop
endfacet
facet normal 0 0 -1
outer loop
vertex 141.52992649085957 -131.47181760398075 0
vertex 22.106997771013734 -131.65334874465864 0
vertex 22.10673749822456 -131.47181760398075 0
endloop
endfacet
facet normal 0 0 -1
outer loop
vertex 152.86002349233817 -131.47181760398075 0
vertex 152.85986183529604 -131.65334874465864 0
vertex 143.3730430929149 -131.65334874465864 0
endloop
endfacet
facet normal 0 0 -1
outer loop
vertex 152.86002349233817 -131.47181760398075 0
vertex 143.3730430929149 -131.65334874465864 0
vertex 143.4700735091346 -131.47181760398075 0
endloop
endfacet
facet normal 0 0 -1
outer loop
vertex 244.5299264908564 -131.47181760398075 0
vertex 244.6269569070827 -131.65334874465864 0
vertex 235.14013820031644 -131.65334874465864 0
endloop
endfacet
facet normal 0 0 -1
outer loop
vertex 244.5299264908564 -131.47181760398075 0
vertex 235.14013820031644 -131.65334874465864 0
vertex 235.13997654337464 -131.47181760398075 0
endloop
endfacet
facet normal 0 0 -1
outer loop
vertex 365.89326250177544 -131.47181760398075 0
vertex 365.8930022289863 -131.65334874465864 0
vertex 246.3730430929165 -131.65334874465864 0
endloop
endfacet
facet normal 0 0 -1
outer loop
vertex 365.89326250177544 -131.47181760398075 0
vertex 246.3730430929165 -131.65334874465864 0
vertex 246.47007350913512 -131.47181760398075 0
endloop
endfacet
facet normal 0 0 -1
outer loop
vertex 141.62695690707375 -131.65334874465864 0
vertex 141.75753787976214 -131.81246212025414 0
vertex 22.107225902021487 -131.81246212025414 0
endloop
endfacet
facet normal 0 0 -1
outer loop
vertex 141.62695690707375 -131.65334874465864 0
vertex 22.107225902021487 -131.81246212025414 0
vertex 22.106997771013734 -131.65334874465864 0
endloop
endfacet
facet normal 0 0 -1
outer loop
vertex 152.85986183529604 -131.65334874465864 0
vertex 152.85972014171352 -131.81246212025414 0
vertex 143.24246212024607 -131.81246212025414 0
endloop
endfacet
facet normal 0 0 -1
outer loop
vertex 152.85986183529604 -131.65334874465864 0
vertex 143.24246212024607 -131.81246212025414 0
vertex 143.3730430929149 -131.65334874465864 0
endloop
endfacet
facet normal 0 0 -1
outer loop
vertex 244.6269569070827 -131.65334874465864 0
vertex 244.75753787977763 -131.81246212025414 0
vertex 235.14027989381105 -131.81246212025414 0
endloop
endfacet
facet normal 0 0 -1
outer loop
vertex 244.6269569070827 -131.65334874465864 0
vertex 235.14027989381105 -131.81246212025414 0
vertex 235.14013820031644 -131.65334874465864 0
endloop
endfacet
facet normal 0 0 -1
outer loop
vertex 365.8930022289863 -131.65334874465864 0
vertex 365.89277409797853 -131.81246212025414 0
vertex 246.2424621202497 -131.81246212025414 0
endloop
endfacet
facet normal 0 0 -1
outer loop
vertex 365.8930022289863 -131.65334874465864 0
vertex 246.2424621202497 -131.81246212025414 0
vertex 246.3730430929165 -131.65334874465864 0
endloop
endfacet
facet normal 0 0 -1
outer loop
vertex 141.75753787976214 -131.81246212025414 0
vertex 141.9166512553271 -131.9430430929175 0
vertex 22.107413124301043 -131.9430430929175 0
endloop
endfacet
facet normal 0 0 -1
outer loop
vertex 141.75753787976214 -131.81246212025414 0
vertex 22.107413124301043 -131.9430430929175 0
vertex 22.107225902021487 -131.81246212025414 0
endloop
endfacet
facet normal 0 0 -1
outer loop
vertex 152.85972014171352 -131.81246212025414 0
vertex 152.85960385679556 -131.9430430929175 0
vertex 143.08334874467468 -131.9430430929175 0
endloop
endfacet
facet normal 0 0 -1
outer loop
vertex 152.85972014171352 -131.81246212025414 0
vertex 143.08334874467468 -131.9430430929175 0
vertex 143.24246212024607 -131.81246212025414 0
endloop
endfacet
facet normal 0 0 -1
outer loop
vertex 244.75753787977763 -131.81246212025414 0
vertex 244.91665125531566 -131.9430430929175 0
vertex 235.14039617865683 -131.9430430929175 0
endloop
endfacet
facet normal 0 0 -1
outer loop
vertex 244.75753787977763 -131.81246212025414 0
vertex 235.14039617865683 -131.9430430929175 0
vertex 235.14027989381105 -131.81246212025414 0
endloop
endfacet
facet normal 0 0 -1
outer loop
vertex 365.89277409797853 -131.81246212025414 0
vertex 365.89258687569895 -131.9430430929175 0
vertex 246.08334874466462 -131.9430430929175 0
endloop
endfacet
facet normal 0 0 -1
outer loop
vertex 365.89277409797853 -131.81246212025414 0
vertex 246.08334874466462 -131.9430430929175 0
vertex 246.2424621202497 -131.81246212025414 0
endloop
endfacet
facet normal 0 0 -1
outer loop
vertex 141.9166512553271 -131.9430430929175 0
vertex 142.09818239600617 -132.0400735091323 0
vertex 22.107552243005244 -132.0400735091323 0
endloop
endfacet
facet normal 0 0 -1
outer loop
vertex 141.9166512553271 -131.9430430929175 0
vertex 22.107552243005244 -132.0400735091323 0
vertex 22.107413124301043 -131.9430430929175 0
endloop
endfacet
facet normal 0 0 -1
outer loop
vertex 152.85960385679556 -131.9430430929175 0
vertex 152.85951744930634 -132.0400735091323 0
vertex 142.90181760398383 -132.0400735091323 0
endloop
endfacet
facet normal 0 0 -1
outer loop
vertex 152.85960385679556 -131.9430430929175 0
vertex 142.90181760398383 -132.0400735091323 0
vertex 143.08334874467468 -131.9430430929175 0
endloop
endfacet
facet normal 0 0 -1
outer loop
vertex 244.91665125531566 -131.9430430929175 0
vertex 245.09818239601628 -132.0400735091323 0
vertex 235.14048258609242 -132.0400735091323 0
endloop
endfacet
facet normal 0 0 -1
outer loop
vertex 244.91665125531566 -131.9430430929175 0
vertex 235.14048258609242 -132.0400735091323 0
vertex 235.14039617865683 -131.9430430929175 0
endloop
endfacet
facet normal 0 0 -1
outer loop
vertex 365.89258687569895 -131.9430430929175 0
vertex 365.8924477569948 -132.0400735091323 0
vertex 245.9018176040024 -132.0400735091323 0
endloop
endfacet
facet normal 0 0 -1
outer loop
vertex 365.89258687569895 -131.9430430929175 0
vertex 245.9018176040024 -132.0400735091323 0
vertex 246.08334874466462 -131.9430430929175 0
endloop
endfacet
facet normal 0 0 -1
outer loop
vertex 142.09818239600617 -132.0400735091323 0
vertex 142.2951551618887 -132.09982454442374 0
vertex 22.10763791188031 -132.09982454442374 0
endloop
endfacet
facet normal 0 0 -1
outer loop
vertex 142.09818239600617 -132.0400735091323 0
vertex 22.10763791188031 -132.09982454442374 0
vertex 22.107552243005244 -132.0400735091323 0
endloop
endfacet
facet normal 0 0 -1
outer loop
vertex 152.85951744930634 -132.0400735091323 0
vertex 152.85946423983717 -132.09982454442374 0
vertex 142.70484483810642 -132.09982454442374 0
endloop
endfacet
facet normal 0 0 -1
outer loop
vertex 152.85951744930634 -132.0400735091323 0
vertex 142.70484483810642 -132.09982454442374 0
vertex 142.90181760398383 -132.0400735091323 0
endloop
endfacet
facet normal 0 0 -1
outer loop
vertex 245.09818239601628 -132.0400735091323 0
vertex 245.29515516187746 -132.09982454442374 0
vertex 235.14053579552856 -132.09982454442374 0
endloop
endfacet
facet normal 0 0 -1
outer loop
vertex 245.09818239601628 -132.0400735091323 0
vertex 235.14053579552856 -132.09982454442374 0
vertex 235.14048258609242 -132.0400735091323 0
endloop
endfacet
facet normal 0 0 -1
outer loop
vertex 365.8924477569948 -132.0400735091323 0
vertex 365.8923620881197 -132.09982454442374 0
vertex 245.7048448380975 -132.09982454442374 0
endloop
endfacet
facet normal 0 0 -1
outer loop
vertex 365.8924477569948 -132.0400735091323 0
vertex 245.7048448380975 -132.09982454442374 0
vertex 245.9018176040024 -132.0400735091323 0
endloop
endfacet
facet normal 0 0 -1
outer loop
vertex 142.2951551618887 -132.09982454442374 0
vertex 142.5000000000045 -132.12000000000023 0
vertex 22.107666838719396 -132.12000000000023 0
endloop
endfacet
facet normal 0 0 -1
outer loop
vertex 142.2951551618887 -132.09982454442374 0
vertex 22.107666838719396 -132.12000000000023 0
vertex 22.10763791188031 -132.09982454442374 0
endloop
endfacet
facet normal 0 0 -1
outer loop
vertex 152.85946423983717 -132.09982454442374 0
vertex 152.8594462731982 -132.12000000000023 0
vertex 142.5000000000045 -132.12000000000023 0
endloop
endfacet
facet normal 0 0 -1
outer loop
vertex 152.85946423983717 -132.09982454442374 0
vertex 142.5000000000045 -132.12000000000023 0
vertex 142.70484483810642 -132.09982454442374 0
endloop
endfacet
facet normal 0 0 -1
outer loop
vertex 245.29515516187746 -132.09982454442374 0
vertex 245.4999999999996 -132.12000000000023 0
vertex 235.1405537621564 -132.12000000000023 0
endloop
endfacet
facet normal 0 0 -1
outer loop
vertex 245.29515516187746 -132.09982454442374 0
vertex 235.1405537621564 -132.12000000000023 0
vertex 235.14053579552856 -132.09982454442374 0
endloop
endfacet
facet normal 0 0 -1
outer loop
vertex 365.8923620881197 -132.09982454442374 0
vertex 365.8923331612806 -132.12000000000023 0
vertex 245.4999999999996 -132.12000000000023 0
endloop
endfacet
facet normal 0 0 -1
outer loop
vertex 365.8923620881197 -132.09982454442374 0
vertex 245.4999999999996 -132.12000000000023 0
vertex 245.7048448380975 -132.09982454442374 0
endloop
endfacet
facet normal 0 0 -1
outer loop
vertex 142.5000000000045 -132.12000000000023 0
vertex 152.8594462731982 -132.12000000000023 0
vertex 152.8511377251577 -141.44999999999612 0
endloop
endfacet
facet normal 0 0 -1
outer loop
vertex 142.5000000000045 -132.12000000000023 0
vertex 152.8511377251577 -141.44999999999612 0
vertex 32.499999999998856 -141.44999999999612 0
endloop
endfacet
facet normal 0 0 -1
outer loop
vertex 142.5000000000045 -132.12000000000023 0
vertex 32.499999999998856 -141.44999999999612 0
vertex 22.121043855543753 -141.44999999999612 0
endloop
endfacet
facet normal 0 0 -1
outer loop
vertex 142.5000000000045 -132.12000000000023 0
vertex 22.121043855543753 -141.44999999999612 0
vertex 22.107666838719396 -132.12000000000023 0
endloop
endfacet
facet normal 0 0 -1
outer loop
vertex 245.4999999999996 -132.12000000000023 0
vertex 365.8923331612806 -132.12000000000023 0
vertex 365.87895614445625 -141.44999999999612 0
endloop
endfacet
facet normal 0 0 -1
outer loop
vertex 245.4999999999996 -132.12000000000023 0
vertex 365.87895614445625 -141.44999999999612 0
vertex 355.49999999999216 -141.44999999999612 0
endloop
endfacet
facet normal 0 0 -1
outer loop
vertex 245.4999999999996 -132.12000000000023 0
vertex 355.49999999999216 -141.44999999999612 0
vertex 235.14886230504007 -141.44999999999612 0
endloop
endfacet
facet normal 0 0 -1
outer loop
vertex 245.4999999999996 -132.12000000000023 0
vertex 235.14886230504007 -141.44999999999612 0
vertex 235.1405537621564 -132.12000000000023 0
endloop
endfacet
facet normal 0 0 -1
outer loop
vertex 32.499999999998856 -141.44999999999612 0
vertex 32.29515516186041 -141.47017545557492 0
vertex 22.121072782382846 -141.47017545557492 0
endloop
endfacet
facet normal 0 0 -1
outer loop
vertex 32.499999999998856 -141.44999999999612 0
vertex 22.121072782382846 -141.47017545557492 0
vertex 22.121043855543753 -141.44999999999612 0
endloop
endfacet
facet normal 0 0 -1
outer loop
vertex 152.8511377251577 -141.44999999999612 0
vertex 152.8511197585187 -141.47017545557492 0
vertex 32.70484483814011 -141.47017545557492 0
endloop
endfacet
facet normal 0 0 -1
outer loop
vertex 152.8511377251577 -141.44999999999612 0
vertex 32.70484483814011 -141.47017545557492 0
vertex 32.499999999998856 -141.44999999999612 0
endloop
endfacet
facet normal 0 0 -1
outer loop
vertex 355.49999999999216 -141.44999999999612 0
vertex 355.2951551618531 -141.47017545557492 0
vertex 235.1488802716679 -141.47017545557492 0
endloop
endfacet
facet normal 0 0 -1
outer loop
vertex 355.49999999999216 -141.44999999999612 0
vertex 235.1488802716679 -141.47017545557492 0
vertex 235.14886230504007 -141.44999999999612 0
endloop
endfacet
facet normal 0 0 -1
outer loop
vertex 365.87895614445625 -141.44999999999612 0
vertex 365.87892721761716 -141.47017545557492 0
vertex 355.70484483813124 -141.47017545557492 0
endloop
endfacet
facet normal 0 0 -1
outer loop
vertex 365.87895614445625 -141.44999999999612 0
vertex 355.70484483813124 -141.47017545557492 0
vertex 355.49999999999216 -141.44999999999612 0
endloop
endfacet
facet normal 0 0 -1
outer loop
vertex 32.29515516186041 -141.47017545557492 0
vertex 32.09818239608384 -141.52992649084146 0
vertex 22.121158451257877 -141.52992649084146 0
endloop
endfacet
facet normal 0 0 -1
outer loop
vertex 32.29515516186041 -141.47017545557492 0
vertex 22.121158451257877 -141.52992649084146 0
vertex 22.121072782382846 -141.47017545557492 0
endloop
endfacet
facet normal 0 0 -1
outer loop
vertex 152.8511197585187 -141.47017545557492 0
vertex 152.85106654904956 -141.52992649084146 0
vertex 32.901817603963565 -141.52992649084146 0
endloop
endfacet
facet normal 0 0 -1
outer loop
vertex 152.8511197585187 -141.47017545557492 0
vertex 32.901817603963565 -141.52992649084146 0
vertex 32.70484483814011 -141.47017545557492 0
endloop
endfacet
facet normal 0 0 -1
outer loop
vertex 355.2951551618531 -141.47017545557492 0
vertex 355.0981823960773 -141.52992649084146 0
vertex 235.14893348110402 -141.52992649084146 0
endloop
endfacet
facet normal 0 0 -1
outer loop
vertex 355.2951551618531 -141.47017545557492 0
vertex 235.14893348110402 -141.52992649084146 0
vertex 235.1488802716679 -141.47017545557492 0
endloop
endfacet
facet normal 0 0 -1
outer loop
vertex 365.87892721761716 -141.47017545557492 0
vertex 365.8788415487421 -141.52992649084146 0
vertex 355.90181760393165 -141.52992649084146 0
endloop
endfacet
facet normal 0 0 -1
outer loop
vertex 365.87892721761716 -141.47017545557492 0
vertex 355.90181760393165 -141.52992649084146 0
vertex 355.70484483813124 -141.47017545557492 0
endloop
endfacet
facet normal 0 0 -1
outer loop
vertex 32.09818239608384 -141.52992649084146 0
vertex 31.91665125520757 -141.62695690712644 0
vertex 22.121297569962177 -141.62695690712644 0
endloop
endfacet
facet normal 0 0 -1
outer loop
vertex 32.09818239608384 -141.52992649084146 0
vertex 22.121297569962177 -141.62695690712644 0
vertex 22.121158451257877 -141.52992649084146 0
endloop
endfacet
facet normal 0 0 -1
outer loop
vertex 152.85106654904956 -141.52992649084146 0
vertex 152.85098014156029 -141.62695690712644 0
vertex 33.08334874466196 -141.62695690712644 0
endloop
endfacet
facet normal 0 0 -1
outer loop
vertex 152.85106654904956 -141.52992649084146 0
vertex 33.08334874466196 -141.62695690712644 0
vertex 32.901817603963565 -141.52992649084146 0
endloop
endfacet
facet normal 0 0 -1
outer loop
vertex 355.0981823960773 -141.52992649084146 0
vertex 354.91665125520774 -141.62695690712644 0
vertex 235.14901988853967 -141.62695690712644 0
endloop
endfacet
facet normal 0 0 -1
outer loop
vertex 355.0981823960773 -141.52992649084146 0
vertex 235.14901988853967 -141.62695690712644 0
vertex 235.14893348110402 -141.52992649084146 0
endloop
endfacet
facet normal 0 0 -1
outer loop
vertex 365.8788415487421 -141.52992649084146 0
vertex 365.87870243003783 -141.62695690712644 0
vertex 356.083348744742 -141.62695690712644 0
endloop
endfacet
facet normal 0 0 -1
outer loop
vertex 365.8788415487421 -141.52992649084146 0
vertex 356.083348744742 -141.62695690712644 0
vertex 355.90181760393165 -141.52992649084146 0
endloop
endfacet
facet normal 0 0 -1
outer loop
vertex 31.91665125520757 -141.62695690712644 0
vertex 31.757537879875095 -141.75753787970075 0
vertex 22.121484792241606 -141.75753787970075 0
endloop
endfacet
facet normal 0 0 -1
outer loop
vertex 31.91665125520757 -141.62695690712644 0
vertex 22.121484792241606 -141.75753787970075 0
vertex 22.121297569962177 -141.62695690712644 0
endloop
endfacet
facet normal 0 0 -1
outer loop
vertex 152.85098014156029 -141.62695690712644 0
vertex 152.8508638566424 -141.75753787970075 0
vertex 33.242462120254544 -141.75753787970075 0
endloop
endfacet
facet normal 0 0 -1
outer loop
vertex 152.85098014156029 -141.62695690712644 0
vertex 33.242462120254544 -141.75753787970075 0
vertex 33.08334874466196 -141.62695690712644 0
endloop
endfacet
facet normal 0 0 -1
outer loop
vertex 354.91665125520774 -141.62695690712644 0
vertex 354.75753787987514 -141.75753787970075 0
vertex 235.1491361733854 -141.75753787970075 0
endloop
endfacet
facet normal 0 0 -1
outer loop
vertex 354.91665125520774 -141.62695690712644 0
vertex 235.1491361733854 -141.75753787970075 0
vertex 235.14901988853967 -141.62695690712644 0
endloop
endfacet
facet normal 0 0 -1
outer loop
vertex 365.87870243003783 -141.62695690712644 0
vertex 365.87851520775837 -141.75753787970075 0
vertex 356.2424621201985 -141.75753787970075 0
endloop
endfacet
facet normal 0 0 -1
outer loop
vertex 365.87870243003783 -141.62695690712644 0
vertex 356.2424621201985 -141.75753787970075 0
vertex 356.083348744742 -141.62695690712644 0
endloop
endfacet
facet normal 0 0 -1
outer loop
vertex 31.757537879875095 -141.75753787970075 0
vertex 31.62695690698817 -141.91665125539149 0
vertex 22.121712923249493 -141.91665125539149 0
endloop
endfacet
facet normal 0 0 -1
outer loop
vertex 31.757537879875095 -141.75753787970075 0
vertex 22.121712923249493 -141.91665125539149 0
vertex 22.121484792241606 -141.75753787970075 0
endloop
endfacet
facet normal 0 0 -1
outer loop
vertex 152.8508638566424 -141.75753787970075 0
vertex 152.8507221630598 -141.91665125539149 0
vertex 33.37304309292222 -141.91665125539149 0
endloop
endfacet
facet normal 0 0 -1
outer loop
vertex 152.8508638566424 -141.75753787970075 0
vertex 33.37304309292222 -141.91665125539149 0
vertex 33.242462120254544 -141.75753787970075 0
endloop
endfacet
facet normal 0 0 -1
outer loop
vertex 354.75753787987514 -141.75753787970075 0
vertex 354.6269569069744 -141.91665125539149 0
vertex 235.14927786688006 -141.91665125539149 0
endloop
endfacet
facet normal 0 0 -1
outer loop
vertex 354.75753787987514 -141.75753787970075 0
vertex 235.14927786688006 -141.91665125539149 0
vertex 235.1491361733854 -141.75753787970075 0
endloop
endfacet
facet normal 0 0 -1
outer loop
vertex 365.87851520775837 -141.75753787970075 0
vertex 365.8782870767505 -141.91665125539149 0
vertex 356.3730430929651 -141.91665125539149 0
endloop
endfacet
facet normal 0 0 -1
outer loop
vertex 365.87851520775837 -141.75753787970075 0
vertex 356.3730430929651 -141.91665125539149 0
vertex 356.2424621201985 -141.75753787970075 0
endloop
endfacet
facet normal 0 0 -1
outer loop
vertex 31.62695690698817 -141.91665125539149 0
vertex 31.52992649091901 -142.0981823959731 0
vertex 22.121973196038528 -142.0981823959731 0
endloop
endfacet
facet normal 0 0 -1
outer loop
vertex 31.62695690698817 -141.91665125539149 0
vertex 22.121973196038528 -142.0981823959731 0
vertex 22.121712923249493 -141.91665125539149 0
endloop
endfacet
facet normal 0 0 -1
outer loop
vertex 152.8507221630598 -141.91665125539149 0
vertex 152.85056050601773 -142.0981823959731 0
vertex 33.47007350913043 -142.0981823959731 0
endloop
endfacet
facet normal 0 0 -1
outer loop
vertex 152.8507221630598 -141.91665125539149 0
vertex 33.47007350913043 -142.0981823959731 0
vertex 33.37304309292222 -141.91665125539149 0
endloop
endfacet
facet normal 0 0 -1
outer loop
vertex 354.6269569069744 -141.91665125539149 0
vertex 354.52992649093443 -142.0981823959731 0
vertex 235.14943952382177 -142.0981823959731 0
endloop
endfacet
facet normal 0 0 -1
outer loop
vertex 354.6269569069744 -141.91665125539149 0
vertex 235.14943952382177 -142.0981823959731 0
vertex 235.14927786688006 -141.91665125539149 0
endloop
endfacet
facet normal 0 0 -1
outer loop
vertex 365.8782870767505 -141.91665125539149 0
vertex 365.87802680396146 -142.0981823959731 0
vertex 356.4700735091278 -142.0981823959731 0
endloop
endfacet
facet normal 0 0 -1
outer loop
vertex 365.8782870767505 -141.91665125539149 0
vertex 356.4700735091278 -142.0981823959731 0
vertex 356.3730430929651 -141.91665125539149 0
endloop
endfacet
facet normal 0 0 -1
outer loop
vertex 31.52992649091901 -142.0981823959731 0
vertex 31.470175455576673 -142.29515516183608 0
vertex 22.12225560847185 -142.29515516183608 0
endloop
endfacet
facet normal 0 0 -1
outer loop
vertex 31.52992649091901 -142.0981823959731 0
vertex 22.12225560847185 -142.29515516183608 0
vertex 22.121973196038528 -142.0981823959731 0
endloop
endfacet
facet normal 0 0 -1
outer loop
vertex 152.85056050601773 -142.0981823959731 0
vertex 152.85038509790542 -142.29515516183608 0
vertex 33.52982454442286 -142.29515516183608 0
endloop
endfacet
facet normal 0 0 -1
outer loop
vertex 152.85056050601773 -142.0981823959731 0
vertex 33.52982454442286 -142.29515516183608 0
vertex 33.47007350913043 -142.0981823959731 0
endloop
endfacet
facet normal 0 0 -1
outer loop
vertex 354.52992649093443 -142.0981823959731 0
vertex 354.47017545557696 -142.29515516183608 0
vertex 235.14961493182523 -142.29515516183608 0
endloop
endfacet
facet normal 0 0 -1
outer loop
vertex 354.52992649093443 -142.0981823959731 0
vertex 235.14961493182523 -142.29515516183608 0
vertex 235.14943952382177 -142.0981823959731 0
endloop
endfacet
facet normal 0 0 -1
outer loop
vertex 365.87802680396146 -142.0981823959731 0
vertex 365.87774439152815 -142.29515516183608 0
vertex 356.52982454441326 -142.29515516183608 0
endloop
endfacet
facet normal 0 0 -1
outer loop
vertex 365.87802680396146 -142.0981823959731 0
vertex 356.52982454441326 -142.29515516183608 0
vertex 356.4700735091278 -142.0981823959731 0
endloop
endfacet
facet normal 0 0 -1
outer loop
vertex 31.470175455576673 -142.29515516183608 0
vertex 31.449999999989487 -142.50000000004107 0
vertex 22.122549307598007 -142.50000000004107 0
endloop
endfacet
facet normal 0 0 -1
outer loop
vertex 31.470175455576673 -142.29515516183608 0
vertex 22.122549307598007 -142.50000000004107 0
vertex 22.12225560847185 -142.29515516183608 0
endloop
endfacet
facet normal 0 0 -1
outer loop
vertex 152.85038509790542 -142.29515516183608 0
vertex 152.85020267955827 -142.50000000004107 0
vertex 33.54999999999963 -142.50000000004107 0
endloop
endfacet
facet normal 0 0 -1
outer loop
vertex 152.85038509790542 -142.29515516183608 0
vertex 33.54999999999963 -142.50000000004107 0
vertex 33.52982454442286 -142.29515516183608 0
endloop
endfacet
facet normal 0 0 -1
outer loop
vertex 354.47017545557696 -142.29515516183608 0
vertex 354.44999999999527 -142.50000000004107 0
vertex 235.14979735005915 -142.50000000004107 0
endloop
endfacet
facet normal 0 0 -1
outer loop
vertex 354.47017545557696 -142.29515516183608 0
vertex 235.14979735005915 -142.50000000004107 0
vertex 235.14961493182523 -142.29515516183608 0
endloop
endfacet
facet normal 0 0 -1
outer loop
vertex 365.87774439152815 -142.29515516183608 0
vertex 365.87745069240196 -142.50000000004107 0
vertex 356.5499999999986 -142.50000000004107 0
endloop
endfacet
facet normal 0 0 -1
outer loop
vertex 365.87774439152815 -142.29515516183608 0
vertex 356.5499999999986 -142.50000000004107 0
vertex 356.52982454441326 -142.29515516183608 0
endloop
endfacet
facet normal 0 0 -1
outer loop
vertex 31.449999999989487 -142.50000000004107 0
vertex 31.47017545556847 -142.7048448380752 0
vertex 22.12284300672392 -142.7048448380752 0
endloop
endfacet
facet normal 0 0 -1
outer loop
vertex 31.449999999989487 -142.50000000004107 0
vertex 22.12284300672392 -142.7048448380752 0
vertex 22.122549307598007 -142.50000000004107 0
endloop
endfacet
facet normal 0 0 -1
outer loop
vertex 152.85020267955827 -142.50000000004107 0
vertex 152.85002026121126 -142.7048448380752 0
vertex 33.529824544427605 -142.7048448380752 0
endloop
endfacet
facet normal 0 0 -1
outer loop
vertex 152.85020267955827 -142.50000000004107 0
vertex 33.529824544427605 -142.7048448380752 0
vertex 33.54999999999963 -142.50000000004107 0
endloop
endfacet
facet normal 0 0 -1
outer loop
vertex 354.44999999999527 -142.50000000004107 0
vertex 354.47017545556724 -142.7048448380752 0
vertex 235.14997976829295 -142.7048448380752 0
endloop
endfacet
facet normal 0 0 -1
outer loop
vertex 354.44999999999527 -142.50000000004107 0
vertex 235.14997976829295 -142.7048448380752 0
vertex 235.14979735005915 -142.50000000004107 0
endloop
endfacet
facet normal 0 0 -1
outer loop
vertex 365.87745069240196 -142.50000000004107 0
vertex 365.87715699327606 -142.7048448380752 0
vertex 356.5298245444301 -142.7048448380752 0
endloop
endfacet
facet normal 0 0 -1
outer loop
vertex 365.87745069240196 -142.50000000004107 0
vertex 356.5298245444301 -142.7048448380752 0
vertex 356.5499999999986 -142.50000000004107 0
endloop
endfacet
facet normal 0 0 -1
outer loop
vertex 31.47017545556847 -142.7048448380752 0
vertex 31.52992649088076 -142.9018176039926 0
vertex 22.12312541915732 -142.9018176039926 0
endloop
endfacet
facet normal 0 0 -1
outer loop
vertex 31.47017545556847 -142.7048448380752 0
vertex 22.12312541915732 -142.9018176039926 0
vertex 22.12284300672392 -142.7048448380752 0
endloop
endfacet
facet normal 0 0 -1
outer loop
vertex 152.85002026121126 -142.7048448380752 0
vertex 152.8498448530989 -142.9018176039926 0
vertex 33.47007350913413 -142.9018176039926 0
endloop
endfacet
facet normal 0 0 -1
outer loop
vertex 152.85002026121126 -142.7048448380752 0
vertex 33.47007350913413 -142.9018176039926 0
vertex 33.529824544427605 -142.7048448380752 0
endloop
endfacet
facet normal 0 0 -1
outer loop
vertex 354.47017545556724 -142.7048448380752 0
vertex 354.52992649086946 -142.9018176039926 0
vertex 235.15015517629644 -142.9018176039926 0
endloop
endfacet
facet normal 0 0 -1
outer loop
vertex 354.47017545556724 -142.7048448380752 0
vertex 235.15015517629644 -142.9018176039926 0
vertex 235.14997976829295 -142.7048448380752 0
endloop
endfacet
facet normal 0 0 -1
outer loop
vertex 365.87715699327606 -142.7048448380752 0
vertex 365.8768745808427 -142.9018176039926 0
vertex 356.47007350912565 -142.9018176039926 0
endloop
endfacet
facet normal 0 0 -1
outer loop
vertex 365.87715699327606 -142.7048448380752 0
vertex 356.47007350912565 -142.9018176039926 0
vertex 356.5298245444301 -142.7048448380752 0
endloop
endfacet
facet normal 0 0 -1
outer loop
vertex 31.52992649088076 -142.9018176039926 0
vertex 31.626956907092666 -143.08334874469773 0
vertex 22.123385691946535 -143.08334874469773 0
endloop
endfacet
facet normal 0 0 -1
outer loop
vertex 31.52992649088076 -142.9018176039926 0
vertex 22.123385691946535 -143.08334874469773 0
vertex 22.12312541915732 -142.9018176039926 0
endloop
endfacet
facet normal 0 0 -1
outer loop
vertex 152.8498448530989 -142.9018176039926 0
vertex 152.84968319605673 -143.08334874469773 0
vertex 33.37304309292391 -143.08334874469773 0
endloop
endfacet
facet normal 0 0 -1
outer loop
vertex 152.8498448530989 -142.9018176039926 0
vertex 33.37304309292391 -143.08334874469773 0
vertex 33.47007350913413 -142.9018176039926 0
endloop
endfacet
facet normal 0 0 -1
outer loop
vertex 354.52992649086946 -142.9018176039926 0
vertex 354.6269569070982 -143.08334874469773 0
vertex 235.15031683323826 -143.08334874469773 0
endloop
endfacet
facet normal 0 0 -1
outer loop
vertex 354.52992649086946 -142.9018176039926 0
vertex 235.15031683323826 -143.08334874469773 0
vertex 235.15015517629644 -142.9018176039926 0
endloop
endfacet
facet normal 0 0 -1
outer loop
vertex 365.8768745808427 -142.9018176039926 0
vertex 365.8766143080535 -143.08334874469773 0
vertex 356.37304309292307 -143.08334874469773 0
endloop
endfacet
facet normal 0 0 -1
outer loop
vertex 365.8768745808427 -142.9018176039926 0
vertex 356.37304309292307 -143.08334874469773 0
vertex 356.47007350912565 -142.9018176039926 0
endloop
endfacet
facet normal 0 0 -1
outer loop
vertex 31.626956907092666 -143.08334874469773 0
vertex 31.757537879713944 -143.24246212024138 0
vertex 22.123613822954212 -143.24246212024138 0
endloop
endfacet
facet normal 0 0 -1
outer loop
vertex 31.626956907092666 -143.08334874469773 0
vertex 22.123613822954212 -143.24246212024138 0
vertex 22.123385691946535 -143.08334874469773 0
endloop
endfacet
facet normal 0 0 -1
outer loop
vertex 152.84968319605673 -143.08334874469773 0
vertex 152.84954150247424 -143.24246212024138 0
vertex 33.24246212024123 -143.24246212024138 0
endloop
endfacet
facet normal 0 0 -1
outer loop
vertex 152.84968319605673 -143.08334874469773 0
vertex 33.24246212024123 -143.24246212024138 0
vertex 33.37304309292391 -143.08334874469773 0
endloop
endfacet
facet normal 0 0 -1
outer loop
vertex 354.6269569070982 -143.08334874469773 0
vertex 354.757537879744 -143.24246212024138 0
vertex 235.15045852673282 -143.24246212024138 0
endloop
endfacet
facet normal 0 0 -1
outer loop
vertex 354.6269569070982 -143.08334874469773 0
vertex 235.15045852673282 -143.24246212024138 0
vertex 235.15031683323826 -143.08334874469773 0
endloop
endfacet
facet normal 0 0 -1
outer loop
vertex 365.8766143080535 -143.08334874469773 0
vertex 365.8763861770458 -143.24246212024138 0
vertex 356.2424621202497 -143.24246212024138 0
endloop
endfacet
facet normal 0 0 -1
outer loop
vertex 365.8766143080535 -143.08334874469773 0
vertex 356.2424621202497 -143.24246212024138 0
vertex 356.37304309292307 -143.08334874469773 0
endloop
endfacet
facet normal 0 0 -1
outer loop
vertex 31.757537879713944 -143.24246212024138 0
vertex 31.916651255360104 -143.3730430929286 0
vertex 22.1238010452338 -143.3730430929286 0
endloop
endfacet
facet normal 0 0 -1
outer loop
vertex 31.757537879713944 -143.24246212024138 0
vertex 22.1238010452338 -143.3730430929286 0
vertex 22.123613822954212 -143.24246212024138 0
endloop
endfacet
facet normal 0 0 -1
outer loop
vertex 152.84954150247424 -143.24246212024138 0
vertex 152.84942521755627 -143.3730430929286 0
vertex 33.08334874467319 -143.3730430929286 0
endloop
endfacet
facet normal 0 0 -1
outer loop
vertex 152.84954150247424 -143.24246212024138 0
vertex 33.08334874467319 -143.3730430929286 0
vertex 33.24246212024123 -143.24246212024138 0
endloop
endfacet
facet normal 0 0 -1
outer loop
vertex 354.757537879744 -143.24246212024138 0
vertex 354.91665125533814 -143.3730430929286 0
vertex 235.15057481157862 -143.3730430929286 0
endloop
endfacet
facet normal 0 0 -1
outer loop
vertex 354.757537879744 -143.24246212024138 0
vertex 235.15057481157862 -143.3730430929286 0
vertex 235.15045852673282 -143.24246212024138 0
endloop
endfacet
facet normal 0 0 -1
outer loop
vertex 365.8763861770458 -143.24246212024138 0
vertex 365.8761989547662 -143.3730430929286 0
vertex 356.0833487446736 -143.3730430929286 0
endloop
endfacet
facet normal 0 0 -1
outer loop
vertex 365.8763861770458 -143.24246212024138 0
vertex 356.0833487446736 -143.3730430929286 0
vertex 356.2424621202497 -143.24246212024138 0
endloop
endfacet
facet normal 0 0 -1
outer loop
vertex 31.916651255360104 -143.3730430929286 0
vertex 32.098182395972735 -143.47007350913023 0
vertex 22.12394016393798 -143.47007350913023 0
endloop
endfacet
facet normal 0 0 -1
outer loop
vertex 31.916651255360104 -143.3730430929286 0
vertex 22.12394016393798 -143.47007350913023 0
vertex 22.1238010452338 -143.3730430929286 0
endloop
endfacet
facet normal 0 0 -1
outer loop
vertex 152.84942521755627 -143.3730430929286 0
vertex 152.84933881006705 -143.47007350913023 0
vertex 32.90181760398907 -143.47007350913023 0
endloop
endfacet
facet normal 0 0 -1
outer loop
vertex 152.84942521755627 -143.3730430929286 0
vertex 32.90181760398907 -143.47007350913023 0
vertex 33.08334874467319 -143.3730430929286 0
endloop
endfacet
facet normal 0 0 -1
outer loop
vertex 354.91665125533814 -143.3730430929286 0
vertex 355.0981823959925 -143.47007350913023 0
vertex 235.1506612190142 -143.47007350913023 0
endloop
endfacet
facet normal 0 0 -1
outer loop
vertex 354.91665125533814 -143.3730430929286 0
vertex 235.1506612190142 -143.47007350913023 0
vertex 235.15057481157862 -143.3730430929286 0
endloop
endfacet
facet normal 0 0 -1
outer loop
vertex 365.8761989547662 -143.3730430929286 0
vertex 365.87605983606204 -143.47007350913023 0
vertex 355.90181760398247 -143.47007350913023 0
endloop
endfacet
facet normal 0 0 -1
outer loop
vertex 365.8761989547662 -143.3730430929286 0
vertex 355.90181760398247 -143.47007350913023 0
vertex 356.0833487446736 -143.3730430929286 0
endloop
endfacet
facet normal 0 0 -1
outer loop
vertex 32.098182395972735 -143.47007350913023 0
vertex 32.295155161899594 -143.52982454442193 0
vertex 22.124025832813047 -143.52982454442193 0
endloop
endfacet
facet normal 0 0 -1
outer loop
vertex 32.098182395972735 -143.47007350913023 0
vertex 22.124025832813047 -143.52982454442193 0
vertex 22.12394016393798 -143.47007350913023 0
endloop
endfacet
facet normal 0 0 -1
outer loop
vertex 152.84933881006705 -143.47007350913023 0
vertex 152.84928560059788 -143.52982454442193 0
vertex 32.70484483810989 -143.52982454442193 0
endloop
endfacet
facet normal 0 0 -1
outer loop
vertex 152.84933881006705 -143.47007350913023 0
vertex 32.70484483810989 -143.52982454442193 0
vertex 32.90181760398907 -143.47007350913023 0
endloop
endfacet
facet normal 0 0 -1
outer loop
vertex 355.0981823959925 -143.47007350913023 0
vertex 355.29515516187587 -143.52982454442193 0
vertex 235.15071442845033 -143.52982454442193 0
endloop
endfacet
facet normal 0 0 -1
outer loop
vertex 355.0981823959925 -143.47007350913023 0
vertex 235.15071442845033 -143.52982454442193 0
vertex 235.1506612190142 -143.47007350913023 0
endloop
endfacet
facet normal 0 0 -1
outer loop
vertex 365.87605983606204 -143.47007350913023 0
vertex 365.87597416718694 -143.52982454442193 0
vertex 355.70484483812027 -143.52982454442193 0
endloop
endfacet
facet normal 0 0 -1
outer loop
vertex 365.87605983606204 -143.47007350913023 0
vertex 355.70484483812027 -143.52982454442193 0
vertex 355.90181760398247 -143.47007350913023 0
endloop
endfacet
facet normal 0 0 -1
outer loop
vertex 32.295155161899594 -143.52982454442193 0
vertex 32.499999999992795 -143.5499999999971 0
vertex 22.124054759652132 -143.5499999999971 0
endloop
endfacet
facet normal 0 0 -1
outer loop
vertex 32.295155161899594 -143.52982454442193 0
vertex 22.124054759652132 -143.5499999999971 0
vertex 22.124025832813047 -143.52982454442193 0
endloop
endfacet
facet normal 0 0 -1
outer loop
vertex 152.84928560059788 -143.52982454442193 0
vertex 152.8492676339589 -143.5499999999971 0
vertex 32.499999999992795 -143.5499999999971 0
endloop
endfacet
facet normal 0 0 -1
outer loop
vertex 152.84928560059788 -143.52982454442193 0
vertex 32.499999999992795 -143.5499999999971 0
vertex 32.70484483810989 -143.52982454442193 0
endloop
endfacet
facet normal 0 0 -1
outer loop
vertex 355.29515516187587 -143.52982454442193 0
vertex 355.49999999997834 -143.5499999999971 0
vertex 235.1507323950782 -143.5499999999971 0
endloop
endfacet
facet normal 0 0 -1
outer loop
vertex 355.29515516187587 -143.52982454442193 0
vertex 235.1507323950782 -143.5499999999971 0
vertex 235.15071442845033 -143.52982454442193 0
endloop
endfacet
facet normal 0 0 -1
outer loop
vertex 365.87597416718694 -143.52982454442193 0
vertex 365.87594524034785 -143.5499999999971 0
vertex 355.49999999997834 -143.5499999999971 0
endloop
endfacet
facet normal 0 0 -1
outer loop
vertex 365.87597416718694 -143.52982454442193 0
vertex 355.49999999997834 -143.5499999999971 0
vertex 355.70484483812027 -143.52982454442193 0
endloop
endfacet
facet normal 0 0 -1
outer loop
vertex 32.499999999992795 -143.5499999999971 0
vertex 152.8492676339589 -143.5499999999971 0
vertex 152.82747661889456 -168.0200000000003 0
endloop
endfacet
facet normal 0 0 -1
outer loop
vertex 32.499999999992795 -143.5499999999971 0
vertex 152.82747661889456 -168.0200000000003 0
vertex 142.49999999999912 -168.0200000000003 0
endloop
endfacet
facet normal 0 0 -1
outer loop
vertex 32.499999999992795 -143.5499999999971 0
vertex 142.49999999999912 -168.0200000000003 0
vertex 22.159138961334044 -168.0200000000003 0
endloop
endfacet
facet normal 0 0 -1
outer loop
vertex 32.499999999992795 -143.5499999999971 0
vertex 22.159138961334044 -168.0200000000003 0
vertex 22.124054759652132 -143.5499999999971 0
endloop
endfacet
facet normal 0 0 -1
outer loop
vertex 355.49999999997834 -143.5499999999971 0
vertex 365.87594524034785 -143.5499999999971 0
vertex 365.84086103866593 -168.0200000000003 0
endloop
endfacet
facet normal 0 0 -1
outer loop
vertex 355.49999999997834 -143.5499999999971 0
vertex 365.84086103866593 -168.0200000000003 0
vertex 245.50000000000355 -168.0200000000003 0
endloop
endfacet
facet normal 0 0 -1
outer loop
vertex 355.49999999997834 -143.5499999999971 0
vertex 245.50000000000355 -168.0200000000003 0
vertex 235.17252339661763 -168.0200000000003 0
endloop
endfacet
facet normal 0 0 -1
outer loop
vertex 355.49999999997834 -143.5499999999971 0
vertex 235.17252339661763 -168.0200000000003 0
vertex 235.1507323950782 -143.5499999999971 0
endloop
endfacet
facet normal 0 0 -1
outer loop
vertex 142.49999999999912 -168.0200000000003 0
vertex 142.29515516186572 -168.04017545557852 0
vertex 22.159167888173133 -168.04017545557852 0
endloop
endfacet
facet normal 0 0 -1
outer loop
vertex 142.49999999999912 -168.0200000000003 0
vertex 22.159167888173133 -168.04017545557852 0
vertex 22.159138961334044 -168.0200000000003 0
endloop
endfacet
facet normal 0 0 -1
outer loop
vertex 152.82747661889456 -168.0200000000003 0
vertex 152.82745865225556 -168.04017545557852 0
vertex 142.7048448381217 -168.04017545557852 0
endloop
endfacet
facet normal 0 0 -1
outer loop
vertex 152.82747661889456 -168.0200000000003 0
vertex 142.7048448381217 -168.04017545557852 0
vertex 142.49999999999912 -168.0200000000003 0
endloop
endfacet
facet normal 0 0 -1
outer loop
vertex 245.50000000000355 -168.0200000000003 0
vertex 245.29515516186768 -168.04017545557852 0
vertex 235.1725413632455 -168.04017545557852 0
endloop
endfacet
facet normal 0 0 -1
outer loop
vertex 245.50000000000355 -168.0200000000003 0
vertex 235.1725413632455 -168.04017545557852 0
vertex 235.17252339661763 -168.0200000000003 0
endloop
endfacet
facet normal 0 0 -1
outer loop
vertex 365.84086103866593 -168.0200000000003 0
vertex 365.84083211182684 -168.04017545557852 0
vertex 245.70484483811254 -168.04017545557852 0
endloop
endfacet
facet normal 0 0 -1
outer loop
vertex 365.84086103866593 -168.0200000000003 0
vertex 245.70484483811254 -168.04017545557852 0
vertex 245.50000000000355 -168.0200000000003 0
endloop
endfacet
facet normal 0 0 -1
outer loop
vertex 142.29515516186572 -168.04017545557852 0
vertex 142.0981823960377 -168.09992649085646 0
vertex 22.15925355704818 -168.09992649085646 0
endloop
endfacet
facet normal 0 0 -1
outer loop
vertex 142.29515516186572 -168.04017545557852 0
vertex 22.15925355704818 -168.09992649085646 0
vertex 22.159167888173133 -168.04017545557852 0
endloop
endfacet
facet normal 0 0 -1
outer loop
vertex 152.82745865225556 -168.04017545557852 0
vertex 152.82740544278641 -168.09992649085646 0
vertex 142.90181760399923 -168.09992649085646 0
endloop
endfacet
facet normal 0 0 -1
outer loop
vertex 152.82745865225556 -168.04017545557852 0
vertex 142.90181760399923 -168.09992649085646 0
vertex 142.7048448381217 -168.04017545557852 0
endloop
endfacet
facet normal 0 0 -1
outer loop
vertex 245.29515516186768 -168.04017545557852 0
vertex 245.09818239602953 -168.09992649085646 0
vertex 235.17259457268162 -168.09992649085646 0
endloop
endfacet
facet normal 0 0 -1
outer loop
vertex 245.29515516186768 -168.04017545557852 0
vertex 235.17259457268162 -168.09992649085646 0
vertex 235.1725413632455 -168.04017545557852 0
endloop
endfacet
facet normal 0 0 -1
outer loop
vertex 365.84083211182684 -168.04017545557852 0
vertex 365.8407464429518 -168.09992649085646 0
vertex 245.90181760398815 -168.09992649085646 0
endloop
endfacet
facet normal 0 0 -1
outer loop
vertex 365.84083211182684 -168.04017545557852 0
vertex 245.90181760398815 -168.09992649085646 0
vertex 245.70484483811254 -168.04017545557852 0
endloop
endfacet
facet normal 0 0 -1
outer loop
vertex 142.0981823960377 -168.09992649085646 0
vertex 141.9166512553179 -168.1969569070844 0
vertex 22.1593926757524 -168.1969569070844 0
endloop
endfacet
facet normal 0 0 -1
outer loop
vertex 142.0981823960377 -168.09992649085646 0
vertex 22.1593926757524 -168.1969569070844 0
vertex 22.15925355704818 -168.09992649085646 0
endloop
endfacet
facet normal 0 0 -1
outer loop
vertex 152.82740544278641 -168.09992649085646 0
vertex 152.82731903529717 -168.1969569070844 0
vertex 143.08334874466527 -168.1969569070844 0
endloop
endfacet
facet normal 0 0 -1
outer loop
vertex 152.82740544278641 -168.09992649085646 0
vertex 143.08334874466527 -168.1969569070844 0
vertex 142.90181760399923 -168.09992649085646 0
endloop
endfacet
facet normal 0 0 -1
outer loop
vertex 245.09818239602953 -168.09992649085646 0
vertex 244.91665125532592 -168.1969569070844 0
vertex 235.1726809801172 -168.1969569070844 0
endloop
endfacet
facet normal 0 0 -1
outer loop
vertex 245.09818239602953 -168.09992649085646 0
vertex 235.1726809801172 -168.1969569070844 0
vertex 235.17259457268162 -168.09992649085646 0
endloop
endfacet
facet normal 0 0 -1
outer loop
vertex 365.8407464429518 -168.09992649085646 0
vertex 365.84060732424757 -168.1969569070844 0
vertex 246.083348744662 -168.1969569070844 0
endloop
endfacet
facet normal 0 0 -1
outer loop
vertex 365.8407464429518 -168.09992649085646 0
vertex 246.083348744662 -168.1969569070844 0
vertex 245.90181760398815 -168.09992649085646 0
endloop
endfacet
facet normal 0 0 -1
outer loop
vertex 141.9166512553179 -168.1969569070844 0
vertex 141.75753787976103 -168.32753787975102 0
vertex 22.15957989803196 -168.32753787975102 0
endloop
endfacet
facet normal 0 0 -1
outer loop
vertex 141.9166512553179 -168.1969569070844 0
vertex 22.15957989803196 -168.32753787975102 0
vertex 22.1593926757524 -168.1969569070844 0
endloop
endfacet
facet normal 0 0 -1
outer loop
vertex 152.82731903529717 -168.1969569070844 0
vertex 152.8272027503792 -168.32753787975102 0
vertex 143.24246212024542 -168.32753787975102 0
endloop
endfacet
facet normal 0 0 -1
outer loop
vertex 152.82731903529717 -168.1969569070844 0
vertex 143.24246212024542 -168.32753787975102 0
vertex 143.08334874466527 -168.1969569070844 0
endloop
endfacet
facet normal 0 0 -1
outer loop
vertex 244.91665125532592 -168.1969569070844 0
vertex 244.75753787975697 -168.32753787975102 0
vertex 235.172797264963 -168.32753787975102 0
endloop
endfacet
facet normal 0 0 -1
outer loop
vertex 244.91665125532592 -168.1969569070844 0
vertex 235.172797264963 -168.32753787975102 0
vertex 235.1726809801172 -168.1969569070844 0
endloop
endfacet
facet normal 0 0 -1
outer loop
vertex 365.84060732424757 -168.1969569070844 0
vertex 365.840420101968 -168.32753787975102 0
vertex 246.2424621202407 -168.32753787975102 0
endloop
endfacet
facet normal 0 0 -1
outer loop
vertex 365.84060732424757 -168.1969569070844 0
vertex 246.2424621202407 -168.32753787975102 0
vertex 246.083348744662 -168.1969569070844 0
endloop
endfacet
facet normal 0 0 -1
outer loop
vertex 141.75753787976103 -168.32753787975102 0
vertex 141.62695690709802 -168.48665125530596 0
vertex 22.159808029039652 -168.48665125530596 0
endloop
endfacet
facet normal 0 0 -1
outer loop
vertex 141.75753787976103 -168.32753787975102 0
vertex 22.159808029039652 -168.48665125530596 0
vertex 22.15957989803196 -168.32753787975102 0
endloop
endfacet
facet normal 0 0 -1
outer loop
vertex 152.8272027503792 -168.32753787975102 0
vertex 152.8270610567967 -168.48665125530596 0
vertex 143.37304309290053 -168.48665125530596 0
endloop
endfacet
facet normal 0 0 -1
outer loop
vertex 152.8272027503792 -168.32753787975102 0
vertex 143.37304309290053 -168.48665125530596 0
vertex 143.24246212024542 -168.32753787975102 0
endloop
endfacet
facet normal 0 0 -1
outer loop
vertex 244.75753787975697 -168.32753787975102 0
vertex 244.6269569071019 -168.48665125530596 0
vertex 235.17293895845756 -168.48665125530596 0
endloop
endfacet
facet normal 0 0 -1
outer loop
vertex 244.75753787975697 -168.32753787975102 0
vertex 235.17293895845756 -168.48665125530596 0
vertex 235.172797264963 -168.32753787975102 0
endloop
endfacet
facet normal 0 0 -1
outer loop
vertex 365.840420101968 -168.32753787975102 0
vertex 365.84019197096035 -168.48665125530596 0
vertex 246.3730430929147 -168.48665125530596 0
endloop
endfacet
facet normal 0 0 -1
outer loop
vertex 365.840420101968 -168.32753787975102 0
vertex 246.3730430929147 -168.48665125530596 0
vertex 246.2424621202407 -168.32753787975102 0
endloop
endfacet
facet normal 0 0 -1
outer loop
vertex 141.62695690709802 -168.48665125530596 0
vertex 141.52992649084533 -168.66818239602262 0
vertex 22.160068301828883 -168.66818239602262 0
endloop
endfacet
facet normal 0 0 -1
outer loop
vertex 141.62695690709802 -168.48665125530596 0
vertex 22.160068301828883 -168.66818239602262 0
vertex 22.159808029039652 -168.48665125530596 0
endloop
endfacet
facet normal 0 0 -1
outer loop
vertex 152.8270610567967 -168.48665125530596 0
vertex 152.82689939975455 -168.66818239602262 0
vertex 143.47007350913543 -168.66818239602262 0
endloop
endfacet
facet normal 0 0 -1
outer loop
vertex 152.8270610567967 -168.48665125530596 0
vertex 143.47007350913543 -168.66818239602262 0
vertex 143.37304309290053 -168.48665125530596 0
endloop
endfacet
facet normal 0 0 -1
outer loop
vertex 244.6269569071019 -168.48665125530596 0
vertex 244.5299264908454 -168.66818239602262 0
vertex 235.1731006153994 -168.66818239602262 0
endloop
endfacet
facet normal 0 0 -1
outer loop
vertex 244.6269569071019 -168.48665125530596 0
vertex 235.1731006153994 -168.66818239602262 0
vertex 235.17293895845756 -168.48665125530596 0
endloop
endfacet
facet normal 0 0 -1
outer loop
vertex 365.84019197096035 -168.48665125530596 0
vertex 365.8399316981711 -168.66818239602262 0
vertex 246.47007350915234 -168.66818239602262 0
endloop
endfacet
facet normal 0 0 -1
outer loop
vertex 365.84019197096035 -168.48665125530596 0
vertex 246.47007350915234 -168.66818239602262 0
vertex 246.3730430929147 -168.48665125530596 0
endloop
endfacet
facet normal 0 0 -1
outer loop
vertex 141.52992649084533 -168.66818239602262 0
vertex 141.47017545557216 -168.86515516189786 0
vertex 22.160350714262222 -168.86515516189786 0
endloop
endfacet
facet normal 0 0 -1
outer loop
vertex 141.52992649084533 -168.66818239602262 0
vertex 22.160350714262222 -168.86515516189786 0
vertex 22.160068301828883 -168.66818239602262 0
endloop
endfacet
facet normal 0 0 -1
outer loop
vertex 152.82689939975455 -168.66818239602262 0
vertex 152.8267239916422 -168.86515516189786 0
vertex 143.52982454442466 -168.86515516189786 0
endloop
endfacet
facet normal 0 0 -1
outer loop
vertex 152.82689939975455 -168.66818239602262 0
vertex 143.52982454442466 -168.86515516189786 0
vertex 143.47007350913543 -168.66818239602262 0
endloop
endfacet
facet normal 0 0 -1
outer loop
vertex 244.5299264908454 -168.66818239602262 0
vertex 244.4701754555715 -168.86515516189786 0
vertex 235.17327602340285 -168.86515516189786 0
endloop
endfacet
facet normal 0 0 -1
outer loop
vertex 244.5299264908454 -168.66818239602262 0
vertex 235.17327602340285 -168.86515516189786 0
vertex 235.1731006153994 -168.66818239602262 0
endloop
endfacet
facet normal 0 0 -1
outer loop
vertex 365.8399316981711 -168.66818239602262 0
vertex 365.8396492857378 -168.86515516189786 0
vertex 246.5298245444208 -168.86515516189786 0
endloop
endfacet
facet normal 0 0 -1
outer loop
vertex 365.8399316981711 -168.66818239602262 0
vertex 246.5298245444208 -168.86515516189786 0
vertex 246.47007350915234 -168.66818239602262 0
endloop
endfacet
facet normal 0 0 -1
outer loop
vertex 141.47017545557216 -168.86515516189786 0
vertex 141.45000000000223 -169.07000000000218 0
vertex 22.160644413388237 -169.07000000000218 0
endloop
endfacet
facet normal 0 0 -1
outer loop
vertex 141.47017545557216 -168.86515516189786 0
vertex 22.160644413388237 -169.07000000000218 0
vertex 22.160350714262222 -168.86515516189786 0
endloop
endfacet
facet normal 0 0 -1
outer loop
vertex 152.8267239916422 -168.86515516189786 0
vertex 152.82654157329515 -169.07000000000218 0
vertex 143.55 -169.07000000000218 0
endloop
endfacet
facet normal 0 0 -1
outer loop
vertex 152.8267239916422 -168.86515516189786 0
vertex 143.55 -169.07000000000218 0
vertex 143.52982454442466 -168.86515516189786 0
endloop
endfacet
facet normal 0 0 -1
outer loop
vertex 244.4701754555715 -168.86515516189786 0
vertex 244.45000000000226 -169.07000000000218 0
vertex 235.1734584416367 -169.07000000000218 0
endloop
endfacet
facet normal 0 0 -1
outer loop
vertex 244.4701754555715 -168.86515516189786 0
vertex 235.1734584416367 -169.07000000000218 0
vertex 235.17327602340285 -168.86515516189786 0
endloop
endfacet
facet normal 0 0 -1
outer loop
vertex 365.8396492857378 -168.86515516189786 0
vertex 365.83935558661176 -169.07000000000218 0
vertex 246.55000000000007 -169.07000000000218 0
endloop
endfacet
facet normal 0 0 -1
outer loop
vertex 365.8396492857378 -168.86515516189786 0
vertex 246.55000000000007 -169.07000000000218 0
vertex 246.5298245444208 -168.86515516189786 0
endloop
endfacet
facet normal 0 0 -1
outer loop
vertex 141.45000000000223 -169.07000000000218 0
vertex 141.47017545557458 -169.27484483809866 0
vertex 22.160938112514238 -169.27484483809866 0
endloop
endfacet
facet normal 0 0 -1
outer loop
vertex 141.45000000000223 -169.07000000000218 0
vertex 22.160938112514238 -169.27484483809866 0
vertex 22.160644413388237 -169.07000000000218 0
endloop
endfacet
facet normal 0 0 -1
outer loop
vertex 152.82654157329515 -169.07000000000218 0
vertex 152.82635915494808 -169.27484483809866 0
vertex 143.52982454442542 -169.27484483809866 0
endloop
endfacet
facet normal 0 0 -1
outer loop
vertex 152.82654157329515 -169.07000000000218 0
vertex 143.52982454442542 -169.27484483809866 0
vertex 143.55 -169.07000000000218 0
endloop
endfacet
facet normal 0 0 -1
outer loop
vertex 244.45000000000226 -169.07000000000218 0
vertex 244.47017545557458 -169.27484483809866 0
vertex 235.17364085987055 -169.27484483809866 0
endloop
endfacet
facet normal 0 0 -1
outer loop
vertex 244.45000000000226 -169.07000000000218 0
vertex 235.17364085987055 -169.27484483809866 0
vertex 235.1734584416367 -169.07000000000218 0
endloop
endfacet
facet normal 0 0 -1
outer loop
vertex 365.83935558661176 -169.07000000000218 0
vertex 365.83906188748574 -169.27484483809866 0
vertex 246.52982454307315 -169.27484483809866 0
endloop
endfacet
facet normal 0 0 -1
outer loop
vertex 365.83935558661176 -169.07000000000218 0
vertex 246.52982454307315 -169.27484483809866 0
vertex 246.55000000000007 -169.07000000000218 0
endloop
endfacet
facet normal 0 0 -1
outer loop
vertex 141.47017545557458 -169.27484483809866 0
vertex 141.52992649087707 -169.47181760401247 0
vertex 22.161220524947634 -169.47181760401247 0
endloop
endfacet
facet normal 0 0 -1
outer loop
vertex 141.47017545557458 -169.27484483809866 0
vertex 22.161220524947634 -169.47181760401247 0
vertex 22.160938112514238 -169.27484483809866 0
endloop
endfacet
facet normal 0 0 -1
outer loop
vertex 152.82635915494808 -169.27484483809866 0
vertex 152.8261837468357 -169.47181760401247 0
vertex 143.4700735091356 -169.47181760401247 0
endloop
endfacet
facet normal 0 0 -1
outer loop
vertex 152.82635915494808 -169.27484483809866 0
vertex 143.4700735091356 -169.47181760401247 0
vertex 143.52982454442542 -169.27484483809866 0
endloop
endfacet
facet normal 0 0 -1
outer loop
vertex 244.47017545557458 -169.27484483809866 0
vertex 244.52992649087548 -169.47181760401247 0
vertex 235.17381626787403 -169.47181760401247 0
endloop
endfacet
facet normal 0 0 -1
outer loop
vertex 244.47017545557458 -169.27484483809866 0
vertex 235.17381626787403 -169.47181760401247 0
vertex 235.17364085987055 -169.27484483809866 0
endloop
endfacet
facet normal 0 0 -1
outer loop
vertex 365.83906188748574 -169.27484483809866 0
vertex 365.8387794750523 -169.47181760401247 0
vertex 246.47007350913267 -169.47181760401247 0
endloop
endfacet
facet normal 0 0 -1
outer loop
vertex 365.83906188748574 -169.27484483809866 0
vertex 246.47007350913267 -169.47181760401247 0
vertex 246.52982454307315 -169.27484483809866 0
endloop
endfacet
facet normal 0 0 -1
outer loop
vertex 141.52992649087707 -169.47181760401247 0
vertex 141.62695690707892 -169.65334874468024 0
vertex 22.161480797736793 -169.65334874468024 0
endloop
endfacet
facet normal 0 0 -1
outer loop
vertex 141.52992649087707 -169.47181760401247 0
vertex 22.161480797736793 -169.65334874468024 0
vertex 22.161220524947634 -169.47181760401247 0
endloop
endfacet
facet normal 0 0 -1
outer loop
vertex 152.8261837468357 -169.47181760401247 0
vertex 152.82602208979358 -169.65334874468024 0
vertex 143.37304309291426 -169.65334874468024 0
endloop
endfacet
facet normal 0 0 -1
outer loop
vertex 152.8261837468357 -169.47181760401247 0
vertex 143.37304309291426 -169.65334874468024 0
vertex 143.4700735091356 -169.47181760401247 0
endloop
endfacet
facet normal 0 0 -1
outer loop
vertex 244.52992649087548 -169.47181760401247 0
vertex 244.62695690708426 -169.65334874468024 0
vertex 235.17397792481583 -169.65334874468024 0
endloop
endfacet
facet normal 0 0 -1
outer loop
vertex 244.52992649087548 -169.47181760401247 0
vertex 235.17397792481583 -169.65334874468024 0
vertex 235.17381626787403 -169.47181760401247 0
endloop
endfacet
facet normal 0 0 -1
outer loop
vertex 365.8387794750523 -169.47181760401247 0
vertex 365.83851920226317 -169.65334874468024 0
vertex 246.37304309291514 -169.65334874468024 0
endloop
endfacet
facet normal 0 0 -1
outer loop
vertex 365.8387794750523 -169.47181760401247 0
vertex 246.37304309291514 -169.65334874468024 0
vertex 246.47007350913267 -169.47181760401247 0
endloop
endfacet
facet normal 0 0 -1
outer loop
vertex 141.62695690707892 -169.65334874468024 0
vertex 141.75753787972144 -169.81246212023746 0
vertex 22.16170892874449 -169.81246212023746 0
endloop
endfacet
facet normal 0 0 -1
outer loop
vertex 141.62695690707892 -169.65334874468024 0
vertex 22.16170892874449 -169.81246212023746 0
vertex 22.161480797736793 -169.65334874468024 0
endloop
endfacet
facet normal 0 0 -1
outer loop
vertex 152.82602208979358 -169.65334874468024 0
vertex 152.8258803962111 -169.81246212023746 0
vertex 143.24246212024465 -169.81246212023746 0
endloop
endfacet
facet normal 0 0 -1
outer loop
vertex 152.82602208979358 -169.65334874468024 0
vertex 143.24246212024465 -169.81246212023746 0
vertex 143.37304309291426 -169.65334874468024 0
endloop
endfacet
facet normal 0 0 -1
outer loop
vertex 244.62695690708426 -169.65334874468024 0
vertex 244.75753787974122 -169.81246212023746 0
vertex 235.17411961831039 -169.81246212023746 0
endloop
endfacet
facet normal 0 0 -1
outer loop
vertex 244.62695690708426 -169.65334874468024 0
vertex 235.17411961831039 -169.81246212023746 0
vertex 235.17397792481583 -169.65334874468024 0
endloop
endfacet
facet normal 0 0 -1
outer loop
vertex 365.83851920226317 -169.65334874468024 0
vertex 365.83829107125547 -169.81246212023746 0
vertex 246.2424621202509 -169.81246212023746 0
endloop
endfacet
facet normal 0 0 -1
outer loop
vertex 365.83851920226317 -169.65334874468024 0
vertex 246.2424621202509 -169.81246212023746 0
vertex 246.37304309291514 -169.65334874468024 0
endloop
endfacet
facet normal 0 0 -1
outer loop
vertex 141.75753787972144 -169.81246212023746 0
vertex 141.91665125533788 -169.94304309291553 0
vertex 22.161896151024067 -169.94304309291553 0
endloop
endfacet
facet normal 0 0 -1
outer loop
vertex 141.75753787972144 -169.81246212023746 0
vertex 22.161896151024067 -169.94304309291553 0
vertex 22.16170892874449 -169.81246212023746 0
endloop
endfacet
facet normal 0 0 -1
outer loop
vertex 152.8258803962111 -169.81246212023746 0
vertex 152.82576411129313 -169.94304309291553 0
vertex 143.0833487446747 -169.94304309291553 0
endloop
endfacet
facet normal 0 0 -1
outer loop
vertex 152.8258803962111 -169.81246212023746 0
vertex 143.0833487446747 -169.94304309291553 0
vertex 143.24246212024465 -169.81246212023746 0
endloop
endfacet
facet normal 0 0 -1
outer loop
vertex 244.75753787974122 -169.81246212023746 0
vertex 244.91665125532415 -169.94304309291553 0
vertex 235.1742359031562 -169.94304309291553 0
endloop
endfacet
facet normal 0 0 -1
outer loop
vertex 244.75753787974122 -169.81246212023746 0
vertex 235.1742359031562 -169.94304309291553 0
vertex 235.17411961831039 -169.81246212023746 0
endloop
endfacet
facet normal 0 0 -1
outer loop
vertex 365.83829107125547 -169.81246212023746 0
vertex 365.8381038489759 -169.94304309291553 0
vertex 246.0833487446711 -169.94304309291553 0
endloop
endfacet
facet normal 0 0 -1
outer loop
vertex 365.83829107125547 -169.81246212023746 0
vertex 246.0833487446711 -169.94304309291553 0
vertex 246.2424621202509 -169.81246212023746 0
endloop
endfacet
facet normal 0 0 -1
outer loop
vertex 141.91665125533788 -169.94304309291553 0
vertex 142.0981823960173 -170.04007350913304 0
vertex 22.162035269728268 -170.04007350913304 0
endloop
endfacet
facet normal 0 0 -1
outer loop
vertex 141.91665125533788 -169.94304309291553 0
vertex 22.162035269728268 -170.04007350913304 0
vertex 22.161896151024067 -169.94304309291553 0
endloop
endfacet
facet normal 0 0 -1
outer loop
vertex 152.82576411129313 -169.94304309291553 0
vertex 152.82567770380388 -170.04007350913304 0
vertex 142.901817603984 -170.04007350913304 0
endloop
endfacet
facet normal 0 0 -1
outer loop
vertex 152.82576411129313 -169.94304309291553 0
vertex 142.901817603984 -170.04007350913304 0
vertex 143.0833487446747 -169.94304309291553 0
endloop
endfacet
facet normal 0 0 -1
outer loop
vertex 244.91665125532415 -169.94304309291553 0
vertex 245.09818239601097 -170.04007350913304 0
vertex 235.17432231059178 -170.04007350913304 0
endloop
endfacet
facet normal 0 0 -1
outer loop
vertex 244.91665125532415 -169.94304309291553 0
vertex 235.17432231059178 -170.04007350913304 0
vertex 235.1742359031562 -169.94304309291553 0
endloop
endfacet
facet normal 0 0 -1
outer loop
vertex 365.8381038489759 -169.94304309291553 0
vertex 365.8379647302717 -170.04007350913304 0
vertex 245.90181760398698 -170.04007350913304 0
endloop
endfacet
facet normal 0 0 -1
outer loop
vertex 365.8381038489759 -169.94304309291553 0
vertex 245.90181760398698 -170.04007350913304 0
vertex 246.0833487446711 -169.94304309291553 0
endloop
endfacet
facet normal 0 0 -1
outer loop
vertex 142.0981823960173 -170.04007350913304 0
vertex 142.29515516190315 -170.09982454442533 0
vertex 22.162120938603337 -170.09982454442533 0
endloop
endfacet
facet normal 0 0 -1
outer loop
vertex 142.0981823960173 -170.04007350913304 0
vertex 22.162120938603337 -170.09982454442533 0
vertex 22.162035269728268 -170.04007350913304 0
endloop
endfacet
facet normal 0 0 -1
outer loop
vertex 152.82567770380388 -170.04007350913304 0
vertex 152.82562449433473 -170.09982454442533 0
vertex 142.70484483811177 -170.09982454442533 0
endloop
endfacet
facet normal 0 0 -1
outer loop
vertex 152.82567770380388 -170.04007350913304 0
vertex 142.70484483811177 -170.09982454442533 0
vertex 142.901817603984 -170.04007350913304 0
endloop
endfacet
facet normal 0 0 -1
outer loop
vertex 245.09818239601097 -170.04007350913304 0
vertex 245.29515516189167 -170.09982454442533 0
vertex 235.17437552002792 -170.09982454442533 0
endloop
endfacet
facet normal 0 0 -1
outer loop
vertex 245.09818239601097 -170.04007350913304 0
vertex 235.17437552002792 -170.09982454442533 0
vertex 235.17432231059178 -170.04007350913304 0
endloop
endfacet
facet normal 0 0 -1
outer loop
vertex 365.8379647302717 -170.04007350913304 0
vertex 365.8378790613966 -170.09982454442533 0
vertex 245.70484483810165 -170.09982454442533 0
endloop
endfacet
facet normal 0 0 -1
outer loop
vertex 365.8379647302717 -170.04007350913304 0
vertex 245.70484483810165 -170.09982454442533 0
vertex 245.90181760398698 -170.04007350913304 0
endloop
endfacet
facet normal 0 0 -1
outer loop
vertex 142.29515516190315 -170.09982454442533 0
vertex 142.49999999998352 -170.12000000000006 0
vertex 22.162149865442423 -170.12000000000006 0
endloop
endfacet
facet normal 0 0 -1
outer loop
vertex 142.29515516190315 -170.09982454442533 0
vertex 22.162149865442423 -170.12000000000006 0
vertex 22.162120938603337 -170.09982454442533 0
endloop
endfacet
facet normal 0 0 -1
outer loop
vertex 152.82562449433473 -170.09982454442533 0
vertex 152.82560652769573 -170.12000000000006 0
vertex 142.49999999998352 -170.12000000000006 0
endloop
endfacet
facet normal 0 0 -1
outer loop
vertex 152.82562449433473 -170.09982454442533 0
vertex 142.49999999998352 -170.12000000000006 0
vertex 142.70484483811177 -170.09982454442533 0
endloop
endfacet
facet normal 0 0 -1
outer loop
vertex 245.29515516189167 -170.09982454442533 0
vertex 245.50000000000176 -170.12000000000006 0
vertex 235.17439348665576 -170.12000000000006 0
endloop
endfacet
facet normal 0 0 -1
outer loop
vertex 245.29515516189167 -170.09982454442533 0
vertex 235.17439348665576 -170.12000000000006 0
vertex 235.17437552002792 -170.09982454442533 0
endloop
endfacet
facet normal 0 0 -1
outer loop
vertex 365.8378790613966 -170.09982454442533 0
vertex 365.8378501345575 -170.12000000000006 0
vertex 245.50000000000176 -170.12000000000006 0
endloop
endfacet
facet normal 0 0 -1
outer loop
vertex 365.8378790613966 -170.09982454442533 0
vertex 245.50000000000176 -170.12000000000006 0
vertex 245.70484483810165 -170.09982454442533 0
endloop
endfacet
facet normal 0 0 -1
outer loop
vertex 142.49999999998352 -170.12000000000006 0
vertex 152.82560652769573 -170.12000000000006 0
vertex 152.81729797965528 -179.45000000000024 0
endloop
endfacet
facet normal 0 0 -1
outer loop
vertex 142.49999999998352 -170.12000000000006 0
vertex 152.81729797965528 -179.45000000000024 0
vertex 32.50000000000107 -179.45000000000024 0
endloop
endfacet
facet normal 0 0 -1
outer loop
vertex 142.49999999998352 -170.12000000000006 0
vertex 32.50000000000107 -179.45000000000024 0
vertex 22.175526882266784 -179.45000000000024 0
endloop
endfacet
facet normal 0 0 -1
outer loop
vertex 142.49999999998352 -170.12000000000006 0
vertex 22.175526882266784 -179.45000000000024 0
vertex 22.162149865442423 -170.12000000000006 0
endloop
endfacet
facet normal 0 0 -1
outer loop
vertex 245.50000000000176 -170.12000000000006 0
vertex 365.8378501345575 -170.12000000000006 0
vertex 365.8244731177332 -179.45000000000024 0
endloop
endfacet
facet normal 0 0 -1
outer loop
vertex 245.50000000000176 -170.12000000000006 0
vertex 365.8244731177332 -179.45000000000024 0
vertex 355.49999999995066 -179.45000000000024 0
endloop
endfacet
facet normal 0 0 -1
outer loop
vertex 245.50000000000176 -170.12000000000006 0
vertex 355.49999999995066 -179.45000000000024 0
vertex 235.18270202953943 -179.45000000000024 0
endloop
endfacet
facet normal 0 0 -1
outer loop
vertex 245.50000000000176 -170.12000000000006 0
vertex 235.18270202953943 -179.45000000000024 0
vertex 235.17439348665576 -170.12000000000006 0
endloop
endfacet
facet normal 0 0 -1
outer loop
vertex 32.50000000000107 -179.45000000000024 0
vertex 32.2951551618009 -179.47017545558495 0
vertex 22.175555809105884 -179.47017545558495 0
endloop
endfacet
facet normal 0 0 -1
outer loop
vertex 32.50000000000107 -179.45000000000024 0
vertex 22.175555809105884 -179.47017545558495 0
vertex 22.175526882266784 -179.45000000000024 0
endloop
endfacet
facet normal 0 0 -1
outer loop
vertex 152.81729797965528 -179.45000000000024 0
vertex 152.81728001301624 -179.47017545558495 0
vertex 32.70484483809911 -179.47017545558495 0
endloop
endfacet
facet normal 0 0 -1
outer loop
vertex 152.81729797965528 -179.45000000000024 0
vertex 32.70484483809911 -179.47017545558495 0
vertex 32.50000000000107 -179.45000000000024 0
endloop
endfacet
facet normal 0 0 -1
outer loop
vertex 355.49999999995066 -179.45000000000024 0
vertex 355.29515516175155 -179.47017545558495 0
vertex 235.1827199961673 -179.47017545558495 0
endloop
endfacet
facet normal 0 0 -1
outer loop
vertex 355.49999999995066 -179.45000000000024 0
vertex 235.1827199961673 -179.47017545558495 0
vertex 235.18270202953943 -179.45000000000024 0
endloop
endfacet
facet normal 0 0 -1
outer loop
vertex 365.8244731177332 -179.45000000000024 0
vertex 365.8244441908941 -179.47017545558495 0
vertex 355.7048448381498 -179.47017545558495 0
endloop
endfacet
facet normal 0 0 -1
outer loop
vertex 365.8244731177332 -179.45000000000024 0
vertex 355.7048448381498 -179.47017545558495 0
vertex 355.49999999995066 -179.45000000000024 0
endloop
endfacet
facet normal 0 0 -1
outer loop
vertex 32.2951551618009 -179.47017545558495 0
vertex 32.09818239602892 -179.5299264908647 0
vertex 22.175641477980932 -179.5299264908647 0
endloop
endfacet
facet normal 0 0 -1
outer loop
vertex 32.2951551618009 -179.47017545558495 0
vertex 22.175641477980932 -179.5299264908647 0
vertex 22.175555809105884 -179.47017545558495 0
endloop
endfacet
facet normal 0 0 -1
outer loop
vertex 152.81728001301624 -179.47017545558495 0
vertex 152.81722680354713 -179.5299264908647 0
vertex 32.9018176039816 -179.5299264908647 0
endloop
endfacet
facet normal 0 0 -1
outer loop
vertex 152.81728001301624 -179.47017545558495 0
vertex 32.9018176039816 -179.5299264908647 0
vertex 32.70484483809911 -179.47017545558495 0
endloop
endfacet
facet normal 0 0 -1
outer loop
vertex 355.29515516175155 -179.47017545558495 0
vertex 355.0981823960407 -179.5299264908647 0
vertex 235.1827732056034 -179.5299264908647 0
endloop
endfacet
facet normal 0 0 -1
outer loop
vertex 355.29515516175155 -179.47017545558495 0
vertex 235.1827732056034 -179.5299264908647 0
vertex 235.1827199961673 -179.47017545558495 0
endloop
endfacet
facet normal 0 0 -1
outer loop
vertex 365.8244441908941 -179.47017545558495 0
vertex 365.82435852201905 -179.5299264908647 0
vertex 355.90181760399383 -179.5299264908647 0
endloop
endfacet
facet normal 0 0 -1
outer loop
vertex 365.8244441908941 -179.47017545558495 0
vertex 355.90181760399383 -179.5299264908647 0
vertex 355.7048448381498 -179.47017545558495 0
endloop
endfacet
facet normal 0 0 -1
outer loop
vertex 32.09818239602892 -179.5299264908647 0
vertex 31.916651255314882 -179.62695690709006 0
vertex 22.175780596685147 -179.62695690709006 0
endloop
endfacet
facet normal 0 0 -1
outer loop
vertex 32.09818239602892 -179.5299264908647 0
vertex 22.175780596685147 -179.62695690709006 0
vertex 22.175641477980932 -179.5299264908647 0
endloop
endfacet
facet normal 0 0 -1
outer loop
vertex 152.81722680354713 -179.5299264908647 0
vertex 152.81714039605788 -179.62695690709006 0
vertex 33.08334874469458 -179.62695690709006 0
endloop
endfacet
facet normal 0 0 -1
outer loop
vertex 152.81722680354713 -179.5299264908647 0
vertex 33.08334874469458 -179.62695690709006 0
vertex 32.9018176039816 -179.5299264908647 0
endloop
endfacet
facet normal 0 0 -1
outer loop
vertex 355.0981823960407 -179.5299264908647 0
vertex 354.91665125531244 -179.62695690709006 0
vertex 235.182859613039 -179.62695690709006 0
endloop
endfacet
facet normal 0 0 -1
outer loop
vertex 355.0981823960407 -179.5299264908647 0
vertex 235.182859613039 -179.62695690709006 0
vertex 235.1827732056034 -179.5299264908647 0
endloop
endfacet
facet normal 0 0 -1
outer loop
vertex 365.82435852201905 -179.5299264908647 0
vertex 365.8242194033148 -179.62695690709006 0
vertex 356.0833487446926 -179.62695690709006 0
endloop
endfacet
facet normal 0 0 -1
outer loop
vertex 365.82435852201905 -179.5299264908647 0
vertex 356.0833487446926 -179.62695690709006 0
vertex 355.90181760399383 -179.5299264908647 0
endloop
endfacet
facet normal 0 0 -1
outer loop
vertex 31.916651255314882 -179.62695690709006 0
vertex 31.75753787981553 -179.7575378797133 0
vertex 22.175967818964644 -179.7575378797133 0
endloop
endfacet
facet normal 0 0 -1
outer loop
vertex 31.916651255314882 -179.62695690709006 0
vertex 22.175967818964644 -179.7575378797133 0
vertex 22.175780596685147 -179.62695690709006 0
endloop
endfacet
facet normal 0 0 -1
outer loop
vertex 152.81714039605788 -179.62695690709006 0
vertex 152.81702411113994 -179.7575378797133 0
vertex 33.242462120239445 -179.7575378797133 0
endloop
endfacet
facet normal 0 0 -1
outer loop
vertex 152.81714039605788 -179.62695690709006 0
vertex 33.242462120239445 -179.7575378797133 0
vertex 33.08334874469458 -179.62695690709006 0
endloop
endfacet
facet normal 0 0 -1
outer loop
vertex 354.91665125531244 -179.62695690709006 0
vertex 354.7575378798167 -179.7575378797133 0
vertex 235.18297589788475 -179.7575378797133 0
endloop
endfacet
facet normal 0 0 -1
outer loop
vertex 354.91665125531244 -179.62695690709006 0
vertex 235.18297589788475 -179.7575378797133 0
vertex 235.182859613039 -179.62695690709006 0
endloop
endfacet
facet normal 0 0 -1
outer loop
vertex 365.8242194033148 -179.62695690709006 0
vertex 365.8240321810353 -179.7575378797133 0
vertex 356.24246212020876 -179.7575378797133 0
endloop
endfacet
facet normal 0 0 -1
outer loop
vertex 365.8242194033148 -179.62695690709006 0
vertex 356.24246212020876 -179.7575378797133 0
vertex 356.0833487446926 -179.62695690709006 0
endloop
endfacet
facet normal 0 0 -1
outer loop
vertex 31.75753787981553 -179.7575378797133 0
vertex 31.626956907035225 -179.9166512553478 0
vertex 22.176195949972453 -179.9166512553478 0
endloop
endfacet
facet normal 0 0 -1
outer loop
vertex 31.75753787981553 -179.7575378797133 0
vertex 22.176195949972453 -179.9166512553478 0
vertex 22.175967818964644 -179.7575378797133 0
endloop
endfacet
facet normal 0 0 -1
outer loop
vertex 152.81702411113994 -179.7575378797133 0
vertex 152.8168824175574 -179.9166512553478 0
vertex 33.373043092925656 -179.9166512553478 0
endloop
endfacet
facet normal 0 0 -1
outer loop
vertex 152.81702411113994 -179.7575378797133 0
vertex 33.373043092925656 -179.9166512553478 0
vertex 33.242462120239445 -179.7575378797133 0
endloop
endfacet
facet normal 0 0 -1
outer loop
vertex 354.7575378798167 -179.7575378797133 0
vertex 354.62695690704845 -179.9166512553478 0
vertex 235.18311759137939 -179.9166512553478 0
endloop
endfacet
facet normal 0 0 -1
outer loop
vertex 354.7575378798167 -179.7575378797133 0
vertex 235.18311759137939 -179.9166512553478 0
vertex 235.18297589788475 -179.7575378797133 0
endloop
endfacet
facet normal 0 0 -1
outer loop
vertex 365.8240321810353 -179.7575378797133 0
vertex 365.8238040500275 -179.9166512553478 0
vertex 356.37304309292915 -179.9166512553478 0
endloop
endfacet
facet normal 0 0 -1
outer loop
vertex 365.8240321810353 -179.7575378797133 0
vertex 356.37304309292915 -179.9166512553478 0
vertex 356.24246212020876 -179.7575378797133 0
endloop
endfacet
facet normal 0 0 -1
outer loop
vertex 31.626956907035225 -179.9166512553478 0
vertex 31.529926490849615 -180.09818239605994 0
vertex 22.176456222761676 -180.09818239605994 0
endloop
endfacet
facet normal 0 0 -1
outer loop
vertex 31.626956907035225 -179.9166512553478 0
vertex 22.176456222761676 -180.09818239605994 0
vertex 22.176195949972453 -179.9166512553478 0
endloop
endfacet
facet normal 0 0 -1
outer loop
vertex 152.8168824175574 -179.9166512553478 0
vertex 152.8167207605152 -180.09818239605994 0
vertex 33.47007350912869 -180.09818239605994 0
endloop
endfacet
facet normal 0 0 -1
outer loop
vertex 152.8168824175574 -179.9166512553478 0
vertex 33.47007350912869 -180.09818239605994 0
vertex 33.373043092925656 -179.9166512553478 0
endloop
endfacet
facet normal 0 0 -1
outer loop
vertex 354.62695690704845 -179.9166512553478 0
vertex 354.5299264908474 -180.09818239605994 0
vertex 235.1832792483212 -180.09818239605994 0
endloop
endfacet
facet normal 0 0 -1
outer loop
vertex 354.62695690704845 -179.9166512553478 0
vertex 235.1832792483212 -180.09818239605994 0
vertex 235.18311759137939 -179.9166512553478 0
endloop
endfacet
facet normal 0 0 -1
outer loop
vertex 365.8238040500275 -179.9166512553478 0
vertex 365.8235437772383 -180.09818239605994 0
vertex 356.47007350916164 -180.09818239605994 0
endloop
endfacet
facet normal 0 0 -1
outer loop
vertex 365.8238040500275 -179.9166512553478 0
vertex 356.47007350916164 -180.09818239605994 0
vertex 356.37304309292915 -179.9166512553478 0
endloop
endfacet
facet normal 0 0 -1
outer loop
vertex 31.529926490849615 -180.09818239605994 0
vertex 31.470175455604952 -180.29515516180777 0
vertex 22.176738635194834 -180.29515516180777 0
endloop
endfacet
facet normal 0 0 -1
outer loop
vertex 31.529926490849615 -180.09818239605994 0
vertex 22.176738635194834 -180.29515516180777 0
vertex 22.176456222761676 -180.09818239605994 0
endloop
endfacet
facet normal 0 0 -1
outer loop
vertex 152.8167207605152 -180.09818239605994 0
vertex 152.816545352403 -180.29515516180777 0
vertex 33.529824544431506 -180.29515516180777 0
endloop
endfacet
facet normal 0 0 -1
outer loop
vertex 152.8167207605152 -180.09818239605994 0
vertex 33.529824544431506 -180.29515516180777 0
vertex 33.47007350912869 -180.09818239605994 0
endloop
endfacet
facet normal 0 0 -1
outer loop
vertex 354.5299264908474 -180.09818239605994 0
vertex 354.47017545560516 -180.29515516180777 0
vertex 235.18345465632456 -180.29515516180777 0
endloop
endfacet
facet normal 0 0 -1
outer loop
vertex 354.5299264908474 -180.09818239605994 0
vertex 235.18345465632456 -180.29515516180777 0
vertex 235.1832792483212 -180.09818239605994 0
endloop
endfacet
facet normal 0 0 -1
outer loop
vertex 365.8235437772383 -180.09818239605994 0
vertex 365.82326136480515 -180.29515516180777 0
vertex 356.52982454441224 -180.29515516180777 0
endloop
endfacet
facet normal 0 0 -1
outer loop
vertex 365.8235437772383 -180.09818239605994 0
vertex 356.52982454441224 -180.29515516180777 0
vertex 356.47007350916164 -180.09818239605994 0
endloop
endfacet
facet normal 0 0 -1
outer loop
vertex 31.470175455604952 -180.29515516180777 0
vertex 31.44999999999472 -180.50000000004107 0
vertex 22.17703233432103 -180.50000000004107 0
endloop
endfacet
facet normal 0 0 -1
outer loop
vertex 31.470175455604952 -180.29515516180777 0
vertex 22.17703233432103 -180.50000000004107 0
vertex 22.176738635194834 -180.29515516180777 0
endloop
endfacet
facet normal 0 0 -1
outer loop
vertex 152.816545352403 -180.29515516180777 0
vertex 152.81636293405583 -180.50000000004107 0
vertex 33.550000000002726 -180.50000000004107 0
endloop
endfacet
facet normal 0 0 -1
outer loop
vertex 152.816545352403 -180.29515516180777 0
vertex 33.550000000002726 -180.50000000004107 0
vertex 33.529824544431506 -180.29515516180777 0
endloop
endfacet
facet normal 0 0 -1
outer loop
vertex 354.47017545560516 -180.29515516180777 0
vertex 354.44999999999465 -180.50000000004107 0
vertex 235.18363707455853 -180.50000000004107 0
endloop
endfacet
facet normal 0 0 -1
outer loop
vertex 354.47017545560516 -180.29515516180777 0
vertex 235.18363707455853 -180.50000000004107 0
vertex 235.18345465632456 -180.29515516180777 0
endloop
endfacet
facet normal 0 0 -1
outer loop
vertex 365.82326136480515 -180.29515516180777 0
vertex 365.82296766567896 -180.50000000004107 0
vertex 356.55000000000035 -180.50000000004107 0
endloop
endfacet
facet normal 0 0 -1
outer loop
vertex 365.82326136480515 -180.29515516180777 0
vertex 356.55000000000035 -180.50000000004107 0
vertex 356.52982454441224 -180.29515516180777 0
endloop
endfacet
facet normal 0 0 -1
outer loop
vertex 31.44999999999472 -180.50000000004107 0
vertex 31.47017545557688 -180.70484483813473 0
vertex 22.177326033447027 -180.70484483813473 0
endloop
endfacet
facet normal 0 0 -1
outer loop
vertex 31.44999999999472 -180.50000000004107 0
vertex 22.177326033447027 -180.70484483813473 0
vertex 22.17703233432103 -180.50000000004107 0
endloop
endfacet
facet normal 0 0 -1
outer loop
vertex 152.81636293405583 -180.50000000004107 0
vertex 152.81618051570877 -180.70484483813473 0
vertex 33.5298245444222 -180.70484483813473 0
endloop
endfacet
facet normal 0 0 -1
outer loop
vertex 152.81636293405583 -180.50000000004107 0
vertex 33.5298245444222 -180.70484483813473 0
vertex 33.550000000002726 -180.50000000004107 0
endloop
endfacet
facet normal 0 0 -1
outer loop
vertex 354.44999999999465 -180.50000000004107 0
vertex 354.4701754555728 -180.70484483813473 0
vertex 235.18381949279237 -180.70484483813473 0
endloop
endfacet
facet normal 0 0 -1
outer loop
vertex 354.44999999999465 -180.50000000004107 0
vertex 235.18381949279237 -180.70484483813473 0
vertex 235.18363707455853 -180.50000000004107 0
endloop
endfacet
facet normal 0 0 -1
outer loop
vertex 365.82296766567896 -180.50000000004107 0
vertex 365.82267396655294 -180.70484483813473 0
vertex 356.529824544426 -180.70484483813473 0
endloop
endfacet
facet normal 0 0 -1
outer loop
vertex 365.82296766567896 -180.50000000004107 0
vertex 356.529824544426 -180.70484483813473 0
vertex 356.55000000000035 -180.50000000004107 0
endloop
endfacet
facet normal 0 0 -1
outer loop
vertex 31.47017545557688 -180.70484483813473 0
vertex 31.529926490868142 -180.90181760400583 0
vertex 22.177608445880363 -180.90181760400583 0
endloop
endfacet
facet normal 0 0 -1
outer loop
vertex 31.47017545557688 -180.70484483813473 0
vertex 22.177608445880363 -180.90181760400583 0
vertex 22.177326033447027 -180.70484483813473 0
endloop
endfacet
facet normal 0 0 -1
outer loop
vertex 152.81618051570877 -180.70484483813473 0
vertex 152.81600510759642 -180.90181760400583 0
vertex 33.47007350913713 -180.90181760400583 0
endloop
endfacet
facet normal 0 0 -1
outer loop
vertex 152.81618051570877 -180.70484483813473 0
vertex 33.47007350913713 -180.90181760400583 0
vertex 33.5298245444222 -180.70484483813473 0
endloop
endfacet
facet normal 0 0 -1
outer loop
vertex 354.4701754555728 -180.70484483813473 0
vertex 354.5299264908543 -180.90181760400583 0
vertex 235.18399490079582 -180.90181760400583 0
endloop
endfacet
facet normal 0 0 -1
outer loop
vertex 354.4701754555728 -180.70484483813473 0
vertex 235.18399490079582 -180.90181760400583 0
vertex 235.18381949279237 -180.70484483813473 0
endloop
endfacet
facet normal 0 0 -1
outer loop
vertex 365.82267396655294 -180.70484483813473 0
vertex 365.8223915541196 -180.90181760400583 0
vertex 356.4700735091325 -180.90181760400583 0
endloop
endfacet
facet normal 0 0 -1
outer loop
vertex 365.82267396655294 -180.70484483813473 0
vertex 356.4700735091325 -180.90181760400583 0
vertex 356.529824544426 -180.70484483813473 0
endloop
endfacet
facet normal 0 0 -1
outer loop
vertex 31.529926490868142 -180.90181760400583 0
vertex 31.62695690706474 -181.08334874465083 0
vertex 22.17786871866949 -181.08334874465083 0
endloop
endfacet
facet normal 0 0 -1
outer loop
vertex 31.529926490868142 -180.90181760400583 0
vertex 22.17786871866949 -181.08334874465083 0
vertex 22.177608445880363 -180.90181760400583 0
endloop
endfacet
facet normal 0 0 -1
outer loop
vertex 152.81600510759642 -180.90181760400583 0
vertex 152.81584345055433 -181.08334874465083 0
vertex 33.37304309291968 -181.08334874465083 0
endloop
endfacet
facet normal 0 0 -1
outer loop
vertex 152.81600510759642 -180.90181760400583 0
vertex 33.37304309291968 -181.08334874465083 0
vertex 33.47007350913713 -180.90181760400583 0
endloop
endfacet
facet normal 0 0 -1
outer loop
vertex 354.5299264908543 -180.90181760400583 0
vertex 354.6269569070746 -181.08334874465083 0
vertex 235.1841565577376 -181.08334874465083 0
endloop
endfacet
facet normal 0 0 -1
outer loop
vertex 354.5299264908543 -180.90181760400583 0
vertex 235.1841565577376 -181.08334874465083 0
vertex 235.18399490079582 -180.90181760400583 0
endloop
endfacet
facet normal 0 0 -1
outer loop
vertex 365.8223915541196 -180.90181760400583 0
vertex 365.8221312813305 -181.08334874465083 0
vertex 356.37304309292324 -181.08334874465083 0
endloop
endfacet
facet normal 0 0 -1
outer loop
vertex 365.8223915541196 -180.90181760400583 0
vertex 356.37304309292324 -181.08334874465083 0
vertex 356.4700735091325 -180.90181760400583 0
endloop
endfacet
facet normal 0 0 -1
outer loop
vertex 31.62695690706474 -181.08334874465083 0
vertex 31.757537879737608 -181.24246212022743 0
vertex 22.178096849677214 -181.24246212022743 0
endloop
endfacet
facet normal 0 0 -1
outer loop
vertex 31.62695690706474 -181.08334874465083 0
vertex 22.178096849677214 -181.24246212022743 0
vertex 22.17786871866949 -181.08334874465083 0
endloop
endfacet
facet normal 0 0 -1
outer loop
vertex 152.81584345055433 -181.08334874465083 0
vertex 152.8157017569718 -181.24246212022743 0
vertex 33.24246212023533 -181.24246212022743 0
endloop
endfacet
facet normal 0 0 -1
outer loop
vertex 152.81584345055433 -181.08334874465083 0
vertex 33.24246212023533 -181.24246212022743 0
vertex 33.37304309291968 -181.08334874465083 0
endloop
endfacet
facet normal 0 0 -1
outer loop
vertex 354.6269569070746 -181.08334874465083 0
vertex 354.75753787974594 -181.24246212022743 0
vertex 235.18429825123215 -181.24246212022743 0
endloop
endfacet
facet normal 0 0 -1
outer loop
vertex 354.6269569070746 -181.08334874465083 0
vertex 235.18429825123215 -181.24246212022743 0
vertex 235.1841565577376 -181.08334874465083 0
endloop
endfacet
facet normal 0 0 -1
outer loop
vertex 365.8221312813305 -181.08334874465083 0
vertex 365.8219031503227 -181.24246212022743 0
vertex 356.24246212025236 -181.24246212022743 0
endloop
endfacet
facet normal 0 0 -1
outer loop
vertex 365.8221312813305 -181.08334874465083 0
vertex 356.24246212025236 -181.24246212022743 0
vertex 356.37304309292324 -181.08334874465083 0
endloop
endfacet
facet normal 0 0 -1
outer loop
vertex 31.757537879737608 -181.24246212022743 0
vertex 31.916651255357888 -181.37304309293614 0
vertex 22.178284071956835 -181.37304309293614 0
endloop
endfacet
facet normal 0 0 -1
outer loop
vertex 31.757537879737608 -181.24246212022743 0
vertex 22.178284071956835 -181.37304309293614 0
vertex 22.178096849677214 -181.24246212022743 0
endloop
endfacet
facet normal 0 0 -1
outer loop
vertex 152.8157017569718 -181.24246212022743 0
vertex 152.8155854720538 -181.37304309293614 0
vertex 33.08334874468022 -181.37304309293614 0
endloop
endfacet
facet normal 0 0 -1
outer loop
vertex 152.8157017569718 -181.24246212022743 0
vertex 33.08334874468022 -181.37304309293614 0
vertex 33.24246212023533 -181.24246212022743 0
endloop
endfacet
facet normal 0 0 -1
outer loop
vertex 354.75753787974594 -181.24246212022743 0
vertex 354.9166512553502 -181.37304309293614 0
vertex 235.18441453607798 -181.37304309293614 0
endloop
endfacet
facet normal 0 0 -1
outer loop
vertex 354.75753787974594 -181.24246212022743 0
vertex 235.18441453607798 -181.37304309293614 0
vertex 235.18429825123215 -181.24246212022743 0
endloop
endfacet
facet normal 0 0 -1
outer loop
vertex 365.8219031503227 -181.24246212022743 0
vertex 365.82171592804315 -181.37304309293614 0
vertex 356.08334874467 -181.37304309293614 0
endloop
endfacet
facet normal 0 0 -1
outer loop
vertex 365.8219031503227 -181.24246212022743 0
vertex 356.08334874467 -181.37304309293614 0
vertex 356.24246212025236 -181.24246212022743 0
endloop
endfacet
facet normal 0 0 -1
outer loop
vertex 31.916651255357888 -181.37304309293614 0
vertex 32.09818239600877 -181.4700735091359 0
vertex 22.17842319066101 -181.4700735091359 0
endloop
endfacet
facet normal 0 0 -1
outer loop
vertex 31.916651255357888 -181.37304309293614 0
vertex 22.17842319066101 -181.4700735091359 0
vertex 22.178284071956835 -181.37304309293614 0
endloop
endfacet
facet normal 0 0 -1
outer loop
vertex 152.8155854720538 -181.37304309293614 0
vertex 152.8154990645646 -181.4700735091359 0
vertex 32.90181760400909 -181.4700735091359 0
endloop
endfacet
facet normal 0 0 -1
outer loop
vertex 152.8155854720538 -181.37304309293614 0
vertex 32.90181760400909 -181.4700735091359 0
vertex 33.08334874468022 -181.37304309293614 0
endloop
endfacet
facet normal 0 0 -1
outer loop
vertex 354.9166512553502 -181.37304309293614 0
vertex 355.0981823959833 -181.4700735091359 0
vertex 235.18450094351357 -181.4700735091359 0
endloop
endfacet
facet normal 0 0 -1
outer loop
vertex 354.9166512553502 -181.37304309293614 0
vertex 235.18450094351357 -181.4700735091359 0
vertex 235.18441453607798 -181.37304309293614 0
endloop
endfacet
facet normal 0 0 -1
outer loop
vertex 365.82171592804315 -181.37304309293614 0
vertex 365.8215768093389 -181.4700735091359 0
vertex 355.9018176039835 -181.4700735091359 0
endloop
endfacet
facet normal 0 0 -1
outer loop
vertex 365.82171592804315 -181.37304309293614 0
vertex 355.9018176039835 -181.4700735091359 0
vertex 356.08334874467 -181.37304309293614 0
endloop
endfacet
facet normal 0 0 -1
outer loop
vertex 32.09818239600877 -181.4700735091359 0
vertex 32.29515516187545 -181.52982454442252 0
vertex 22.178508859536073 -181.52982454442252 0
endloop
endfacet
facet normal 0 0 -1
outer loop
vertex 32.09818239600877 -181.4700735091359 0
vertex 22.178508859536073 -181.52982454442252 0
vertex 22.17842319066101 -181.4700735091359 0
endloop
endfacet
facet normal 0 0 -1
outer loop
vertex 152.8154990645646 -181.4700735091359 0
vertex 152.81544585509545 -181.52982454442252 0
vertex 32.704844838087446 -181.52982454442252 0
endloop
endfacet
facet normal 0 0 -1
outer loop
vertex 152.8154990645646 -181.4700735091359 0
vertex 32.704844838087446 -181.52982454442252 0
vertex 32.90181760400909 -181.4700735091359 0
endloop
endfacet
facet normal 0 0 -1
outer loop
vertex 355.0981823959833 -181.4700735091359 0
vertex 355.29515516188536 -181.52982454442252 0
vertex 235.1845541529497 -181.52982454442252 0
endloop
endfacet
facet normal 0 0 -1
outer loop
vertex 355.0981823959833 -181.4700735091359 0
vertex 235.1845541529497 -181.52982454442252 0
vertex 235.18450094351357 -181.4700735091359 0
endloop
endfacet
facet normal 0 0 -1
outer loop
vertex 365.8215768093389 -181.4700735091359 0
vertex 365.8214911404639 -181.52982454442252 0
vertex 355.70484483811794 -181.52982454442252 0
endloop
endfacet
facet normal 0 0 -1
outer loop
vertex 365.8215768093389 -181.4700735091359 0
vertex 355.70484483811794 -181.52982454442252 0
vertex 355.9018176039835 -181.4700735091359 0
endloop
endfacet
facet normal 0 0 -1
outer loop
vertex 32.29515516187545 -181.52982454442252 0
vertex 32.50000000000133 -181.55 0
vertex 22.17853778637516 -181.55 0
endloop
endfacet
facet normal 0 0 -1
outer loop
vertex 32.29515516187545 -181.52982454442252 0
vertex 22.17853778637516 -181.55 0
vertex 22.178508859536073 -181.52982454442252 0
endloop
endfacet
facet normal 0 0 -1
outer loop
vertex 152.81544585509545 -181.52982454442252 0
vertex 152.81542788845644 -181.55 0
vertex 32.50000000000133 -181.55 0
endloop
endfacet
facet normal 0 0 -1
outer loop
vertex 152.81544585509545 -181.52982454442252 0
vertex 32.50000000000133 -181.55 0
vertex 32.704844838087446 -181.52982454442252 0
endloop
endfacet
facet normal 0 0 -1
outer loop
vertex 355.29515516188536 -181.52982454442252 0
vertex 355.5000000000499 -181.55 0
vertex 235.18457211957755 -181.55 0
endloop
endfacet
facet normal 0 0 -1
outer loop
vertex 355.29515516188536 -181.52982454442252 0
vertex 235.18457211957755 -181.55 0
vertex 235.1845541529497 -181.52982454442252 0
endloop
endfacet
facet normal 0 0 -1
outer loop
vertex 365.8214911404639 -181.52982454442252 0
vertex 365.8214622136248 -181.55 0
vertex 355.5000000000499 -181.55 0
endloop
endfacet
facet normal 0 0 -1
outer loop
vertex 365.8214911404639 -181.52982454442252 0
vertex 355.5000000000499 -181.55 0
vertex 355.70484483811794 -181.52982454442252 0
endloop
endfacet
facet normal 0 0 -1
outer loop
vertex 32.50000000000133 -181.55 0
vertex 152.81542788845644 -181.55 0
vertex 152.8023402 -196.2466874 0
endloop
endfacet
facet normal 0 0 -1
outer loop
vertex 32.50000000000133 -181.55 0
vertex 152.8023402 -196.2466874 0
vertex 22.199609365647635 -196.2466874 0
endloop
endfacet
facet normal 0 0 -1
outer loop
vertex 32.50000000000133 -181.55 0
vertex 22.199609365647635 -196.2466874 0
vertex 22.17853778637516 -181.55 0
endloop
endfacet
facet normal 0 0 -1
outer loop
vertex 355.5000000000499 -181.55 0
vertex 365.8214622136248 -181.55 0
vertex 365.8003906343523 -196.2466874 0
endloop
endfacet
facet normal 0 0 -1
outer loop
vertex 355.5000000000499 -181.55 0
vertex 365.8003906343523 -196.2466874 0
vertex 235.19765979991095 -196.2466874 0
endloop
endfacet
facet normal 0 0 -1
outer loop
vertex 355.5000000000499 -181.55 0
vertex 235.19765979991095 -196.2466874 0
vertex 235.18457211957755 -181.55 0
endloop
endfacet
facet normal 0 0 -1
outer loop
vertex 152.8023402 -196.2466874 0
vertex 166.5420803 -201.247544 0
vertex 167.09501370675005 -201.5053789265396 0
endloop
endfacet
facet normal 0 0 -1
outer loop
vertex 152.8023402 -196.2466874 0
vertex 167.09501370675005 -201.5053789265396 0
vertex 167.59476913881147 -201.85531374573108 0
endloop
endfacet
facet normal 0 0 -1
outer loop
vertex 152.8023402 -196.2466874 0
vertex 167.59476913881147 -201.85531374573108 0
vertex 168.0261666376794 -202.2867138703573 0
endloop
endfacet
facet normal 0 0 -1
outer loop
vertex 152.8023402 -196.2466874 0
vertex 168.0261666376794 -202.2867138703573 0
vertex 168.37609841504562 -202.78647143232777 0
endloop
endfacet
facet normal 0 0 -1
outer loop
vertex 152.8023402 -196.2466874 0
vertex 168.37609841504562 -202.78647143232777 0
vertex 168.63393197611742 -203.3394015584216 0
endloop
endfacet
facet normal 0 0 -1
outer loop
vertex 152.8023402 -196.2466874 0
vertex 168.63393197611742 -203.3394015584216 0
vertex 168.79183318243506 -203.92870375475283 0
endloop
endfacet
facet normal 0 0 -1
outer loop
vertex 152.8023402 -196.2466874 0
vertex 168.79183318243506 -203.92870375475283 0
vertex 168.8450042880877 -204.53647238102508 0
endloop
endfacet
facet normal 0 0 -1
outer loop
vertex 152.8023402 -196.2466874 0
vertex 168.8450042880877 -204.53647238102508 0
vertex 168.79182971672446 -205.14424070408685 0
endloop
endfacet
facet normal 0 0 -1
outer loop
vertex 152.8023402 -196.2466874 0
vertex 168.79182971672446 -205.14424070408685 0
vertex 168.63392515000004 -205.73354199999997 0
endloop
endfacet
facet normal 0 0 -1
outer loop
vertex 152.8023402 -196.2466874 0
vertex 168.63392515000004 -205.73354199999997 0
vertex 167.5396651758524 -208.74 0
endloop
endfacet
facet normal 0 0 -1
outer loop
vertex 152.8023402 -196.2466874 0
vertex 167.5396651758524 -208.74 0
vertex 94.35778979999995 -208.74 0
endloop
endfacet
facet normal 0 0 -1
outer loop
vertex 152.8023402 -196.2466874 0
vertex 94.35778979999995 -208.74 0
vertex 30.70533670000009 -208.74 0
endloop
endfacet
facet normal 0 0 -1
outer loop
vertex 152.8023402 -196.2466874 0
vertex 30.70533670000009 -208.74 0
vertex 29.23073887607825 -208.6111084929824 0
endloop
endfacet
facet normal 0 0 -1
outer loop
vertex 152.8023402 -196.2466874 0
vertex 29.23073887607825 -208.6111084929824 0
vertex 27.800862999511054 -208.2283610934821 0
endloop
endfacet
facet normal 0 0 -1
outer loop
vertex 152.8023402 -196.2466874 0
vertex 27.800862999511054 -208.2283610934821 0
vertex 26.459067880718152 -207.60335993076777 0
endloop
endfacet
facet normal 0 0 -1
outer loop
vertex 152.8023402 -196.2466874 0
vertex 26.459067880718152 -207.60335993076777 0
vertex 25.24604455879006 -206.75505867845726 0
endloop
endfacet
facet normal 0 0 -1
outer loop
vertex 152.8023402 -196.2466874 0
vertex 25.24604455879006 -206.75505867845726 0
vertex 24.198578962310165 -205.70918276879954 0
endloop
endfacet
facet normal 0 0 -1
outer loop
vertex 152.8023402 -196.2466874 0
vertex 24.198578962310165 -205.70918276879954 0
vertex 23.348436345851297 -204.49744924780887 0
endloop
endfacet
facet normal 0 0 -1
outer loop
vertex 152.8023402 -196.2466874 0
vertex 23.348436345851297 -204.49744924780887 0
vertex 22.721397982541987 -203.1566049297947 0
endloop
endfacet
facet normal 0 0 -1
outer loop
vertex 152.8023402 -196.2466874 0
vertex 22.721397982541987 -203.1566049297947 0
vertex 22.33647932578222 -201.72731202003473 0
endloop
endfacet
facet normal 0 0 -1
outer loop
vertex 152.8023402 -196.2466874 0
vertex 22.33647932578222 -201.72731202003473 0
vertex 22.205353349999996 -200.2529149999999 0
endloop
endfacet
facet normal 0 0 -1
outer loop
vertex 152.8023402 -196.2466874 0
vertex 22.205353349999996 -200.2529149999999 0
vertex 22.199609365647635 -196.2466874 0
endloop
endfacet
facet normal 0 0 -1
outer loop
vertex 365.8003906343523 -196.2466874 0
vertex 365.79464664999995 -200.2529149999999 0
vertex 365.66352067421786 -201.72731202003473 0
endloop
endfacet
facet normal 0 0 -1
outer loop
vertex 365.8003906343523 -196.2466874 0
vertex 365.66352067421786 -201.72731202003473 0
vertex 365.2786020174579 -203.1566049297947 0
endloop
endfacet
facet normal 0 0 -1
outer loop
vertex 365.8003906343523 -196.2466874 0
vertex 365.2786020174579 -203.1566049297947 0
vertex 364.65156365414856 -204.49744924780887 0
endloop
endfacet
facet normal 0 0 -1
outer loop
vertex 365.8003906343523 -196.2466874 0
vertex 364.65156365414856 -204.49744924780887 0
vertex 363.8014210376898 -205.70918276879954 0
endloop
endfacet
facet normal 0 0 -1
outer loop
vertex 365.8003906343523 -196.2466874 0
vertex 363.8014210376898 -205.70918276879954 0
vertex 362.7539554412097 -206.75505867845726 0
endloop
endfacet
facet normal 0 0 -1
outer loop
vertex 365.8003906343523 -196.2466874 0
vertex 362.7539554412097 -206.75505867845726 0
vertex 361.54093211928216 -207.60335993076777 0
endloop
endfacet
facet normal 0 0 -1
outer loop
vertex 365.8003906343523 -196.2466874 0
vertex 361.54093211928216 -207.60335993076777 0
vertex 360.1991370004886 -208.2283610934821 0
endloop
endfacet
facet normal 0 0 -1
outer loop
vertex 365.8003906343523 -196.2466874 0
vertex 360.1991370004886 -208.2283610934821 0
vertex 358.76926112392175 -208.6111084929824 0
endloop
endfacet
facet normal 0 0 -1
outer loop
vertex 365.8003906343523 -196.2466874 0
vertex 358.76926112392175 -208.6111084929824 0
vertex 357.29466330000014 -208.74 0
endloop
endfacet
facet normal 0 0 -1
outer loop
vertex 365.8003906343523 -196.2466874 0
vertex 357.29466330000014 -208.74 0
vertex 293.64221049999975 -208.74 0
endloop
endfacet
facet normal 0 0 -1
outer loop
vertex 365.8003906343523 -196.2466874 0
vertex 293.64221049999975 -208.74 0
vertex 220.4603348392897 -208.74 0
endloop
endfacet
facet normal 0 0 -1
outer loop
vertex 365.8003906343523 -196.2466874 0
vertex 220.4603348392897 -208.74 0
vertex 219.36607484999988 -205.73354199999997 0
endloop
endfacet
facet normal 0 0 -1
outer loop
vertex 365.8003906343523 -196.2466874 0
vertex 219.36607484999988 -205.73354199999997 0
vertex 219.20817028327556 -205.14424070408685 0
endloop
endfacet
facet normal 0 0 -1
outer loop
vertex 365.8003906343523 -196.2466874 0
vertex 219.20817028327556 -205.14424070408685 0
vertex 219.1549957119123 -204.53647238102508 0
endloop
endfacet
facet normal 0 0 -1
outer loop
vertex 365.8003906343523 -196.2466874 0
vertex 219.1549957119123 -204.53647238102508 0
vertex 219.20816681756492 -203.92870375475283 0
endloop
endfacet
facet normal 0 0 -1
outer loop
vertex 365.8003906343523 -196.2466874 0
vertex 219.20816681756492 -203.92870375475283 0
vertex 219.36606802388275 -203.3394015584216 0
endloop
endfacet
facet normal 0 0 -1
outer loop
vertex 365.8003906343523 -196.2466874 0
vertex 219.36606802388275 -203.3394015584216 0
vertex 219.62390158495415 -202.78647143232777 0
endloop
endfacet
facet normal 0 0 -1
outer loop
vertex 365.8003906343523 -196.2466874 0
vertex 219.62390158495415 -202.78647143232777 0
vertex 219.97383336232056 -202.2867138703573 0
endloop
endfacet
facet normal 0 0 -1
outer loop
vertex 365.8003906343523 -196.2466874 0
vertex 219.97383336232056 -202.2867138703573 0
vertex 220.4052308611887 -201.85531374573108 0
endloop
endfacet
facet normal 0 0 -1
outer loop
vertex 365.8003906343523 -196.2466874 0
vertex 220.4052308611887 -201.85531374573108 0
vertex 220.9049862932499 -201.5053789265396 0
endloop
endfacet
facet normal 0 0 -1
outer loop
vertex 365.8003906343523 -196.2466874 0
vertex 220.9049862932499 -201.5053789265396 0
vertex 221.4579196999995 -201.247544 0
endloop
endfacet
facet normal 0 0 -1
outer loop
vertex 365.8003906343523 -196.2466874 0
vertex 221.4579196999995 -201.247544 0
vertex 235.19765979991095 -196.2466874 0
endloop
endfacet
facet normal 0 0 -1
outer loop
vertex 167.5396651758524 -208.74 0
vertex 166.36782547154473 -211.95960679999993 0
vertex 112.61708679999961 -211.95960679999993 0
endloop
endfacet
facet normal 0 0 -1
outer loop
vertex 167.5396651758524 -208.74 0
vertex 112.61708679999961 -211.95960679999993 0
vertex 94.35778979999995 -208.74 0
endloop
endfacet
facet normal 0 0 -1
outer loop
vertex 293.64221049999975 -208.74 0
vertex 275.3829129000005 -211.95960679999993 0
vertex 221.63217454032429 -211.95960679999993 0
endloop
endfacet
facet normal 0 0 -1
outer loop
vertex 293.64221049999975 -208.74 0
vertex 221.63217454032429 -211.95960679999993 0
vertex 220.4603348392897 -208.74 0
endloop
endfacet
facet normal 0 0 -1
outer loop
vertex 166.36782547154473 -211.95960679999993 0
vertex 166.30844579740568 -212.12275130000032 0
vertex 139.2952331999993 -212.12275130000032 0
endloop
endfacet
facet normal 0 0 -1
outer loop
vertex 166.36782547154473 -211.95960679999993 0
vertex 139.2952331999993 -212.12275130000032 0
vertex 113.22595036903834 -212.12275130000032 0
endloop
endfacet
facet normal 0 0 -1
outer loop
vertex 166.36782547154473 -211.95960679999993 0
vertex 113.22595036903834 -212.12275130000032 0
vertex 112.61708679999961 -211.95960679999993 0
endloop
endfacet
facet normal 0 0 -1
outer loop
vertex 275.3829129000005 -211.95960679999993 0
vertex 274.77404933096176 -212.12275130000032 0
vertex 248.70476680000345 -212.12275130000032 0
endloop
endfacet
facet normal 0 0 -1
outer loop
vertex 275.3829129000005 -211.95960679999993 0
vertex 248.70476680000345 -212.12275130000032 0
vertex 221.6915542142975 -212.12275130000032 0
endloop
endfacet
facet normal 0 0 -1
outer loop
vertex 275.3829129000005 -211.95960679999993 0
vertex 221.6915542142975 -212.12275130000032 0
vertex 221.63217454032429 -211.95960679999993 0
endloop
endfacet
facet normal 0 0 -1
outer loop
vertex 139.2952331999993 -212.12275130000032 0
vertex 139.09038836189362 -212.14292675557581 0
vertex 113.3012461950616 -212.14292675557581 0
endloop
endfacet
facet normal 0 0 -1
outer loop
vertex 139.2952331999993 -212.12275130000032 0
vertex 113.3012461950616 -212.14292675557581 0
vertex 113.22595036903834 -212.12275130000032 0
endloop
endfacet
facet normal 0 0 -1
outer loop
vertex 166.30844579740568 -212.12275130000032 0
vertex 166.30110254049126 -212.14292675557581 0
vertex 139.50007803810487 -212.14292675557581 0
endloop
endfacet
facet normal 0 0 -1
outer loop
vertex 166.30844579740568 -212.12275130000032 0
vertex 139.50007803810487 -212.14292675557581 0
vertex 139.2952331999993 -212.12275130000032 0
endloop
endfacet
facet normal 0 0 -1
outer loop
vertex 248.70476680000345 -212.12275130000032 0
vertex 248.49992196189777 -212.14292675557581 0
vertex 221.6988974711914 -212.14292675557581 0
endloop
endfacet
facet normal 0 0 -1
outer loop
vertex 248.70476680000345 -212.12275130000032 0
vertex 221.6988974711914 -212.14292675557581 0
vertex 221.6915542142975 -212.12275130000032 0
endloop
endfacet
facet normal 0 0 -1
outer loop
vertex 274.77404933096176 -212.12275130000032 0
vertex 274.6987535049385 -212.14292675557581 0
vertex 248.90961163812761 -212.14292675557581 0
endloop
endfacet
facet normal 0 0 -1
outer loop
vertex 274.77404933096176 -212.12275130000032 0
vertex 248.90961163812761 -212.14292675557581 0
vertex 248.70476680000345 -212.12275130000032 0
endloop
endfacet
facet normal 0 0 -1
outer loop
vertex 139.09038836189362 -212.14292675557581 0
vertex 138.89341559596792 -212.2026777908752 0
vertex 113.52424009682393 -212.2026777908752 0
endloop
endfacet
facet normal 0 0 -1
outer loop
vertex 139.09038836189362 -212.14292675557581 0
vertex 113.52424009682393 -212.2026777908752 0
vertex 113.3012461950616 -212.14292675557581 0
endloop
endfacet
facet normal 0 0 -1
outer loop
vertex 166.30110254049126 -212.14292675557581 0
vertex 166.27935496698714 -212.2026777908752 0
vertex 139.69705080401368 -212.2026777908752 0
endloop
endfacet
facet normal 0 0 -1
outer loop
vertex 166.30110254049126 -212.14292675557581 0
vertex 139.69705080401368 -212.2026777908752 0
vertex 139.50007803810487 -212.14292675557581 0
endloop
endfacet
facet normal 0 0 -1
outer loop
vertex 248.49992196189777 -212.14292675557581 0
vertex 248.30294919595195 -212.2026777908752 0
vertex 221.72064504463478 -212.2026777908752 0
endloop
endfacet
facet normal 0 0 -1
outer loop
vertex 248.49992196189777 -212.14292675557581 0
vertex 221.72064504463478 -212.2026777908752 0
vertex 221.6988974711914 -212.14292675557581 0
endloop
endfacet
facet normal 0 0 -1
outer loop
vertex 274.6987535049385 -212.14292675557581 0
vertex 274.4757596031762 -212.2026777908752 0
vertex 249.10658440402304 -212.2026777908752 0
endloop
endfacet
facet normal 0 0 -1
outer loop
vertex 274.6987535049385 -212.14292675557581 0
vertex 249.10658440402304 -212.2026777908752 0
vertex 248.90961163812761 -212.14292675557581 0
endloop
endfacet
facet normal 0 0 -1
outer loop
vertex 138.89341559596792 -212.2026777908752 0
vertex 138.7118844553877 -212.29970820706603 0
vertex 113.88636254353293 -212.29970820706603 0
endloop
endfacet
facet normal 0 0 -1
outer loop
vertex 138.89341559596792 -212.2026777908752 0
vertex 113.88636254353293 -212.29970820706603 0
vertex 113.52424009682393 -212.2026777908752 0
endloop
endfacet
facet normal 0 0 -1
outer loop
vertex 166.27935496698714 -212.2026777908752 0
vertex 166.24403882396683 -212.29970820706603 0
vertex 139.87858194464783 -212.29970820706603 0
endloop
endfacet
facet normal 0 0 -1
outer loop
vertex 166.27935496698714 -212.2026777908752 0
vertex 139.87858194464783 -212.29970820706603 0
vertex 139.69705080401368 -212.2026777908752 0
endloop
endfacet
facet normal 0 0 -1
outer loop
vertex 248.30294919595195 -212.2026777908752 0
vertex 248.12141805538857 -212.29970820706603 0
vertex 221.75596118755644 -212.29970820706603 0
endloop
endfacet
facet normal 0 0 -1
outer loop
vertex 248.30294919595195 -212.2026777908752 0
vertex 221.75596118755644 -212.29970820706603 0
vertex 221.72064504463478 -212.2026777908752 0
endloop
endfacet
facet normal 0 0 -1
outer loop
vertex 274.4757596031762 -212.2026777908752 0
vertex 274.1136371564672 -212.29970820706603 0
vertex 249.28811554462106 -212.29970820706603 0
endloop
endfacet
facet normal 0 0 -1
outer loop
vertex 274.4757596031762 -212.2026777908752 0
vertex 249.28811554462106 -212.29970820706603 0
vertex 249.10658440402304 -212.2026777908752 0
endloop
endfacet
facet normal 0 0 -1
outer loop
vertex 138.7118844553877 -212.29970820706603 0
vertex 138.55277107971614 -212.4302891797669 0
vertex 114.37369737300625 -212.4302891797669 0
endloop
endfacet
facet normal 0 0 -1
outer loop
vertex 138.7118844553877 -212.29970820706603 0
vertex 114.37369737300625 -212.4302891797669 0
vertex 113.88636254353293 -212.29970820706603 0
endloop
endfacet
facet normal 0 0 -1
outer loop
vertex 166.24403882396683 -212.29970820706603 0
vertex 166.19651129096562 -212.4302891797669 0
vertex 140.03769532025854 -212.4302891797669 0
endloop
endfacet
facet normal 0 0 -1
outer loop
vertex 166.24403882396683 -212.29970820706603 0
vertex 140.03769532025854 -212.4302891797669 0
vertex 139.87858194464783 -212.29970820706603 0
endloop
endfacet
facet normal 0 0 -1
outer loop
vertex 248.12141805538857 -212.29970820706603 0
vertex 247.96230467972555 -212.4302891797669 0
vertex 221.80348872042492 -212.4302891797669 0
endloop
endfacet
facet normal 0 0 -1
outer loop
vertex 248.12141805538857 -212.29970820706603 0
vertex 221.80348872042492 -212.4302891797669 0
vertex 221.75596118755644 -212.29970820706603 0
endloop
endfacet
facet normal 0 0 -1
outer loop
vertex 274.1136371564672 -212.29970820706603 0
vertex 273.6263023269938 -212.4302891797669 0
vertex 249.44722892026275 -212.4302891797669 0
endloop
endfacet
facet normal 0 0 -1
outer loop
vertex 274.1136371564672 -212.29970820706603 0
vertex 249.44722892026275 -212.4302891797669 0
vertex 249.28811554462106 -212.29970820706603 0
endloop
endfacet
facet normal 0 0 -1
outer loop
vertex 138.55277107971614 -212.4302891797669 0
vertex 138.4221901070842 -212.58940255533867 0
vertex 114.96751658071595 -212.58940255533867 0
endloop
endfacet
facet normal 0 0 -1
outer loop
vertex 138.55277107971614 -212.4302891797669 0
vertex 114.96751658071595 -212.58940255533867 0
vertex 114.37369737300625 -212.4302891797669 0
endloop
endfacet
facet normal 0 0 -1
outer loop
vertex 166.19651129096562 -212.4302891797669 0
vertex 166.13859882445527 -212.58940255533867 0
vertex 140.16827629292746 -212.58940255533867 0
endloop
endfacet
facet normal 0 0 -1
outer loop
vertex 166.19651129096562 -212.4302891797669 0
vertex 140.16827629292746 -212.58940255533867 0
vertex 140.03769532025854 -212.4302891797669 0
endloop
endfacet
facet normal 0 0 -1
outer loop
vertex 247.96230467972555 -212.4302891797669 0
vertex 247.83172370708573 -212.58940255533867 0
vertex 221.8614011867735 -212.58940255533867 0
endloop
endfacet
facet normal 0 0 -1
outer loop
vertex 247.96230467972555 -212.4302891797669 0
vertex 221.8614011867735 -212.58940255533867 0
vertex 221.80348872042492 -212.4302891797669 0
endloop
endfacet
facet normal 0 0 -1
outer loop
vertex 273.6263023269938 -212.4302891797669 0
vertex 273.0324831192841 -212.58940255533867 0
vertex 249.5778098929147 -212.58940255533867 0
endloop
endfacet
facet normal 0 0 -1
outer loop
vertex 273.6263023269938 -212.4302891797669 0
vertex 249.5778098929147 -212.58940255533867 0
vertex 249.44722892026275 -212.4302891797669 0
endloop
endfacet
facet normal 0 0 -1
outer loop
vertex 138.4221901070842 -212.58940255533867 0
vertex 138.32515969088507 -212.7709336959916 0
vertex 115.6450000275337 -212.7709336959916 0
endloop
endfacet
facet normal 0 0 -1
outer loop
vertex 138.4221901070842 -212.58940255533867 0
vertex 115.6450000275337 -212.7709336959916 0
vertex 114.96751658071595 -212.58940255533867 0
endloop
endfacet
facet normal 0 0 -1
outer loop
vertex 166.13859882445527 -212.58940255533867 0
vertex 166.07252696804557 -212.7709336959916 0
vertex 140.2653067091283 -212.7709336959916 0
endloop
endfacet
facet normal 0 0 -1
outer loop
vertex 166.13859882445527 -212.58940255533867 0
vertex 140.2653067091283 -212.7709336959916 0
vertex 140.16827629292746 -212.58940255533867 0
endloop
endfacet
facet normal 0 0 -1
outer loop
vertex 247.83172370708573 -212.58940255533867 0
vertex 247.73469329087763 -212.7709336959916 0
vertex 221.92747304299866 -212.7709336959916 0
endloop
endfacet
facet normal 0 0 -1
outer loop
vertex 247.83172370708573 -212.58940255533867 0
vertex 221.92747304299866 -212.7709336959916 0
vertex 221.8614011867735 -212.58940255533867 0
endloop
endfacet
facet normal 0 0 -1
outer loop
vertex 273.0324831192841 -212.58940255533867 0
vertex 272.35499967246636 -212.7709336959916 0
vertex 249.6748403091451 -212.7709336959916 0
endloop
endfacet
facet normal 0 0 -1
outer loop
vertex 273.0324831192841 -212.58940255533867 0
vertex 249.6748403091451 -212.7709336959916 0
vertex 249.5778098929147 -212.58940255533867 0
endloop
endfacet
facet normal 0 0 -1
outer loop
vertex 138.32515969088507 -212.7709336959916 0
vertex 138.26540865556362 -212.96790646188353 0
vertex 116.38011240486856 -212.96790646188353 0
endloop
endfacet
facet normal 0 0 -1
outer loop
vertex 138.32515969088507 -212.7709336959916 0
vertex 116.38011240486856 -212.96790646188353 0
vertex 115.6450000275337 -212.7709336959916 0
endloop
endfacet
facet normal 0 0 -1
outer loop
vertex 166.07252696804557 -212.7709336959916 0
vertex 166.00083482609224 -212.96790646188353 0
vertex 140.3250577444226 -212.96790646188353 0
endloop
endfacet
facet normal 0 0 -1
outer loop
vertex 166.07252696804557 -212.7709336959916 0
vertex 140.3250577444226 -212.96790646188353 0
vertex 140.2653067091283 -212.7709336959916 0
endloop
endfacet
facet normal 0 0 -1
outer loop
vertex 247.73469329087763 -212.7709336959916 0
vertex 247.6749422555663 -212.96790646188353 0
vertex 221.99916518475175 -212.96790646188353 0
endloop
endfacet
facet normal 0 0 -1
outer loop
vertex 247.73469329087763 -212.7709336959916 0
vertex 221.99916518475175 -212.96790646188353 0
vertex 221.92747304299866 -212.7709336959916 0
endloop
endfacet
facet normal 0 0 -1
outer loop
vertex 272.35499967246636 -212.7709336959916 0
vertex 271.6198872951315 -212.96790646188353 0
vertex 249.7345913444202 -212.96790646188353 0
endloop
endfacet
facet normal 0 0 -1
outer loop
vertex 272.35499967246636 -212.7709336959916 0
vertex 249.7345913444202 -212.96790646188353 0
vertex 249.6748403091451 -212.7709336959916 0
endloop
endfacet
facet normal 0 0 -1
outer loop
vertex 138.26540865556362 -212.96790646188353 0
vertex 138.24523320000083 -213.1727513000057 0
vertex 117.14460375602002 -213.1727513000057 0
endloop
endfacet
facet normal 0 0 -1
outer loop
vertex 138.26540865556362 -212.96790646188353 0
vertex 117.14460375602002 -213.1727513000057 0
vertex 116.38011240486856 -212.96790646188353 0
endloop
endfacet
facet normal 0 0 -1
outer loop
vertex 166.00083482609224 -212.96790646188353 0
vertex 165.92627748743396 -213.1727513000057 0
vertex 140.3452331999997 -213.1727513000057 0
endloop
endfacet
facet normal 0 0 -1
outer loop
vertex 166.00083482609224 -212.96790646188353 0
vertex 140.3452331999997 -213.1727513000057 0
vertex 140.3250577444226 -212.96790646188353 0
endloop
endfacet
facet normal 0 0 -1
outer loop
vertex 247.6749422555663 -212.96790646188353 0
vertex 247.65476680000089 -213.1727513000057 0
vertex 222.07372252320175 -213.1727513000057 0
endloop
endfacet
facet normal 0 0 -1
outer loop
vertex 247.6749422555663 -212.96790646188353 0
vertex 222.07372252320175 -213.1727513000057 0
vertex 221.99916518475175 -212.96790646188353 0
endloop
endfacet
facet normal 0 0 -1
outer loop
vertex 271.6198872951315 -212.96790646188353 0
vertex 270.85539594398 -213.1727513000057 0
vertex 249.75476679999971 -213.1727513000057 0
endloop
endfacet
facet normal 0 0 -1
outer loop
vertex 271.6198872951315 -212.96790646188353 0
vertex 249.75476679999971 -213.1727513000057 0
vertex 249.7345913444202 -212.96790646188353 0
endloop
endfacet
facet normal 0 0 -1
outer loop
vertex 138.24523320000083 -213.1727513000057 0
vertex 138.26540865586264 -213.37759613811423 0
vertex 117.90909510712058 -213.37759613811423 0
endloop
endfacet
facet normal 0 0 -1
outer loop
vertex 138.24523320000083 -213.1727513000057 0
vertex 117.90909510712058 -213.37759613811423 0
vertex 117.14460375602002 -213.1727513000057 0
endloop
endfacet
facet normal 0 0 -1
outer loop
vertex 165.92627748743396 -213.1727513000057 0
vertex 165.8517201487807 -213.37759613811423 0
vertex 140.32505774442393 -213.37759613811423 0
endloop
endfacet
facet normal 0 0 -1
outer loop
vertex 165.92627748743396 -213.1727513000057 0
vertex 140.32505774442393 -213.37759613811423 0
vertex 140.3452331999997 -213.1727513000057 0
endloop
endfacet
facet normal 0 0 -1
outer loop
vertex 247.65476680000089 -213.1727513000057 0
vertex 247.6749422553149 -213.37759613811423 0
vertex 222.14827986164678 -213.37759613811423 0
endloop
endfacet
facet normal 0 0 -1
outer loop
vertex 247.65476680000089 -213.1727513000057 0
vertex 222.14827986164678 -213.37759613811423 0
vertex 222.07372252320175 -213.1727513000057 0
endloop
endfacet
facet normal 0 0 -1
outer loop
vertex 270.85539594398 -213.1727513000057 0
vertex 270.09090459287944 -213.37759613811423 0
vertex 249.7345913444239 -213.37759613811423 0
endloop
endfacet
facet normal 0 0 -1
outer loop
vertex 270.85539594398 -213.1727513000057 0
vertex 249.7345913444239 -213.37759613811423 0
vertex 249.75476679999971 -213.1727513000057 0
endloop
endfacet
facet normal 0 0 -1
outer loop
vertex 138.26540865586264 -213.37759613811423 0
vertex 138.3251596908724 -213.57456890401298 0
vertex 118.64420748448089 -213.57456890401298 0
endloop
endfacet
facet normal 0 0 -1
outer loop
vertex 138.26540865586264 -213.37759613811423 0
vertex 118.64420748448089 -213.57456890401298 0
vertex 117.90909510712058 -213.37759613811423 0
endloop
endfacet
facet normal 0 0 -1
outer loop
vertex 165.8517201487807 -213.37759613811423 0
vertex 165.7800280068249 -213.57456890401298 0
vertex 140.2653067091336 -213.57456890401298 0
endloop
endfacet
facet normal 0 0 -1
outer loop
vertex 165.8517201487807 -213.37759613811423 0
vertex 140.2653067091336 -213.57456890401298 0
vertex 140.32505774442393 -213.37759613811423 0
endloop
endfacet
facet normal 0 0 -1
outer loop
vertex 247.6749422553149 -213.37759613811423 0
vertex 247.73469329087067 -213.57456890401298 0
vertex 222.21997200340235 -213.57456890401298 0
endloop
endfacet
facet normal 0 0 -1
outer loop
vertex 247.6749422553149 -213.37759613811423 0
vertex 222.21997200340235 -213.57456890401298 0
vertex 222.14827986164678 -213.37759613811423 0
endloop
endfacet
facet normal 0 0 -1
outer loop
vertex 270.09090459287944 -213.37759613811423 0
vertex 269.3557922155191 -213.57456890401298 0
vertex 249.67484030913434 -213.57456890401298 0
endloop
endfacet
facet normal 0 0 -1
outer loop
vertex 270.09090459287944 -213.37759613811423 0
vertex 249.67484030913434 -213.57456890401298 0
vertex 249.7345913444239 -213.37759613811423 0
endloop
endfacet
facet normal 0 0 -1
outer loop
vertex 138.3251596908724 -213.57456890401298 0
vertex 138.42219010706046 -213.756100044642 0
vertex 119.32169093120942 -213.756100044642 0
endloop
endfacet
facet normal 0 0 -1
outer loop
vertex 138.3251596908724 -213.57456890401298 0
vertex 119.32169093120942 -213.756100044642 0
vertex 118.64420748448089 -213.57456890401298 0
endloop
endfacet
facet normal 0 0 -1
outer loop
vertex 165.7800280068249 -213.57456890401298 0
vertex 165.71395615042385 -213.756100044642 0
vertex 140.16827629291353 -213.756100044642 0
endloop
endfacet
facet normal 0 0 -1
outer loop
vertex 165.7800280068249 -213.57456890401298 0
vertex 140.16827629291353 -213.756100044642 0
vertex 140.2653067091336 -213.57456890401298 0
endloop
endfacet
facet normal 0 0 -1
outer loop
vertex 247.73469329087067 -213.57456890401298 0
vertex 247.8317237070616 -213.756100044642 0
vertex 222.28604385961884 -213.756100044642 0
endloop
endfacet
facet normal 0 0 -1
outer loop
vertex 247.73469329087067 -213.57456890401298 0
vertex 222.28604385961884 -213.756100044642 0
vertex 222.21997200340235 -213.57456890401298 0
endloop
endfacet
facet normal 0 0 -1
outer loop
vertex 269.3557922155191 -213.57456890401298 0
vertex 268.6783087687906 -213.756100044642 0
vertex 249.5778098929134 -213.756100044642 0
endloop
endfacet
facet normal 0 0 -1
outer loop
vertex 269.3557922155191 -213.57456890401298 0
vertex 249.5778098929134 -213.756100044642 0
vertex 249.67484030913434 -213.57456890401298 0
endloop
endfacet
facet normal 0 0 -1
outer loop
vertex 138.42219010706046 -213.756100044642 0
vertex 138.55277107976502 -213.91521342025723 0
vertex 119.9155101390813 -213.91521342025723 0
endloop
endfacet
facet normal 0 0 -1
outer loop
vertex 138.42219010706046 -213.756100044642 0
vertex 119.9155101390813 -213.91521342025723 0
vertex 119.32169093120942 -213.756100044642 0
endloop
endfacet
facet normal 0 0 -1
outer loop
vertex 165.71395615042385 -213.756100044642 0
vertex 165.6560436838977 -213.91521342025723 0
vertex 140.03769532024305 -213.91521342025723 0
endloop
endfacet
facet normal 0 0 -1
outer loop
vertex 165.71395615042385 -213.756100044642 0
vertex 140.03769532024305 -213.91521342025723 0
vertex 140.16827629291353 -213.756100044642 0
endloop
endfacet
facet normal 0 0 -1
outer loop
vertex 247.8317237070616 -213.756100044642 0
vertex 247.9623046797945 -213.91521342025723 0
vertex 222.3439563259832 -213.91521342025723 0
endloop
endfacet
facet normal 0 0 -1
outer loop
vertex 247.8317237070616 -213.756100044642 0
vertex 222.3439563259832 -213.91521342025723 0
vertex 222.28604385961884 -213.756100044642 0
endloop
endfacet
facet normal 0 0 -1
outer loop
vertex 268.6783087687906 -213.756100044642 0
vertex 268.0844895609187 -213.91521342025723 0
vertex 249.4472289202468 -213.91521342025723 0
endloop
endfacet
facet normal 0 0 -1
outer loop
vertex 268.6783087687906 -213.756100044642 0
vertex 249.4472289202468 -213.91521342025723 0
vertex 249.5778098929134 -213.756100044642 0
endloop
endfacet
facet normal 0 0 -1
outer loop
vertex 138.55277107976502 -213.91521342025723 0
vertex 138.71188445531968 -214.0457943929121 0
vertex 120.40284496838291 -214.0457943929121 0
endloop
endfacet
facet normal 0 0 -1
outer loop
vertex 138.55277107976502 -213.91521342025723 0
vertex 120.40284496838291 -214.0457943929121 0
vertex 119.9155101390813 -213.91521342025723 0
endloop
endfacet
facet normal 0 0 -1
outer loop
vertex 165.6560436838977 -213.91521342025723 0
vertex 165.60851615091323 -214.0457943929121 0
vertex 139.878581944675 -214.0457943929121 0
endloop
endfacet
facet normal 0 0 -1
outer loop
vertex 165.6560436838977 -213.91521342025723 0
vertex 139.878581944675 -214.0457943929121 0
vertex 140.03769532024305 -213.91521342025723 0
endloop
endfacet
facet normal 0 0 -1
outer loop
vertex 247.9623046797945 -213.91521342025723 0
vertex 248.1214180552606 -214.0457943929121 0
vertex 222.39148385883496 -214.0457943929121 0
endloop
endfacet
facet normal 0 0 -1
outer loop
vertex 247.9623046797945 -213.91521342025723 0
vertex 222.39148385883496 -214.0457943929121 0
vertex 222.3439563259832 -213.91521342025723 0
endloop
endfacet
facet normal 0 0 -1
outer loop
vertex 268.0844895609187 -213.91521342025723 0
vertex 267.5971547316171 -214.0457943929121 0
vertex 249.28811554468126 -214.0457943929121 0
endloop
endfacet
facet normal 0 0 -1
outer loop
vertex 268.0844895609187 -213.91521342025723 0
vertex 249.28811554468126 -214.0457943929121 0
vertex 249.4472289202468 -213.91521342025723 0
endloop
endfacet
facet normal 0 0 -1
outer loop
vertex 138.71188445531968 -214.0457943929121 0
vertex 138.89341559602178 -214.14282480913923 0
vertex 120.76496741522746 -214.14282480913923 0
endloop
endfacet
facet normal 0 0 -1
outer loop
vertex 138.71188445531968 -214.0457943929121 0
vertex 120.76496741522746 -214.14282480913923 0
vertex 120.40284496838291 -214.0457943929121 0
endloop
endfacet
facet normal 0 0 -1
outer loop
vertex 165.60851615091323 -214.0457943929121 0
vertex 165.5732000078797 -214.14282480913923 0
vertex 139.69705080398896 -214.14282480913923 0
endloop
endfacet
facet normal 0 0 -1
outer loop
vertex 165.60851615091323 -214.0457943929121 0
vertex 139.69705080398896 -214.14282480913923 0
vertex 139.878581944675 -214.0457943929121 0
endloop
endfacet
facet normal 0 0 -1
outer loop
vertex 248.1214180552606 -214.0457943929121 0
vertex 248.30294919608707 -214.14282480913923 0
vertex 222.42680000176983 -214.14282480913923 0
endloop
endfacet
facet normal 0 0 -1
outer loop
vertex 248.1214180552606 -214.0457943929121 0
vertex 222.42680000176983 -214.14282480913923 0
vertex 222.39148385883496 -214.0457943929121 0
endloop
endfacet
facet normal 0 0 -1
outer loop
vertex 267.5971547316171 -214.0457943929121 0
vertex 267.2350322847725 -214.14282480913923 0
vertex 249.10658440397992 -214.14282480913923 0
endloop
endfacet
facet normal 0 0 -1
outer loop
vertex 267.5971547316171 -214.0457943929121 0
vertex 249.10658440397992 -214.14282480913923 0
vertex 249.28811554468126 -214.0457943929121 0
endloop
endfacet
facet normal 0 0 -1
outer loop
vertex 138.89341559602178 -214.14282480913923 0
vertex 139.09038836188077 -214.20257584442354 0
vertex 120.98796131693348 -214.20257584442354 0
endloop
endfacet
facet normal 0 0 -1
outer loop
vertex 138.89341559602178 -214.14282480913923 0
vertex 120.98796131693348 -214.20257584442354 0
vertex 120.76496741522746 -214.14282480913923 0
endloop
endfacet
facet normal 0 0 -1
outer loop
vertex 165.5732000078797 -214.14282480913923 0
vertex 165.5514524343811 -214.20257584442354 0
vertex 139.50007803810473 -214.20257584442354 0
endloop
endfacet
facet normal 0 0 -1
outer loop
vertex 165.5732000078797 -214.14282480913923 0
vertex 139.50007803810473 -214.20257584442354 0
vertex 139.69705080398896 -214.14282480913923 0
endloop
endfacet
facet normal 0 0 -1
outer loop
vertex 248.30294919608707 -214.14282480913923 0
vertex 248.4999219618631 -214.20257584442354 0
vertex 222.4485475752077 -214.20257584442354 0
endloop
endfacet
facet normal 0 0 -1
outer loop
vertex 248.30294919608707 -214.14282480913923 0
vertex 222.4485475752077 -214.20257584442354 0
vertex 222.42680000176983 -214.14282480913923 0
endloop
endfacet
facet normal 0 0 -1
outer loop
vertex 267.2350322847725 -214.14282480913923 0
vertex 267.0120383830665 -214.20257584442354 0
vertex 248.90961163810184 -214.20257584442354 0
endloop
endfacet
facet normal 0 0 -1
outer loop
vertex 267.2350322847725 -214.14282480913923 0
vertex 248.90961163810184 -214.20257584442354 0
vertex 249.10658440397992 -214.14282480913923 0
endloop
endfacet
facet normal 0 0 -1
outer loop
vertex 139.09038836188077 -214.20257584442354 0
vertex 139.29523319999944 -214.2227513000003 0
vertex 121.0632571429615 -214.2227513000003 0
endloop
endfacet
facet normal 0 0 -1
outer loop
vertex 139.09038836188077 -214.20257584442354 0
vertex 121.0632571429615 -214.2227513000003 0
vertex 120.98796131693348 -214.20257584442354 0
endloop
endfacet
facet normal 0 0 -1
outer loop
vertex 165.5514524343811 -214.20257584442354 0
vertex 165.5441091774662 -214.2227513000003 0
vertex 139.29523319999944 -214.2227513000003 0
endloop
endfacet
facet normal 0 0 -1
outer loop
vertex 165.5514524343811 -214.20257584442354 0
vertex 139.29523319999944 -214.2227513000003 0
vertex 139.50007803810473 -214.20257584442354 0
endloop
endfacet
facet normal 0 0 -1
outer loop
vertex 248.4999219618631 -214.20257584442354 0
vertex 248.70476679999314 -214.2227513000003 0
vertex 222.45589083210209 -214.2227513000003 0
endloop
endfacet
facet normal 0 0 -1
outer loop
vertex 248.4999219618631 -214.20257584442354 0
vertex 222.45589083210209 -214.2227513000003 0
vertex 222.4485475752077 -214.20257584442354 0
endloop
endfacet
facet normal 0 0 -1
outer loop
vertex 267.0120383830665 -214.20257584442354 0
vertex 266.9367425570385 -214.2227513000003 0
vertex 248.70476679999314 -214.2227513000003 0
endloop
endfacet
facet normal 0 0 -1
outer loop
vertex 267.0120383830665 -214.20257584442354 0
vertex 248.70476679999314 -214.2227513000003 0
vertex 248.90961163810184 -214.20257584442354 0
endloop
endfacet
facet normal 0 0 -1
outer loop
vertex 139.29523319999944 -214.2227513000003 0
vertex 165.5441091774662 -214.2227513000003 0
vertex 163.70949495512104 -219.26331820000024 0
endloop
endfacet
facet normal 0 0 -1
outer loop
vertex 139.29523319999944 -214.2227513000003 0
vertex 163.70949495512104 -219.26331820000024 0
vertex 139.8749091000008 -219.26331820000024 0
endloop
endfacet
facet normal 0 0 -1
outer loop
vertex 139.29523319999944 -214.2227513000003 0
vertex 139.8749091000008 -219.26331820000024 0
vertex 121.0632571429615 -214.2227513000003 0
endloop
endfacet
facet normal 0 0 -1
outer loop
vertex 248.70476679999314 -214.2227513000003 0
vertex 266.9367425570385 -214.2227513000003 0
vertex 248.12509059999886 -219.26331820000024 0
endloop
endfacet
facet normal 0 0 -1
outer loop
vertex 248.70476679999314 -214.2227513000003 0
vertex 248.12509059999886 -219.26331820000024 0
vertex 224.29050504932295 -219.26331820000024 0
endloop
endfacet
facet normal 0 0 -1
outer loop
vertex 248.70476679999314 -214.2227513000003 0
vertex 224.29050504932295 -219.26331820000024 0
vertex 222.45589083210209 -214.2227513000003 0
endloop
endfacet
facet normal 0 0 -1
outer loop
vertex 163.70949495512104 -219.26331820000024 0
vertex 162.11845009999993 -223.6346830000002 0
vertex 161.890700447214 -224.13444610259447 0
endloop
endfacet
facet normal 0 0 -1
outer loop
vertex 163.70949495512104 -219.26331820000024 0
vertex 161.890700447214 -224.13444610259447 0
vertex 161.58756933445812 -224.59242901229194 0
endloop
endfacet
facet normal 0 0 -1
outer loop
vertex 163.70949495512104 -219.26331820000024 0
vertex 161.58756933445812 -224.59242901229194 0
vertex 161.21652583450816 -224.99735312646823 0
endloop
endfacet
facet normal 0 0 -1
outer loop
vertex 163.70949495512104 -219.26331820000024 0
vertex 161.21652583450816 -224.99735312646823 0
vertex 160.7867063049425 -225.33924783116618 0
endloop
endfacet
facet normal 0 0 -1
outer loop
vertex 163.70949495512104 -219.26331820000024 0
vertex 160.7867063049425 -225.33924783116618 0
vertex 160.30869436982863 -225.60969451165033 0
endloop
endfacet
facet normal 0 0 -1
outer loop
vertex 163.70949495512104 -219.26331820000024 0
vertex 160.30869436982863 -225.60969451165033 0
vertex 159.79426031476953 -225.80203384743973 0
endloop
endfacet
facet normal 0 0 -1
outer loop
vertex 163.70949495512104 -219.26331820000024 0
vertex 159.79426031476953 -225.80203384743973 0
vertex 159.25607126229414 -225.91152978750972 0
endloop
endfacet
facet normal 0 0 -1
outer loop
vertex 163.70949495512104 -219.26331820000024 0
vertex 159.25607126229414 -225.91152978750972 0
vertex 158.70737926405795 -225.93548616803608 0
endloop
endfacet
facet normal 0 0 -1
outer loop
vertex 163.70949495512104 -219.26331820000024 0
vertex 158.70737926405795 -225.93548616803608 0
vertex 158.16169499009487 -225.87331310115178 0
endloop
endfacet
facet normal 0 0 -1
outer loop
vertex 163.70949495512104 -219.26331820000024 0
vertex 158.16169499009487 -225.87331310115178 0
vertex 157.63245505000037 -225.7265415000001 0
endloop
endfacet
facet normal 0 0 -1
outer loop
vertex 163.70949495512104 -219.26331820000024 0
vertex 157.63245505000037 -225.7265415000001 0
vertex 139.8749091000008 -219.26331820000024 0
endloop
endfacet
facet normal 0 0 -1
outer loop
vertex 248.12509059999886 -219.26331820000024 0
vertex 230.3675449499995 -225.7265415000001 0
vertex 229.8383050099051 -225.87331310115178 0
endloop
endfacet
facet normal 0 0 -1
outer loop
vertex 248.12509059999886 -219.26331820000024 0
vertex 229.8383050099051 -225.87331310115178 0
vertex 229.292620735942 -225.93548616803608 0
endloop
endfacet
facet normal 0 0 -1
outer loop
vertex 248.12509059999886 -219.26331820000024 0
vertex 229.292620735942 -225.93548616803608 0
vertex 228.74392873770594 -225.91152978750972 0
endloop
endfacet
facet normal 0 0 -1
outer loop
vertex 248.12509059999886 -219.26331820000024 0
vertex 228.74392873770594 -225.91152978750972 0
vertex 228.20573968523038 -225.80203384743973 0
endloop
endfacet
facet normal 0 0 -1
outer loop
vertex 248.12509059999886 -219.26331820000024 0
vertex 228.20573968523038 -225.80203384743973 0
vertex 227.69130563017148 -225.60969451165033 0
endloop
endfacet
facet normal 0 0 -1
outer loop
vertex 248.12509059999886 -219.26331820000024 0
vertex 227.69130563017148 -225.60969451165033 0
vertex 227.21329369505747 -225.33924783116618 0
endloop
endfacet
facet normal 0 0 -1
outer loop
vertex 248.12509059999886 -219.26331820000024 0
vertex 227.21329369505747 -225.33924783116618 0
vertex 226.78347416549198 -224.99735312646823 0
endloop
endfacet
facet normal 0 0 -1
outer loop
vertex 248.12509059999886 -219.26331820000024 0
vertex 226.78347416549198 -224.99735312646823 0
vertex 226.41243066554216 -224.59242901229194 0
endloop
endfacet
facet normal 0 0 -1
outer loop
vertex 248.12509059999886 -219.26331820000024 0
vertex 226.41243066554216 -224.59242901229194 0
vertex 226.10929955278593 -224.13444610259447 0
endloop
endfacet
facet normal 0 0 -1
outer loop
vertex 248.12509059999886 -219.26331820000024 0
vertex 226.10929955278593 -224.13444610259447 0
vertex 225.88154990000012 -223.6346830000002 0
endloop
endfacet
facet normal 0 0 -1
outer loop
vertex 248.12509059999886 -219.26331820000024 0
vertex 225.88154990000012 -223.6346830000002 0
vertex 224.29050504932295 -219.26331820000024 0
endloop
endfacet
facet normal 0 0 1
outer loop
vertex 159.25607126229426 -225.91152978750972 2
vertex 159.7942603147693 -225.8020338474398 2
vertex 160.30869436982866 -225.6096945116503 2
endloop
endfacet
facet normal 0 0 1
outer loop
vertex 159.25607126229426 -225.91152978750972 2
vertex 160.30869436982866 -225.6096945116503 2
vertex 160.78670630494253 -225.33924783116615 2
endloop
endfacet
facet normal 0 0 1
outer loop
vertex 159.25607126229426 -225.91152978750972 2
vertex 160.78670630494253 -225.33924783116615 2
vertex 161.216525834508 -224.99735312646845 2
endloop
endfacet
facet normal 0 0 1
outer loop
vertex 159.25607126229426 -225.91152978750972 2
vertex 161.216525834508 -224.99735312646845 2
vertex 161.5875693344581 -224.59242901229197 2
endloop
endfacet
facet normal 0 0 1
outer loop
vertex 159.25607126229426 -225.91152978750972 2
vertex 161.5875693344581 -224.59242901229197 2
vertex 161.89070044721407 -224.1344461025943 2
endloop
endfacet
facet normal 0 0 1
outer loop
vertex 159.25607126229426 -225.91152978750972 2
vertex 161.89070044721407 -224.1344461025943 2
vertex 161.98040051167246 -223.93761250935597 2
endloop
endfacet
facet normal 0 0 1
outer loop
vertex 159.25607126229426 -225.91152978750972 2
vertex 161.98040051167246 -223.93761250935597 2
vertex 158.82952775966953 -223.93761250935597 2
endloop
endfacet
facet normal 0 0 1
outer loop
vertex 159.25607126229426 -225.91152978750972 2
vertex 158.82952775966953 -223.93761250935597 2
vertex 152.7174169524229 -223.93761250935597 2
endloop
endfacet
facet normal 0 0 1
outer loop
vertex 159.25607126229426 -225.91152978750972 2
vertex 152.7174169524229 -223.93761250935597 2
vertex 157.63245505000052 -225.72654150000017 2
endloop
endfacet
facet normal 0 0 1
outer loop
vertex 159.25607126229426 -225.91152978750972 2
vertex 157.63245505000052 -225.72654150000017 2
vertex 158.16169499009476 -225.87331310115178 2
endloop
endfacet
facet normal 0 0 1
outer loop
vertex 159.25607126229426 -225.91152978750972 2
vertex 158.16169499009476 -225.87331310115178 2
vertex 158.70737926405783 -225.93548616803608 2
endloop
endfacet
facet normal 0 0 1
outer loop
vertex 229.838305009905 -225.87331310115178 2
vertex 230.36754495000002 -225.72654150000017 2
vertex 235.28258304058753 -223.93761250935597 2
endloop
endfacet
facet normal 0 0 1
outer loop
vertex 229.838305009905 -225.87331310115178 2
vertex 235.28258304058753 -223.93761250935597 2
vertex 229.17047224036244 -223.93761250935597 2
endloop
endfacet
facet normal 0 0 1
outer loop
vertex 229.838305009905 -225.87331310115178 2
vertex 229.17047224036244 -223.93761250935597 2
vertex 226.01959948832754 -223.93761250935597 2
endloop
endfacet
facet normal 0 0 1
outer loop
vertex 229.838305009905 -225.87331310115178 2
vertex 226.01959948832754 -223.93761250935597 2
vertex 226.10929955278587 -224.1344461025943 2
endloop
endfacet
facet normal 0 0 1
outer loop
vertex 229.838305009905 -225.87331310115178 2
vertex 226.10929955278587 -224.1344461025943 2
vertex 226.41243066554216 -224.59242901229197 2
endloop
endfacet
facet normal 0 0 1
outer loop
vertex 229.838305009905 -225.87331310115178 2
vertex 226.41243066554216 -224.59242901229197 2
vertex 226.78347416549195 -224.99735312646845 2
endloop
endfacet
facet normal 0 0 1
outer loop
vertex 229.838305009905 -225.87331310115178 2
vertex 226.78347416549195 -224.99735312646845 2
vertex 227.21329369505753 -225.33924783116615 2
endloop
endfacet
facet normal 0 0 1
outer loop
vertex 229.838305009905 -225.87331310115178 2
vertex 227.21329369505753 -225.33924783116615 2
vertex 227.6913056301714 -225.6096945116503 2
endloop
endfacet
facet normal 0 0 1
outer loop
vertex 229.838305009905 -225.87331310115178 2
vertex 227.6913056301714 -225.6096945116503 2
vertex 228.2057396852303 -225.8020338474398 2
endloop
endfacet
facet normal 0 0 1
outer loop
vertex 229.838305009905 -225.87331310115178 2
vertex 228.2057396852303 -225.8020338474398 2
vertex 228.74392873770594 -225.91152978750972 2
endloop
endfacet
facet normal 0 0 1
outer loop
vertex 229.838305009905 -225.87331310115178 2
vertex 228.74392873770594 -225.91152978750972 2
vertex 229.29262073594208 -225.93548616803608 2
endloop
endfacet
facet normal 0 0 1
outer loop
vertex 158.82952775966953 -223.93761250935597 2
vertex 158.56905586554961 -223.91482620539946 2
vertex 152.6548121466229 -223.91482620539946 2
endloop
endfacet
facet normal 0 0 1
outer loop
vertex 158.82952775966953 -223.93761250935597 2
vertex 152.6548121466229 -223.91482620539946 2
vertex 152.7174169524229 -223.93761250935597 2
endloop
endfacet
facet normal 0 0 1
outer loop
vertex 235.28258304058753 -223.93761250935597 2
vertex 235.34518784629847 -223.91482620539946 2
vertex 229.430944134483 -223.91482620539946 2
endloop
endfacet
facet normal 0 0 1
outer loop
vertex 235.28258304058753 -223.93761250935597 2
vertex 229.430944134483 -223.91482620539946 2
vertex 229.17047224036244 -223.93761250935597 2
endloop
endfacet
facet normal 0 0 1
outer loop
vertex 161.98040051167246 -223.93761250935597 2
vertex 161.99078637315935 -223.91482226446954 2
vertex 159.0899993089717 -223.91482226446954 2
endloop
endfacet
facet normal 0 0 1
outer loop
vertex 161.98040051167246 -223.93761250935597 2
vertex 159.0899993089717 -223.91482226446954 2
vertex 158.82952775966953 -223.93761250935597 2
endloop
endfacet
facet normal 0 0 1
outer loop
vertex 229.17047224036244 -223.93761250935597 2
vertex 228.91000069100204 -223.91482226446954 2
vertex 226.00921362684068 -223.91482226446954 2
endloop
endfacet
facet normal 0 0 1
outer loop
vertex 229.17047224036244 -223.93761250935597 2
vertex 226.00921362684068 -223.91482226446954 2
vertex 226.01959948832754 -223.93761250935597 2
endloop
endfacet
facet normal 0 0 1
outer loop
vertex 158.56905586554961 -223.91482620539946 2
vertex 158.3164957999347 -223.84715139998195 2
vertex 152.46887729475748 -223.84715139998195 2
endloop
endfacet
facet normal 0 0 1
outer loop
vertex 158.56905586554961 -223.91482620539946 2
vertex 152.46887729475748 -223.84715139998195 2
vertex 152.6548121466229 -223.91482620539946 2
endloop
endfacet
facet normal 0 0 1
outer loop
vertex 235.34518784629847 -223.91482620539946 2
vertex 235.5311226978995 -223.84715139998195 2
vertex 229.6835042000221 -223.84715139998195 2
endloop
endfacet
facet normal 0 0 1
outer loop
vertex 235.34518784629847 -223.91482620539946 2
vertex 229.6835042000221 -223.84715139998195 2
vertex 229.430944134483 -223.91482620539946 2
endloop
endfacet
facet normal 0 0 1
outer loop
vertex 161.99078637315935 -223.91482226446954 2
vertex 162.02162659386568 -223.847147937873 2
vertex 159.3425562506632 -223.847147937873 2
endloop
endfacet
facet normal 0 0 1
outer loop
vertex 161.99078637315935 -223.91482226446954 2
vertex 159.3425562506632 -223.847147937873 2
vertex 159.0899993089717 -223.91482226446954 2
endloop
endfacet
facet normal 0 0 1
outer loop
vertex 228.91000069100204 -223.91482226446954 2
vertex 228.65744374935534 -223.847147937873 2
vertex 225.97837340613438 -223.847147937873 2
endloop
endfacet
facet normal 0 0 1
outer loop
vertex 228.91000069100204 -223.91482226446954 2
vertex 225.97837340613438 -223.847147937873 2
vertex 226.00921362684068 -223.91482226446954 2
endloop
endfacet
facet normal 0 0 1
outer loop
vertex 162.02162659386568 -223.847147937873 2
vertex 162.07198411323117 -223.7366457710894 2
vertex 159.57952480214166 -223.7366457710894 2
endloop
endfacet
facet normal 0 0 1
outer loop
vertex 162.02162659386568 -223.847147937873 2
vertex 159.57952480214166 -223.7366457710894 2
vertex 159.3425562506632 -223.847147937873 2
endloop
endfacet
facet normal 0 0 1
outer loop
vertex 228.65744374935534 -223.847147937873 2
vertex 228.42047519785734 -223.7366457710894 2
vertex 225.92801588676892 -223.7366457710894 2
endloop
endfacet
facet normal 0 0 1
outer loop
vertex 228.65744374935534 -223.847147937873 2
vertex 225.92801588676892 -223.7366457710894 2
vertex 225.97837340613438 -223.847147937873 2
endloop
endfacet
facet normal 0 0 1
outer loop
vertex 162.07198411323117 -223.7366457710894 2
vertex 162.11845009999985 -223.63468300000036 2
vertex 162.13592418096334 -223.58667330235397 2
endloop
endfacet
facet normal 0 0 1
outer loop
vertex 162.07198411323117 -223.7366457710894 2
vertex 162.13592418096334 -223.58667330235397 2
vertex 159.7937048243061 -223.58667330235397 2
endloop
endfacet
facet normal 0 0 1
outer loop
vertex 162.07198411323117 -223.7366457710894 2
vertex 159.7937048243061 -223.58667330235397 2
vertex 159.57952480214166 -223.7366457710894 2
endloop
endfacet
facet normal 0 0 1
outer loop
vertex 228.42047519785734 -223.7366457710894 2
vertex 228.2062951756853 -223.58667330235397 2
vertex 225.8640758190856 -223.58667330235397 2
endloop
endfacet
facet normal 0 0 1
outer loop
vertex 228.42047519785734 -223.7366457710894 2
vertex 225.8640758190856 -223.58667330235397 2
vertex 225.8815499000003 -223.63468300000036 2
endloop
endfacet
facet normal 0 0 1
outer loop
vertex 228.42047519785734 -223.7366457710894 2
vertex 225.8815499000003 -223.63468300000036 2
vertex 225.92801588676892 -223.7366457710894 2
endloop
endfacet
facet normal 0 0 1
outer loop
vertex 162.13592418096334 -223.58667330235397 2
vertex 162.2032170875589 -223.40178735006006 2
vertex 159.97858859294863 -223.40178735006006 2
endloop
endfacet
facet normal 0 0 1
outer loop
vertex 162.13592418096334 -223.58667330235397 2
vertex 159.97858859294863 -223.40178735006006 2
vertex 159.7937048243061 -223.58667330235397 2
endloop
endfacet
facet normal 0 0 1
outer loop
vertex 228.2062951756853 -223.58667330235397 2
vertex 228.02141140702824 -223.40178735006006 2
vertex 225.79678291267797 -223.40178735006006 2
endloop
endfacet
facet normal 0 0 1
outer loop
vertex 228.2062951756853 -223.58667330235397 2
vertex 225.79678291267797 -223.40178735006006 2
vertex 225.8640758190856 -223.58667330235397 2
endloop
endfacet
facet normal 0 0 1
outer loop
vertex 162.2032170875589 -223.40178735006006 2
vertex 162.2811727961535 -223.18760555662243 2
vertex 160.12855853200864 -223.18760555662243 2
endloop
endfacet
facet normal 0 0 1
outer loop
vertex 162.2032170875589 -223.40178735006006 2
vertex 160.12855853200864 -223.18760555662243 2
vertex 159.97858859294863 -223.40178735006006 2
endloop
endfacet
facet normal 0 0 1
outer loop
vertex 228.02141140702824 -223.40178735006006 2
vertex 227.87144146798258 -223.18760555662243 2
vertex 225.71882720430105 -223.18760555662243 2
endloop
endfacet
facet normal 0 0 1
outer loop
vertex 228.02141140702824 -223.40178735006006 2
vertex 225.71882720430105 -223.18760555662243 2
vertex 225.79678291267797 -223.40178735006006 2
endloop
endfacet
facet normal 0 0 1
outer loop
vertex 162.2811727961535 -223.18760555662243 2
vertex 162.36742267196266 -222.95063570005115 2
vertex 160.23905789997912 -222.95063570005115 2
endloop
endfacet
facet normal 0 0 1
outer loop
vertex 162.2811727961535 -223.18760555662243 2
vertex 160.23905789997912 -222.95063570005115 2
vertex 160.12855853200864 -223.18760555662243 2
endloop
endfacet
facet normal 0 0 1
outer loop
vertex 227.87144146798258 -223.18760555662243 2
vertex 227.76094210002006 -222.95063570005115 2
vertex 225.6325773287328 -222.95063570005115 2
endloop
endfacet
facet normal 0 0 1
outer loop
vertex 227.87144146798258 -223.18760555662243 2
vertex 225.6325773287328 -222.95063570005115 2
vertex 225.71882720430105 -223.18760555662243 2
endloop
endfacet
facet normal 0 0 1
outer loop
vertex 158.3164957999347 -223.84715139998195 2
vertex 145.7225177095913 -219.26331820000016 2
vertex 139.87490910000048 -219.26331820000016 2
endloop
endfacet
facet normal 0 0 1
outer loop
vertex 158.3164957999347 -223.84715139998195 2
vertex 139.87490910000048 -219.26331820000016 2
vertex 152.46887729475748 -223.84715139998195 2
endloop
endfacet
facet normal 0 0 1
outer loop
vertex 235.5311226978995 -223.84715139998195 2
vertex 248.125090874747 -219.26331820000016 2
vertex 242.27748229039491 -219.26331820000016 2
endloop
endfacet
facet normal 0 0 1
outer loop
vertex 235.5311226978995 -223.84715139998195 2
vertex 242.27748229039491 -219.26331820000016 2
vertex 229.6835042000221 -223.84715139998195 2
endloop
endfacet
facet normal 0 0 1
outer loop
vertex 160.83165794619418 -215.47489820004733 2
vertex 141.16152790013476 -215.47489820004733 2
vertex 158.53068985604367 -221.7967561203958 2
endloop
endfacet
facet normal 0 0 1
outer loop
vertex 246.83906650007364 -215.47468179997745 2
vertex 227.16826333354763 -215.47468179997745 2
vertex 229.4693101999988 -221.7967561203958 2
endloop
endfacet
facet normal 0 0 1
outer loop
vertex 160.83165794619418 -215.47489820004733 2
vertex 160.84191015310918 -215.44673049282707 2
vertex 141.07860578243847 -215.44673049282707 2
endloop
endfacet
facet normal 0 0 1
outer loop
vertex 160.83165794619418 -215.47489820004733 2
vertex 141.07860578243847 -215.44673049282707 2
vertex 141.16152790013476 -215.47489820004733 2
endloop
endfacet
facet normal 0 0 1
outer loop
vertex 246.83906650007364 -215.47468179997745 2
vertex 246.92169592268957 -215.44663551139837 2
vertex 227.15805531931244 -215.44663551139837 2
endloop
endfacet
facet normal 0 0 1
outer loop
vertex 246.83906650007364 -215.47468179997745 2
vertex 227.15805531931244 -215.44663551139837 2
vertex 227.16826333354763 -215.47468179997745 2
endloop
endfacet
facet normal 0 0 1
outer loop
vertex 160.84191015310918 -215.44673049282707 2
vertex 160.85083091527193 -215.42222090002758 2
vertex 140.99453512429946 -215.42222090002758 2
endloop
endfacet
facet normal 0 0 1
outer loop
vertex 160.84191015310918 -215.44673049282707 2
vertex 140.99453512429946 -215.42222090002758 2
vertex 141.07860578243847 -215.44673049282707 2
endloop
endfacet
facet normal 0 0 1
outer loop
vertex 246.92169592268957 -215.44663551139837 2
vertex 247.00546824989436 -215.42222090002758 2
vertex 227.14916912748293 -215.42222090002758 2
endloop
endfacet
facet normal 0 0 1
outer loop
vertex 246.92169592268957 -215.44663551139837 2
vertex 227.14916912748293 -215.42222090002758 2
vertex 227.15805531931244 -215.44663551139837 2
endloop
endfacet
facet normal 0 0 1
outer loop
vertex 160.85083091527193 -215.42222090002758 2
vertex 161.28740214315175 -214.2227513000003 2
vertex 139.29523319999947 -214.2227513000003 2
endloop
endfacet
facet normal 0 0 1
outer loop
vertex 160.85083091527193 -215.42222090002758 2
vertex 139.29523319999947 -214.2227513000003 2
vertex 136.51805650900192 -214.2227513000003 2
endloop
endfacet
facet normal 0 0 1
outer loop
vertex 160.85083091527193 -215.42222090002758 2
vertex 136.51805650900192 -214.2227513000003 2
vertex 140.99453512429946 -215.42222090002758 2
endloop
endfacet
facet normal 0 0 1
outer loop
vertex 247.00546824989436 -215.42222090002758 2
vertex 251.48194642493533 -214.2227513000003 2
vertex 248.70476679999302 -214.2227513000003 2
endloop
endfacet
facet normal 0 0 1
outer loop
vertex 247.00546824989436 -215.42222090002758 2
vertex 248.70476679999302 -214.2227513000003 2
vertex 226.71259789570598 -214.2227513000003 2
endloop
endfacet
facet normal 0 0 1
outer loop
vertex 247.00546824989436 -215.42222090002758 2
vertex 226.71259789570598 -214.2227513000003 2
vertex 227.14916912748293 -215.42222090002758 2
endloop
endfacet
facet normal 0 0 1
outer loop
vertex 139.29523319999947 -214.2227513000003 2
vertex 139.09038836188085 -214.20257584442354 2
vertex 136.44276073206746 -214.20257584442354 2
endloop
endfacet
facet normal 0 0 1
outer loop
vertex 139.29523319999947 -214.2227513000003 2
vertex 136.44276073206746 -214.20257584442354 2
vertex 136.51805650900192 -214.2227513000003 2
endloop
endfacet
facet normal 0 0 1
outer loop
vertex 161.28740214315175 -214.2227513000003 2
vertex 161.29474540838666 -214.20257584442354 2
vertex 139.50007803811823 -214.20257584442354 2
endloop
endfacet
facet normal 0 0 1
outer loop
vertex 161.28740214315175 -214.2227513000003 2
vertex 139.50007803811823 -214.20257584442354 2
vertex 139.29523319999947 -214.2227513000003 2
endloop
endfacet
facet normal 0 0 1
outer loop
vertex 248.70476679999302 -214.2227513000003 2
vertex 248.49992196187299 -214.20257584442354 2
vertex 226.70525463040553 -214.20257584442354 2
endloop
endfacet
facet normal 0 0 1
outer loop
vertex 248.70476679999302 -214.2227513000003 2
vertex 226.70525463040553 -214.20257584442354 2
vertex 226.71259789570598 -214.2227513000003 2
endloop
endfacet
facet normal 0 0 1
outer loop
vertex 251.48194642493533 -214.2227513000003 2
vertex 251.55724219446452 -214.20257584442354 2
vertex 248.9096116381243 -214.20257584442354 2
endloop
endfacet
facet normal 0 0 1
outer loop
vertex 251.48194642493533 -214.2227513000003 2
vertex 248.9096116381243 -214.20257584442354 2
vertex 248.70476679999302 -214.2227513000003 2
endloop
endfacet
facet normal 0 0 1
outer loop
vertex 139.09038836188085 -214.20257584442354 2
vertex 138.89341559602173 -214.1428248091392 2
vertex 136.2197669757554 -214.1428248091392 2
endloop
endfacet
facet normal 0 0 1
outer loop
vertex 139.09038836188085 -214.20257584442354 2
vertex 136.2197669757554 -214.1428248091392 2
vertex 136.44276073206746 -214.20257584442354 2
endloop
endfacet
facet normal 0 0 1
outer loop
vertex 161.29474540838666 -214.20257584442354 2
vertex 161.31649300652552 -214.1428248091392 2
vertex 139.69705080396508 -214.1428248091392 2
endloop
endfacet
facet normal 0 0 1
outer loop
vertex 161.29474540838666 -214.20257584442354 2
vertex 139.69705080396508 -214.1428248091392 2
vertex 139.50007803811823 -214.20257584442354 2
endloop
endfacet
facet normal 0 0 1
outer loop
vertex 248.49992196187299 -214.20257584442354 2
vertex 248.30294919600107 -214.1428248091392 2
vertex 226.68350703207255 -214.1428248091392 2
endloop
endfacet
facet normal 0 0 1
outer loop
vertex 248.49992196187299 -214.20257584442354 2
vertex 226.68350703207255 -214.1428248091392 2
vertex 226.70525463040553 -214.20257584442354 2
endloop
endfacet
facet normal 0 0 1
outer loop
vertex 251.55724219446452 -214.20257584442354 2
vertex 251.7802359288454 -214.1428248091392 2
vertex 249.10658440396273 -214.1428248091392 2
endloop
endfacet
facet normal 0 0 1
outer loop
vertex 251.55724219446452 -214.20257584442354 2
vertex 249.10658440396273 -214.1428248091392 2
vertex 248.9096116381243 -214.20257584442354 2
endloop
endfacet
facet normal 0 0 1
outer loop
vertex 138.89341559602173 -214.1428248091392 2
vertex 138.71188445531968 -214.0457943929121 2
vertex 135.85764476501808 -214.0457943929121 2
endloop
endfacet
facet normal 0 0 1
outer loop
vertex 138.89341559602173 -214.1428248091392 2
vertex 135.85764476501808 -214.0457943929121 2
vertex 136.2197669757554 -214.1428248091392 2
endloop
endfacet
facet normal 0 0 1
outer loop
vertex 161.31649300652552 -214.1428248091392 2
vertex 161.35180918957258 -214.0457943929121 2
vertex 139.87858194468728 -214.0457943929121 2
endloop
endfacet
facet normal 0 0 1
outer loop
vertex 161.31649300652552 -214.1428248091392 2
vertex 139.87858194468728 -214.0457943929121 2
vertex 139.69705080396508 -214.1428248091392 2
endloop
endfacet
facet normal 0 0 1
outer loop
vertex 248.30294919600107 -214.1428248091392 2
vertex 248.12141805539437 -214.0457943929121 2
vertex 226.64819084871021 -214.0457943929121 2
endloop
endfacet
facet normal 0 0 1
outer loop
vertex 248.30294919600107 -214.1428248091392 2
vertex 226.64819084871021 -214.0457943929121 2
vertex 226.68350703207255 -214.1428248091392 2
endloop
endfacet
facet normal 0 0 1
outer loop
vertex 251.7802359288454 -214.1428248091392 2
vertex 252.14235810396843 -214.0457943929121 2
vertex 249.28811554468135 -214.0457943929121 2
endloop
endfacet
facet normal 0 0 1
outer loop
vertex 251.7802359288454 -214.1428248091392 2
vertex 249.28811554468135 -214.0457943929121 2
vertex 249.10658440396273 -214.1428248091392 2
endloop
endfacet
facet normal 0 0 1
outer loop
vertex 138.71188445531968 -214.0457943929121 2
vertex 138.55277107976494 -213.91521342025715 2
vertex 135.37031025346292 -213.91521342025715 2
endloop
endfacet
facet normal 0 0 1
outer loop
vertex 138.71188445531968 -214.0457943929121 2
vertex 135.37031025346292 -213.91521342025715 2
vertex 135.85764476501808 -214.0457943929121 2
endloop
endfacet
facet normal 0 0 1
outer loop
vertex 161.35180918957258 -214.0457943929121 2
vertex 161.3993367764063 -213.91521342025715 2
vertex 140.03769532023082 -213.91521342025715 2
endloop
endfacet
facet normal 0 0 1
outer loop
vertex 161.35180918957258 -214.0457943929121 2
vertex 140.03769532023082 -213.91521342025715 2
vertex 139.87858194468728 -214.0457943929121 2
endloop
endfacet
facet normal 0 0 1
outer loop
vertex 248.12141805539437 -214.0457943929121 2
vertex 247.96230467969917 -213.91521342025715 2
vertex 226.6006632614522 -213.91521342025715 2
endloop
endfacet
facet normal 0 0 1
outer loop
vertex 248.12141805539437 -214.0457943929121 2
vertex 226.6006632614522 -213.91521342025715 2
vertex 226.64819084871021 -214.0457943929121 2
endloop
endfacet
facet normal 0 0 1
outer loop
vertex 252.14235810396843 -214.0457943929121 2
vertex 252.62969256759482 -213.91521342025715 2
vertex 249.4472289202347 -213.91521342025715 2
endloop
endfacet
facet normal 0 0 1
outer loop
vertex 252.14235810396843 -214.0457943929121 2
vertex 249.4472289202347 -213.91521342025715 2
vertex 249.28811554468135 -214.0457943929121 2
endloop
endfacet
facet normal 0 0 1
outer loop
vertex 138.55277107976494 -213.91521342025715 2
vertex 138.42219010706054 -213.75610004464212 2
vertex 134.7764914327673 -213.75610004464212 2
endloop
endfacet
facet normal 0 0 1
outer loop
vertex 138.55277107976494 -213.91521342025715 2
vertex 134.7764914327673 -213.75610004464212 2
vertex 135.37031025346292 -213.91521342025715 2
endloop
endfacet
facet normal 0 0 1
outer loop
vertex 161.3993367764063 -213.91521342025715 2
vertex 161.45724930854783 -213.75610004464212 2
vertex 140.16827629294397 -213.75610004464212 2
endloop
endfacet
facet normal 0 0 1
outer loop
vertex 161.3993367764063 -213.91521342025715 2
vertex 140.16827629294397 -213.75610004464212 2
vertex 140.03769532023082 -213.91521342025715 2
endloop
endfacet
facet normal 0 0 1
outer loop
vertex 247.96230467969917 -213.91521342025715 2
vertex 247.83172370709255 -213.75610004464212 2
vertex 226.54275072879375 -213.75610004464212 2
endloop
endfacet
facet normal 0 0 1
outer loop
vertex 247.96230467969917 -213.91521342025715 2
vertex 226.54275072879375 -213.75610004464212 2
vertex 226.6006632614522 -213.91521342025715 2
endloop
endfacet
facet normal 0 0 1
outer loop
vertex 252.62969256759482 -213.91521342025715 2
vertex 253.22351132988902 -213.75610004464212 2
vertex 249.57780989294588 -213.75610004464212 2
endloop
endfacet
facet normal 0 0 1
outer loop
vertex 252.62969256759482 -213.91521342025715 2
vertex 249.57780989294588 -213.75610004464212 2
vertex 249.4472289202347 -213.91521342025715 2
endloop
endfacet
facet normal 0 0 1
outer loop
vertex 138.42219010706054 -213.75610004464212 2
vertex 138.32515969087245 -213.57456890401306 2
vertex 134.099008427764 -213.57456890401306 2
endloop
endfacet
facet normal 0 0 1
outer loop
vertex 138.42219010706054 -213.75610004464212 2
vertex 134.099008427764 -213.57456890401306 2
vertex 134.7764914327673 -213.75610004464212 2
endloop
endfacet
facet normal 0 0 1
outer loop
vertex 161.45724930854783 -213.75610004464212 2
vertex 161.523321239809 -213.57456890401306 2
vertex 140.26530670911322 -213.57456890401306 2
endloop
endfacet
facet normal 0 0 1
outer loop
vertex 161.45724930854783 -213.75610004464212 2
vertex 140.26530670911322 -213.57456890401306 2
vertex 140.16827629294397 -213.75610004464212 2
endloop
endfacet
facet normal 0 0 1
outer loop
vertex 247.83172370709255 -213.75610004464212 2
vertex 247.73469329087357 -213.57456890401306 2
vertex 226.47667879694276 -213.57456890401306 2
endloop
endfacet
facet normal 0 0 1
outer loop
vertex 247.83172370709255 -213.75610004464212 2
vertex 226.47667879694276 -213.57456890401306 2
vertex 226.54275072879375 -213.75610004464212 2
endloop
endfacet
facet normal 0 0 1
outer loop
vertex 253.22351132988902 -213.75610004464212 2
vertex 253.90099426826262 -213.57456890401306 2
vertex 249.67484030911314 -213.57456890401306 2
endloop
endfacet
facet normal 0 0 1
outer loop
vertex 253.22351132988902 -213.75610004464212 2
vertex 249.67484030911314 -213.57456890401306 2
vertex 249.57780989294588 -213.75610004464212 2
endloop
endfacet
facet normal 0 0 1
outer loop
vertex 138.32515969087245 -213.57456890401306 2
vertex 138.26540865557604 -213.37759613811414 2
vertex 133.363896529703 -213.37759613811414 2
endloop
endfacet
facet normal 0 0 1
outer loop
vertex 138.32515969087245 -213.57456890401306 2
vertex 133.363896529703 -213.37759613811414 2
vertex 134.099008427764 -213.57456890401306 2
endloop
endfacet
facet normal 0 0 1
outer loop
vertex 161.523321239809 -213.57456890401306 2
vertex 161.59501346299282 -213.37759613811414 2
vertex 140.32505774442498 -213.37759613811414 2
endloop
endfacet
facet normal 0 0 1
outer loop
vertex 161.523321239809 -213.57456890401306 2
vertex 140.32505774442498 -213.37759613811414 2
vertex 140.26530670911322 -213.57456890401306 2
endloop
endfacet
facet normal 0 0 1
outer loop
vertex 247.73469329087357 -213.57456890401306 2
vertex 247.67494225557417 -213.37759613811414 2
vertex 226.40498657311898 -213.37759613811414 2
endloop
endfacet
facet normal 0 0 1
outer loop
vertex 247.73469329087357 -213.57456890401306 2
vertex 226.40498657311898 -213.37759613811414 2
vertex 226.47667879694276 -213.57456890401306 2
endloop
endfacet
facet normal 0 0 1
outer loop
vertex 253.90099426826262 -213.57456890401306 2
vertex 254.63610609402622 -213.37759613811414 2
vertex 249.73459134442476 -213.37759613811414 2
endloop
endfacet
facet normal 0 0 1
outer loop
vertex 253.90099426826262 -213.57456890401306 2
vertex 249.73459134442476 -213.37759613811414 2
vertex 249.67484030911314 -213.57456890401306 2
endloop
endfacet
facet normal 0 0 1
outer loop
vertex 138.26540865557604 -213.37759613811414 2
vertex 138.2452332 -213.17275130000564 2
vertex 132.59940567705786 -213.17275130000564 2
endloop
endfacet
facet normal 0 0 1
outer loop
vertex 138.26540865557604 -213.37759613811414 2
vertex 132.59940567705786 -213.17275130000564 2
vertex 133.363896529703 -213.37759613811414 2
endloop
endfacet
facet normal 0 0 1
outer loop
vertex 161.59501346299282 -213.37759613811414 2
vertex 161.6695708861204 -213.17275130000564 2
vertex 140.3452331999997 -213.17275130000564 2
endloop
endfacet
facet normal 0 0 1
outer loop
vertex 161.59501346299282 -213.37759613811414 2
vertex 140.3452331999997 -213.17275130000564 2
vertex 140.32505774442498 -213.37759613811414 2
endloop
endfacet
facet normal 0 0 1
outer loop
vertex 247.67494225557417 -213.37759613811414 2
vertex 247.6547668 -213.17275130000564 2
vertex 226.33042914932585 -213.17275130000564 2
endloop
endfacet
facet normal 0 0 1
outer loop
vertex 247.67494225557417 -213.37759613811414 2
vertex 226.33042914932585 -213.17275130000564 2
vertex 226.40498657311898 -213.37759613811414 2
endloop
endfacet
facet normal 0 0 1
outer loop
vertex 254.63610609402622 -213.37759613811414 2
vertex 255.40059687148454 -213.17275130000564 2
vertex 249.75476679999971 -213.17275130000564 2
endloop
endfacet
facet normal 0 0 1
outer loop
vertex 254.63610609402622 -213.37759613811414 2
vertex 249.75476679999971 -213.17275130000564 2
vertex 249.73459134442476 -213.37759613811414 2
endloop
endfacet
facet normal 0 0 1
outer loop
vertex 138.2452332 -213.17275130000564 2
vertex 138.265408655578 -212.96790646188347 2
vertex 131.8349148243617 -212.96790646188347 2
endloop
endfacet
facet normal 0 0 1
outer loop
vertex 138.2452332 -213.17275130000564 2
vertex 131.8349148243617 -212.96790646188347 2
vertex 132.59940567705786 -213.17275130000564 2
endloop
endfacet
facet normal 0 0 1
outer loop
vertex 161.6695708861204 -213.17275130000564 2
vertex 161.74412830925291 -212.96790646188347 2
vertex 140.3250577444226 -212.96790646188347 2
endloop
endfacet
facet normal 0 0 1
outer loop
vertex 161.6695708861204 -213.17275130000564 2
vertex 140.3250577444226 -212.96790646188347 2
vertex 140.3452331999997 -213.17275130000564 2
endloop
endfacet
facet normal 0 0 1
outer loop
vertex 247.6547668 -213.17275130000564 2
vertex 247.6749422555781 -212.96790646188347 2
vertex 226.25587172552778 -212.96790646188347 2
endloop
endfacet
facet normal 0 0 1
outer loop
vertex 247.6547668 -213.17275130000564 2
vertex 226.25587172552778 -212.96790646188347 2
vertex 226.33042914932585 -213.17275130000564 2
endloop
endfacet
facet normal 0 0 1
outer loop
vertex 255.40059687148454 -213.17275130000564 2
vertex 256.1650876489939 -212.96790646188347 2
vertex 249.73459134442263 -212.96790646188347 2
endloop
endfacet
facet normal 0 0 1
outer loop
vertex 255.40059687148454 -213.17275130000564 2
vertex 249.73459134442263 -212.96790646188347 2
vertex 249.75476679999971 -213.17275130000564 2
endloop
endfacet
facet normal 0 0 1
outer loop
vertex 138.265408655578 -212.96790646188347 2
vertex 138.32515969085748 -212.77093369599157 2
vertex 131.0998029263269 -212.77093369599157 2
endloop
endfacet
facet normal 0 0 1
outer loop
vertex 138.265408655578 -212.96790646188347 2
vertex 131.0998029263269 -212.77093369599157 2
vertex 131.8349148243617 -212.96790646188347 2
endloop
endfacet
facet normal 0 0 1
outer loop
vertex 161.74412830925291 -212.96790646188347 2
vertex 161.8158205324342 -212.77093369599157 2
vertex 140.2653067091283 -212.77093369599157 2
endloop
endfacet
facet normal 0 0 1
outer loop
vertex 161.74412830925291 -212.96790646188347 2
vertex 140.2653067091283 -212.77093369599157 2
vertex 140.3250577444226 -212.96790646188347 2
endloop
endfacet
facet normal 0 0 1
outer loop
vertex 247.6749422555781 -212.96790646188347 2
vertex 247.73469329086026 -212.77093369599157 2
vertex 226.18417950170652 -212.77093369599157 2
endloop
endfacet
facet normal 0 0 1
outer loop
vertex 247.6749422555781 -212.96790646188347 2
vertex 226.18417950170652 -212.77093369599157 2
vertex 226.25587172552778 -212.96790646188347 2
endloop
endfacet
facet normal 0 0 1
outer loop
vertex 256.1650876489939 -212.96790646188347 2
vertex 256.90019947473127 -212.77093369599157 2
vertex 249.6748403091273 -212.77093369599157 2
endloop
endfacet
facet normal 0 0 1
outer loop
vertex 256.1650876489939 -212.96790646188347 2
vertex 249.6748403091273 -212.77093369599157 2
vertex 249.73459134442263 -212.96790646188347 2
endloop
endfacet
facet normal 0 0 1
outer loop
vertex 138.32515969085748 -212.77093369599157 2
vertex 138.42219010708618 -212.5894025553387 2
vertex 130.42231992123473 -212.5894025553387 2
endloop
endfacet
facet normal 0 0 1
outer loop
vertex 138.32515969085748 -212.77093369599157 2
vertex 130.42231992123473 -212.5894025553387 2
vertex 131.0998029263269 -212.77093369599157 2
endloop
endfacet
facet normal 0 0 1
outer loop
vertex 161.8158205324342 -212.77093369599157 2
vertex 161.88189246370402 -212.5894025553387 2
vertex 140.1682762929275 -212.5894025553387 2
endloop
endfacet
facet normal 0 0 1
outer loop
vertex 161.8158205324342 -212.77093369599157 2
vertex 140.1682762929275 -212.5894025553387 2
vertex 140.2653067091283 -212.77093369599157 2
endloop
endfacet
facet normal 0 0 1
outer loop
vertex 247.73469329086026 -212.77093369599157 2
vertex 247.8317237070785 -212.5894025553387 2
vertex 226.1181075698469 -212.5894025553387 2
endloop
endfacet
facet normal 0 0 1
outer loop
vertex 247.73469329086026 -212.77093369599157 2
vertex 226.1181075698469 -212.5894025553387 2
vertex 226.18417950170652 -212.77093369599157 2
endloop
endfacet
facet normal 0 0 1
outer loop
vertex 256.90019947473127 -212.77093369599157 2
vertex 257.57768241319377 -212.5894025553387 2
vertex 249.57780989293994 -212.5894025553387 2
endloop
endfacet
facet normal 0 0 1
outer loop
vertex 256.90019947473127 -212.77093369599157 2
vertex 249.57780989293994 -212.5894025553387 2
vertex 249.6748403091273 -212.77093369599157 2
endloop
endfacet
facet normal 0 0 1
outer loop
vertex 138.42219010708618 -212.5894025553387 2
vertex 138.55277107975348 -212.43028917976693 2
vertex 129.82850110070055 -212.43028917976693 2
endloop
endfacet
facet normal 0 0 1
outer loop
vertex 138.42219010708618 -212.5894025553387 2
vertex 129.82850110070055 -212.43028917976693 2
vertex 130.42231992123473 -212.5894025553387 2
endloop
endfacet
facet normal 0 0 1
outer loop
vertex 161.88189246370402 -212.5894025553387 2
vertex 161.9398049958298 -212.43028917976693 2
vertex 140.0376953202586 -212.43028917976693 2
endloop
endfacet
facet normal 0 0 1
outer loop
vertex 161.88189246370402 -212.5894025553387 2
vertex 140.0376953202586 -212.43028917976693 2
vertex 140.1682762929275 -212.5894025553387 2
endloop
endfacet
facet normal 0 0 1
outer loop
vertex 247.8317237070785 -212.5894025553387 2
vertex 247.96230467975502 -212.43028917976693 2
vertex 226.06019503720415 -212.43028917976693 2
endloop
endfacet
facet normal 0 0 1
outer loop
vertex 247.8317237070785 -212.5894025553387 2
vertex 226.06019503720415 -212.43028917976693 2
vertex 226.1181075698469 -212.5894025553387 2
endloop
endfacet
facet normal 0 0 1
outer loop
vertex 257.57768241319377 -212.5894025553387 2
vertex 258.1715011753265 -212.43028917976693 2
vertex 249.44722892024902 -212.43028917976693 2
endloop
endfacet
facet normal 0 0 1
outer loop
vertex 257.57768241319377 -212.5894025553387 2
vertex 249.44722892024902 -212.43028917976693 2
vertex 249.57780989293994 -212.5894025553387 2
endloop
endfacet
facet normal 0 0 1
outer loop
vertex 138.55277107975348 -212.43028917976693 2
vertex 138.7118844553261 -212.29970820706603 2
vertex 129.34116658897386 -212.29970820706603 2
endloop
endfacet
facet normal 0 0 1
outer loop
vertex 138.55277107975348 -212.43028917976693 2
vertex 129.34116658897386 -212.29970820706603 2
vertex 129.82850110070055 -212.43028917976693 2
endloop
endfacet
facet normal 0 0 1
outer loop
vertex 161.9398049958298 -212.43028917976693 2
vertex 161.98733258268027 -212.29970820706603 2
vertex 139.87858194464783 -212.29970820706603 2
endloop
endfacet
facet normal 0 0 1
outer loop
vertex 161.9398049958298 -212.43028917976693 2
vertex 139.87858194464783 -212.29970820706603 2
vertex 140.0376953202586 -212.43028917976693 2
endloop
endfacet
facet normal 0 0 1
outer loop
vertex 247.96230467975502 -212.43028917976693 2
vertex 248.1214180553358 -212.29970820706603 2
vertex 226.01266744992944 -212.29970820706603 2
endloop
endfacet
facet normal 0 0 1
outer loop
vertex 247.96230467975502 -212.43028917976693 2
vertex 226.01266744992944 -212.29970820706603 2
vertex 226.06019503720415 -212.43028917976693 2
endloop
endfacet
facet normal 0 0 1
outer loop
vertex 258.1715011753265 -212.43028917976693 2
vertex 258.65883563912445 -212.29970820706603 2
vertex 249.28811554465082 -212.29970820706603 2
endloop
endfacet
facet normal 0 0 1
outer loop
vertex 258.1715011753265 -212.43028917976693 2
vertex 249.28811554465082 -212.29970820706603 2
vertex 249.44722892024902 -212.43028917976693 2
endloop
endfacet
facet normal 0 0 1
outer loop
vertex 138.7118844553261 -212.29970820706603 2
vertex 138.8934155960226 -212.20267779087519 2
vertex 128.97904437837187 -212.20267779087519 2
endloop
endfacet
facet normal 0 0 1
outer loop
vertex 138.7118844553261 -212.29970820706603 2
vertex 128.97904437837187 -212.20267779087519 2
vertex 129.34116658897386 -212.29970820706603 2
endloop
endfacet
facet normal 0 0 1
outer loop
vertex 161.98733258268027 -212.29970820706603 2
vertex 162.02264876571414 -212.20267779087519 2
vertex 139.69705080401363 -212.20267779087519 2
endloop
endfacet
facet normal 0 0 1
outer loop
vertex 161.98733258268027 -212.29970820706603 2
vertex 139.69705080401363 -212.20267779087519 2
vertex 139.87858194464783 -212.29970820706603 2
endloop
endfacet
facet normal 0 0 1
outer loop
vertex 248.1214180553358 -212.29970820706603 2
vertex 248.30294919602343 -212.20267779087519 2
vertex 225.9773512665803 -212.20267779087519 2
endloop
endfacet
facet normal 0 0 1
outer loop
vertex 248.1214180553358 -212.29970820706603 2
vertex 225.9773512665803 -212.20267779087519 2
vertex 226.01266744992944 -212.29970820706603 2
endloop
endfacet
facet normal 0 0 1
outer loop
vertex 258.65883563912445 -212.29970820706603 2
vertex 259.0209578141121 -212.20267779087519 2
vertex 249.1065844039967 -212.20267779087519 2
endloop
endfacet
facet normal 0 0 1
outer loop
vertex 258.65883563912445 -212.29970820706603 2
vertex 249.1065844039967 -212.20267779087519 2
vertex 249.28811554465082 -212.29970820706603 2
endloop
endfacet
facet normal 0 0 1
outer loop
vertex 138.8934155960226 -212.20267779087519 2
vertex 139.09038836187656 -212.14292675557581 2
vertex 128.7560506220037 -212.14292675557581 2
endloop
endfacet
facet normal 0 0 1
outer loop
vertex 138.8934155960226 -212.20267779087519 2
vertex 128.7560506220037 -212.14292675557581 2
vertex 128.97904437837187 -212.20267779087519 2
endloop
endfacet
facet normal 0 0 1
outer loop
vertex 162.02264876571414 -212.20267779087519 2
vertex 162.04439636385845 -212.14292675557581 2
vertex 139.500078038105 -212.14292675557581 2
endloop
endfacet
facet normal 0 0 1
outer loop
vertex 162.02264876571414 -212.20267779087519 2
vertex 139.500078038105 -212.14292675557581 2
vertex 139.69705080401363 -212.20267779087519 2
endloop
endfacet
facet normal 0 0 1
outer loop
vertex 248.30294919602343 -212.20267779087519 2
vertex 248.49992196186028 -212.14292675557581 2
vertex 225.95560366824185 -212.14292675557581 2
endloop
endfacet
facet normal 0 0 1
outer loop
vertex 248.30294919602343 -212.20267779087519 2
vertex 225.95560366824185 -212.14292675557581 2
vertex 225.9773512665803 -212.20267779087519 2
endloop
endfacet
facet normal 0 0 1
outer loop
vertex 259.0209578141121 -212.20267779087519 2
vertex 259.2439515485491 -212.14292675557581 2
vertex 248.9096116381156 -212.14292675557581 2
endloop
endfacet
facet normal 0 0 1
outer loop
vertex 259.0209578141121 -212.20267779087519 2
vertex 248.9096116381156 -212.14292675557581 2
vertex 249.1065844039967 -212.20267779087519 2
endloop
endfacet
facet normal 0 0 1
outer loop
vertex 139.09038836187656 -212.14292675557581 2
vertex 139.2952331999992 -212.12275130000032 2
vertex 128.680754845074 -212.12275130000032 2
endloop
endfacet
facet normal 0 0 1
outer loop
vertex 139.09038836187656 -212.14292675557581 2
vertex 128.680754845074 -212.12275130000032 2
vertex 128.7560506220037 -212.14292675557581 2
endloop
endfacet
facet normal 0 0 1
outer loop
vertex 162.04439636385845 -212.14292675557581 2
vertex 162.05173962909288 -212.12275130000032 2
vertex 139.2952331999992 -212.12275130000032 2
endloop
endfacet
facet normal 0 0 1
outer loop
vertex 162.04439636385845 -212.14292675557581 2
vertex 139.2952331999992 -212.12275130000032 2
vertex 139.500078038105 -212.14292675557581 2
endloop
endfacet
facet normal 0 0 1
outer loop
vertex 248.49992196186028 -212.14292675557581 2
vertex 248.70476680000343 -212.12275130000032 2
vertex 225.94826040294186 -212.12275130000032 2
endloop
endfacet
facet normal 0 0 1
outer loop
vertex 248.49992196186028 -212.14292675557581 2
vertex 225.94826040294186 -212.12275130000032 2
vertex 225.95560366824185 -212.14292675557581 2
endloop
endfacet
facet normal 0 0 1
outer loop
vertex 259.2439515485491 -212.14292675557581 2
vertex 259.3192473180735 -212.12275130000032 2
vertex 248.70476680000343 -212.12275130000032 2
endloop
endfacet
facet normal 0 0 1
outer loop
vertex 259.2439515485491 -212.14292675557581 2
vertex 248.70476680000343 -212.12275130000032 2
vertex 248.9096116381156 -212.14292675557581 2
endloop
endfacet
facet normal 0 0 1
outer loop
vertex 145.7225177095913 -219.26331820000016 2
vertex 140.47689319995007 -217.35406699998669 2
vertex 120.34449362275521 -211.95960679999993 2
endloop
endfacet
facet normal 0 0 1
outer loop
vertex 145.7225177095913 -219.26331820000016 2
vertex 120.34449362275521 -211.95960679999993 2
vertex 112.61708679999983 -211.95960679999993 2
endloop
endfacet
facet normal 0 0 1
outer loop
vertex 145.7225177095913 -219.26331820000016 2
vertex 112.61708679999983 -211.95960679999993 2
vertex 139.87490910000048 -219.26331820000016 2
endloop
endfacet
facet normal 0 0 1
outer loop
vertex 248.125090874747 -219.26331820000016 2
vertex 275.38291278581823 -211.95960679999993 2
vertex 267.65550637724346 -211.95960679999993 2
endloop
endfacet
facet normal 0 0 1
outer loop
vertex 248.125090874747 -219.26331820000016 2
vertex 267.65550637724346 -211.95960679999993 2
vertex 247.52310680002947 -217.35406699998669 2
endloop
endfacet
facet normal 0 0 1
outer loop
vertex 248.125090874747 -219.26331820000016 2
vertex 247.52310680002947 -217.35406699998669 2
vertex 242.27748229039491 -219.26331820000016 2
endloop
endfacet
facet normal 0 0 1
outer loop
vertex 139.2952331999992 -212.12275130000032 2
vertex 162.05173962909288 -212.12275130000032 2
vertex 162.13045183133502 -211.90649130000182 2
endloop
endfacet
facet normal 0 0 1
outer loop
vertex 139.2952331999992 -212.12275130000032 2
vertex 162.13045183133502 -211.90649130000182 2
vertex 127.87366205563147 -211.90649130000182 2
endloop
endfacet
facet normal 0 0 1
outer loop
vertex 139.2952331999992 -212.12275130000032 2
vertex 127.87366205563147 -211.90649130000182 2
vertex 128.680754845074 -212.12275130000032 2
endloop
endfacet
facet normal 0 0 1
outer loop
vertex 163.19462953779015 -211.90649130000182 2
vertex 162.13045183133502 -211.90649130000182 2
vertex 163.07014439999918 -212.24851139999967 2
endloop
endfacet
facet normal 0 0 1
outer loop
vertex 225.8695481999971 -211.90649130000182 2
vertex 224.80537046221178 -211.90649130000182 2
vertex 224.92985560000275 -212.24851139999967 2
endloop
endfacet
facet normal 0 0 1
outer loop
vertex 248.70476680000343 -212.12275130000032 2
vertex 259.3192473180735 -212.12275130000032 2
vertex 260.1263400281394 -211.90649130000182 2
endloop
endfacet
facet normal 0 0 1
outer loop
vertex 248.70476680000343 -212.12275130000032 2
vertex 260.1263400281394 -211.90649130000182 2
vertex 225.8695481999971 -211.90649130000182 2
endloop
endfacet
facet normal 0 0 1
outer loop
vertex 248.70476680000343 -212.12275130000032 2
vertex 225.8695481999971 -211.90649130000182 2
vertex 225.94826040294186 -212.12275130000032 2
endloop
endfacet
facet normal 0 0 1
outer loop
vertex 120.34449362275521 -211.95960679999993 2
vertex 113.0503786999925 -210.00515459999593 2
vertex 105.87532691974977 -208.74 2
endloop
endfacet
facet normal 0 0 1
outer loop
vertex 120.34449362275521 -211.95960679999993 2
vertex 105.87532691974977 -208.74 2
vertex 94.35778979999986 -208.74 2
endloop
endfacet
facet normal 0 0 1
outer loop
vertex 120.34449362275521 -211.95960679999993 2
vertex 94.35778979999986 -208.74 2
vertex 112.61708679999983 -211.95960679999993 2
endloop
endfacet
facet normal 0 0 1
outer loop
vertex 275.38291278581823 -211.95960679999993 2
vertex 293.64221049999986 -208.74 2
vertex 282.1246694575135 -208.74 2
endloop
endfacet
facet normal 0 0 1
outer loop
vertex 275.38291278581823 -211.95960679999993 2
vertex 282.1246694575135 -208.74 2
vertex 274.9496213000154 -210.00515459999593 2
endloop
endfacet
facet normal 0 0 1
outer loop
vertex 275.38291278581823 -211.95960679999993 2
vertex 274.9496213000154 -210.00515459999593 2
vertex 267.65550637724346 -211.95960679999993 2
endloop
endfacet
facet normal 0 0 1
outer loop
vertex 162.13045183133502 -211.90649130000182 2
vertex 163.19462953779015 -211.90649130000182 2
vertex 164.4382250000002 -208.48974089999908 2
endloop
endfacet
facet normal 0 0 1
outer loop
vertex 162.13045183133502 -211.90649130000182 2
vertex 164.4382250000002 -208.48974089999908 2
vertex 163.49853240000246 -208.14772079385554 2
endloop
endfacet
facet normal 0 0 1
outer loop
vertex 162.13045183133502 -211.90649130000182 2
vertex 163.49853240000246 -208.14772079385554 2
vertex 113.84574744783073 -208.14772079385554 2
endloop
endfacet
facet normal 0 0 1
outer loop
vertex 162.13045183133502 -211.90649130000182 2
vertex 113.84574744783073 -208.14772079385554 2
vertex 127.87366205563147 -211.90649130000182 2
endloop
endfacet
facet normal 0 0 1
outer loop
vertex 225.8695481999971 -211.90649130000182 2
vertex 260.1263400281394 -211.90649130000182 2
vertex 274.1542521447689 -208.14772079385554 2
endloop
endfacet
facet normal 0 0 1
outer loop
vertex 225.8695481999971 -211.90649130000182 2
vertex 274.1542521447689 -208.14772079385554 2
vertex 224.50146761688208 -208.14772079385554 2
endloop
endfacet
facet normal 0 0 1
outer loop
vertex 225.8695481999971 -211.90649130000182 2
vertex 224.50146761688208 -208.14772079385554 2
vertex 223.56177500000254 -208.48974089999908 2
endloop
endfacet
facet normal 0 0 1
outer loop
vertex 225.8695481999971 -211.90649130000182 2
vertex 223.56177500000254 -208.48974089999908 2
vertex 224.80537046221178 -211.90649130000182 2
endloop
endfacet
facet normal 0 0 1
outer loop
vertex 163.49853240000246 -208.14772079385554 2
vertex 163.52561844821383 -208.07330289998913 2
vertex 113.56801624324046 -208.07330289998913 2
endloop
endfacet
facet normal 0 0 1
outer loop
vertex 163.49853240000246 -208.14772079385554 2
vertex 113.56801624324046 -208.07330289998913 2
vertex 113.84574744783073 -208.14772079385554 2
endloop
endfacet
facet normal 0 0 1
outer loop
vertex 274.1542521447689 -208.14772079385554 2
vertex 274.4319833000378 -208.07330289998913 2
vertex 224.47438171858943 -208.07330289998913 2
endloop
endfacet
facet normal 0 0 1
outer loop
vertex 274.1542521447689 -208.14772079385554 2
vertex 224.47438171858943 -208.07330289998913 2
vertex 224.50146761688208 -208.14772079385554 2
endloop
endfacet
facet normal 0 0 1
outer loop
vertex 163.52561844821383 -208.07330289998913 2
vertex 163.53316713351535 -208.05256306096095 2
vertex 113.48326034484911 -208.05256306096095 2
endloop
endfacet
facet normal 0 0 1
outer loop
vertex 163.52561844821383 -208.07330289998913 2
vertex 113.48326034484911 -208.05256306096095 2
vertex 113.56801624324046 -208.07330289998913 2
endloop
endfacet
facet normal 0 0 1
outer loop
vertex 274.4319833000378 -208.07330289998913 2
vertex 274.5167446928101 -208.05256306096095 2
vertex 224.46683303451175 -208.05256306096095 2
endloop
endfacet
facet normal 0 0 1
outer loop
vertex 274.4319833000378 -208.07330289998913 2
vertex 224.46683303451175 -208.05256306096095 2
vertex 224.47438171858943 -208.07330289998913 2
endloop
endfacet
facet normal 0 0 1
outer loop
vertex 163.53316713351535 -208.05256306096095 2
vertex 163.53936249427883 -208.03554144993552 2
vertex 113.3976783873663 -208.03554144993552 2
endloop
endfacet
facet normal 0 0 1
outer loop
vertex 163.53316713351535 -208.05256306096095 2
vertex 113.3976783873663 -208.03554144993552 2
vertex 113.48326034484911 -208.05256306096095 2
endloop
endfacet
facet normal 0 0 1
outer loop
vertex 274.5167446928101 -208.05256306096095 2
vertex 274.60232665033874 -208.03554144993552 2
vertex 224.46063767475272 -208.03554144993552 2
endloop
endfacet
facet normal 0 0 1
outer loop
vertex 274.5167446928101 -208.05256306096095 2
vertex 224.46063767475272 -208.03554144993552 2
vertex 224.46683303451175 -208.05256306096095 2
endloop
endfacet
facet normal 0 0 1
outer loop
vertex 94.35778979999986 -208.74 2
vertex 105.87532691974977 -208.74 2
vertex 94.53276709998507 -206.74000164859874 2
endloop
endfacet
facet normal 0 0 1
outer loop
vertex 94.35778979999986 -208.74 2
vertex 94.53276709998507 -206.74000164859874 2
vertex 30.705341649942742 -206.74000164859874 2
endloop
endfacet
facet normal 0 0 1
outer loop
vertex 94.35778979999986 -208.74 2
vertex 30.705341649942742 -206.74000164859874 2
vertex 25.230965096234094 -206.74000164859874 2
endloop
endfacet
facet normal 0 0 1
outer loop
vertex 94.35778979999986 -208.74 2
vertex 25.230965096234094 -206.74000164859874 2
vertex 25.246044558790146 -206.75505867845732 2
endloop
endfacet
facet normal 0 0 1
outer loop
vertex 94.35778979999986 -208.74 2
vertex 25.246044558790146 -206.75505867845732 2
vertex 26.45906788071821 -207.6033599307678 2
endloop
endfacet
facet normal 0 0 1
outer loop
vertex 94.35778979999986 -208.74 2
vertex 26.45906788071821 -207.6033599307678 2
vertex 27.800862999511082 -208.22836109348214 2
endloop
endfacet
facet normal 0 0 1
outer loop
vertex 94.35778979999986 -208.74 2
vertex 27.800862999511082 -208.22836109348214 2
vertex 29.230738876078163 -208.6111084929824 2
endloop
endfacet
facet normal 0 0 1
outer loop
vertex 94.35778979999986 -208.74 2
vertex 29.230738876078163 -208.6111084929824 2
vertex 30.705336700000004 -208.74 2
endloop
endfacet
facet normal 0 0 1
outer loop
vertex 293.64221049999986 -208.74 2
vertex 357.2946633000001 -208.74 2
vertex 358.76926112392175 -208.6111084929824 2
endloop
endfacet
facet normal 0 0 1
outer loop
vertex 293.64221049999986 -208.74 2
vertex 358.76926112392175 -208.6111084929824 2
vertex 360.1991370004887 -208.22836109348214 2
endloop
endfacet
facet normal 0 0 1
outer loop
vertex 293.64221049999986 -208.74 2
vertex 360.1991370004887 -208.22836109348214 2
vertex 361.5409321192819 -207.6033599307678 2
endloop
endfacet
facet normal 0 0 1
outer loop
vertex 293.64221049999986 -208.74 2
vertex 361.5409321192819 -207.6033599307678 2
vertex 362.7539554412101 -206.75505867845732 2
endloop
endfacet
facet normal 0 0 1
outer loop
vertex 293.64221049999986 -208.74 2
vertex 362.7539554412101 -206.75505867845732 2
vertex 362.76903755192967 -206.7399994571124 2
endloop
endfacet
facet normal 0 0 1
outer loop
vertex 293.64221049999986 -208.74 2
vertex 362.76903755192967 -206.7399994571124 2
vertex 357.2946583500426 -206.7399994571124 2
endloop
endfacet
facet normal 0 0 1
outer loop
vertex 293.64221049999986 -208.74 2
vertex 357.2946583500426 -206.7399994571124 2
vertex 293.46723290000085 -206.7399994571124 2
endloop
endfacet
facet normal 0 0 1
outer loop
vertex 293.64221049999986 -208.74 2
vertex 293.46723290000085 -206.7399994571124 2
vertex 282.1246694575135 -208.74 2
endloop
endfacet
facet normal 0 0 1
outer loop
vertex 30.705341649942742 -206.74000164859874 2
vertex 29.577647500499033 -206.64143066615873 2
vertex 25.13224424674971 -206.64143066615873 2
endloop
endfacet
facet normal 0 0 1
outer loop
vertex 30.705341649942742 -206.74000164859874 2
vertex 25.13224424674971 -206.64143066615873 2
vertex 25.230965096234094 -206.74000164859874 2
endloop
endfacet
facet normal 0 0 1
outer loop
vertex 362.76903755192967 -206.7399994571124 2
vertex 362.867756163246 -206.64143066615873 2
vertex 358.42235210109385 -206.64143066615873 2
endloop
endfacet
facet normal 0 0 1
outer loop
vertex 362.76903755192967 -206.7399994571124 2
vertex 358.42235210109385 -206.64143066615873 2
vertex 357.2946583500426 -206.7399994571124 2
endloop
endfacet
facet normal 0 0 1
outer loop
vertex 29.577647500499033 -206.64143066615873 2
vertex 28.484155241982503 -206.34871136287248 2
vertex 24.8390798938583 -206.34871136287248 2
endloop
endfacet
facet normal 0 0 1
outer loop
vertex 29.577647500499033 -206.64143066615873 2
vertex 24.8390798938583 -206.34871136287248 2
vertex 25.13224424674971 -206.64143066615873 2
endloop
endfacet
facet normal 0 0 1
outer loop
vertex 362.867756163246 -206.64143066615873 2
vertex 363.16092038740163 -206.34871136287248 2
vertex 359.5158447579883 -206.34871136287248 2
endloop
endfacet
facet normal 0 0 1
outer loop
vertex 362.867756163246 -206.64143066615873 2
vertex 359.5158447579883 -206.34871136287248 2
vertex 358.42235210109385 -206.64143066615873 2
endloop
endfacet
facet normal 0 0 1
outer loop
vertex 28.484155241982503 -206.34871136287248 2
vertex 27.458029651350724 -205.87071954088003 2
vertex 24.360361334444512 -205.87071954088003 2
endloop
endfacet
facet normal 0 0 1
outer loop
vertex 28.484155241982503 -206.34871136287248 2
vertex 24.360361334444512 -205.87071954088003 2
vertex 24.8390798938583 -206.34871136287248 2
endloop
endfacet
facet normal 0 0 1
outer loop
vertex 363.16092038740163 -206.34871136287248 2
vertex 363.63963873659793 -205.87071954088003 2
vertex 360.54197034864944 -205.87071954088003 2
endloop
endfacet
facet normal 0 0 1
outer loop
vertex 363.16092038740163 -206.34871136287248 2
vertex 360.54197034864944 -205.87071954088003 2
vertex 359.5158447579883 -206.34871136287248 2
endloop
endfacet
facet normal 0 0 1
outer loop
vertex 27.458029651350724 -205.87071954088003 2
vertex 26.530392326006613 -205.22195232332314 2
vertex 23.856741919211036 -205.22195232332314 2
endloop
endfacet
facet normal 0 0 1
outer loop
vertex 27.458029651350724 -205.87071954088003 2
vertex 23.856741919211036 -205.22195232332314 2
vertex 24.19857896231005 -205.70918276879937 2
endloop
endfacet
facet normal 0 0 1
outer loop
vertex 27.458029651350724 -205.87071954088003 2
vertex 24.19857896231005 -205.70918276879937 2
vertex 24.360361334444512 -205.87071954088003 2
endloop
endfacet
facet normal 0 0 1
outer loop
vertex 363.63963873659793 -205.87071954088003 2
vertex 363.8014210376896 -205.70918276879937 2
vertex 364.14325804934316 -205.22195232332314 2
endloop
endfacet
facet normal 0 0 1
outer loop
vertex 363.63963873659793 -205.87071954088003 2
vertex 364.14325804934316 -205.22195232332314 2
vertex 361.4696076740278 -205.22195232332314 2
endloop
endfacet
facet normal 0 0 1
outer loop
vertex 363.63963873659793 -205.87071954088003 2
vertex 361.4696076740278 -205.22195232332314 2
vertex 360.54197034864944 -205.87071954088003 2
endloop
endfacet
facet normal 0 0 1
outer loop
vertex 162.36742267196266 -222.95063570005115 2
vertex 168.63392515000012 -205.73354199999977 2
vertex 168.79182971672444 -205.14424070408708 2
endloop
endfacet
facet normal 0 0 1
outer loop
vertex 162.36742267196266 -222.95063570005115 2
vertex 168.79182971672444 -205.14424070408708 2
vertex 168.80011887319316 -205.04949830001243 2
endloop
endfacet
facet normal 0 0 1
outer loop
vertex 162.36742267196266 -222.95063570005115 2
vertex 168.80011887319316 -205.04949830001243 2
vertex 166.75454875792735 -205.04949830001243 2
endloop
endfacet
facet normal 0 0 1
outer loop
vertex 162.36742267196266 -222.95063570005115 2
vertex 166.75454875792735 -205.04949830001243 2
vertex 160.23905789997912 -222.95063570005115 2
endloop
endfacet
facet normal 0 0 1
outer loop
vertex 227.76094210002006 -222.95063570005115 2
vertex 221.2454512999975 -205.04949830001243 2
vertex 219.19988113118146 -205.04949830001243 2
endloop
endfacet
facet normal 0 0 1
outer loop
vertex 227.76094210002006 -222.95063570005115 2
vertex 219.19988113118146 -205.04949830001243 2
vertex 219.20817028327556 -205.14424070408708 2
endloop
endfacet
facet normal 0 0 1
outer loop
vertex 227.76094210002006 -222.95063570005115 2
vertex 219.20817028327556 -205.14424070408708 2
vertex 219.36607485000005 -205.73354199999977 2
endloop
endfacet
facet normal 0 0 1
outer loop
vertex 227.76094210002006 -222.95063570005115 2
vertex 219.36607485000005 -205.73354199999977 2
vertex 225.6325773287328 -222.95063570005115 2
endloop
endfacet
facet normal 0 0 1
outer loop
vertex 168.80011887319316 -205.04949830001243 2
vertex 168.82221577388296 -204.796937801022 2
vertex 166.82221579184434 -204.796937801022 2
endloop
endfacet
facet normal 0 0 1
outer loop
vertex 168.80011887319316 -205.04949830001243 2
vertex 166.82221579184434 -204.796937801022 2
vertex 166.75454875792735 -205.04949830001243 2
endloop
endfacet
facet normal 0 0 1
outer loop
vertex 221.2454512999975 -205.04949830001243 2
vertex 221.177784223492 -204.796937801022 2
vertex 219.17778423049162 -204.796937801022 2
endloop
endfacet
facet normal 0 0 1
outer loop
vertex 221.2454512999975 -205.04949830001243 2
vertex 219.17778423049162 -204.796937801022 2
vertex 219.19988113118146 -205.04949830001243 2
endloop
endfacet
facet normal 0 0 1
outer loop
vertex 163.53936249427883 -208.03554144993552 2
vertex 164.7041534000012 -204.83530429731474 2
vertex 164.52578759028526 -204.77038450003886 2
endloop
endfacet
facet normal 0 0 1
outer loop
vertex 163.53936249427883 -208.03554144993552 2
vertex 164.52578759028526 -204.77038450003886 2
vertex 94.88006348467725 -204.77038450003886 2
endloop
endfacet
facet normal 0 0 1
outer loop
vertex 163.53936249427883 -208.03554144993552 2
vertex 94.88006348467725 -204.77038450003886 2
vertex 113.3976783873663 -208.03554144993552 2
endloop
endfacet
facet normal 0 0 1
outer loop
vertex 274.60232665033874 -208.03554144993552 2
vertex 293.11993649974886 -204.77038450003886 2
vertex 223.47421212444453 -204.77038450003886 2
endloop
endfacet
facet normal 0 0 1
outer loop
vertex 274.60232665033874 -208.03554144993552 2
vertex 223.47421212444453 -204.77038450003886 2
vertex 223.29584660737984 -204.83530429731474 2
endloop
endfacet
facet normal 0 0 1
outer loop
vertex 274.60232665033874 -208.03554144993552 2
vertex 223.29584660737984 -204.83530429731474 2
vertex 224.46063767475272 -208.03554144993552 2
endloop
endfacet
facet normal 0 0 1
outer loop
vertex 164.52578759028526 -204.77038450003886 2
vertex 164.4632163735001 -204.74761045654103 2
vertex 94.7070799540276 -204.74761045654103 2
endloop
endfacet
facet normal 0 0 1
outer loop
vertex 164.52578759028526 -204.77038450003886 2
vertex 94.7070799540276 -204.74761045654103 2
vertex 94.88006348467725 -204.77038450003886 2
endloop
endfacet
facet normal 0 0 1
outer loop
vertex 293.11993649974886 -204.77038450003886 2
vertex 293.2929200342108 -204.74761045654103 2
vertex 223.5367832385668 -204.74761045654103 2
endloop
endfacet
facet normal 0 0 1
outer loop
vertex 293.11993649974886 -204.77038450003886 2
vertex 223.5367832385668 -204.74761045654103 2
vertex 223.47421212444453 -204.77038450003886 2
endloop
endfacet
facet normal 0 0 1
outer loop
vertex 164.4632163735001 -204.74761045654103 2
vertex 164.4423201778654 -204.74000486897577 2
vertex 148.79477530034777 -204.74000486897577 2
endloop
endfacet
facet normal 0 0 1
outer loop
vertex 164.4632163735001 -204.74761045654103 2
vertex 148.79477530034777 -204.74000486897577 2
vertex 94.70775732921916 -204.74000225616888 2
endloop
endfacet
facet normal 0 0 1
outer loop
vertex 164.4632163735001 -204.74761045654103 2
vertex 94.70775732921916 -204.74000225616888 2
vertex 94.53276674992561 -204.74000225616888 2
endloop
endfacet
facet normal 0 0 1
outer loop
vertex 164.4632163735001 -204.74761045654103 2
vertex 94.53276674992561 -204.74000225616888 2
vertex 94.7070799540276 -204.74761045654103 2
endloop
endfacet
facet normal 0 0 1
outer loop
vertex 293.2929200342108 -204.74761045654103 2
vertex 293.46723310855606 -204.74000225616888 2
vertex 223.55768657853787 -204.74000225616888 2
endloop
endfacet
facet normal 0 0 1
outer loop
vertex 293.2929200342108 -204.74761045654103 2
vertex 223.55768657853787 -204.74000225616888 2
vertex 223.5367832385668 -204.74761045654103 2
endloop
endfacet
facet normal 0 0 1
outer loop
vertex 168.82221577388296 -204.796937801022 2
vertex 168.8450042880877 -204.53647233102507 2
vertex 166.84500350470208 -204.53646735918807 2
endloop
endfacet
facet normal 0 0 1
outer loop
vertex 168.82221577388296 -204.796937801022 2
vertex 166.84500350470208 -204.53646735918807 2
vertex 166.82221579184434 -204.796937801022 2
endloop
endfacet
facet normal 0 0 1
outer loop
vertex 221.177784223492 -204.796937801022 2
vertex 221.1549965010762 -204.53646735918807 2
vertex 219.1549961468773 -204.53646735918807 2
endloop
endfacet
facet normal 0 0 1
outer loop
vertex 221.177784223492 -204.796937801022 2
vertex 219.1549961468773 -204.53646735918807 2
vertex 219.17778423049162 -204.796937801022 2
endloop
endfacet
facet normal 0 0 1
outer loop
vertex 26.530392326006613 -205.22195232332314 2
vertex 25.72937779061583 -204.42208631954313 2
vertex 23.313193292978525 -204.42208631954313 2
endloop
endfacet
facet normal 0 0 1
outer loop
vertex 26.530392326006613 -205.22195232332314 2
vertex 23.313193292978525 -204.42208631954313 2
vertex 23.348436345851354 -204.49744924780896 2
endloop
endfacet
facet normal 0 0 1
outer loop
vertex 26.530392326006613 -205.22195232332314 2
vertex 23.348436345851354 -204.49744924780896 2
vertex 23.856741919211036 -205.22195232332314 2
endloop
endfacet
facet normal 0 0 1
outer loop
vertex 364.14325804934316 -205.22195232332314 2
vertex 364.65156365414856 -204.49744924780896 2
vertex 364.6868067070214 -204.42208631954313 2
endloop
endfacet
facet normal 0 0 1
outer loop
vertex 364.14325804934316 -205.22195232332314 2
vertex 364.6868067070214 -204.42208631954313 2
vertex 362.2706222093675 -204.42208631954313 2
endloop
endfacet
facet normal 0 0 1
outer loop
vertex 364.14325804934316 -205.22195232332314 2
vertex 362.2706222093675 -204.42208631954313 2
vertex 361.4696076740278 -205.22195232332314 2
endloop
endfacet
facet normal 0 0 1
outer loop
vertex 168.8450042880877 -204.53647233102507 2
vertex 168.82221640112877 -204.27599697354134 2
vertex 166.8222151337563 -204.27599697354134 2
endloop
endfacet
facet normal 0 0 1
outer loop
vertex 168.8450042880877 -204.53647233102507 2
vertex 166.8222151337563 -204.27599697354134 2
vertex 166.84500350470208 -204.53646735918807 2
endloop
endfacet
facet normal 0 0 1
outer loop
vertex 221.1549965010762 -204.53646735918807 2
vertex 221.1777848662425 -204.27599697354134 2
vertex 219.17778359887123 -204.27599697354134 2
endloop
endfacet
facet normal 0 0 1
outer loop
vertex 221.1549965010762 -204.53646735918807 2
vertex 219.17778359887123 -204.27599697354134 2
vertex 219.1549961468773 -204.53646735918807 2
endloop
endfacet
facet normal 0 0 1
outer loop
vertex 168.82221640112877 -204.27599697354134 2
vertex 168.80012132933356 -204.02344079161662 2
vertex 166.75454308404454 -204.02344079161662 2
endloop
endfacet
facet normal 0 0 1
outer loop
vertex 168.82221640112877 -204.27599697354134 2
vertex 166.75454308404454 -204.02344079161662 2
vertex 166.8222151337563 -204.27599697354134 2
endloop
endfacet
facet normal 0 0 1
outer loop
vertex 221.1777848662425 -204.27599697354134 2
vertex 221.24545691595483 -204.02344079161662 2
vertex 219.19987867066644 -204.02344079161662 2
endloop
endfacet
facet normal 0 0 1
outer loop
vertex 221.1777848662425 -204.27599697354134 2
vertex 219.19987867066644 -204.02344079161662 2
vertex 219.17778359887123 -204.27599697354134 2
endloop
endfacet
facet normal 0 0 1
outer loop
vertex 168.80012132933356 -204.02344079161662 2
vertex 168.79183318243506 -203.9287037047529 2
vertex 168.75372288904953 -203.78647249500673 2
endloop
endfacet
facet normal 0 0 1
outer loop
vertex 168.80012132933356 -204.02344079161662 2
vertex 168.75372288904953 -203.78647249500673 2
vertex 166.64404350123036 -203.78647249500673 2
endloop
endfacet
facet normal 0 0 1
outer loop
vertex 168.80012132933356 -204.02344079161662 2
vertex 166.64404350123036 -203.78647249500673 2
vertex 166.75454308404454 -204.02344079161662 2
endloop
endfacet
facet normal 0 0 1
outer loop
vertex 221.24545691595483 -204.02344079161662 2
vertex 221.35595649875629 -203.78647249500673 2
vertex 219.2462771109505 -203.78647249500673 2
endloop
endfacet
facet normal 0 0 1
outer loop
vertex 221.24545691595483 -204.02344079161662 2
vertex 219.2462771109505 -203.78647249500673 2
vertex 219.20816681756494 -203.9287037047529 2
endloop
endfacet
facet normal 0 0 1
outer loop
vertex 221.24545691595483 -204.02344079161662 2
vertex 219.20816681756494 -203.9287037047529 2
vertex 219.19987867066644 -204.02344079161662 2
endloop
endfacet
facet normal 0 0 1
outer loop
vertex 168.75372288904953 -203.78647249500673 2
vertex 168.69633410575406 -203.5722921424336 2
vertex 166.49407381121273 -203.5722921424336 2
endloop
endfacet
facet normal 0 0 1
outer loop
vertex 168.75372288904953 -203.78647249500673 2
vertex 166.49407381121273 -203.5722921424336 2
vertex 166.64404350123036 -203.78647249500673 2
endloop
endfacet
facet normal 0 0 1
outer loop
vertex 221.35595649875629 -203.78647249500673 2
vertex 221.5059261888033 -203.5722921424336 2
vertex 219.30366589424605 -203.5722921424336 2
endloop
endfacet
facet normal 0 0 1
outer loop
vertex 221.35595649875629 -203.78647249500673 2
vertex 219.30366589424605 -203.5722921424336 2
vertex 219.2462771109505 -203.78647249500673 2
endloop
endfacet
facet normal 0 0 1
outer loop
vertex 25.72937779061583 -204.42208631954313 2
vertex 25.079280198211798 -203.49538084852648 2
vertex 22.879824650542343 -203.49538084852648 2
endloop
endfacet
facet normal 0 0 1
outer loop
vertex 25.72937779061583 -204.42208631954313 2
vertex 22.879824650542343 -203.49538084852648 2
vertex 23.313193292978525 -204.42208631954313 2
endloop
endfacet
facet normal 0 0 1
outer loop
vertex 364.6868067070214 -204.42208631954313 2
vertex 365.12017534945767 -203.49538084852648 2
vertex 362.92071980176854 -203.49538084852648 2
endloop
endfacet
facet normal 0 0 1
outer loop
vertex 364.6868067070214 -204.42208631954313 2
vertex 362.92071980176854 -203.49538084852648 2
vertex 362.2706222093675 -204.42208631954313 2
endloop
endfacet
facet normal 0 0 1
outer loop
vertex 168.69633410575406 -203.5722921424336 2
vertex 168.64679496658246 -203.38740740216454 2
vertex 166.30919070169273 -203.38740740216454 2
endloop
endfacet
facet normal 0 0 1
outer loop
vertex 168.69633410575406 -203.5722921424336 2
vertex 166.30919070169273 -203.38740740216454 2
vertex 166.49407381121273 -203.5722921424336 2
endloop
endfacet
facet normal 0 0 1
outer loop
vertex 221.5059261888033 -203.5722921424336 2
vertex 221.69080929831424 -203.38740740216454 2
vertex 219.35320503341768 -203.38740740216454 2
endloop
endfacet
facet normal 0 0 1
outer loop
vertex 221.5059261888033 -203.5722921424336 2
vertex 219.35320503341768 -203.38740740216454 2
vertex 219.30366589424605 -203.5722921424336 2
endloop
endfacet
facet normal 0 0 1
outer loop
vertex 168.64679496658246 -203.38740740216454 2
vertex 168.63393197611748 -203.3394015084213 2
vertex 168.5863849632919 -203.23743582293133 2
endloop
endfacet
facet normal 0 0 1
outer loop
vertex 168.64679496658246 -203.38740740216454 2
vertex 168.5863849632919 -203.23743582293133 2
vertex 166.09501167187318 -203.23743582293133 2
endloop
endfacet
facet normal 0 0 1
outer loop
vertex 168.64679496658246 -203.38740740216454 2
vertex 166.09501167187318 -203.23743582293133 2
vertex 166.30919070169273 -203.38740740216454 2
endloop
endfacet
facet normal 0 0 1
outer loop
vertex 221.69080929831424 -203.38740740216454 2
vertex 221.90498832811758 -203.23743582293133 2
vertex 219.41361503670822 -203.23743582293133 2
endloop
endfacet
facet normal 0 0 1
outer loop
vertex 221.69080929831424 -203.38740740216454 2
vertex 219.41361503670822 -203.23743582293133 2
vertex 219.3660680238827 -203.3394015084213 2
endloop
endfacet
facet normal 0 0 1
outer loop
vertex 221.69080929831424 -203.38740740216454 2
vertex 219.3660680238827 -203.3394015084213 2
vertex 219.35320503341768 -203.38740740216454 2
endloop
endfacet
facet normal 0 0 1
outer loop
vertex 168.5863849632919 -203.23743582293133 2
vertex 168.53485758489597 -203.12693415000993 2
vertex 165.8580443500336 -203.12693415000993 2
endloop
endfacet
facet normal 0 0 1
outer loop
vertex 168.5863849632919 -203.23743582293133 2
vertex 165.8580443500336 -203.12693415000993 2
vertex 166.09501167187318 -203.23743582293133 2
endloop
endfacet
facet normal 0 0 1
outer loop
vertex 221.90498832811758 -203.23743582293133 2
vertex 222.14195564997476 -203.12693415000993 2
vertex 219.4651424151041 -203.12693415000993 2
endloop
endfacet
facet normal 0 0 1
outer loop
vertex 221.90498832811758 -203.23743582293133 2
vertex 219.4651424151041 -203.12693415000993 2
vertex 219.41361503670822 -203.23743582293133 2
endloop
endfacet
facet normal 0 0 1
outer loop
vertex 25.079280198211798 -203.49538084852648 2
vertex 24.599816507190862 -202.46994217221567 2
vertex 22.53647486112341 -202.46994217221567 2
endloop
endfacet
facet normal 0 0 1
outer loop
vertex 25.079280198211798 -203.49538084852648 2
vertex 22.53647486112341 -202.46994217221567 2
vertex 22.721397982542015 -203.15660492979475 2
endloop
endfacet
facet normal 0 0 1
outer loop
vertex 25.079280198211798 -203.49538084852648 2
vertex 22.721397982542015 -203.15660492979475 2
vertex 22.879824650542343 -203.49538084852648 2
endloop
endfacet
facet normal 0 0 1
outer loop
vertex 365.12017534945767 -203.49538084852648 2
vertex 365.27860201745807 -203.15660492979475 2
vertex 365.4635251388766 -202.46994217221567 2
endloop
endfacet
facet normal 0 0 1
outer loop
vertex 365.12017534945767 -203.49538084852648 2
vertex 365.4635251388766 -202.46994217221567 2
vertex 363.40018349281877 -202.46994217221567 2
endloop
endfacet
facet normal 0 0 1
outer loop
vertex 365.12017534945767 -203.49538084852648 2
vertex 363.40018349281877 -202.46994217221567 2
vertex 362.92071980176854 -203.49538084852648 2
endloop
endfacet
facet normal 0 0 1
outer loop
vertex 24.599816507190862 -202.46994217221567 2
vertex 24.305528481507828 -201.3768710547311 2
vertex 22.3053127452038 -201.3768710547311 2
endloop
endfacet
facet normal 0 0 1
outer loop
vertex 24.599816507190862 -202.46994217221567 2
vertex 22.3053127452038 -201.3768710547311 2
vertex 22.33647932578222 -201.72731202003467 2
endloop
endfacet
facet normal 0 0 1
outer loop
vertex 24.599816507190862 -202.46994217221567 2
vertex 22.33647932578222 -201.72731202003467 2
vertex 22.53647486112341 -202.46994217221567 2
endloop
endfacet
facet normal 0 0 1
outer loop
vertex 365.4635251388766 -202.46994217221567 2
vertex 365.6635206742178 -201.72731202003467 2
vertex 365.69468725479624 -201.3768710547311 2
endloop
endfacet
facet normal 0 0 1
outer loop
vertex 365.4635251388766 -202.46994217221567 2
vertex 365.69468725479624 -201.3768710547311 2
vertex 363.69447151849334 -201.3768710547311 2
endloop
endfacet
facet normal 0 0 1
outer loop
vertex 365.4635251388766 -202.46994217221567 2
vertex 363.69447151849334 -201.3768710547311 2
vertex 363.40018349281877 -202.46994217221567 2
endloop
endfacet
facet normal 0 0 1
outer loop
vertex 24.305528481507828 -201.3768710547311 2
vertex 24.205343299999708 -200.24931900009454 2
vertex 22.205348194185287 -200.24931900009454 2
endloop
endfacet
facet normal 0 0 1
outer loop
vertex 24.305528481507828 -201.3768710547311 2
vertex 22.205348194185287 -200.24931900009454 2
vertex 22.205353349999996 -200.25291500000054 2
endloop
endfacet
facet normal 0 0 1
outer loop
vertex 24.305528481507828 -201.3768710547311 2
vertex 22.205353349999996 -200.25291500000054 2
vertex 22.3053127452038 -201.3768710547311 2
endloop
endfacet
facet normal 0 0 1
outer loop
vertex 365.69468725479624 -201.3768710547311 2
vertex 365.79464664999995 -200.25291500000054 2
vertex 365.7946518058147 -200.24931900009454 2
endloop
endfacet
facet normal 0 0 1
outer loop
vertex 365.69468725479624 -201.3768710547311 2
vertex 365.7946518058147 -200.24931900009454 2
vertex 363.79465669999456 -200.24931900009454 2
endloop
endfacet
facet normal 0 0 1
outer loop
vertex 365.69468725479624 -201.3768710547311 2
vertex 363.79465669999456 -200.24931900009454 2
vertex 363.69447151849334 -201.3768710547311 2
endloop
endfacet
facet normal 0 0 1
outer loop
vertex 164.4423201778654 -204.74000486897577 2
vertex 150.1170518000161 -199.52602874999673 2
vertex 26.204305503188294 -199.52602874999673 2
endloop
endfacet
facet normal 0 0 1
outer loop
vertex 164.4423201778654 -204.74000486897577 2
vertex 26.204305503188294 -199.52602874999673 2
vertex 26.205338350000734 -200.24645499998462 2
endloop
endfacet
facet normal 0 0 1
outer loop
vertex 164.4423201778654 -204.74000486897577 2
vertex 26.205338350000734 -200.24645499998462 2
vertex 26.274699649223997 -201.02706665593394 2
endloop
endfacet
facet normal 0 0 1
outer loop
vertex 164.4423201778654 -204.74000486897577 2
vertex 26.274699649223997 -201.02706665593394 2
vertex 26.47843837041741 -201.7838070875193 2
endloop
endfacet
facet normal 0 0 1
outer loop
vertex 164.4423201778654 -204.74000486897577 2
vertex 26.47843837041741 -201.7838070875193 2
vertex 26.81037528866377 -202.49372499082088 2
endloop
endfacet
facet normal 0 0 1
outer loop
vertex 164.4423201778654 -204.74000486897577 2
vertex 26.81037528866377 -202.49372499082088 2
vertex 27.26044303521564 -203.13528915035408 2
endloop
endfacet
facet normal 0 0 1
outer loop
vertex 164.4423201778654 -204.74000486897577 2
vertex 27.26044303521564 -203.13528915035408 2
vertex 27.814991432045325 -203.6890414621519 2
endloop
endfacet
facet normal 0 0 1
outer loop
vertex 164.4423201778654 -204.74000486897577 2
vertex 27.814991432045325 -203.6890414621519 2
vertex 28.457201490464186 -204.13818708214765 2
endloop
endfacet
facet normal 0 0 1
outer loop
vertex 164.4423201778654 -204.74000486897577 2
vertex 28.457201490464186 -204.13818708214765 2
vertex 29.16759551726781 -204.46910379984186 2
endloop
endfacet
facet normal 0 0 1
outer loop
vertex 164.4423201778654 -204.74000486897577 2
vertex 29.16759551726781 -204.46910379984186 2
vertex 29.92462785610124 -204.67175518809447 2
endloop
endfacet
facet normal 0 0 1
outer loop
vertex 164.4423201778654 -204.74000486897577 2
vertex 29.92462785610124 -204.67175518809447 2
vertex 30.705336699999926 -204.73999983581402 2
endloop
endfacet
facet normal 0 0 1
outer loop
vertex 164.4423201778654 -204.74000486897577 2
vertex 30.705336699999926 -204.73999983581402 2
vertex 94.53276674992561 -204.74000225616888 2
endloop
endfacet
facet normal 0 0 1
outer loop
vertex 164.4423201778654 -204.74000486897577 2
vertex 94.53276674992561 -204.74000225616888 2
vertex 94.70775732921916 -204.74000225616888 2
endloop
endfacet
facet normal 0 0 1
outer loop
vertex 164.4423201778654 -204.74000486897577 2
vertex 94.70775732921916 -204.74000225616888 2
vertex 148.79477530034777 -204.74000486897577 2
endloop
endfacet
facet normal 0 0 1
outer loop
vertex 293.46723310855606 -204.74000225616888 2
vertex 300.99073412474286 -204.74000225616888 2
vertex 357.2946632999992 -204.73999983581402 2
endloop
endfacet
facet normal 0 0 1
outer loop
vertex 293.46723310855606 -204.74000225616888 2
vertex 357.2946632999992 -204.73999983581402 2
vertex 358.0753721438995 -204.67175518809447 2
endloop
endfacet
facet normal 0 0 1
outer loop
vertex 293.46723310855606 -204.74000225616888 2
vertex 358.0753721438995 -204.67175518809447 2
vertex 358.8324044827388 -204.46910379984186 2
endloop
endfacet
facet normal 0 0 1
outer loop
vertex 293.46723310855606 -204.74000225616888 2
vertex 358.8324044827388 -204.46910379984186 2
vertex 359.5427985094786 -204.13818708214765 2
endloop
endfacet
facet normal 0 0 1
outer loop
vertex 293.46723310855606 -204.74000225616888 2
vertex 359.5427985094786 -204.13818708214765 2
vertex 360.18500856799324 -203.6890414621519 2
endloop
endfacet
facet normal 0 0 1
outer loop
vertex 293.46723310855606 -204.74000225616888 2
vertex 360.18500856799324 -203.6890414621519 2
vertex 360.73955696479396 -203.13528915035408 2
endloop
endfacet
facet normal 0 0 1
outer loop
vertex 293.46723310855606 -204.74000225616888 2
vertex 360.73955696479396 -203.13528915035408 2
vertex 361.1896247113182 -202.49372499082088 2
endloop
endfacet
facet normal 0 0 1
outer loop
vertex 293.46723310855606 -204.74000225616888 2
vertex 361.1896247113182 -202.49372499082088 2
vertex 361.5215616296006 -201.7838070875193 2
endloop
endfacet
facet normal 0 0 1
outer loop
vertex 293.46723310855606 -204.74000225616888 2
vertex 361.5215616296006 -201.7838070875193 2
vertex 361.7253003507764 -201.02706665593394 2
endloop
endfacet
facet normal 0 0 1
outer loop
vertex 293.46723310855606 -204.74000225616888 2
vertex 361.7253003507764 -201.02706665593394 2
vertex 361.7946616500051 -200.24645499998462 2
endloop
endfacet
facet normal 0 0 1
outer loop
vertex 293.46723310855606 -204.74000225616888 2
vertex 361.7946616500051 -200.24645499998462 2
vertex 361.7956944968175 -199.52602874999673 2
endloop
endfacet
facet normal 0 0 1
outer loop
vertex 293.46723310855606 -204.74000225616888 2
vertex 361.7956944968175 -199.52602874999673 2
vertex 237.88294820001101 -199.52602874999673 2
endloop
endfacet
facet normal 0 0 1
outer loop
vertex 293.46723310855606 -204.74000225616888 2
vertex 237.88294820001101 -199.52602874999673 2
vertex 223.55768657853787 -204.74000225616888 2
endloop
endfacet
facet normal 0 0 1
outer loop
vertex 150.1170518000161 -199.52602874999673 2
vertex 149.83891990302476 -199.39999041788064 2
vertex 26.204124806982996 -199.39999041788064 2
endloop
endfacet
facet normal 0 0 1
outer loop
vertex 150.1170518000161 -199.52602874999673 2
vertex 26.204124806982996 -199.39999041788064 2
vertex 26.204305503188294 -199.52602874999673 2
endloop
endfacet
facet normal 0 0 1
outer loop
vertex 361.7956944968175 -199.52602874999673 2
vertex 361.79587519302277 -199.39999041788064 2
vertex 238.1610800969611 -199.39999041788064 2
endloop
endfacet
facet normal 0 0 1
outer loop
vertex 361.7956944968175 -199.52602874999673 2
vertex 238.1610800969611 -199.39999041788064 2
vertex 237.88294820001101 -199.52602874999673 2
endloop
endfacet
facet normal 0 0 1
outer loop
vertex 149.83891990302476 -199.39999041788064 2
vertex 149.58321693945 -199.233080239353 2
vertex 26.20388551441716 -199.233080239353 2
endloop
endfacet
facet normal 0 0 1
outer loop
vertex 149.83891990302476 -199.39999041788064 2
vertex 26.20388551441716 -199.233080239353 2
vertex 26.204124806982996 -199.39999041788064 2
endloop
endfacet
facet normal 0 0 1
outer loop
vertex 361.79587519302277 -199.39999041788064 2
vertex 361.7961144855886 -199.233080239353 2
vertex 238.41678306054317 -199.233080239353 2
endloop
endfacet
facet normal 0 0 1
outer loop
vertex 361.79587519302277 -199.39999041788064 2
vertex 238.41678306054317 -199.233080239353 2
vertex 238.1610800969611 -199.39999041788064 2
endloop
endfacet
facet normal 0 0 1
outer loop
vertex 149.58321693945 -199.233080239353 2
vertex 149.3559035379706 -199.02918901642465 2
vertex 26.203593203580777 -199.02918901642465 2
endloop
endfacet
facet normal 0 0 1
outer loop
vertex 149.58321693945 -199.233080239353 2
vertex 26.203593203580777 -199.02918901642465 2
vertex 26.20388551441716 -199.233080239353 2
endloop
endfacet
facet normal 0 0 1
outer loop
vertex 361.7961144855886 -199.233080239353 2
vertex 361.796406796425 -199.02918901642465 2
vertex 238.6440964620233 -199.02918901642465 2
endloop
endfacet
facet normal 0 0 1
outer loop
vertex 361.7961144855886 -199.233080239353 2
vertex 238.6440964620233 -199.02918901642465 2
vertex 238.41678306054317 -199.233080239353 2
endloop
endfacet
facet normal 0 0 1
outer loop
vertex 149.3559035379706 -199.02918901642465 2
vertex 149.16227854524334 -198.79306960709437 2
vertex 26.203254688459644 -198.79306960709437 2
endloop
endfacet
facet normal 0 0 1
outer loop
vertex 149.3559035379706 -199.02918901642465 2
vertex 26.203254688459644 -198.79306960709437 2
vertex 26.203593203580777 -199.02918901642465 2
endloop
endfacet
facet normal 0 0 1
outer loop
vertex 361.796406796425 -199.02918901642465 2
vertex 361.7967453115461 -198.79306960709437 2
vertex 238.8377214547765 -198.79306960709437 2
endloop
endfacet
facet normal 0 0 1
outer loop
vertex 361.796406796425 -199.02918901642465 2
vertex 238.8377214547765 -198.79306960709437 2
vertex 238.6440964620233 -199.02918901642465 2
endloop
endfacet
facet normal 0 0 1
outer loop
vertex 149.16227854524334 -198.79306960709437 2
vertex 149.00685550565348 -198.53022613269658 2
vertex 26.202877860096287 -198.53022613269658 2
endloop
endfacet
facet normal 0 0 1
outer loop
vertex 149.16227854524334 -198.79306960709437 2
vertex 26.202877860096287 -198.53022613269658 2
vertex 26.203254688459644 -198.79306960709437 2
endloop
endfacet
facet normal 0 0 1
outer loop
vertex 361.7967453115461 -198.79306960709437 2
vertex 361.79712213990945 -198.53022613269658 2
vertex 238.99314449434186 -198.53022613269658 2
endloop
endfacet
facet normal 0 0 1
outer loop
vertex 361.7967453115461 -198.79306960709437 2
vertex 238.99314449434186 -198.53022613269658 2
vertex 238.8377214547765 -198.79306960709437 2
endloop
endfacet
facet normal 0 0 1
outer loop
vertex 149.00685550565348 -198.53022613269658 2
vertex 148.89325744737533 -198.24678567253073 2
vertex 26.202471502643593 -198.24678567253073 2
endloop
endfacet
facet normal 0 0 1
outer loop
vertex 149.00685550565348 -198.53022613269658 2
vertex 26.202471502643593 -198.24678567253073 2
vertex 26.202877860096287 -198.53022613269658 2
endloop
endfacet
facet normal 0 0 1
outer loop
vertex 361.79712213990945 -198.53022613269658 2
vertex 361.7975284973621 -198.24678567253073 2
vertex 239.1067425526322 -198.24678567253073 2
endloop
endfacet
facet normal 0 0 1
outer loop
vertex 361.79712213990945 -198.53022613269658 2
vertex 239.1067425526322 -198.24678567253073 2
vertex 238.99314449434186 -198.53022613269658 2
endloop
endfacet
facet normal 0 0 1
outer loop
vertex 148.89325744737533 -198.24678567253073 2
vertex 148.82413242673 -197.94935543742992 2
vertex 26.20204508860017 -197.94935543742992 2
endloop
endfacet
facet normal 0 0 1
outer loop
vertex 148.89325744737533 -198.24678567253073 2
vertex 26.20204508860017 -197.94935543742992 2
vertex 26.202471502643593 -198.24678567253073 2
endloop
endfacet
facet normal 0 0 1
outer loop
vertex 361.7975284973621 -198.24678567253073 2
vertex 361.79795491140555 -197.94935543742992 2
vertex 239.1758675732672 -197.94935543742992 2
endloop
endfacet
facet normal 0 0 1
outer loop
vertex 361.7975284973621 -198.24678567253073 2
vertex 239.1758675732672 -197.94935543742992 2
vertex 239.1067425526322 -198.24678567253073 2
endloop
endfacet
facet normal 0 0 1
outer loop
vertex 148.82413242673 -197.94935543742992 2
vertex 148.80109359999744 -197.6448675000142 2
vertex 26.2016085562062 -197.6448675000142 2
endloop
endfacet
facet normal 0 0 1
outer loop
vertex 148.82413242673 -197.94935543742992 2
vertex 26.2016085562062 -197.6448675000142 2
vertex 26.20204508860017 -197.94935543742992 2
endloop
endfacet
facet normal 0 0 1
outer loop
vertex 361.79795491140555 -197.94935543742992 2
vertex 361.7983914437995 -197.6448675000142 2
vertex 239.1989063999971 -197.6448675000142 2
endloop
endfacet
facet normal 0 0 1
outer loop
vertex 361.79795491140555 -197.94935543742992 2
vertex 239.1989063999971 -197.6448675000142 2
vertex 239.1758675732672 -197.94935543742992 2
endloop
endfacet
facet normal 0 0 1
outer loop
vertex 168.53485758489597 -203.12693415000993 2
vertex 168.37609841504562 -202.78647138232785 2
vertex 168.02616663767944 -202.28671382035736 2
endloop
endfacet
facet normal 0 0 1
outer loop
vertex 168.53485758489597 -203.12693415000993 2
vertex 168.02616663767944 -202.28671382035736 2
vertex 167.59476913881144 -201.85531369573127 2
endloop
endfacet
facet normal 0 0 1
outer loop
vertex 168.53485758489597 -203.12693415000993 2
vertex 167.59476913881144 -201.85531369573127 2
vertex 167.0950137067502 -201.5053788765395 2
endloop
endfacet
facet normal 0 0 1
outer loop
vertex 168.53485758489597 -203.12693415000993 2
vertex 167.0950137067502 -201.5053788765395 2
vertex 166.5420802999997 -201.24754390000032 2
endloop
endfacet
facet normal 0 0 1
outer loop
vertex 168.53485758489597 -203.12693415000993 2
vertex 166.5420802999997 -201.24754390000032 2
vertex 152.8023402 -196.2466874 2
endloop
endfacet
facet normal 0 0 1
outer loop
vertex 168.53485758489597 -203.12693415000993 2
vertex 152.8023402 -196.2466874 2
vertex 150.80233948143783 -196.2466874 2
endloop
endfacet
facet normal 0 0 1
outer loop
vertex 168.53485758489597 -203.12693415000993 2
vertex 150.80233948143783 -196.2466874 2
vertex 150.80109279999678 -197.64664849999994 2
endloop
endfacet
facet normal 0 0 1
outer loop
vertex 168.53485758489597 -203.12693415000993 2
vertex 150.80109279999678 -197.64664849999994 2
vertex 165.8580443500336 -203.12693415000993 2
endloop
endfacet
facet normal 0 0 1
outer loop
vertex 222.14195564997476 -203.12693415000993 2
vertex 237.19890720000234 -197.64664849999994 2
vertex 237.19766051856135 -196.2466874 2
endloop
endfacet
facet normal 0 0 1
outer loop
vertex 222.14195564997476 -203.12693415000993 2
vertex 237.19766051856135 -196.2466874 2
vertex 235.19765979999994 -196.2466874 2
endloop
endfacet
facet normal 0 0 1
outer loop
vertex 222.14195564997476 -203.12693415000993 2
vertex 235.19765979999994 -196.2466874 2
vertex 221.45791969999925 -201.24754390000032 2
endloop
endfacet
facet normal 0 0 1
outer loop
vertex 222.14195564997476 -203.12693415000993 2
vertex 221.45791969999925 -201.24754390000032 2
vertex 220.90498629325018 -201.5053788765395 2
endloop
endfacet
facet normal 0 0 1
outer loop
vertex 222.14195564997476 -203.12693415000993 2
vertex 220.90498629325018 -201.5053788765395 2
vertex 220.40523086118836 -201.85531369573127 2
endloop
endfacet
facet normal 0 0 1
outer loop
vertex 222.14195564997476 -203.12693415000993 2
vertex 220.40523086118836 -201.85531369573127 2
vertex 219.97383336232053 -202.28671382035736 2
endloop
endfacet
facet normal 0 0 1
outer loop
vertex 222.14195564997476 -203.12693415000993 2
vertex 219.97383336232053 -202.28671382035736 2
vertex 219.62390158495433 -202.78647138232785 2
endloop
endfacet
facet normal 0 0 1
outer loop
vertex 222.14195564997476 -203.12693415000993 2
vertex 219.62390158495433 -202.78647138232785 2
vertex 219.4651424151041 -203.12693415000993 2
endloop
endfacet
facet normal 0 0 1
outer loop
vertex 148.80109359999744 -197.6448675000142 2
vertex 148.8154262617865 -181.54999999999998 2
vertex 32.50000000000113 -181.54999999999998 2
endloop
endfacet
facet normal 0 0 1
outer loop
vertex 148.80109359999744 -197.6448675000142 2
vertex 32.50000000000113 -181.54999999999998 2
vertex 26.178533976963553 -181.54999999999998 2
endloop
endfacet
facet normal 0 0 1
outer loop
vertex 148.80109359999744 -197.6448675000142 2
vertex 26.178533976963553 -181.54999999999998 2
vertex 26.2016085562062 -197.6448675000142 2
endloop
endfacet
facet normal 0 0 1
outer loop
vertex 361.7983914437995 -197.6448675000142 2
vertex 361.8214660230417 -181.54999999999998 2
vertex 355.5000000000496 -181.54999999999998 2
endloop
endfacet
facet normal 0 0 1
outer loop
vertex 361.7983914437995 -197.6448675000142 2
vertex 355.5000000000496 -181.54999999999998 2
vertex 239.18457373820883 -181.54999999999998 2
endloop
endfacet
facet normal 0 0 1
outer loop
vertex 361.7983914437995 -197.6448675000142 2
vertex 239.18457373820883 -181.54999999999998 2
vertex 239.1989063999971 -197.6448675000142 2
endloop
endfacet
facet normal 0 0 1
outer loop
vertex 32.50000000000113 -181.54999999999998 2
vertex 32.2951551618755 -181.52982454442252 2
vertex 26.178505052205495 -181.52982454442252 2
endloop
endfacet
facet normal 0 0 1
outer loop
vertex 32.50000000000113 -181.54999999999998 2
vertex 26.178505052205495 -181.52982454442252 2
vertex 26.178533976963553 -181.54999999999998 2
endloop
endfacet
facet normal 0 0 1
outer loop
vertex 148.8154262617865 -181.54999999999998 2
vertex 148.8154442282582 -181.52982454442252 2
vertex 32.704844838126874 -181.52982454442252 2
endloop
endfacet
facet normal 0 0 1
outer loop
vertex 148.8154262617865 -181.54999999999998 2
vertex 32.704844838126874 -181.52982454442252 2
vertex 32.50000000000113 -181.54999999999998 2
endloop
endfacet
facet normal 0 0 1
outer loop
vertex 355.5000000000496 -181.54999999999998 2
vertex 355.2951551619339 -181.52982454442252 2
vertex 239.18455577173717 -181.52982454442252 2
endloop
endfacet
facet normal 0 0 1
outer loop
vertex 355.5000000000496 -181.54999999999998 2
vertex 239.18455577173717 -181.52982454442252 2
vertex 239.18457373820883 -181.54999999999998 2
endloop
endfacet
facet normal 0 0 1
outer loop
vertex 361.8214660230417 -181.54999999999998 2
vertex 361.82149494779975 -181.52982454442252 2
vertex 355.7048448380887 -181.52982454442252 2
endloop
endfacet
facet normal 0 0 1
outer loop
vertex 361.8214660230417 -181.54999999999998 2
vertex 355.7048448380887 -181.52982454442252 2
vertex 355.5000000000496 -181.54999999999998 2
endloop
endfacet
facet normal 0 0 1
outer loop
vertex 32.2951551618755 -181.52982454442252 2
vertex 32.09818239600871 -181.47007350913586 2
vertex 26.17841938949354 -181.47007350913586 2
endloop
endfacet
facet normal 0 0 1
outer loop
vertex 32.2951551618755 -181.52982454442252 2
vertex 26.17841938949354 -181.47007350913586 2
vertex 26.178505052205495 -181.52982454442252 2
endloop
endfacet
facet normal 0 0 1
outer loop
vertex 148.8154442282582 -181.52982454442252 2
vertex 148.81549743723184 -181.47007350913586 2
vertex 32.90181760395775 -181.47007350913586 2
endloop
endfacet
facet normal 0 0 1
outer loop
vertex 148.8154442282582 -181.52982454442252 2
vertex 32.90181760395775 -181.47007350913586 2
vertex 32.704844838126874 -181.52982454442252 2
endloop
endfacet
facet normal 0 0 1
outer loop
vertex 355.2951551619339 -181.52982454442252 2
vertex 355.0981823960198 -181.47007350913586 2
vertex 239.18450256276353 -181.47007350913586 2
endloop
endfacet
facet normal 0 0 1
outer loop
vertex 355.2951551619339 -181.52982454442252 2
vertex 239.18450256276353 -181.47007350913586 2
vertex 239.18455577173717 -181.52982454442252 2
endloop
endfacet
facet normal 0 0 1
outer loop
vertex 361.82149494779975 -181.52982454442252 2
vertex 361.8215806105117 -181.47007350913586 2
vertex 355.90181760398104 -181.47007350913586 2
endloop
endfacet
facet normal 0 0 1
outer loop
vertex 361.82149494779975 -181.52982454442252 2
vertex 355.90181760398104 -181.47007350913586 2
vertex 355.7048448380887 -181.52982454442252 2
endloop
endfacet
facet normal 0 0 1
outer loop
vertex 32.09818239600871 -181.47007350913586 2
vertex 31.916651255358012 -181.37304309293623 2
vertex 26.178280280797708 -181.37304309293623 2
endloop
endfacet
facet normal 0 0 1
outer loop
vertex 32.09818239600871 -181.47007350913586 2
vertex 26.178280280797708 -181.37304309293623 2
vertex 26.17841938949354 -181.47007350913586 2
endloop
endfacet
facet normal 0 0 1
outer loop
vertex 148.81549743723184 -181.47007350913586 2
vertex 148.81558384391636 -181.37304309293623 2
vertex 33.083348744652284 -181.37304309293623 2
endloop
endfacet
facet normal 0 0 1
outer loop
vertex 148.81549743723184 -181.47007350913586 2
vertex 33.083348744652284 -181.37304309293623 2
vertex 32.90181760395775 -181.47007350913586 2
endloop
endfacet
facet normal 0 0 1
outer loop
vertex 355.0981823960198 -181.47007350913586 2
vertex 354.91665125532836 -181.37304309293623 2
vertex 239.184416156079 -181.37304309293623 2
endloop
endfacet
facet normal 0 0 1
outer loop
vertex 355.0981823960198 -181.47007350913586 2
vertex 239.184416156079 -181.37304309293623 2
vertex 239.18450256276353 -181.47007350913586 2
endloop
endfacet
facet normal 0 0 1
outer loop
vertex 361.8215806105117 -181.47007350913586 2
vertex 361.8217197192075 -181.37304309293623 2
vertex 356.0833487446362 -181.37304309293623 2
endloop
endfacet
facet normal 0 0 1
outer loop
vertex 361.8215806105117 -181.47007350913586 2
vertex 356.0833487446362 -181.37304309293623 2
vertex 355.90181760398104 -181.47007350913586 2
endloop
endfacet
facet normal 0 0 1
outer loop
vertex 31.916651255358012 -181.37304309293623 2
vertex 31.75753787973754 -181.24246212022734 2
vertex 26.17809307198705 -181.24246212022734 2
endloop
endfacet
facet normal 0 0 1
outer loop
vertex 31.916651255358012 -181.37304309293623 2
vertex 26.17809307198705 -181.24246212022734 2
vertex 26.178280280797708 -181.37304309293623 2
endloop
endfacet
facet normal 0 0 1
outer loop
vertex 148.81558384391636 -181.37304309293623 2
vertex 148.81570012775146 -181.24246212022734 2
vertex 33.2424621202896 -181.24246212022734 2
endloop
endfacet
facet normal 0 0 1
outer loop
vertex 148.81558384391636 -181.37304309293623 2
vertex 33.2424621202896 -181.24246212022734 2
vertex 33.083348744652284 -181.37304309293623 2
endloop
endfacet
facet normal 0 0 1
outer loop
vertex 354.91665125532836 -181.37304309293623 2
vertex 354.7575378797286 -181.24246212022734 2
vertex 239.18429987224394 -181.24246212022734 2
endloop
endfacet
facet normal 0 0 1
outer loop
vertex 354.91665125532836 -181.37304309293623 2
vertex 239.18429987224394 -181.24246212022734 2
vertex 239.184416156079 -181.37304309293623 2
endloop
endfacet
facet normal 0 0 1
outer loop
vertex 361.8217197192075 -181.37304309293623 2
vertex 361.82190692801817 -181.24246212022734 2
vertex 356.2424621202851 -181.24246212022734 2
endloop
endfacet
facet normal 0 0 1
outer loop
vertex 361.8217197192075 -181.37304309293623 2
vertex 356.2424621202851 -181.24246212022734 2
vertex 356.0833487446362 -181.37304309293623 2
endloop
endfacet
facet normal 0 0 1
outer loop
vertex 31.75753787973754 -181.24246212022734 2
vertex 31.626956907064756 -181.08334874465086 2
vertex 26.177864957391307 -181.08334874465086 2
endloop
endfacet
facet normal 0 0 1
outer loop
vertex 31.75753787973754 -181.24246212022734 2
vertex 26.177864957391307 -181.08334874465086 2
vertex 26.17809307198705 -181.24246212022734 2
endloop
endfacet
facet normal 0 0 1
outer loop
vertex 148.81570012775146 -181.24246212022734 2
vertex 148.8158418200144 -181.08334874465086 2
vertex 33.37304309292012 -181.08334874465086 2
endloop
endfacet
facet normal 0 0 1
outer loop
vertex 148.81570012775146 -181.24246212022734 2
vertex 33.37304309292012 -181.08334874465086 2
vertex 33.2424621202896 -181.24246212022734 2
endloop
endfacet
facet normal 0 0 1
outer loop
vertex 354.7575378797286 -181.24246212022734 2
vertex 354.6269569070734 -181.08334874465086 2
vertex 239.18415817998098 -181.08334874465086 2
endloop
endfacet
facet normal 0 0 1
outer loop
vertex 354.7575378797286 -181.24246212022734 2
vertex 239.18415817998098 -181.08334874465086 2
vertex 239.18429987224394 -181.24246212022734 2
endloop
endfacet
facet normal 0 0 1
outer loop
vertex 361.82190692801817 -181.24246212022734 2
vertex 361.8221350426139 -181.08334874465086 2
vertex 356.373043092931 -181.08334874465086 2
endloop
endfacet
facet normal 0 0 1
outer loop
vertex 361.82190692801817 -181.24246212022734 2
vertex 356.373043092931 -181.08334874465086 2
vertex 356.2424621202851 -181.24246212022734 2
endloop
endfacet
facet normal 0 0 1
outer loop
vertex 31.626956907064756 -181.08334874465086 2
vertex 31.52992649086816 -180.90181760400586 2
vertex 26.177604703326477 -180.90181760400586 2
endloop
endfacet
facet normal 0 0 1
outer loop
vertex 31.626956907064756 -181.08334874465086 2
vertex 26.177604703326477 -180.90181760400586 2
vertex 26.177864957391307 -181.08334874465086 2
endloop
endfacet
facet normal 0 0 1
outer loop
vertex 148.8158418200144 -181.08334874465086 2
vertex 148.81600347555107 -180.90181760400586 2
vertex 33.4700735091219 -180.90181760400586 2
endloop
endfacet
facet normal 0 0 1
outer loop
vertex 148.8158418200144 -181.08334874465086 2
vertex 33.4700735091219 -180.90181760400586 2
vertex 33.37304309292012 -181.08334874465086 2
endloop
endfacet
facet normal 0 0 1
outer loop
vertex 354.6269569070734 -181.08334874465086 2
vertex 354.52992649087844 -180.90181760400586 2
vertex 239.18399652444432 -180.90181760400586 2
endloop
endfacet
facet normal 0 0 1
outer loop
vertex 354.6269569070734 -181.08334874465086 2
vertex 239.18399652444432 -180.90181760400586 2
vertex 239.18415817998098 -181.08334874465086 2
endloop
endfacet
facet normal 0 0 1
outer loop
vertex 361.8221350426139 -181.08334874465086 2
vertex 361.82239529667874 -180.90181760400586 2
vertex 356.47007350912605 -180.90181760400586 2
endloop
endfacet
facet normal 0 0 1
outer loop
vertex 361.8221350426139 -181.08334874465086 2
vertex 356.47007350912605 -180.90181760400586 2
vertex 356.373043092931 -181.08334874465086 2
endloop
endfacet
facet normal 0 0 1
outer loop
vertex 31.52992649086816 -180.90181760400586 2
vertex 31.470175455580172 -180.70484483813468 2
vertex 26.177322311210187 -180.70484483813468 2
endloop
endfacet
facet normal 0 0 1
outer loop
vertex 31.52992649086816 -180.90181760400586 2
vertex 26.177322311210187 -180.70484483813468 2
vertex 26.177604703326477 -180.90181760400586 2
endloop
endfacet
facet normal 0 0 1
outer loop
vertex 148.81600347555107 -180.90181760400586 2
vertex 148.81617888202987 -180.70484483813468 2
vertex 33.52982454442419 -180.70484483813468 2
endloop
endfacet
facet normal 0 0 1
outer loop
vertex 148.81600347555107 -180.90181760400586 2
vertex 33.52982454442419 -180.70484483813468 2
vertex 33.4700735091219 -180.90181760400586 2
endloop
endfacet
facet normal 0 0 1
outer loop
vertex 354.52992649087844 -180.90181760400586 2
vertex 354.47017545556565 -180.70484483813468 2
vertex 239.18382111796555 -180.70484483813468 2
endloop
endfacet
facet normal 0 0 1
outer loop
vertex 354.52992649087844 -180.90181760400586 2
vertex 239.18382111796555 -180.70484483813468 2
vertex 239.18399652444432 -180.90181760400586 2
endloop
endfacet
facet normal 0 0 1
outer loop
vertex 361.82239529667874 -180.90181760400586 2
vertex 361.822677688795 -180.70484483813468 2
vertex 356.52982454443054 -180.70484483813468 2
endloop
endfacet
facet normal 0 0 1
outer loop
vertex 361.82239529667874 -180.90181760400586 2
vertex 356.52982454443054 -180.70484483813468 2
vertex 356.47007350912605 -180.90181760400586 2
endloop
endfacet
facet normal 0 0 1
outer loop
vertex 31.470175455580172 -180.70484483813468 2
vertex 31.450000000002497 -180.50000000004133 2
vertex 26.177028633213208 -180.50000000004133 2
endloop
endfacet
facet normal 0 0 1
outer loop
vertex 31.470175455580172 -180.70484483813468 2
vertex 26.177028633213208 -180.50000000004133 2
vertex 26.177322311210187 -180.70484483813468 2
endloop
endfacet
facet normal 0 0 1
outer loop
vertex 148.81617888202987 -180.70484483813468 2
vertex 148.81636129867812 -180.50000000004133 2
vertex 33.549999999996494 -180.50000000004133 2
endloop
endfacet
facet normal 0 0 1
outer loop
vertex 148.81617888202987 -180.70484483813468 2
vertex 33.549999999996494 -180.50000000004133 2
vertex 33.52982454442419 -180.70484483813468 2
endloop
endfacet
facet normal 0 0 1
outer loop
vertex 354.47017545556565 -180.70484483813468 2
vertex 354.4499999999984 -180.50000000004133 2
vertex 239.18363870131728 -180.50000000004133 2
endloop
endfacet
facet normal 0 0 1
outer loop
vertex 354.47017545556565 -180.70484483813468 2
vertex 239.18363870131728 -180.50000000004133 2
vertex 239.18382111796555 -180.70484483813468 2
endloop
endfacet
facet normal 0 0 1
outer loop
vertex 361.822677688795 -180.70484483813468 2
vertex 361.822971366792 -180.50000000004133 2
vertex 356.55000000000035 -180.50000000004133 2
endloop
endfacet
facet normal 0 0 1
outer loop
vertex 361.822677688795 -180.70484483813468 2
vertex 356.55000000000035 -180.50000000004133 2
vertex 356.52982454443054 -180.70484483813468 2
endloop
endfacet
facet normal 0 0 1
outer loop
vertex 31.450000000002497 -180.50000000004133 2
vertex 31.470175455582737 -180.29515516180734 2
vertex 26.176734955216027 -180.29515516180734 2
endloop
endfacet
facet normal 0 0 1
outer loop
vertex 31.450000000002497 -180.50000000004133 2
vertex 26.176734955216027 -180.29515516180734 2
vertex 26.177028633213208 -180.50000000004133 2
endloop
endfacet
facet normal 0 0 1
outer loop
vertex 148.81636129867812 -180.50000000004133 2
vertex 148.8165437153265 -180.29515516180734 2
vertex 33.52982454441708 -180.29515516180734 2
endloop
endfacet
facet normal 0 0 1
outer loop
vertex 148.81636129867812 -180.50000000004133 2
vertex 33.52982454441708 -180.29515516180734 2
vertex 33.549999999996494 -180.50000000004133 2
endloop
endfacet
facet normal 0 0 1
outer loop
vertex 354.4499999999984 -180.50000000004133 2
vertex 354.4701754555827 -180.29515516180734 2
vertex 239.18345628466892 -180.29515516180734 2
endloop
endfacet
facet normal 0 0 1
outer loop
vertex 354.4499999999984 -180.50000000004133 2
vertex 239.18345628466892 -180.29515516180734 2
vertex 239.18363870131728 -180.50000000004133 2
endloop
endfacet
facet normal 0 0 1
outer loop
vertex 361.822971366792 -180.50000000004133 2
vertex 361.8232650447892 -180.29515516180734 2
vertex 356.5298245444122 -180.29515516180734 2
endloop
endfacet
facet normal 0 0 1
outer loop
vertex 361.822971366792 -180.50000000004133 2
vertex 356.5298245444122 -180.29515516180734 2
vertex 356.55000000000035 -180.50000000004133 2
endloop
endfacet
facet normal 0 0 1
outer loop
vertex 31.470175455582737 -180.29515516180734 2
vertex 31.52992649085564 -180.0981823960601 2
vertex 26.176452563099915 -180.0981823960601 2
endloop
endfacet
facet normal 0 0 1
outer loop
vertex 31.470175455582737 -180.29515516180734 2
vertex 26.176452563099915 -180.0981823960601 2
vertex 26.176734955216027 -180.29515516180734 2
endloop
endfacet
facet normal 0 0 1
outer loop
vertex 148.8165437153265 -180.29515516180734 2
vertex 148.8167191218052 -180.0981823960601 2
vertex 33.47007350916137 -180.0981823960601 2
endloop
endfacet
facet normal 0 0 1
outer loop
vertex 148.8165437153265 -180.29515516180734 2
vertex 33.47007350916137 -180.0981823960601 2
vertex 33.52982454441708 -180.29515516180734 2
endloop
endfacet
facet normal 0 0 1
outer loop
vertex 354.4701754555827 -180.29515516180734 2
vertex 354.5299264908558 -180.0981823960601 2
vertex 239.18328087819023 -180.0981823960601 2
endloop
endfacet
facet normal 0 0 1
outer loop
vertex 354.4701754555827 -180.29515516180734 2
vertex 239.18328087819023 -180.0981823960601 2
vertex 239.18345628466892 -180.29515516180734 2
endloop
endfacet
facet normal 0 0 1
outer loop
vertex 361.8232650447892 -180.29515516180734 2
vertex 361.8235474369053 -180.0981823960601 2
vertex 356.4700735091618 -180.0981823960601 2
endloop
endfacet
facet normal 0 0 1
outer loop
vertex 361.8232650447892 -180.29515516180734 2
vertex 356.4700735091618 -180.0981823960601 2
vertex 356.5298245444122 -180.29515516180734 2
endloop
endfacet
facet normal 0 0 1
outer loop
vertex 31.52992649085564 -180.0981823960601 2
vertex 31.62695690708216 -179.91665125534803 2
vertex 26.176192309034988 -179.91665125534803 2
endloop
endfacet
facet normal 0 0 1
outer loop
vertex 31.52992649085564 -180.0981823960601 2
vertex 26.176192309034988 -179.91665125534803 2
vertex 26.176452563099915 -180.0981823960601 2
endloop
endfacet
facet normal 0 0 1
outer loop
vertex 148.8167191218052 -180.0981823960601 2
vertex 148.8168807773419 -179.91665125534803 2
vertex 33.37304309293064 -179.91665125534803 2
endloop
endfacet
facet normal 0 0 1
outer loop
vertex 148.8167191218052 -180.0981823960601 2
vertex 33.37304309293064 -179.91665125534803 2
vertex 33.47007350916137 -180.0981823960601 2
endloop
endfacet
facet normal 0 0 1
outer loop
vertex 354.5299264908558 -180.0981823960601 2
vertex 354.62695690708 -179.91665125534803 2
vertex 239.18311922265354 -179.91665125534803 2
endloop
endfacet
facet normal 0 0 1
outer loop
vertex 354.5299264908558 -180.0981823960601 2
vertex 239.18311922265354 -179.91665125534803 2
vertex 239.18328087819023 -180.0981823960601 2
endloop
endfacet
facet normal 0 0 1
outer loop
vertex 361.8235474369053 -180.0981823960601 2
vertex 361.8238076909702 -179.91665125534803 2
vertex 356.3730430929293 -179.91665125534803 2
endloop
endfacet
facet normal 0 0 1
outer loop
vertex 361.8235474369053 -180.0981823960601 2
vertex 356.3730430929293 -179.91665125534803 2
vertex 356.4700735091618 -180.0981823960601 2
endloop
endfacet
facet normal 0 0 1
outer loop
vertex 31.62695690708216 -179.91665125534803 2
vertex 31.757537879755226 -179.75753787971325 2
vertex 26.17596419443916 -179.75753787971325 2
endloop
endfacet
facet normal 0 0 1
outer loop
vertex 31.62695690708216 -179.91665125534803 2
vertex 26.17596419443916 -179.75753787971325 2
vertex 26.176192309034988 -179.91665125534803 2
endloop
endfacet
facet normal 0 0 1
outer loop
vertex 148.8168807773419 -179.91665125534803 2
vertex 148.81702246960492 -179.75753787971325 2
vertex 33.24246212020522 -179.75753787971325 2
endloop
endfacet
facet normal 0 0 1
outer loop
vertex 148.8168807773419 -179.91665125534803 2
vertex 33.24246212020522 -179.75753787971325 2
vertex 33.37304309293064 -179.91665125534803 2
endloop
endfacet
facet normal 0 0 1
outer loop
vertex 354.62695690708 -179.91665125534803 2
vertex 354.7575378797686 -179.75753787971325 2
vertex 239.18297753039053 -179.75753787971325 2
endloop
endfacet
facet normal 0 0 1
outer loop
vertex 354.62695690708 -179.91665125534803 2
vertex 239.18297753039053 -179.75753787971325 2
vertex 239.18311922265354 -179.91665125534803 2
endloop
endfacet
facet normal 0 0 1
outer loop
vertex 361.8238076909702 -179.91665125534803 2
vertex 361.82403580556604 -179.75753787971325 2
vertex 356.2424621202087 -179.75753787971325 2
endloop
endfacet
facet normal 0 0 1
outer loop
vertex 361.8238076909702 -179.91665125534803 2
vertex 356.2424621202087 -179.75753787971325 2
vertex 356.3730430929293 -179.91665125534803 2
endloop
endfacet
facet normal 0 0 1
outer loop
vertex 31.757537879755226 -179.75753787971325 2
vertex 31.91665125533186 -179.62695690709012 2
vertex 26.175776985628627 -179.62695690709012 2
endloop
endfacet
facet normal 0 0 1
outer loop
vertex 31.757537879755226 -179.75753787971325 2
vertex 26.175776985628627 -179.62695690709012 2
vertex 26.17596419443916 -179.75753787971325 2
endloop
endfacet
facet normal 0 0 1
outer loop
vertex 148.81702246960492 -179.75753787971325 2
vertex 148.81713875343993 -179.62695690709012 2
vertex 33.083348744722656 -179.62695690709012 2
endloop
endfacet
facet normal 0 0 1
outer loop
vertex 148.81702246960492 -179.75753787971325 2
vertex 33.083348744722656 -179.62695690709012 2
vertex 33.24246212020522 -179.75753787971325 2
endloop
endfacet
facet normal 0 0 1
outer loop
vertex 354.7575378797686 -179.75753787971325 2
vertex 354.916651255333 -179.62695690709012 2
vertex 239.18286124655552 -179.62695690709012 2
endloop
endfacet
facet normal 0 0 1
outer loop
vertex 354.7575378797686 -179.75753787971325 2
vertex 239.18286124655552 -179.62695690709012 2
vertex 239.18297753039053 -179.75753787971325 2
endloop
endfacet
facet normal 0 0 1
outer loop
vertex 361.82403580556604 -179.75753787971325 2
vertex 361.82422301437657 -179.62695690709012 2
vertex 356.08334874469267 -179.62695690709012 2
endloop
endfacet
facet normal 0 0 1
outer loop
vertex 361.82403580556604 -179.75753787971325 2
vertex 356.08334874469267 -179.62695690709012 2
vertex 356.2424621202087 -179.75753787971325 2
endloop
endfacet
facet normal 0 0 1
outer loop
vertex 31.91665125533186 -179.62695690709012 2
vertex 32.09818239600266 -179.52992649086463 2
vertex 26.175637876932758 -179.52992649086463 2
endloop
endfacet
facet normal 0 0 1
outer loop
vertex 31.91665125533186 -179.62695690709012 2
vertex 26.175637876932758 -179.52992649086463 2
vertex 26.175776985628627 -179.62695690709012 2
endloop
endfacet
facet normal 0 0 1
outer loop
vertex 148.81713875343993 -179.62695690709012 2
vertex 148.81722516012448 -179.52992649086463 2
vertex 32.901817603994985 -179.52992649086463 2
endloop
endfacet
facet normal 0 0 1
outer loop
vertex 148.81713875343993 -179.62695690709012 2
vertex 32.901817603994985 -179.52992649086463 2
vertex 33.083348744722656 -179.62695690709012 2
endloop
endfacet
facet normal 0 0 1
outer loop
vertex 354.916651255333 -179.62695690709012 2
vertex 355.09818239601145 -179.52992649086463 2
vertex 239.18277483987097 -179.52992649086463 2
endloop
endfacet
facet normal 0 0 1
outer loop
vertex 354.916651255333 -179.62695690709012 2
vertex 239.18277483987097 -179.52992649086463 2
vertex 239.18286124655552 -179.62695690709012 2
endloop
endfacet
facet normal 0 0 1
outer loop
vertex 361.82422301437657 -179.62695690709012 2
vertex 361.82436212307243 -179.52992649086463 2
vertex 355.9018176039936 -179.52992649086463 2
endloop
endfacet
facet normal 0 0 1
outer loop
vertex 361.82422301437657 -179.62695690709012 2
vertex 355.9018176039936 -179.52992649086463 2
vertex 356.08334874469267 -179.62695690709012 2
endloop
endfacet
facet normal 0 0 1
outer loop
vertex 32.09818239600266 -179.52992649086463 2
vertex 32.295155161898066 -179.47017545558492 2
vertex 26.175552214220815 -179.47017545558492 2
endloop
endfacet
facet normal 0 0 1
outer loop
vertex 32.09818239600266 -179.52992649086463 2
vertex 26.175552214220815 -179.47017545558492 2
vertex 26.175637876932758 -179.52992649086463 2
endloop
endfacet
facet normal 0 0 1
outer loop
vertex 148.81722516012448 -179.52992649086463 2
vertex 148.81727836909812 -179.47017545558492 2
vertex 32.70484483813767 -179.47017545558492 2
endloop
endfacet
facet normal 0 0 1
outer loop
vertex 148.81722516012448 -179.52992649086463 2
vertex 32.70484483813767 -179.47017545558492 2
vertex 32.901817603994985 -179.52992649086463 2
endloop
endfacet
facet normal 0 0 1
outer loop
vertex 355.09818239601145 -179.52992649086463 2
vertex 355.29515516188496 -179.47017545558492 2
vertex 239.18272163089736 -179.47017545558492 2
endloop
endfacet
facet normal 0 0 1
outer loop
vertex 355.09818239601145 -179.52992649086463 2
vertex 239.18272163089736 -179.47017545558492 2
vertex 239.18277483987097 -179.52992649086463 2
endloop
endfacet
facet normal 0 0 1
outer loop
vertex 361.82436212307243 -179.52992649086463 2
vertex 361.82444778578434 -179.47017545558492 2
vertex 355.70484483814977 -179.47017545558492 2
endloop
endfacet
facet normal 0 0 1
outer loop
vertex 361.82436212307243 -179.52992649086463 2
vertex 355.70484483814977 -179.47017545558492 2
vertex 355.9018176039936 -179.52992649086463 2
endloop
endfacet
facet normal 0 0 1
outer loop
vertex 32.295155161898066 -179.47017545558492 2
vertex 32.50000000000115 -179.45000000000022 2
vertex 26.175523289462742 -179.45000000000022 2
endloop
endfacet
facet normal 0 0 1
outer loop
vertex 32.295155161898066 -179.47017545558492 2
vertex 26.175523289462742 -179.45000000000022 2
vertex 26.175552214220815 -179.47017545558492 2
endloop
endfacet
facet normal 0 0 1
outer loop
vertex 148.81727836909812 -179.47017545558492 2
vertex 148.8172963355698 -179.45000000000022 2
vertex 32.50000000000115 -179.45000000000022 2
endloop
endfacet
facet normal 0 0 1
outer loop
vertex 148.81727836909812 -179.47017545558492 2
vertex 32.50000000000115 -179.45000000000022 2
vertex 32.70484483813767 -179.47017545558492 2
endloop
endfacet
facet normal 0 0 1
outer loop
vertex 355.29515516188496 -179.47017545558492 2
vertex 355.49999999995083 -179.45000000000022 2
vertex 239.18270366442567 -179.45000000000022 2
endloop
endfacet
facet normal 0 0 1
outer loop
vertex 355.29515516188496 -179.47017545558492 2
vertex 239.18270366442567 -179.45000000000022 2
vertex 239.18272163089736 -179.47017545558492 2
endloop
endfacet
facet normal 0 0 1
outer loop
vertex 361.82444778578434 -179.47017545558492 2
vertex 361.82447671054246 -179.45000000000022 2
vertex 355.49999999995083 -179.45000000000022 2
endloop
endfacet
facet normal 0 0 1
outer loop
vertex 361.82444778578434 -179.47017545558492 2
vertex 355.49999999995083 -179.45000000000022 2
vertex 355.70484483814977 -179.47017545558492 2
endloop
endfacet
facet normal 0 0 1
outer loop
vertex 32.50000000000115 -179.45000000000022 2
vertex 148.8172963355698 -179.45000000000022 2
vertex 148.8256048062355 -170.12000000000006 2
endloop
endfacet
facet normal 0 0 1
outer loop
vertex 32.50000000000115 -179.45000000000022 2
vertex 148.8256048062355 -170.12000000000006 2
vertex 142.49999999998343 -170.12000000000006 2
endloop
endfacet
facet normal 0 0 1
outer loop
vertex 32.50000000000115 -179.45000000000022 2
vertex 142.49999999998343 -170.12000000000006 2
vertex 26.16214723499484 -170.12000000000006 2
endloop
endfacet
facet normal 0 0 1
outer loop
vertex 32.50000000000115 -179.45000000000022 2
vertex 26.16214723499484 -170.12000000000006 2
vertex 26.175523289462742 -179.45000000000022 2
endloop
endfacet
facet normal 0 0 1
outer loop
vertex 355.49999999995083 -179.45000000000022 2
vertex 361.82447671054246 -179.45000000000022 2
vertex 361.83785276501004 -170.12000000000006 2
endloop
endfacet
facet normal 0 0 1
outer loop
vertex 355.49999999995083 -179.45000000000022 2
vertex 361.83785276501004 -170.12000000000006 2
vertex 245.5000000000017 -170.12000000000006 2
endloop
endfacet
facet normal 0 0 1
outer loop
vertex 355.49999999995083 -179.45000000000022 2
vertex 245.5000000000017 -170.12000000000006 2
vertex 239.17439519376046 -170.12000000000006 2
endloop
endfacet
facet normal 0 0 1
outer loop
vertex 355.49999999995083 -179.45000000000022 2
vertex 239.17439519376046 -170.12000000000006 2
vertex 239.18270366442567 -179.45000000000022 2
endloop
endfacet
facet normal 0 0 1
outer loop
vertex 142.49999999998343 -170.12000000000006 2
vertex 142.2951551618826 -170.09982454442533 2
vertex 26.16211831023678 -170.09982454442533 2
endloop
endfacet
facet normal 0 0 1
outer loop
vertex 142.49999999998343 -170.12000000000006 2
vertex 26.16211831023678 -170.09982454442533 2
vertex 26.16214723499484 -170.12000000000006 2
endloop
endfacet
facet normal 0 0 1
outer loop
vertex 148.8256048062355 -170.12000000000006 2
vertex 148.8256227727072 -170.09982454442533 2
vertex 142.70484483809608 -170.09982454442533 2
endloop
endfacet
facet normal 0 0 1
outer loop
vertex 148.8256048062355 -170.12000000000006 2
vertex 142.70484483809608 -170.09982454442533 2
vertex 142.49999999998343 -170.12000000000006 2
endloop
endfacet
facet normal 0 0 1
outer loop
vertex 245.5000000000017 -170.12000000000006 2
vertex 245.2951551618787 -170.09982454442533 2
vertex 239.17437722728877 -170.09982454442533 2
endloop
endfacet
facet normal 0 0 1
outer loop
vertex 245.5000000000017 -170.12000000000006 2
vertex 239.17437722728877 -170.09982454442533 2
vertex 239.17439519376046 -170.12000000000006 2
endloop
endfacet
facet normal 0 0 1
outer loop
vertex 361.83785276501004 -170.12000000000006 2
vertex 361.8378816897681 -170.09982454442533 2
vertex 245.70484483810148 -170.09982454442533 2
endloop
endfacet
facet normal 0 0 1
outer loop
vertex 361.83785276501004 -170.12000000000006 2
vertex 245.70484483810148 -170.09982454442533 2
vertex 245.5000000000017 -170.12000000000006 2
endloop
endfacet
facet normal 0 0 1
outer loop
vertex 142.2951551618826 -170.09982454442533 2
vertex 142.09818239602043 -170.040073509133 2
vertex 26.16203264752482 -170.040073509133 2
endloop
endfacet
facet normal 0 0 1
outer loop
vertex 142.2951551618826 -170.09982454442533 2
vertex 26.16203264752482 -170.040073509133 2
vertex 26.16211831023678 -170.09982454442533 2
endloop
endfacet
facet normal 0 0 1
outer loop
vertex 148.8256227727072 -170.09982454442533 2
vertex 148.8256759816808 -170.040073509133 2
vertex 142.90181760399457 -170.040073509133 2
endloop
endfacet
facet normal 0 0 1
outer loop
vertex 148.8256227727072 -170.09982454442533 2
vertex 142.90181760399457 -170.040073509133 2
vertex 142.70484483809608 -170.09982454442533 2
endloop
endfacet
facet normal 0 0 1
outer loop
vertex 245.2951551618787 -170.09982454442533 2
vertex 245.09818239601003 -170.040073509133 2
vertex 239.17432401831513 -170.040073509133 2
endloop
endfacet
facet normal 0 0 1
outer loop
vertex 245.2951551618787 -170.09982454442533 2
vertex 239.17432401831513 -170.040073509133 2
vertex 239.17437722728877 -170.09982454442533 2
endloop
endfacet
facet normal 0 0 1
outer loop
vertex 361.8378816897681 -170.09982454442533 2
vertex 361.83796735248006 -170.040073509133 2
vertex 245.901817603987 -170.040073509133 2
endloop
endfacet
facet normal 0 0 1
outer loop
vertex 361.8378816897681 -170.09982454442533 2
vertex 245.901817603987 -170.040073509133 2
vertex 245.70484483810148 -170.09982454442533 2
endloop
endfacet
facet normal 0 0 1
outer loop
vertex 142.09818239602043 -170.040073509133 2
vertex 141.91665125533424 -169.94304309291553 2
vertex 26.161893538828963 -169.94304309291553 2
endloop
endfacet
facet normal 0 0 1
outer loop
vertex 142.09818239602043 -170.040073509133 2
vertex 26.161893538828963 -169.94304309291553 2
vertex 26.16203264752482 -170.040073509133 2
endloop
endfacet
facet normal 0 0 1
outer loop
vertex 148.8256759816808 -170.040073509133 2
vertex 148.82576238836535 -169.94304309291553 2
vertex 143.0833487446689 -169.94304309291553 2
endloop
endfacet
facet normal 0 0 1
outer loop
vertex 148.8256759816808 -170.040073509133 2
vertex 143.0833487446689 -169.94304309291553 2
vertex 142.90181760399457 -170.040073509133 2
endloop
endfacet
facet normal 0 0 1
outer loop
vertex 245.09818239601003 -170.040073509133 2
vertex 244.91665125532916 -169.94304309291553 2
vertex 239.17423761163062 -169.94304309291553 2
endloop
endfacet
facet normal 0 0 1
outer loop
vertex 245.09818239601003 -170.040073509133 2
vertex 239.17423761163062 -169.94304309291553 2
vertex 239.17432401831513 -170.040073509133 2
endloop
endfacet
facet normal 0 0 1
outer loop
vertex 361.83796735248006 -170.040073509133 2
vertex 361.8381064611759 -169.94304309291553 2
vertex 246.0833487446711 -169.94304309291553 2
endloop
endfacet
facet normal 0 0 1
outer loop
vertex 361.83796735248006 -170.040073509133 2
vertex 246.0833487446711 -169.94304309291553 2
vertex 245.901817603987 -170.040073509133 2
endloop
endfacet
facet normal 0 0 1
outer loop
vertex 141.91665125533424 -169.94304309291553 2
vertex 141.75753787975594 -169.8124621202374 2
vertex 26.16170633001835 -169.8124621202374 2
endloop
endfacet
facet normal 0 0 1
outer loop
vertex 141.91665125533424 -169.94304309291553 2
vertex 26.16170633001835 -169.8124621202374 2
vertex 26.161893538828963 -169.94304309291553 2
endloop
endfacet
facet normal 0 0 1
outer loop
vertex 148.82576238836535 -169.94304309291553 2
vertex 148.82587867220042 -169.8124621202374 2
vertex 143.24246212025625 -169.8124621202374 2
endloop
endfacet
facet normal 0 0 1
outer loop
vertex 148.82576238836535 -169.94304309291553 2
vertex 143.24246212025625 -169.8124621202374 2
vertex 143.0833487446689 -169.94304309291553 2
endloop
endfacet
facet normal 0 0 1
outer loop
vertex 244.91665125532916 -169.94304309291553 2
vertex 244.75753787974116 -169.8124621202374 2
vertex 239.17412132779558 -169.8124621202374 2
endloop
endfacet
facet normal 0 0 1
outer loop
vertex 244.91665125532916 -169.94304309291553 2
vertex 239.17412132779558 -169.8124621202374 2
vertex 239.17423761163062 -169.94304309291553 2
endloop
endfacet
facet normal 0 0 1
outer loop
vertex 361.8381064611759 -169.94304309291553 2
vertex 361.8382936699865 -169.8124621202374 2
vertex 246.2424621202541 -169.8124621202374 2
endloop
endfacet
facet normal 0 0 1
outer loop
vertex 361.8381064611759 -169.94304309291553 2
vertex 246.2424621202541 -169.8124621202374 2
vertex 246.0833487446711 -169.94304309291553 2
endloop
endfacet
facet normal 0 0 1
outer loop
vertex 141.75753787975594 -169.8124621202374 2
vertex 141.62695690706212 -169.6533487446802 2
vertex 26.161478215422633 -169.6533487446802 2
endloop
endfacet
facet normal 0 0 1
outer loop
vertex 141.75753787975594 -169.8124621202374 2
vertex 26.161478215422633 -169.6533487446802 2
vertex 26.16170633001835 -169.8124621202374 2
endloop
endfacet
facet normal 0 0 1
outer loop
vertex 148.82587867220042 -169.8124621202374 2
vertex 148.82602036446335 -169.6533487446802 2
vertex 143.3730430929057 -169.6533487446802 2
endloop
endfacet
facet normal 0 0 1
outer loop
vertex 148.82587867220042 -169.8124621202374 2
vertex 143.3730430929057 -169.6533487446802 2
vertex 143.24246212025625 -169.8124621202374 2
endloop
endfacet
facet normal 0 0 1
outer loop
vertex 244.75753787974116 -169.8124621202374 2
vertex 244.6269569070842 -169.6533487446802 2
vertex 239.17397963553262 -169.6533487446802 2
endloop
endfacet
facet normal 0 0 1
outer loop
vertex 244.75753787974116 -169.8124621202374 2
vertex 239.17397963553262 -169.6533487446802 2
vertex 239.17412132779558 -169.8124621202374 2
endloop
endfacet
facet normal 0 0 1
outer loop
vertex 361.8382936699865 -169.8124621202374 2
vertex 361.83852178458227 -169.6533487446802 2
vertex 246.37304309290894 -169.6533487446802 2
endloop
endfacet
facet normal 0 0 1
outer loop
vertex 361.8382936699865 -169.8124621202374 2
vertex 246.37304309290894 -169.6533487446802 2
vertex 246.2424621202541 -169.8124621202374 2
endloop
endfacet
facet normal 0 0 1
outer loop
vertex 141.62695690706212 -169.6533487446802 2
vertex 141.52992649086997 -169.4718176040124 2
vertex 26.16121796135777 -169.4718176040124 2
endloop
endfacet
facet normal 0 0 1
outer loop
vertex 141.62695690706212 -169.6533487446802 2
vertex 26.16121796135777 -169.4718176040124 2
vertex 26.161478215422633 -169.6533487446802 2
endloop
endfacet
facet normal 0 0 1
outer loop
vertex 148.82602036446335 -169.6533487446802 2
vertex 148.82618202000003 -169.4718176040124 2
vertex 143.47007350912148 -169.4718176040124 2
endloop
endfacet
facet normal 0 0 1
outer loop
vertex 148.82602036446335 -169.6533487446802 2
vertex 143.47007350912148 -169.4718176040124 2
vertex 143.3730430929057 -169.6533487446802 2
endloop
endfacet
facet normal 0 0 1
outer loop
vertex 244.6269569070842 -169.6533487446802 2
vertex 244.52992649087543 -169.4718176040124 2
vertex 239.17381797999596 -169.4718176040124 2
endloop
endfacet
facet normal 0 0 1
outer loop
vertex 244.6269569070842 -169.6533487446802 2
vertex 239.17381797999596 -169.4718176040124 2
vertex 239.17397963553262 -169.6533487446802 2
endloop
endfacet
facet normal 0 0 1
outer loop
vertex 361.83852178458227 -169.6533487446802 2
vertex 361.8387820386471 -169.4718176040124 2
vertex 246.47007350912176 -169.4718176040124 2
endloop
endfacet
facet normal 0 0 1
outer loop
vertex 361.83852178458227 -169.6533487446802 2
vertex 246.47007350912176 -169.4718176040124 2
vertex 246.37304309290894 -169.6533487446802 2
endloop
endfacet
facet normal 0 0 1
outer loop
vertex 141.52992649086997 -169.4718176040124 2
vertex 141.47017545557628 -169.27484483809886 2
vertex 26.16093556924142 -169.27484483809886 2
endloop
endfacet
facet normal 0 0 1
outer loop
vertex 141.52992649086997 -169.4718176040124 2
vertex 26.16093556924142 -169.27484483809886 2
vertex 26.16121796135777 -169.4718176040124 2
endloop
endfacet
facet normal 0 0 1
outer loop
vertex 148.82618202000003 -169.4718176040124 2
vertex 148.82635742647886 -169.27484483809886 2
vertex 143.52982454442432 -169.27484483809886 2
endloop
endfacet
facet normal 0 0 1
outer loop
vertex 148.82618202000003 -169.4718176040124 2
vertex 143.52982454442432 -169.27484483809886 2
vertex 143.47007350912148 -169.4718176040124 2
endloop
endfacet
facet normal 0 0 1
outer loop
vertex 244.52992649087543 -169.4718176040124 2
vertex 244.47017545557458 -169.27484483809886 2
vertex 239.17364257351713 -169.27484483809886 2
endloop
endfacet
facet normal 0 0 1
outer loop
vertex 244.52992649087543 -169.4718176040124 2
vertex 239.17364257351713 -169.27484483809886 2
vertex 239.17381797999596 -169.4718176040124 2
endloop
endfacet
facet normal 0 0 1
outer loop
vertex 361.8387820386471 -169.4718176040124 2
vertex 361.8390644307635 -169.27484483809886 2
vertex 246.52982454442494 -169.27484483809886 2
endloop
endfacet
facet normal 0 0 1
outer loop
vertex 361.8387820386471 -169.4718176040124 2
vertex 246.52982454442494 -169.27484483809886 2
vertex 246.47007350912176 -169.4718176040124 2
endloop
endfacet
facet normal 0 0 1
outer loop
vertex 141.47017545557628 -169.27484483809886 2
vertex 141.44999999999996 -169.0700000000022 2
vertex 26.160641891244435 -169.0700000000022 2
endloop
endfacet
facet normal 0 0 1
outer loop
vertex 141.47017545557628 -169.27484483809886 2
vertex 26.160641891244435 -169.0700000000022 2
vertex 26.16093556924142 -169.27484483809886 2
endloop
endfacet
facet normal 0 0 1
outer loop
vertex 148.82635742647886 -169.27484483809886 2
vertex 148.82653984312714 -169.0700000000022 2
vertex 143.54999999999998 -169.0700000000022 2
endloop
endfacet
facet normal 0 0 1
outer loop
vertex 148.82635742647886 -169.27484483809886 2
vertex 143.54999999999998 -169.0700000000022 2
vertex 143.52982454442432 -169.27484483809886 2
endloop
endfacet
facet normal 0 0 1
outer loop
vertex 244.47017545557458 -169.27484483809886 2
vertex 244.45 -169.0700000000022 2
vertex 239.17346015686886 -169.0700000000022 2
endloop
endfacet
facet normal 0 0 1
outer loop
vertex 244.47017545557458 -169.27484483809886 2
vertex 239.17346015686886 -169.0700000000022 2
vertex 239.17364257351713 -169.27484483809886 2
endloop
endfacet
facet normal 0 0 1
outer loop
vertex 361.8390644307635 -169.27484483809886 2
vertex 361.83935810876045 -169.0700000000022 2
vertex 246.5500000000001 -169.0700000000022 2
endloop
endfacet
facet normal 0 0 1
outer loop
vertex 361.8390644307635 -169.27484483809886 2
vertex 246.5500000000001 -169.0700000000022 2
vertex 246.52982454442494 -169.27484483809886 2
endloop
endfacet
facet normal 0 0 1
outer loop
vertex 141.44999999999996 -169.0700000000022 2
vertex 141.47017545557762 -168.8651551618977 2
vertex 26.160348213247442 -168.8651551618977 2
endloop
endfacet
facet normal 0 0 1
outer loop
vertex 141.44999999999996 -169.0700000000022 2
vertex 26.160348213247442 -168.8651551618977 2
vertex 26.160641891244435 -169.0700000000022 2
endloop
endfacet
facet normal 0 0 1
outer loop
vertex 148.82653984312714 -169.0700000000022 2
vertex 148.8267222597754 -168.8651551618977 2
vertex 143.5298245444246 -168.8651551618977 2
endloop
endfacet
facet normal 0 0 1
outer loop
vertex 148.82653984312714 -169.0700000000022 2
vertex 143.5298245444246 -168.8651551618977 2
vertex 143.54999999999998 -169.0700000000022 2
endloop
endfacet
facet normal 0 0 1
outer loop
vertex 244.45 -169.0700000000022 2
vertex 244.4701754555776 -168.8651551618977 2
vertex 239.1732777402206 -168.8651551618977 2
endloop
endfacet
facet normal 0 0 1
outer loop
vertex 244.45 -169.0700000000022 2
vertex 239.1732777402206 -168.8651551618977 2
vertex 239.17346015686886 -169.0700000000022 2
endloop
endfacet
facet normal 0 0 1
outer loop
vertex 361.83935810876045 -169.0700000000022 2
vertex 361.83965178675743 -168.8651551618977 2
vertex 246.52982454442468 -168.8651551618977 2
endloop
endfacet
facet normal 0 0 1
outer loop
vertex 361.83935810876045 -169.0700000000022 2
vertex 246.52982454442468 -168.8651551618977 2
vertex 246.5500000000001 -169.0700000000022 2
endloop
endfacet
facet normal 0 0 1
outer loop
vertex 141.47017545557762 -168.8651551618977 2
vertex 141.52992649086147 -168.66818239602256 2
vertex 26.160065821131145 -168.66818239602256 2
endloop
endfacet
facet normal 0 0 1
outer loop
vertex 141.47017545557762 -168.8651551618977 2
vertex 26.160065821131145 -168.66818239602256 2
vertex 26.160348213247442 -168.8651551618977 2
endloop
endfacet
facet normal 0 0 1
outer loop
vertex 148.8267222597754 -168.8651551618977 2
vertex 148.8268976662542 -168.66818239602256 2
vertex 143.4700735091354 -168.66818239602256 2
endloop
endfacet
facet normal 0 0 1
outer loop
vertex 148.8267222597754 -168.8651551618977 2
vertex 143.4700735091354 -168.66818239602256 2
vertex 143.5298245444246 -168.8651551618977 2
endloop
endfacet
facet normal 0 0 1
outer loop
vertex 244.4701754555776 -168.8651551618977 2
vertex 244.52992649086084 -168.66818239602256 2
vertex 239.1731023337418 -168.66818239602256 2
endloop
endfacet
facet normal 0 0 1
outer loop
vertex 244.4701754555776 -168.8651551618977 2
vertex 239.1731023337418 -168.66818239602256 2
vertex 239.1732777402206 -168.8651551618977 2
endloop
endfacet
facet normal 0 0 1
outer loop
vertex 361.83965178675743 -168.8651551618977 2
vertex 361.8399341788737 -168.66818239602256 2
vertex 246.470073509132 -168.66818239602256 2
endloop
endfacet
facet normal 0 0 1
outer loop
vertex 361.83965178675743 -168.8651551618977 2
vertex 246.470073509132 -168.66818239602256 2
vertex 246.52982454442468 -168.8651551618977 2
endloop
endfacet
facet normal 0 0 1
outer loop
vertex 141.52992649086147 -168.66818239602256 2
vertex 141.62695690708006 -168.48665125530601 2
vertex 26.15980556706621 -168.48665125530601 2
endloop
endfacet
facet normal 0 0 1
outer loop
vertex 141.52992649086147 -168.66818239602256 2
vertex 26.15980556706621 -168.48665125530601 2
vertex 26.160065821131145 -168.66818239602256 2
endloop
endfacet
facet normal 0 0 1
outer loop
vertex 148.8268976662542 -168.66818239602256 2
vertex 148.82705932179093 -168.48665125530601 2
vertex 143.37304309290056 -168.48665125530601 2
endloop
endfacet
facet normal 0 0 1
outer loop
vertex 148.8268976662542 -168.66818239602256 2
vertex 143.37304309290056 -168.48665125530601 2
vertex 143.4700735091354 -168.66818239602256 2
endloop
endfacet
facet normal 0 0 1
outer loop
vertex 244.52992649086084 -168.66818239602256 2
vertex 244.62695690708003 -168.48665125530601 2
vertex 239.1729406782051 -168.48665125530601 2
endloop
endfacet
facet normal 0 0 1
outer loop
vertex 244.52992649086084 -168.66818239602256 2
vertex 239.1729406782051 -168.48665125530601 2
vertex 239.1731023337418 -168.66818239602256 2
endloop
endfacet
facet normal 0 0 1
outer loop
vertex 361.8399341788737 -168.66818239602256 2
vertex 361.84019443293863 -168.48665125530601 2
vertex 246.3730430929164 -168.48665125530601 2
endloop
endfacet
facet normal 0 0 1
outer loop
vertex 361.8399341788737 -168.66818239602256 2
vertex 246.3730430929164 -168.48665125530601 2
vertex 246.470073509132 -168.66818239602256 2
endloop
endfacet
facet normal 0 0 1
outer loop
vertex 141.62695690708006 -168.48665125530601 2
vertex 141.757537879753 -168.327537879751 2
vertex 26.159577452470497 -168.327537879751 2
endloop
endfacet
facet normal 0 0 1
outer loop
vertex 141.62695690708006 -168.48665125530601 2
vertex 26.159577452470497 -168.327537879751 2
vertex 26.15980556706621 -168.48665125530601 2
endloop
endfacet
facet normal 0 0 1
outer loop
vertex 148.82705932179093 -168.48665125530601 2
vertex 148.82720101405388 -168.327537879751 2
vertex 143.2424621202454 -168.327537879751 2
endloop
endfacet
facet normal 0 0 1
outer loop
vertex 148.82705932179093 -168.48665125530601 2
vertex 143.2424621202454 -168.327537879751 2
vertex 143.37304309290056 -168.48665125530601 2
endloop
endfacet
facet normal 0 0 1
outer loop
vertex 244.62695690708003 -168.48665125530601 2
vertex 244.75753787975688 -168.327537879751 2
vertex 239.17279898594217 -168.327537879751 2
endloop
endfacet
facet normal 0 0 1
outer loop
vertex 244.62695690708003 -168.48665125530601 2
vertex 239.17279898594217 -168.327537879751 2
vertex 239.1729406782051 -168.48665125530601 2
endloop
endfacet
facet normal 0 0 1
outer loop
vertex 361.84019443293863 -168.48665125530601 2
vertex 361.84042254753433 -168.327537879751 2
vertex 246.2424621202573 -168.327537879751 2
endloop
endfacet
facet normal 0 0 1
outer loop
vertex 361.84019443293863 -168.48665125530601 2
vertex 246.2424621202573 -168.327537879751 2
vertex 246.3730430929164 -168.48665125530601 2
endloop
endfacet
facet normal 0 0 1
outer loop
vertex 141.757537879753 -168.327537879751 2
vertex 141.91665125533007 -168.1969569070842 2
vertex 26.159390243659903 -168.1969569070842 2
endloop
endfacet
facet normal 0 0 1
outer loop
vertex 141.757537879753 -168.327537879751 2
vertex 26.159390243659903 -168.1969569070842 2
vertex 26.159577452470497 -168.327537879751 2
endloop
endfacet
facet normal 0 0 1
outer loop
vertex 148.82720101405388 -168.327537879751 2
vertex 148.82731729788892 -168.1969569070842 2
vertex 143.0833487446762 -168.1969569070842 2
endloop
endfacet
facet normal 0 0 1
outer loop
vertex 148.82720101405388 -168.327537879751 2
vertex 143.0833487446762 -168.1969569070842 2
vertex 143.2424621202454 -168.327537879751 2
endloop
endfacet
facet normal 0 0 1
outer loop
vertex 244.75753787975688 -168.327537879751 2
vertex 244.9166512553262 -168.1969569070842 2
vertex 239.17268270210712 -168.1969569070842 2
endloop
endfacet
facet normal 0 0 1
outer loop
vertex 244.75753787975688 -168.327537879751 2
vertex 239.17268270210712 -168.1969569070842 2
vertex 239.17279898594217 -168.327537879751 2
endloop
endfacet
facet normal 0 0 1
outer loop
vertex 361.84042254753433 -168.327537879751 2
vertex 361.8406097563449 -168.1969569070842 2
vertex 246.08334874467133 -168.1969569070842 2
endloop
endfacet
facet normal 0 0 1
outer loop
vertex 361.84042254753433 -168.327537879751 2
vertex 246.08334874467133 -168.1969569070842 2
vertex 246.2424621202573 -168.327537879751 2
endloop
endfacet
facet normal 0 0 1
outer loop
vertex 141.91665125533007 -168.1969569070842 2
vertex 142.09818239602117 -168.09992649085655 2
vertex 26.15925113496403 -168.09992649085655 2
endloop
endfacet
facet normal 0 0 1
outer loop
vertex 141.91665125533007 -168.1969569070842 2
vertex 26.15925113496403 -168.09992649085655 2
vertex 26.159390243659903 -168.1969569070842 2
endloop
endfacet
facet normal 0 0 1
outer loop
vertex 148.82731729788892 -168.1969569070842 2
vertex 148.82740370457347 -168.09992649085655 2
vertex 142.90181760396263 -168.09992649085655 2
endloop
endfacet
facet normal 0 0 1
outer loop
vertex 148.82731729788892 -168.1969569070842 2
vertex 142.90181760396263 -168.09992649085655 2
vertex 143.0833487446762 -168.1969569070842 2
endloop
endfacet
facet normal 0 0 1
outer loop
vertex 244.9166512553262 -168.1969569070842 2
vertex 245.09818239602933 -168.09992649085655 2
vertex 239.17259629542258 -168.09992649085655 2
endloop
endfacet
facet normal 0 0 1
outer loop
vertex 244.9166512553262 -168.1969569070842 2
vertex 239.17259629542258 -168.09992649085655 2
vertex 239.17268270210712 -168.1969569070842 2
endloop
endfacet
facet normal 0 0 1
outer loop
vertex 361.8406097563449 -168.1969569070842 2
vertex 361.84074886504084 -168.09992649085655 2
vertex 245.90181760396192 -168.09992649085655 2
endloop
endfacet
facet normal 0 0 1
outer loop
vertex 361.8406097563449 -168.1969569070842 2
vertex 245.90181760396192 -168.09992649085655 2
vertex 246.08334874467133 -168.1969569070842 2
endloop
endfacet
facet normal 0 0 1
outer loop
vertex 142.09818239602117 -168.09992649085655 2
vertex 142.29515516187584 -168.04017545557855 2
vertex 26.159165472252088 -168.04017545557855 2
endloop
endfacet
facet normal 0 0 1
outer loop
vertex 142.09818239602117 -168.09992649085655 2
vertex 26.159165472252088 -168.04017545557855 2
vertex 26.15925113496403 -168.09992649085655 2
endloop
endfacet
facet normal 0 0 1
outer loop
vertex 148.82740370457347 -168.09992649085655 2
vertex 148.82745691354708 -168.04017545557855 2
vertex 142.70484483815991 -168.04017545557855 2
endloop
endfacet
facet normal 0 0 1
outer loop
vertex 148.82740370457347 -168.09992649085655 2
vertex 142.70484483815991 -168.04017545557855 2
vertex 142.90181760396263 -168.09992649085655 2
endloop
endfacet
facet normal 0 0 1
outer loop
vertex 245.09818239602933 -168.09992649085655 2
vertex 245.29515516186748 -168.04017545557855 2
vertex 239.17254308644897 -168.04017545557855 2
endloop
endfacet
facet normal 0 0 1
outer loop
vertex 245.09818239602933 -168.09992649085655 2
vertex 239.17254308644897 -168.04017545557855 2
vertex 239.17259629542258 -168.09992649085655 2
endloop
endfacet
facet normal 0 0 1
outer loop
vertex 361.84074886504084 -168.09992649085655 2
vertex 361.84083452775275 -168.04017545557855 2
vertex 245.70484483814064 -168.04017545557855 2
endloop
endfacet
facet normal 0 0 1
outer loop
vertex 361.84074886504084 -168.09992649085655 2
vertex 245.70484483814064 -168.04017545557855 2
vertex 245.90181760396192 -168.09992649085655 2
endloop
endfacet
facet normal 0 0 1
outer loop
vertex 142.29515516187584 -168.04017545557855 2
vertex 142.49999999999915 -168.0200000000003 2
vertex 26.159136547494025 -168.0200000000003 2
endloop
endfacet
facet normal 0 0 1
outer loop
vertex 142.29515516187584 -168.04017545557855 2
vertex 26.159136547494025 -168.0200000000003 2
vertex 26.159165472252088 -168.04017545557855 2
endloop
endfacet
facet normal 0 0 1
outer loop
vertex 148.82745691354708 -168.04017545557855 2
vertex 148.82747488001877 -168.0200000000003 2
vertex 142.49999999999915 -168.0200000000003 2
endloop
endfacet
facet normal 0 0 1
outer loop
vertex 148.82745691354708 -168.04017545557855 2
vertex 142.49999999999915 -168.0200000000003 2
vertex 142.70484483815991 -168.04017545557855 2
endloop
endfacet
facet normal 0 0 1
outer loop
vertex 245.29515516186748 -168.04017545557855 2
vertex 245.50000000000355 -168.0200000000003 2
vertex 239.17252511997728 -168.0200000000003 2
endloop
endfacet
facet normal 0 0 1
outer loop
vertex 245.29515516186748 -168.04017545557855 2
vertex 239.17252511997728 -168.0200000000003 2
vertex 239.17254308644897 -168.04017545557855 2
endloop
endfacet
facet normal 0 0 1
outer loop
vertex 361.84083452775275 -168.04017545557855 2
vertex 361.8408634525108 -168.0200000000003 2
vertex 245.50000000000355 -168.0200000000003 2
endloop
endfacet
facet normal 0 0 1
outer loop
vertex 361.84083452775275 -168.04017545557855 2
vertex 245.50000000000355 -168.0200000000003 2
vertex 245.70484483814064 -168.04017545557855 2
endloop
endfacet
facet normal 0 0 1
outer loop
vertex 142.49999999999915 -168.0200000000003 2
vertex 148.82747488001877 -168.0200000000003 2
vertex 148.84926569215057 -143.54999999999708 2
endloop
endfacet
facet normal 0 0 1
outer loop
vertex 142.49999999999915 -168.0200000000003 2
vertex 148.84926569215057 -143.54999999999708 2
vertex 32.49999999999254 -143.54999999999708 2
endloop
endfacet
facet normal 0 0 1
outer loop
vertex 142.49999999999915 -168.0200000000003 2
vertex 32.49999999999254 -143.54999999999708 2
vertex 26.124054869805967 -143.54999999999708 2
endloop
endfacet
facet normal 0 0 1
outer loop
vertex 142.49999999999915 -168.0200000000003 2
vertex 26.124054869805967 -143.54999999999708 2
vertex 26.159136547494025 -168.0200000000003 2
endloop
endfacet
facet normal 0 0 1
outer loop
vertex 245.50000000000355 -168.0200000000003 2
vertex 361.8408634525108 -168.0200000000003 2
vertex 361.87594513019815 -143.54999999999708 2
endloop
endfacet
facet normal 0 0 1
outer loop
vertex 245.50000000000355 -168.0200000000003 2
vertex 361.87594513019815 -143.54999999999708 2
vertex 355.49999999997806 -143.54999999999708 2
endloop
endfacet
facet normal 0 0 1
outer loop
vertex 245.50000000000355 -168.0200000000003 2
vertex 355.49999999997806 -143.54999999999708 2
vertex 239.15073430784673 -143.54999999999708 2
endloop
endfacet
facet normal 0 0 1
outer loop
vertex 245.50000000000355 -168.0200000000003 2
vertex 239.15073430784673 -143.54999999999708 2
vertex 239.17252511997728 -168.0200000000003 2
endloop
endfacet
facet normal 0 0 1
outer loop
vertex 32.49999999999254 -143.54999999999708 2
vertex 32.29515516189399 -143.52982454442193 2
vertex 26.124025945047908 -143.52982454442193 2
endloop
endfacet
facet normal 0 0 1
outer loop
vertex 32.49999999999254 -143.54999999999708 2
vertex 26.124025945047908 -143.52982454442193 2
vertex 26.124054869805967 -143.54999999999708 2
endloop
endfacet
facet normal 0 0 1
outer loop
vertex 148.84926569215057 -143.54999999999708 2
vertex 148.84928365862226 -143.52982454442193 2
vertex 32.70484483809809 -143.52982454442193 2
endloop
endfacet
facet normal 0 0 1
outer loop
vertex 148.84926569215057 -143.54999999999708 2
vertex 32.70484483809809 -143.52982454442193 2
vertex 32.49999999999254 -143.54999999999708 2
endloop
endfacet
facet normal 0 0 1
outer loop
vertex 355.49999999997806 -143.54999999999708 2
vertex 355.2951551618758 -143.52982454442193 2
vertex 239.15071634137504 -143.52982454442193 2
endloop
endfacet
facet normal 0 0 1
outer loop
vertex 355.49999999997806 -143.54999999999708 2
vertex 239.15071634137504 -143.52982454442193 2
vertex 239.15073430784673 -143.54999999999708 2
endloop
endfacet
facet normal 0 0 1
outer loop
vertex 361.87594513019815 -143.54999999999708 2
vertex 361.8759740549562 -143.52982454442193 2
vertex 355.70484483808036 -143.52982454442193 2
endloop
endfacet
facet normal 0 0 1
outer loop
vertex 361.87594513019815 -143.54999999999708 2
vertex 355.70484483808036 -143.52982454442193 2
vertex 355.49999999997806 -143.54999999999708 2
endloop
endfacet
facet normal 0 0 1
outer loop
vertex 32.29515516189399 -143.52982454442193 2
vertex 32.09818239602074 -143.47007350913017 2
vertex 26.123940282335948 -143.47007350913017 2
endloop
endfacet
facet normal 0 0 1
outer loop
vertex 32.29515516189399 -143.52982454442193 2
vertex 26.123940282335948 -143.47007350913017 2
vertex 26.124025945047908 -143.52982454442193 2
endloop
endfacet
facet normal 0 0 1
outer loop
vertex 148.84928365862226 -143.52982454442193 2
vertex 148.84933686759587 -143.47007350913017 2
vertex 32.90181760399207 -143.47007350913017 2
endloop
endfacet
facet normal 0 0 1
outer loop
vertex 148.84928365862226 -143.52982454442193 2
vertex 32.90181760399207 -143.47007350913017 2
vertex 32.70484483809809 -143.52982454442193 2
endloop
endfacet
facet normal 0 0 1
outer loop
vertex 355.2951551618758 -143.52982454442193 2
vertex 355.0981823959923 -143.47007350913017 2
vertex 239.1506631324014 -143.47007350913017 2
endloop
endfacet
facet normal 0 0 1
outer loop
vertex 355.2951551618758 -143.52982454442193 2
vertex 239.1506631324014 -143.47007350913017 2
vertex 239.15071634137504 -143.52982454442193 2
endloop
endfacet
facet normal 0 0 1
outer loop
vertex 361.8759740549562 -143.52982454442193 2
vertex 361.87605971766817 -143.47007350913017 2
vertex 355.90181760400066 -143.47007350913017 2
endloop
endfacet
facet normal 0 0 1
outer loop
vertex 361.8759740549562 -143.52982454442193 2
vertex 355.90181760400066 -143.47007350913017 2
vertex 355.70484483808036 -143.52982454442193 2
endloop
endfacet
facet normal 0 0 1
outer loop
vertex 32.09818239602074 -143.47007350913017 2
vertex 31.916651255315827 -143.3730430929287 2
vertex 26.12380117364011 -143.3730430929287 2
endloop
endfacet
facet normal 0 0 1
outer loop
vertex 32.09818239602074 -143.47007350913017 2
vertex 26.12380117364011 -143.3730430929287 2
vertex 26.123940282335948 -143.47007350913017 2
endloop
endfacet
facet normal 0 0 1
outer loop
vertex 148.84933686759587 -143.47007350913017 2
vertex 148.8494232742804 -143.3730430929287 2
vertex 33.08334874464166 -143.3730430929287 2
endloop
endfacet
facet normal 0 0 1
outer loop
vertex 148.84933686759587 -143.47007350913017 2
vertex 33.08334874464166 -143.3730430929287 2
vertex 32.90181760399207 -143.47007350913017 2
endloop
endfacet
facet normal 0 0 1
outer loop
vertex 355.0981823959923 -143.47007350913017 2
vertex 354.9166512553382 -143.3730430929287 2
vertex 239.1505767257169 -143.3730430929287 2
endloop
endfacet
facet normal 0 0 1
outer loop
vertex 355.0981823959923 -143.47007350913017 2
vertex 239.1505767257169 -143.3730430929287 2
vertex 239.1506631324014 -143.47007350913017 2
endloop
endfacet
facet normal 0 0 1
outer loop
vertex 361.87605971766817 -143.47007350913017 2
vertex 361.876198826364 -143.3730430929287 2
vertex 356.08334874463804 -143.3730430929287 2
endloop
endfacet
facet normal 0 0 1
outer loop
vertex 361.87605971766817 -143.47007350913017 2
vertex 356.08334874463804 -143.3730430929287 2
vertex 355.90181760400066 -143.47007350913017 2
endloop
endfacet
facet normal 0 0 1
outer loop
vertex 31.916651255315827 -143.3730430929287 2
vertex 31.75753787976857 -143.24246212024138 2
vertex 26.123613964829488 -143.24246212024138 2
endloop
endfacet
facet normal 0 0 1
outer loop
vertex 31.916651255315827 -143.3730430929287 2
vertex 26.123613964829488 -143.24246212024138 2
vertex 26.12380117364011 -143.3730430929287 2
endloop
endfacet
facet normal 0 0 1
outer loop
vertex 148.8494232742804 -143.3730430929287 2
vertex 148.84953955811545 -143.24246212024138 2
vertex 33.242462120258295 -143.24246212024138 2
endloop
endfacet
facet normal 0 0 1
outer loop
vertex 148.8494232742804 -143.3730430929287 2
vertex 33.242462120258295 -143.24246212024138 2
vertex 33.08334874464166 -143.3730430929287 2
endloop
endfacet
facet normal 0 0 1
outer loop
vertex 354.9166512553382 -143.3730430929287 2
vertex 354.757537879744 -143.24246212024138 2
vertex 239.15046044188185 -143.24246212024138 2
endloop
endfacet
facet normal 0 0 1
outer loop
vertex 354.9166512553382 -143.3730430929287 2
vertex 239.15046044188185 -143.24246212024138 2
vertex 239.1505767257169 -143.3730430929287 2
endloop
endfacet
facet normal 0 0 1
outer loop
vertex 361.876198826364 -143.3730430929287 2
vertex 361.8763860351746 -143.24246212024138 2
vertex 356.24246212025975 -143.24246212024138 2
endloop
endfacet
facet normal 0 0 1
outer loop
vertex 361.876198826364 -143.3730430929287 2
vertex 356.24246212025975 -143.24246212024138 2
vertex 356.08334874463804 -143.3730430929287 2
endloop
endfacet
facet normal 0 0 1
outer loop
vertex 31.75753787976857 -143.24246212024138 2
vertex 31.62695690706566 -143.0833487446979 2
vertex 26.12338585023379 -143.0833487446979 2
endloop
endfacet
facet normal 0 0 1
outer loop
vertex 31.75753787976857 -143.24246212024138 2
vertex 26.12338585023379 -143.0833487446979 2
vertex 26.123613964829488 -143.24246212024138 2
endloop
endfacet
facet normal 0 0 1
outer loop
vertex 148.84953955811545 -143.24246212024138 2
vertex 148.8496812503784 -143.0833487446979 2
vertex 33.37304309288866 -143.0833487446979 2
endloop
endfacet
facet normal 0 0 1
outer loop
vertex 148.84953955811545 -143.24246212024138 2
vertex 33.37304309288866 -143.0833487446979 2
vertex 33.242462120258295 -143.24246212024138 2
endloop
endfacet
facet normal 0 0 1
outer loop
vertex 354.757537879744 -143.24246212024138 2
vertex 354.6269569070983 -143.0833487446979 2
vertex 239.15031874961892 -143.0833487446979 2
endloop
endfacet
facet normal 0 0 1
outer loop
vertex 354.757537879744 -143.24246212024138 2
vertex 239.15031874961892 -143.0833487446979 2
vertex 239.15046044188185 -143.24246212024138 2
endloop
endfacet
facet normal 0 0 1
outer loop
vertex 361.8763860351746 -143.24246212024138 2
vertex 361.8766141497703 -143.0833487446979 2
vertex 356.3730430928943 -143.0833487446979 2
endloop
endfacet
facet normal 0 0 1
outer loop
vertex 361.8763860351746 -143.24246212024138 2
vertex 356.3730430928943 -143.0833487446979 2
vertex 356.24246212025975 -143.24246212024138 2
endloop
endfacet
facet normal 0 0 1
outer loop
vertex 31.62695690706566 -143.0833487446979 2
vertex 31.529926490863712 -142.90181760399255 2
vertex 26.123125596168872 -142.90181760399255 2
endloop
endfacet
facet normal 0 0 1
outer loop
vertex 31.62695690706566 -143.0833487446979 2
vertex 26.123125596168872 -142.90181760399255 2
vertex 26.12338585023379 -143.0833487446979 2
endloop
endfacet
facet normal 0 0 1
outer loop
vertex 148.8496812503784 -143.0833487446979 2
vertex 148.8498429059151 -142.90181760399255 2
vertex 33.47007350913733 -142.90181760399255 2
endloop
endfacet
facet normal 0 0 1
outer loop
vertex 148.8496812503784 -143.0833487446979 2
vertex 33.47007350913733 -142.90181760399255 2
vertex 33.37304309288866 -143.0833487446979 2
endloop
endfacet
facet normal 0 0 1
outer loop
vertex 354.6269569070983 -143.0833487446979 2
vertex 354.52992649086946 -142.90181760399255 2
vertex 239.1501570940822 -142.90181760399255 2
endloop
endfacet
facet normal 0 0 1
outer loop
vertex 354.6269569070983 -143.0833487446979 2
vertex 239.1501570940822 -142.90181760399255 2
vertex 239.15031874961892 -143.0833487446979 2
endloop
endfacet
facet normal 0 0 1
outer loop
vertex 361.8766141497703 -143.0833487446979 2
vertex 361.87687440383525 -142.90181760399255 2
vertex 356.47007350913924 -142.90181760399255 2
endloop
endfacet
facet normal 0 0 1
outer loop
vertex 361.8766141497703 -143.0833487446979 2
vertex 356.47007350913924 -142.90181760399255 2
vertex 356.3730430928943 -143.0833487446979 2
endloop
endfacet
facet normal 0 0 1
outer loop
vertex 31.529926490863712 -142.90181760399255 2
vertex 31.4701754555793 -142.7048448380755 2
vertex 26.122843204052515 -142.7048448380755 2
endloop
endfacet
facet normal 0 0 1
outer loop
vertex 31.529926490863712 -142.90181760399255 2
vertex 26.122843204052515 -142.7048448380755 2
vertex 26.123125596168872 -142.90181760399255 2
endloop
endfacet
facet normal 0 0 1
outer loop
vertex 148.8498429059151 -142.90181760399255 2
vertex 148.85001831239396 -142.7048448380755 2
vertex 33.52982454442369 -142.7048448380755 2
endloop
endfacet
facet normal 0 0 1
outer loop
vertex 148.8498429059151 -142.90181760399255 2
vertex 33.52982454442369 -142.7048448380755 2
vertex 33.47007350913733 -142.90181760399255 2
endloop
endfacet
facet normal 0 0 1
outer loop
vertex 354.52992649086946 -142.90181760399255 2
vertex 354.4701754555676 -142.7048448380755 2
vertex 239.14998168760337 -142.7048448380755 2
endloop
endfacet
facet normal 0 0 1
outer loop
vertex 354.52992649086946 -142.90181760399255 2
vertex 239.14998168760337 -142.7048448380755 2
vertex 239.1501570940822 -142.90181760399255 2
endloop
endfacet
facet normal 0 0 1
outer loop
vertex 361.87687440383525 -142.90181760399255 2
vertex 361.8771567959516 -142.7048448380755 2
vertex 356.5298245444294 -142.7048448380755 2
endloop
endfacet
facet normal 0 0 1
outer loop
vertex 361.87687440383525 -142.90181760399255 2
vertex 356.5298245444294 -142.7048448380755 2
vertex 356.47007350913924 -142.90181760399255 2
endloop
endfacet
facet normal 0 0 1
outer loop
vertex 31.4701754555793 -142.7048448380755 2
vertex 31.449999999999967 -142.50000000004104 2
vertex 26.12254952605562 -142.50000000004104 2
endloop
endfacet
facet normal 0 0 1
outer loop
vertex 31.4701754555793 -142.7048448380755 2
vertex 26.12254952605562 -142.50000000004104 2
vertex 26.122843204052515 -142.7048448380755 2
endloop
endfacet
facet normal 0 0 1
outer loop
vertex 148.85001831239396 -142.7048448380755 2
vertex 148.85020072904217 -142.50000000004104 2
vertex 33.54999999999606 -142.50000000004104 2
endloop
endfacet
facet normal 0 0 1
outer loop
vertex 148.85001831239396 -142.7048448380755 2
vertex 33.54999999999606 -142.50000000004104 2
vertex 33.52982454442369 -142.7048448380755 2
endloop
endfacet
facet normal 0 0 1
outer loop
vertex 354.4701754555676 -142.7048448380755 2
vertex 354.4499999999988 -142.50000000004104 2
vertex 239.14979927095519 -142.50000000004104 2
endloop
endfacet
facet normal 0 0 1
outer loop
vertex 354.4701754555676 -142.7048448380755 2
vertex 239.14979927095519 -142.50000000004104 2
vertex 239.14998168760337 -142.7048448380755 2
endloop
endfacet
facet normal 0 0 1
outer loop
vertex 361.8771567959516 -142.7048448380755 2
vertex 361.87745047394844 -142.50000000004104 2
vertex 356.5499999999986 -142.50000000004104 2
endloop
endfacet
facet normal 0 0 1
outer loop
vertex 361.8771567959516 -142.7048448380755 2
vertex 356.5499999999986 -142.50000000004104 2
vertex 356.5298245444294 -142.7048448380755 2
endloop
endfacet
facet normal 0 0 1
outer loop
vertex 31.449999999999967 -142.50000000004104 2
vertex 31.470175455574676 -142.29515516183594 2
vertex 26.122255848058483 -142.29515516183594 2
endloop
endfacet
facet normal 0 0 1
outer loop
vertex 31.449999999999967 -142.50000000004104 2
vertex 26.122255848058483 -142.29515516183594 2
vertex 26.12254952605562 -142.50000000004104 2
endloop
endfacet
facet normal 0 0 1
outer loop
vertex 148.85020072904217 -142.50000000004104 2
vertex 148.85038314569053 -142.29515516183594 2
vertex 33.52982454441438 -142.29515516183594 2
endloop
endfacet
facet normal 0 0 1
outer loop
vertex 148.85020072904217 -142.50000000004104 2
vertex 33.52982454441438 -142.29515516183594 2
vertex 33.54999999999606 -142.50000000004104 2
endloop
endfacet
facet normal 0 0 1
outer loop
vertex 354.4499999999988 -142.50000000004104 2
vertex 354.47017545558055 -142.29515516183594 2
vertex 239.14961685430683 -142.29515516183594 2
endloop
endfacet
facet normal 0 0 1
outer loop
vertex 354.4499999999988 -142.50000000004104 2
vertex 239.14961685430683 -142.29515516183594 2
vertex 239.14979927095519 -142.50000000004104 2
endloop
endfacet
facet normal 0 0 1
outer loop
vertex 361.87745047394844 -142.50000000004104 2
vertex 361.8777441519456 -142.29515516183594 2
vertex 356.52982454441326 -142.29515516183594 2
endloop
endfacet
facet normal 0 0 1
outer loop
vertex 361.87745047394844 -142.50000000004104 2
vertex 356.52982454441326 -142.29515516183594 2
vertex 356.5499999999986 -142.50000000004104 2
endloop
endfacet
facet normal 0 0 1
outer loop
vertex 31.470175455574676 -142.29515516183594 2
vertex 31.529926490861918 -142.09818239597317 2
vertex 26.121973455942207 -142.09818239597317 2
endloop
endfacet
facet normal 0 0 1
outer loop
vertex 31.470175455574676 -142.29515516183594 2
vertex 26.121973455942207 -142.09818239597317 2
vertex 26.122255848058483 -142.29515516183594 2
endloop
endfacet
facet normal 0 0 1
outer loop
vertex 148.85038314569053 -142.29515516183594 2
vertex 148.8505585521693 -142.09818239597317 2
vertex 33.47007350913729 -142.09818239597317 2
endloop
endfacet
facet normal 0 0 1
outer loop
vertex 148.85038314569053 -142.29515516183594 2
vertex 33.47007350913729 -142.09818239597317 2
vertex 33.52982454441438 -142.29515516183594 2
endloop
endfacet
facet normal 0 0 1
outer loop
vertex 354.47017545558055 -142.29515516183594 2
vertex 354.5299264908617 -142.09818239597317 2
vertex 239.14944144782805 -142.09818239597317 2
endloop
endfacet
facet normal 0 0 1
outer loop
vertex 354.47017545558055 -142.29515516183594 2
vertex 239.14944144782805 -142.09818239597317 2
vertex 239.14961685430683 -142.29515516183594 2
endloop
endfacet
facet normal 0 0 1
outer loop
vertex 361.8777441519456 -142.29515516183594 2
vertex 361.87802654406187 -142.09818239597317 2
vertex 356.4700735091279 -142.09818239597317 2
endloop
endfacet
facet normal 0 0 1
outer loop
vertex 361.8777441519456 -142.29515516183594 2
vertex 356.4700735091279 -142.09818239597317 2
vertex 356.52982454441326 -142.29515516183594 2
endloop
endfacet
facet normal 0 0 1
outer loop
vertex 31.529926490861918 -142.09818239597317 2
vertex 31.62695690708236 -141.91665125539157 2
vertex 26.121713201877466 -141.91665125539157 2
endloop
endfacet
facet normal 0 0 1
outer loop
vertex 31.529926490861918 -142.09818239597317 2
vertex 26.121713201877466 -141.91665125539157 2
vertex 26.121973455942207 -142.09818239597317 2
endloop
endfacet
facet normal 0 0 1
outer loop
vertex 148.8505585521693 -142.09818239597317 2
vertex 148.8507202077059 -141.91665125539157 2
vertex 33.37304309296755 -141.91665125539157 2
endloop
endfacet
facet normal 0 0 1
outer loop
vertex 148.8505585521693 -142.09818239597317 2
vertex 33.37304309296755 -141.91665125539157 2
vertex 33.47007350913729 -142.09818239597317 2
endloop
endfacet
facet normal 0 0 1
outer loop
vertex 354.5299264908617 -142.09818239597317 2
vertex 354.62695690710024 -141.91665125539157 2
vertex 239.14927979229145 -141.91665125539157 2
endloop
endfacet
facet normal 0 0 1
outer loop
vertex 354.5299264908617 -142.09818239597317 2
vertex 239.14927979229145 -141.91665125539157 2
vertex 239.14944144782805 -142.09818239597317 2
endloop
endfacet
facet normal 0 0 1
outer loop
vertex 361.87802654406187 -142.09818239597317 2
vertex 361.8782867981266 -141.91665125539157 2
vertex 356.37304309296513 -141.91665125539157 2
endloop
endfacet
facet normal 0 0 1
outer loop
vertex 361.87802654406187 -142.09818239597317 2
vertex 356.37304309296513 -141.91665125539157 2
vertex 356.4700735091279 -142.09818239597317 2
endloop
endfacet
facet normal 0 0 1
outer loop
vertex 31.62695690708236 -141.91665125539157 2
vertex 31.757537879753833 -141.75753787970075 2
vertex 26.12148508728156 -141.75753787970075 2
endloop
endfacet
facet normal 0 0 1
outer loop
vertex 31.62695690708236 -141.91665125539157 2
vertex 26.12148508728156 -141.75753787970075 2
vertex 26.121713201877466 -141.91665125539157 2
endloop
endfacet
facet normal 0 0 1
outer loop
vertex 148.8507202077059 -141.91665125539157 2
vertex 148.85086189996898 -141.75753787970075 2
vertex 33.242462120156475 -141.75753787970075 2
endloop
endfacet
facet normal 0 0 1
outer loop
vertex 148.8507202077059 -141.91665125539157 2
vertex 33.242462120156475 -141.75753787970075 2
vertex 33.37304309296755 -141.91665125539157 2
endloop
endfacet
facet normal 0 0 1
outer loop
vertex 354.62695690710024 -141.91665125539157 2
vertex 354.75753787973713 -141.75753787970075 2
vertex 239.1491381000284 -141.75753787970075 2
endloop
endfacet
facet normal 0 0 1
outer loop
vertex 354.62695690710024 -141.91665125539157 2
vertex 239.1491381000284 -141.75753787970075 2
vertex 239.14927979229145 -141.91665125539157 2
endloop
endfacet
facet normal 0 0 1
outer loop
vertex 361.8782867981266 -141.91665125539157 2
vertex 361.8785149127225 -141.75753787970075 2
vertex 356.2424621201985 -141.75753787970075 2
endloop
endfacet
facet normal 0 0 1
outer loop
vertex 361.8782867981266 -141.91665125539157 2
vertex 356.2424621201985 -141.75753787970075 2
vertex 356.37304309296513 -141.91665125539157 2
endloop
endfacet
facet normal 0 0 1
outer loop
vertex 31.757537879753833 -141.75753787970075 2
vertex 31.916651255332585 -141.62695690712653 2
vertex 26.121297878471093 -141.62695690712653 2
endloop
endfacet
facet normal 0 0 1
outer loop
vertex 31.757537879753833 -141.75753787970075 2
vertex 26.121297878471093 -141.62695690712653 2
vertex 26.12148508728156 -141.75753787970075 2
endloop
endfacet
facet normal 0 0 1
outer loop
vertex 148.85086189996898 -141.75753787970075 2
vertex 148.85097818380393 -141.62695690712653 2
vertex 33.08334874479644 -141.62695690712653 2
endloop
endfacet
facet normal 0 0 1
outer loop
vertex 148.85086189996898 -141.75753787970075 2
vertex 33.08334874479644 -141.62695690712653 2
vertex 33.242462120156475 -141.75753787970075 2
endloop
endfacet
facet normal 0 0 1
outer loop
vertex 354.75753787973713 -141.75753787970075 2
vertex 354.916651255337 -141.62695690712653 2
vertex 239.14902181619345 -141.62695690712653 2
endloop
endfacet
facet normal 0 0 1
outer loop
vertex 354.75753787973713 -141.75753787970075 2
vertex 239.14902181619345 -141.62695690712653 2
vertex 239.1491381000284 -141.75753787970075 2
endloop
endfacet
facet normal 0 0 1
outer loop
vertex 361.8785149127225 -141.75753787970075 2
vertex 361.87870212153297 -141.62695690712653 2
vertex 356.08334874474207 -141.62695690712653 2
endloop
endfacet
facet normal 0 0 1
outer loop
vertex 361.8785149127225 -141.75753787970075 2
vertex 356.08334874474207 -141.62695690712653 2
vertex 356.2424621201985 -141.75753787970075 2
endloop
endfacet
facet normal 0 0 1
outer loop
vertex 31.916651255332585 -141.62695690712653 2
vertex 32.098182396017044 -141.5299264908414 2
vertex 26.12115876977514 -141.5299264908414 2
endloop
endfacet
facet normal 0 0 1
outer loop
vertex 31.916651255332585 -141.62695690712653 2
vertex 26.12115876977514 -141.5299264908414 2
vertex 26.121297878471093 -141.62695690712653 2
endloop
endfacet
facet normal 0 0 1
outer loop
vertex 148.85097818380393 -141.62695690712653 2
vertex 148.85106459048853 -141.5299264908414 2
vertex 32.901817603853665 -141.5299264908414 2
endloop
endfacet
facet normal 0 0 1
outer loop
vertex 148.85097818380393 -141.62695690712653 2
vertex 32.901817603853665 -141.5299264908414 2
vertex 33.08334874479644 -141.62695690712653 2
endloop
endfacet
facet normal 0 0 1
outer loop
vertex 354.916651255337 -141.62695690712653 2
vertex 355.0981823960154 -141.5299264908414 2
vertex 239.14893540950885 -141.5299264908414 2
endloop
endfacet
facet normal 0 0 1
outer loop
vertex 354.916651255337 -141.62695690712653 2
vertex 239.14893540950885 -141.5299264908414 2
vertex 239.14902181619345 -141.62695690712653 2
endloop
endfacet
facet normal 0 0 1
outer loop
vertex 361.87870212153297 -141.62695690712653 2
vertex 361.8788412302289 -141.5299264908414 2
vertex 355.9018176039315 -141.5299264908414 2
endloop
endfacet
facet normal 0 0 1
outer loop
vertex 361.87870212153297 -141.62695690712653 2
vertex 355.9018176039315 -141.5299264908414 2
vertex 356.08334874474207 -141.62695690712653 2
endloop
endfacet
facet normal 0 0 1
outer loop
vertex 32.098182396017044 -141.5299264908414 2
vertex 32.29515516188447 -141.47017545557495 2
vertex 26.121073107063214 -141.47017545557495 2
endloop
endfacet
facet normal 0 0 1
outer loop
vertex 32.098182396017044 -141.5299264908414 2
vertex 26.121073107063214 -141.47017545557495 2
vertex 26.12115876977514 -141.5299264908414 2
endloop
endfacet
facet normal 0 0 1
outer loop
vertex 148.85106459048853 -141.5299264908414 2
vertex 148.85111779946214 -141.47017545557495 2
vertex 32.704844838162444 -141.47017545557495 2
endloop
endfacet
facet normal 0 0 1
outer loop
vertex 148.85106459048853 -141.5299264908414 2
vertex 32.704844838162444 -141.47017545557495 2
vertex 32.901817603853665 -141.5299264908414 2
endloop
endfacet
facet normal 0 0 1
outer loop
vertex 355.0981823960154 -141.5299264908414 2
vertex 355.2951551618785 -141.47017545557495 2
vertex 239.14888220053524 -141.47017545557495 2
endloop
endfacet
facet normal 0 0 1
outer loop
vertex 355.0981823960154 -141.5299264908414 2
vertex 239.14888220053524 -141.47017545557495 2
vertex 239.14893540950885 -141.5299264908414 2
endloop
endfacet
facet normal 0 0 1
outer loop
vertex 361.8788412302289 -141.5299264908414 2
vertex 361.87892689294085 -141.47017545557495 2
vertex 355.7048448381313 -141.47017545557495 2
endloop
endfacet
facet normal 0 0 1
outer loop
vertex 361.8788412302289 -141.5299264908414 2
vertex 355.7048448381313 -141.47017545557495 2
vertex 355.9018176039315 -141.5299264908414 2
endloop
endfacet
facet normal 0 0 1
outer loop
vertex 32.29515516188447 -141.47017545557495 2
vertex 32.499999999998835 -141.44999999999612 2
vertex 26.121044182305152 -141.44999999999612 2
endloop
endfacet
facet normal 0 0 1
outer loop
vertex 32.29515516188447 -141.47017545557495 2
vertex 26.121044182305152 -141.44999999999612 2
vertex 26.121073107063214 -141.47017545557495 2
endloop
endfacet
facet normal 0 0 1
outer loop
vertex 148.85111779946214 -141.47017545557495 2
vertex 148.85113576593383 -141.44999999999612 2
vertex 32.499999999998835 -141.44999999999612 2
endloop
endfacet
facet normal 0 0 1
outer loop
vertex 148.85111779946214 -141.47017545557495 2
vertex 32.499999999998835 -141.44999999999612 2
vertex 32.704844838162444 -141.47017545557495 2
endloop
endfacet
facet normal 0 0 1
outer loop
vertex 355.2951551618785 -141.47017545557495 2
vertex 355.499999999992 -141.44999999999612 2
vertex 239.14886423406355 -141.44999999999612 2
endloop
endfacet
facet normal 0 0 1
outer loop
vertex 355.2951551618785 -141.47017545557495 2
vertex 239.14886423406355 -141.44999999999612 2
vertex 239.14888220053524 -141.47017545557495 2
endloop
endfacet
facet normal 0 0 1
outer loop
vertex 361.87892689294085 -141.47017545557495 2
vertex 361.8789558176989 -141.44999999999612 2
vertex 355.499999999992 -141.44999999999612 2
endloop
endfacet
facet normal 0 0 1
outer loop
vertex 361.87892689294085 -141.47017545557495 2
vertex 355.499999999992 -141.44999999999612 2
vertex 355.7048448381313 -141.47017545557495 2
endloop
endfacet
facet normal 0 0 1
outer loop
vertex 32.499999999998835 -141.44999999999612 2
vertex 148.85113576593383 -141.44999999999612 2
vertex 148.85944423659953 -132.12000000000023 2
endloop
endfacet
facet normal 0 0 1
outer loop
vertex 32.499999999998835 -141.44999999999612 2
vertex 148.85944423659953 -132.12000000000023 2
vertex 142.50000000000463 -132.12000000000023 2
endloop
endfacet
facet normal 0 0 1
outer loop
vertex 32.499999999998835 -141.44999999999612 2
vertex 142.50000000000463 -132.12000000000023 2
vertex 26.107668127837254 -132.12000000000023 2
endloop
endfacet
facet normal 0 0 1
outer loop
vertex 32.499999999998835 -141.44999999999612 2
vertex 26.107668127837254 -132.12000000000023 2
vertex 26.121044182305152 -141.44999999999612 2
endloop
endfacet
facet normal 0 0 1
outer loop
vertex 355.499999999992 -141.44999999999612 2
vertex 361.8789558176989 -141.44999999999612 2
vertex 361.8923318721665 -132.12000000000023 2
endloop
endfacet
facet normal 0 0 1
outer loop
vertex 355.499999999992 -141.44999999999612 2
vertex 361.8923318721665 -132.12000000000023 2
vertex 245.49999999999977 -132.12000000000023 2
endloop
endfacet
facet normal 0 0 1
outer loop
vertex 355.499999999992 -141.44999999999612 2
vertex 245.49999999999977 -132.12000000000023 2
vertex 239.14055576339834 -132.12000000000023 2
endloop
endfacet
facet normal 0 0 1
outer loop
vertex 355.499999999992 -141.44999999999612 2
vertex 239.14055576339834 -132.12000000000023 2
vertex 239.14886423406355 -141.44999999999612 2
endloop
endfacet
facet normal 0 0 1
outer loop
vertex 142.50000000000463 -132.12000000000023 2
vertex 142.29515516188857 -132.0998245444237 2
vertex 26.10763920307919 -132.0998245444237 2
endloop
endfacet
facet normal 0 0 1
outer loop
vertex 142.50000000000463 -132.12000000000023 2
vertex 26.10763920307919 -132.0998245444237 2
vertex 26.107668127837254 -132.12000000000023 2
endloop
endfacet
facet normal 0 0 1
outer loop
vertex 148.85944423659953 -132.12000000000023 2
vertex 148.85946220307122 -132.0998245444237 2
vertex 142.7048448381207 -132.0998245444237 2
endloop
endfacet
facet normal 0 0 1
outer loop
vertex 148.85944423659953 -132.12000000000023 2
vertex 142.7048448381207 -132.0998245444237 2
vertex 142.50000000000463 -132.12000000000023 2
endloop
endfacet
facet normal 0 0 1
outer loop
vertex 245.49999999999977 -132.12000000000023 2
vertex 245.29515516188275 -132.0998245444237 2
vertex 239.14053779692665 -132.0998245444237 2
endloop
endfacet
facet normal 0 0 1
outer loop
vertex 245.49999999999977 -132.12000000000023 2
vertex 239.14053779692665 -132.0998245444237 2
vertex 239.14055576339834 -132.12000000000023 2
endloop
endfacet
facet normal 0 0 1
outer loop
vertex 361.8923318721665 -132.12000000000023 2
vertex 361.89236079692455 -132.0998245444237 2
vertex 245.70484483812 -132.0998245444237 2
endloop
endfacet
facet normal 0 0 1
outer loop
vertex 361.8923318721665 -132.12000000000023 2
vertex 245.70484483812 -132.0998245444237 2
vertex 245.49999999999977 -132.12000000000023 2
endloop
endfacet
facet normal 0 0 1
outer loop
vertex 142.29515516188857 -132.0998245444237 2
vertex 142.09818239600614 -132.0400735091323 2
vertex 26.107553540367235 -132.0400735091323 2
endloop
endfacet
facet normal 0 0 1
outer loop
vertex 142.29515516188857 -132.0998245444237 2
vertex 26.107553540367235 -132.0400735091323 2
vertex 26.10763920307919 -132.0998245444237 2
endloop
endfacet
facet normal 0 0 1
outer loop
vertex 148.85946220307122 -132.0998245444237 2
vertex 148.85951541204486 -132.0400735091323 2
vertex 142.90181760399 -132.0400735091323 2
endloop
endfacet
facet normal 0 0 1
outer loop
vertex 148.85946220307122 -132.0998245444237 2
vertex 142.90181760399 -132.0400735091323 2
vertex 142.7048448381207 -132.0998245444237 2
endloop
endfacet
facet normal 0 0 1
outer loop
vertex 245.29515516188275 -132.0998245444237 2
vertex 245.09818239599304 -132.0400735091323 2
vertex 239.14048458795304 -132.0400735091323 2
endloop
endfacet
facet normal 0 0 1
outer loop
vertex 245.29515516188275 -132.0998245444237 2
vertex 239.14048458795304 -132.0400735091323 2
vertex 239.14053779692665 -132.0998245444237 2
endloop
endfacet
facet normal 0 0 1
outer loop
vertex 361.89236079692455 -132.0998245444237 2
vertex 361.8924464596365 -132.0400735091323 2
vertex 245.90181760398343 -132.0400735091323 2
endloop
endfacet
facet normal 0 0 1
outer loop
vertex 361.89236079692455 -132.0998245444237 2
vertex 245.90181760398343 -132.0400735091323 2
vertex 245.70484483812 -132.0998245444237 2
endloop
endfacet
facet normal 0 0 1
outer loop
vertex 142.09818239600614 -132.0400735091323 2
vertex 141.9166512553271 -131.9430430929175 2
vertex 26.107414431671376 -131.9430430929175 2
endloop
endfacet
facet normal 0 0 1
outer loop
vertex 142.09818239600614 -132.0400735091323 2
vertex 26.107414431671376 -131.9430430929175 2
vertex 26.107553540367235 -132.0400735091323 2
endloop
endfacet
facet normal 0 0 1
outer loop
vertex 148.85951541204486 -132.0400735091323 2
vertex 148.8596018187294 -131.9430430929175 2
vertex 143.08334874466453 -131.9430430929175 2
endloop
endfacet
facet normal 0 0 1
outer loop
vertex 148.85951541204486 -132.0400735091323 2
vertex 143.08334874466453 -131.9430430929175 2
vertex 142.90181760399 -132.0400735091323 2
endloop
endfacet
facet normal 0 0 1
outer loop
vertex 245.09818239599304 -132.0400735091323 2
vertex 244.9166512553387 -131.9430430929175 2
vertex 239.1403981812685 -131.9430430929175 2
endloop
endfacet
facet normal 0 0 1
outer loop
vertex 245.09818239599304 -132.0400735091323 2
vertex 239.1403981812685 -131.9430430929175 2
vertex 239.14048458795304 -132.0400735091323 2
endloop
endfacet
facet normal 0 0 1
outer loop
vertex 361.8924464596365 -132.0400735091323 2
vertex 361.8925855683324 -131.9430430929175 2
vertex 246.08334874467707 -131.9430430929175 2
endloop
endfacet
facet normal 0 0 1
outer loop
vertex 361.8924464596365 -132.0400735091323 2
vertex 246.08334874467707 -131.9430430929175 2
vertex 245.90181760398343 -132.0400735091323 2
endloop
endfacet
facet normal 0 0 1
outer loop
vertex 141.9166512553271 -131.9430430929175 2
vertex 141.75753787976214 -131.81246212025417 2
vertex 26.107227222860786 -131.81246212025417 2
endloop
endfacet
facet normal 0 0 1
outer loop
vertex 141.9166512553271 -131.9430430929175 2
vertex 26.107227222860786 -131.81246212025417 2
vertex 26.107414431671376 -131.9430430929175 2
endloop
endfacet
facet normal 0 0 1
outer loop
vertex 148.8596018187294 -131.9430430929175 2
vertex 148.85971810256441 -131.81246212025417 2
vertex 143.24246212023797 -131.81246212025417 2
endloop
endfacet
facet normal 0 0 1
outer loop
vertex 148.8596018187294 -131.9430430929175 2
vertex 143.24246212023797 -131.81246212025417 2
vertex 143.08334874466453 -131.9430430929175 2
endloop
endfacet
facet normal 0 0 1
outer loop
vertex 244.9166512553387 -131.9430430929175 2
vertex 244.7575378797494 -131.81246212025417 2
vertex 239.14028189743345 -131.81246212025417 2
endloop
endfacet
facet normal 0 0 1
outer loop
vertex 244.9166512553387 -131.9430430929175 2
vertex 239.14028189743345 -131.81246212025417 2
vertex 239.1403981812685 -131.9430430929175 2
endloop
endfacet
facet normal 0 0 1
outer loop
vertex 361.8925855683324 -131.9430430929175 2
vertex 361.89277277714297 -131.81246212025417 2
vertex 246.2424621202319 -131.81246212025417 2
endloop
endfacet
facet normal 0 0 1
outer loop
vertex 361.8925855683324 -131.9430430929175 2
vertex 246.2424621202319 -131.81246212025417 2
vertex 246.08334874467707 -131.9430430929175 2
endloop
endfacet
facet normal 0 0 1
outer loop
vertex 141.75753787976214 -131.81246212025417 2
vertex 141.6269569070738 -131.6533487446587 2
vertex 26.106999108265015 -131.6533487446587 2
endloop
endfacet
facet normal 0 0 1
outer loop
vertex 141.75753787976214 -131.81246212025417 2
vertex 26.106999108265015 -131.6533487446587 2
vertex 26.107227222860786 -131.81246212025417 2
endloop
endfacet
facet normal 0 0 1
outer loop
vertex 148.85971810256441 -131.81246212025417 2
vertex 148.8598597948274 -131.6533487446587 2
vertex 143.37304309293094 -131.6533487446587 2
endloop
endfacet
facet normal 0 0 1
outer loop
vertex 148.85971810256441 -131.81246212025417 2
vertex 143.37304309293094 -131.6533487446587 2
vertex 143.24246212023797 -131.81246212025417 2
endloop
endfacet
facet normal 0 0 1
outer loop
vertex 244.7575378797494 -131.81246212025417 2
vertex 244.62695690709066 -131.6533487446587 2
vertex 239.14014020517047 -131.6533487446587 2
endloop
endfacet
facet normal 0 0 1
outer loop
vertex 244.7575378797494 -131.81246212025417 2
vertex 239.14014020517047 -131.6533487446587 2
vertex 239.14028189743345 -131.81246212025417 2
endloop
endfacet
facet normal 0 0 1
outer loop
vertex 361.89277277714297 -131.81246212025417 2
vertex 361.8930008917387 -131.6533487446587 2
vertex 246.3730430929325 -131.6533487446587 2
endloop
endfacet
facet normal 0 0 1
outer loop
vertex 361.89277277714297 -131.81246212025417 2
vertex 246.3730430929325 -131.6533487446587 2
vertex 246.2424621202319 -131.81246212025417 2
endloop
endfacet
facet normal 0 0 1
outer loop
vertex 141.6269569070738 -131.6533487446587 2
vertex 141.52992649085954 -131.47181760398067 2
vertex 26.106738854200138 -131.47181760398067 2
endloop
endfacet
facet normal 0 0 1
outer loop
vertex 141.6269569070738 -131.6533487446587 2
vertex 26.106738854200138 -131.47181760398067 2
vertex 26.106999108265015 -131.6533487446587 2
endloop
endfacet
facet normal 0 0 1
outer loop
vertex 148.8598597948274 -131.6533487446587 2
vertex 148.8600214503641 -131.47181760398067 2
vertex 143.47007350913452 -131.47181760398067 2
endloop
endfacet
facet normal 0 0 1
outer loop
vertex 148.8598597948274 -131.6533487446587 2
vertex 143.47007350913452 -131.47181760398067 2
vertex 143.37304309293094 -131.6533487446587 2
endloop
endfacet
facet normal 0 0 1
outer loop
vertex 244.62695690709066 -131.6533487446587 2
vertex 244.529926490869 -131.47181760398067 2
vertex 239.1399785496338 -131.47181760398067 2
endloop
endfacet
facet normal 0 0 1
outer loop
vertex 244.62695690709066 -131.6533487446587 2
vertex 239.1399785496338 -131.47181760398067 2
vertex 239.14014020517047 -131.6533487446587 2
endloop
endfacet
facet normal 0 0 1
outer loop
vertex 361.8930008917387 -131.6533487446587 2
vertex 361.8932611458036 -131.47181760398067 2
vertex 246.4700735091346 -131.47181760398067 2
endloop
endfacet
facet normal 0 0 1
outer loop
vertex 361.8930008917387 -131.6533487446587 2
vertex 246.4700735091346 -131.47181760398067 2
vertex 246.3730430929325 -131.6533487446587 2
endloop
endfacet
facet normal 0 0 1
outer loop
vertex 141.52992649085954 -131.47181760398067 2
vertex 141.4701754555776 -131.27484483812947 2
vertex 26.106456462083877 -131.27484483812947 2
endloop
endfacet
facet normal 0 0 1
outer loop
vertex 141.52992649085954 -131.47181760398067 2
vertex 26.106456462083877 -131.27484483812947 2
vertex 26.106738854200138 -131.47181760398067 2
endloop
endfacet
facet normal 0 0 1
outer loop
vertex 148.8600214503641 -131.47181760398067 2
vertex 148.86019685684286 -131.27484483812947 2
vertex 143.52982454442503 -131.27484483812947 2
endloop
endfacet
facet normal 0 0 1
outer loop
vertex 148.8600214503641 -131.47181760398067 2
vertex 143.52982454442503 -131.27484483812947 2
vertex 143.47007350913452 -131.47181760398067 2
endloop
endfacet
facet normal 0 0 1
outer loop
vertex 244.529926490869 -131.47181760398067 2
vertex 244.4701754555743 -131.27484483812947 2
vertex 239.13980314315504 -131.27484483812947 2
endloop
endfacet
facet normal 0 0 1
outer loop
vertex 244.529926490869 -131.47181760398067 2
vertex 239.13980314315504 -131.27484483812947 2
vertex 239.1399785496338 -131.47181760398067 2
endloop
endfacet
facet normal 0 0 1
outer loop
vertex 361.8932611458036 -131.47181760398067 2
vertex 361.89354353791987 -131.27484483812947 2
vertex 246.52982454442414 -131.27484483812947 2
endloop
endfacet
facet normal 0 0 1
outer loop
vertex 361.8932611458036 -131.47181760398067 2
vertex 246.52982454442414 -131.27484483812947 2
vertex 246.4700735091346 -131.47181760398067 2
endloop
endfacet
facet normal 0 0 1
outer loop
vertex 141.4701754555776 -131.27484483812947 2
vertex 141.45000000000016 -131.0700000000067 2
vertex 26.106162784086855 -131.0700000000067 2
endloop
endfacet
facet normal 0 0 1
outer loop
vertex 141.4701754555776 -131.27484483812947 2
vertex 26.106162784086855 -131.0700000000067 2
vertex 26.106456462083877 -131.27484483812947 2
endloop
endfacet
facet normal 0 0 1
outer loop
vertex 148.86019685684286 -131.27484483812947 2
vertex 148.86037927349116 -131.0700000000067 2
vertex 143.54999999999993 -131.0700000000067 2
endloop
endfacet
facet normal 0 0 1
outer loop
vertex 148.86019685684286 -131.27484483812947 2
vertex 143.54999999999993 -131.0700000000067 2
vertex 143.52982454442503 -131.27484483812947 2
endloop
endfacet
facet normal 0 0 1
outer loop
vertex 244.4701754555743 -131.27484483812947 2
vertex 244.4499999999998 -131.0700000000067 2
vertex 239.13962072650676 -131.0700000000067 2
endloop
endfacet
facet normal 0 0 1
outer loop
vertex 244.4701754555743 -131.27484483812947 2
vertex 239.13962072650676 -131.0700000000067 2
vertex 239.13980314315504 -131.27484483812947 2
endloop
endfacet
facet normal 0 0 1
outer loop
vertex 361.89354353791987 -131.27484483812947 2
vertex 361.8938372159169 -131.0700000000067 2
vertex 246.54999999999973 -131.0700000000067 2
endloop
endfacet
facet normal 0 0 1
outer loop
vertex 361.89354353791987 -131.27484483812947 2
vertex 246.54999999999973 -131.0700000000067 2
vertex 246.52982454442414 -131.27484483812947 2
endloop
endfacet
facet normal 0 0 1
outer loop
vertex 141.45000000000016 -131.0700000000067 2
vertex 141.4701754555778 -130.86515516188382 2
vertex 26.105869106089834 -130.86515516188382 2
endloop
endfacet
facet normal 0 0 1
outer loop
vertex 141.45000000000016 -131.0700000000067 2
vertex 26.105869106089834 -130.86515516188382 2
vertex 26.106162784086855 -131.0700000000067 2
endloop
endfacet
facet normal 0 0 1
outer loop
vertex 148.86037927349116 -131.0700000000067 2
vertex 148.86056169013946 -130.86515516188382 2
vertex 143.52982454442275 -130.86515516188382 2
endloop
endfacet
facet normal 0 0 1
outer loop
vertex 148.86037927349116 -131.0700000000067 2
vertex 143.52982454442275 -130.86515516188382 2
vertex 143.54999999999993 -131.0700000000067 2
endloop
endfacet
facet normal 0 0 1
outer loop
vertex 244.4499999999998 -131.0700000000067 2
vertex 244.47017545557773 -130.86515516188382 2
vertex 239.1394383098585 -130.86515516188382 2
endloop
endfacet
facet normal 0 0 1
outer loop
vertex 244.4499999999998 -131.0700000000067 2
vertex 239.1394383098585 -130.86515516188382 2
vertex 239.13962072650676 -131.0700000000067 2
endloop
endfacet
facet normal 0 0 1
outer loop
vertex 361.8938372159169 -131.0700000000067 2
vertex 361.8941308939139 -130.86515516188382 2
vertex 246.5298245444229 -130.86515516188382 2
endloop
endfacet
facet normal 0 0 1
outer loop
vertex 361.8938372159169 -131.0700000000067 2
vertex 246.5298245444229 -130.86515516188382 2
vertex 246.54999999999973 -131.0700000000067 2
endloop
endfacet
facet normal 0 0 1
outer loop
vertex 141.4701754555778 -130.86515516188382 2
vertex 141.52992649086207 -130.66818239600866 2
vertex 26.105586713973537 -130.66818239600866 2
endloop
endfacet
facet normal 0 0 1
outer loop
vertex 141.4701754555778 -130.86515516188382 2
vertex 26.105586713973537 -130.66818239600866 2
vertex 26.105869106089834 -130.86515516188382 2
endloop
endfacet
facet normal 0 0 1
outer loop
vertex 148.86056169013946 -130.86515516188382 2
vertex 148.86073709661827 -130.66818239600866 2
vertex 143.47007350913353 -130.66818239600866 2
endloop
endfacet
facet normal 0 0 1
outer loop
vertex 148.86056169013946 -130.86515516188382 2
vertex 143.47007350913353 -130.66818239600866 2
vertex 143.52982454442275 -130.86515516188382 2
endloop
endfacet
facet normal 0 0 1
outer loop
vertex 244.47017545557773 -130.86515516188382 2
vertex 244.52992649085945 -130.66818239600866 2
vertex 239.1392629033797 -130.66818239600866 2
endloop
endfacet
facet normal 0 0 1
outer loop
vertex 244.47017545557773 -130.86515516188382 2
vertex 239.1392629033797 -130.66818239600866 2
vertex 239.1394383098585 -130.86515516188382 2
endloop
endfacet
facet normal 0 0 1
outer loop
vertex 361.8941308939139 -130.86515516188382 2
vertex 361.89441328603016 -130.66818239600866 2
vertex 246.47007350913185 -130.66818239600866 2
endloop
endfacet
facet normal 0 0 1
outer loop
vertex 361.8941308939139 -130.86515516188382 2
vertex 246.47007350913185 -130.66818239600866 2
vertex 246.5298245444229 -130.86515516188382 2
endloop
endfacet
facet normal 0 0 1
outer loop
vertex 141.52992649086207 -130.66818239600866 2
vertex 141.62695690708136 -130.4866512553492 2
vertex 26.105326459908685 -130.4866512553492 2
endloop
endfacet
facet normal 0 0 1
outer loop
vertex 141.52992649086207 -130.66818239600866 2
vertex 26.105326459908685 -130.4866512553492 2
vertex 26.105586713973537 -130.66818239600866 2
endloop
endfacet
facet normal 0 0 1
outer loop
vertex 148.86073709661827 -130.66818239600866 2
vertex 148.86089875215492 -130.4866512553492 2
vertex 143.37304309292918 -130.4866512553492 2
endloop
endfacet
facet normal 0 0 1
outer loop
vertex 148.86073709661827 -130.66818239600866 2
vertex 143.37304309292918 -130.4866512553492 2
vertex 143.47007350913353 -130.66818239600866 2
endloop
endfacet
facet normal 0 0 1
outer loop
vertex 244.52992649085945 -130.66818239600866 2
vertex 244.6269569070808 -130.4866512553492 2
vertex 239.13910124784303 -130.4866512553492 2
endloop
endfacet
facet normal 0 0 1
outer loop
vertex 244.52992649085945 -130.66818239600866 2
vertex 239.13910124784303 -130.4866512553492 2
vertex 239.1392629033797 -130.66818239600866 2
endloop
endfacet
facet normal 0 0 1
outer loop
vertex 361.89441328603016 -130.66818239600866 2
vertex 361.894673540095 -130.4866512553492 2
vertex 246.3730430929371 -130.4866512553492 2
endloop
endfacet
facet normal 0 0 1
outer loop
vertex 361.89441328603016 -130.66818239600866 2
vertex 246.3730430929371 -130.4866512553492 2
vertex 246.47007350913185 -130.66818239600866 2
endloop
endfacet
facet normal 0 0 1
outer loop
vertex 141.62695690708136 -130.4866512553492 2
vertex 141.75753787975452 -130.3275378797475 2
vertex 26.105098345312907 -130.3275378797475 2
endloop
endfacet
facet normal 0 0 1
outer loop
vertex 141.62695690708136 -130.4866512553492 2
vertex 26.105098345312907 -130.3275378797475 2
vertex 26.105326459908685 -130.4866512553492 2
endloop
endfacet
facet normal 0 0 1
outer loop
vertex 148.86089875215492 -130.4866512553492 2
vertex 148.8610404444179 -130.3275378797475 2
vertex 143.24246212023573 -130.3275378797475 2
endloop
endfacet
facet normal 0 0 1
outer loop
vertex 148.86089875215492 -130.4866512553492 2
vertex 143.24246212023573 -130.3275378797475 2
vertex 143.37304309292918 -130.4866512553492 2
endloop
endfacet
facet normal 0 0 1
outer loop
vertex 244.6269569070808 -130.4866512553492 2
vertex 244.75753787975836 -130.3275378797475 2
vertex 239.13895955558004 -130.3275378797475 2
endloop
endfacet
facet normal 0 0 1
outer loop
vertex 244.6269569070808 -130.4866512553492 2
vertex 239.13895955558004 -130.3275378797475 2
vertex 239.13910124784303 -130.4866512553492 2
endloop
endfacet
facet normal 0 0 1
outer loop
vertex 361.894673540095 -130.4866512553492 2
vertex 361.8949016546908 -130.3275378797475 2
vertex 246.24246212023277 -130.3275378797475 2
endloop
endfacet
facet normal 0 0 1
outer loop
vertex 361.894673540095 -130.4866512553492 2
vertex 246.24246212023277 -130.3275378797475 2
vertex 246.3730430929371 -130.4866512553492 2
endloop
endfacet
facet normal 0 0 1
outer loop
vertex 141.75753787975452 -130.3275378797475 2
vertex 141.9166512553302 -130.1969569070674 2
vertex 26.10491113650229 -130.1969569070674 2
endloop
endfacet
facet normal 0 0 1
outer loop
vertex 141.75753787975452 -130.3275378797475 2
vertex 26.10491113650229 -130.1969569070674 2
vertex 26.105098345312907 -130.3275378797475 2
endloop
endfacet
facet normal 0 0 1
outer loop
vertex 148.8610404444179 -130.3275378797475 2
vertex 148.86115672825295 -130.1969569070674 2
vertex 143.0833487446503 -130.1969569070674 2
endloop
endfacet
facet normal 0 0 1
outer loop
vertex 148.8610404444179 -130.3275378797475 2
vertex 143.0833487446503 -130.1969569070674 2
vertex 143.24246212023573 -130.3275378797475 2
endloop
endfacet
facet normal 0 0 1
outer loop
vertex 244.75753787975836 -130.3275378797475 2
vertex 244.91665125533393 -130.1969569070674 2
vertex 239.138843271745 -130.1969569070674 2
endloop
endfacet
facet normal 0 0 1
outer loop
vertex 244.75753787975836 -130.3275378797475 2
vertex 239.138843271745 -130.1969569070674 2
vertex 239.13895955558004 -130.3275378797475 2
endloop
endfacet
facet normal 0 0 1
outer loop
vertex 361.8949016546908 -130.3275378797475 2
vertex 361.8950888635014 -130.1969569070674 2
vertex 246.08334874467144 -130.1969569070674 2
endloop
endfacet
facet normal 0 0 1
outer loop
vertex 361.8949016546908 -130.3275378797475 2
vertex 246.08334874467144 -130.1969569070674 2
vertex 246.24246212023277 -130.3275378797475 2
endloop
endfacet
facet normal 0 0 1
outer loop
vertex 141.9166512553302 -130.1969569070674 2
vertex 142.09818239602058 -130.0999264908695 2
vertex 26.104772027806458 -130.0999264908695 2
endloop
endfacet
facet normal 0 0 1
outer loop
vertex 141.9166512553302 -130.1969569070674 2
vertex 26.104772027806458 -130.0999264908695 2
vertex 26.10491113650229 -130.1969569070674 2
endloop
endfacet
facet normal 0 0 1
outer loop
vertex 148.86115672825295 -130.1969569070674 2
vertex 148.8612431349375 -130.0999264908695 2
vertex 142.90181760400287 -130.0999264908695 2
endloop
endfacet
facet normal 0 0 1
outer loop
vertex 148.86115672825295 -130.1969569070674 2
vertex 142.90181760400287 -130.0999264908695 2
vertex 143.0833487446503 -130.1969569070674 2
endloop
endfacet
facet normal 0 0 1
outer loop
vertex 244.91665125533393 -130.1969569070674 2
vertex 245.09818239601785 -130.0999264908695 2
vertex 239.1387568650605 -130.0999264908695 2
endloop
endfacet
facet normal 0 0 1
outer loop
vertex 244.91665125533393 -130.1969569070674 2
vertex 239.1387568650605 -130.0999264908695 2
vertex 239.138843271745 -130.1969569070674 2
endloop
endfacet
facet normal 0 0 1
outer loop
vertex 361.8950888635014 -130.1969569070674 2
vertex 361.89522797219723 -130.0999264908695 2
vertex 245.90181760403095 -130.0999264908695 2
endloop
endfacet
facet normal 0 0 1
outer loop
vertex 361.8950888635014 -130.1969569070674 2
vertex 245.90181760403095 -130.0999264908695 2
vertex 246.08334874467144 -130.1969569070674 2
endloop
endfacet
facet normal 0 0 1
outer loop
vertex 142.09818239602058 -130.0999264908695 2
vertex 142.2951551618753 -130.04017545557608 2
vertex 26.104686365094498 -130.04017545557608 2
endloop
endfacet
facet normal 0 0 1
outer loop
vertex 142.09818239602058 -130.0999264908695 2
vertex 26.104686365094498 -130.04017545557608 2
vertex 26.104772027806458 -130.0999264908695 2
endloop
endfacet
facet normal 0 0 1
outer loop
vertex 148.8612431349375 -130.0999264908695 2
vertex 148.8612963439111 -130.04017545557608 2
vertex 142.70484483811381 -130.04017545557608 2
endloop
endfacet
facet normal 0 0 1
outer loop
vertex 148.8612431349375 -130.0999264908695 2
vertex 142.70484483811381 -130.04017545557608 2
vertex 142.90181760400287 -130.0999264908695 2
endloop
endfacet
facet normal 0 0 1
outer loop
vertex 245.09818239601785 -130.0999264908695 2
vertex 245.29515516186686 -130.04017545557608 2
vertex 239.13870365608685 -130.04017545557608 2
endloop
endfacet
facet normal 0 0 1
outer loop
vertex 245.09818239601785 -130.0999264908695 2
vertex 239.13870365608685 -130.04017545557608 2
vertex 239.1387568650605 -130.0999264908695 2
endloop
endfacet
facet normal 0 0 1
outer loop
vertex 361.89522797219723 -130.0999264908695 2
vertex 361.8953136349092 -130.04017545557608 2
vertex 245.70484483805575 -130.04017545557608 2
endloop
endfacet
facet normal 0 0 1
outer loop
vertex 361.89522797219723 -130.0999264908695 2
vertex 245.70484483805575 -130.04017545557608 2
vertex 245.90181760403095 -130.0999264908695 2
endloop
endfacet
facet normal 0 0 1
outer loop
vertex 142.2951551618753 -130.04017545557608 2
vertex 142.5000000000017 -130.01999999999995 2
vertex 26.10465744033644 -130.01999999999995 2
endloop
endfacet
facet normal 0 0 1
outer loop
vertex 142.2951551618753 -130.04017545557608 2
vertex 26.10465744033644 -130.01999999999995 2
vertex 26.104686365094498 -130.04017545557608 2
endloop
endfacet
facet normal 0 0 1
outer loop
vertex 148.8612963439111 -130.04017545557608 2
vertex 148.8613143103828 -130.01999999999995 2
vertex 142.5000000000017 -130.01999999999995 2
endloop
endfacet
facet normal 0 0 1
outer loop
vertex 148.8612963439111 -130.04017545557608 2
vertex 142.5000000000017 -130.01999999999995 2
vertex 142.70484483811381 -130.04017545557608 2
endloop
endfacet
facet normal 0 0 1
outer loop
vertex 245.29515516186686 -130.04017545557608 2
vertex 245.50000000000585 -130.01999999999995 2
vertex 239.13868568961516 -130.01999999999995 2
endloop
endfacet
facet normal 0 0 1
outer loop
vertex 245.29515516186686 -130.04017545557608 2
vertex 239.13868568961516 -130.01999999999995 2
vertex 239.13870365608685 -130.04017545557608 2
endloop
endfacet
facet normal 0 0 1
outer loop
vertex 361.8953136349092 -130.04017545557608 2
vertex 361.89534255966726 -130.01999999999995 2
vertex 245.50000000000585 -130.01999999999995 2
endloop
endfacet
facet normal 0 0 1
outer loop
vertex 361.8953136349092 -130.04017545557608 2
vertex 245.50000000000585 -130.01999999999995 2
vertex 245.70484483805575 -130.04017545557608 2
endloop
endfacet
facet normal 0 0 1
outer loop
vertex 142.5000000000017 -130.01999999999995 2
vertex 148.8613143103828 -130.01999999999995 2
vertex 148.87818949999857 -111.07 2
endloop
endfacet
facet normal 0 0 1
outer loop
vertex 142.5000000000017 -130.01999999999995 2
vertex 148.87818949999857 -111.07 2
vertex 26.07748956979338 -111.07 2
endloop
endfacet
facet normal 0 0 1
outer loop
vertex 142.5000000000017 -130.01999999999995 2
vertex 26.07748956979338 -111.07 2
vertex 26.10465744033644 -130.01999999999995 2
endloop
endfacet
facet normal 0 0 1
outer loop
vertex 152.8023402 -196.2466874 2
vertex 152.8781917111673 -111.07 2
vertex 150.87819030000023 -111.07 2
endloop
endfacet
facet normal 0 0 1
outer loop
vertex 152.8023402 -196.2466874 2
vertex 150.87819030000023 -111.07 2
vertex 150.80233948143783 -196.2466874 2
endloop
endfacet
facet normal 0 0 1
outer loop
vertex 237.19766051856135 -196.2466874 2
vertex 237.12180970000136 -111.07 2
vertex 235.1218083358219 -111.07 2
endloop
endfacet
facet normal 0 0 1
outer loop
vertex 237.19766051856135 -196.2466874 2
vertex 235.1218083358219 -111.07 2
vertex 235.19765979999994 -196.2466874 2
endloop
endfacet
facet normal 0 0 1
outer loop
vertex 245.50000000000585 -130.01999999999995 2
vertex 361.89534255966726 -130.01999999999995 2
vertex 361.92251043020974 -111.07 2
endloop
endfacet
facet normal 0 0 1
outer loop
vertex 245.50000000000585 -130.01999999999995 2
vertex 361.92251043020974 -111.07 2
vertex 239.12181050000038 -111.07 2
endloop
endfacet
facet normal 0 0 1
outer loop
vertex 245.50000000000585 -130.01999999999995 2
vertex 239.12181050000038 -111.07 2
vertex 239.13868568961516 -130.01999999999995 2
endloop
endfacet
facet normal 0 0 1
outer loop
vertex 24.205343299999708 -200.24931900009454 2
vertex 24.069676799999847 -105.62369499994244 2
vertex 22.06995240647586 -105.62369499994244 2
endloop
endfacet
facet normal 0 0 1
outer loop
vertex 24.205343299999708 -200.24931900009454 2
vertex 22.06995240647586 -105.62369499994244 2
vertex 22.069682400000005 -105.62718639999994 2
endloop
endfacet
facet normal 0 0 1
outer loop
vertex 24.205343299999708 -200.24931900009454 2
vertex 22.069682400000005 -105.62718639999994 2
vertex 22.205348194185287 -200.24931900009454 2
endloop
endfacet
facet normal 0 0 1
outer loop
vertex 365.7946518058147 -200.24931900009454 2
vertex 365.9303176 -105.62718639999994 2
vertex 365.9300475935242 -105.62369499994244 2
endloop
endfacet
facet normal 0 0 1
outer loop
vertex 365.7946518058147 -200.24931900009454 2
vertex 365.9300475935242 -105.62369499994244 2
vertex 363.93032319999736 -105.62369499994244 2
endloop
endfacet
facet normal 0 0 1
outer loop
vertex 365.7946518058147 -200.24931900009454 2
vertex 363.93032319999736 -105.62369499994244 2
vertex 363.79465669999456 -200.24931900009454 2
endloop
endfacet
facet normal 0 0 1
outer loop
vertex 24.069676799999847 -105.62369499994244 2
vertex 24.148476630287696 -104.605904739963 2
vertex 22.148662939995837 -104.605904739963 2
endloop
endfacet
facet normal 0 0 1
outer loop
vertex 24.069676799999847 -105.62369499994244 2
vertex 22.148662939995837 -104.605904739963 2
vertex 22.06995240647586 -105.62369499994244 2
endloop
endfacet
facet normal 0 0 1
outer loop
vertex 365.9300475935242 -105.62369499994244 2
vertex 365.8513370600042 -104.605904739963 2
vertex 363.85152336971424 -104.605904739963 2
endloop
endfacet
facet normal 0 0 1
outer loop
vertex 365.9300475935242 -105.62369499994244 2
vertex 363.85152336971424 -104.605904739963 2
vertex 363.93032319999736 -105.62369499994244 2
endloop
endfacet
facet normal 0 0 1
outer loop
vertex 148.87818949999857 -111.07 2
vertex 150.87819030000023 -111.07 2
vertex 152.8781917111673 -111.07 2
endloop
endfacet
facet normal 0 0 1
outer loop
vertex 148.87818949999857 -111.07 2
vertex 152.8781917111673 -111.07 2
vertex 152.88304275000002 -105.62257500000013 2
endloop
endfacet
facet normal 0 0 1
outer loop
vertex 148.87818949999857 -111.07 2
vertex 152.88304275000002 -105.62257500000013 2
vertex 152.77946146426714 -104.29204015158662 2
endloop
endfacet
facet normal 0 0 1
outer loop
vertex 148.87818949999857 -111.07 2
vertex 152.77946146426714 -104.29204015158662 2
vertex 152.72633230112626 -104.07000000000102 2
endloop
endfacet
facet normal 0 0 1
outer loop
vertex 148.87818949999857 -111.07 2
vertex 152.72633230112626 -104.07000000000102 2
vertex 150.69675880000221 -104.07000000000102 2
endloop
endfacet
facet normal 0 0 1
outer loop
vertex 148.87818949999857 -111.07 2
vertex 150.69675880000221 -104.07000000000102 2
vertex 148.60950775000023 -104.07000000000102 2
endloop
endfacet
facet normal 0 0 1
outer loop
vertex 148.87818949999857 -111.07 2
vertex 148.60950775000023 -104.07000000000102 2
vertex 26.354118879806112 -104.07000000000102 2
endloop
endfacet
facet normal 0 0 1
outer loop
vertex 148.87818949999857 -111.07 2
vertex 26.354118879806112 -104.07000000000102 2
vertex 26.288321247701955 -104.2293344207098 2
endloop
endfacet
facet normal 0 0 1
outer loop
vertex 148.87818949999857 -111.07 2
vertex 26.288321247701955 -104.2293344207098 2
vertex 26.124166201984934 -104.9167832571877 2
endloop
endfacet
facet normal 0 0 1
outer loop
vertex 148.87818949999857 -111.07 2
vertex 26.124166201984934 -104.9167832571877 2
vertex 26.069678200000293 -105.62145159999646 2
endloop
endfacet
facet normal 0 0 1
outer loop
vertex 148.87818949999857 -111.07 2
vertex 26.069678200000293 -105.62145159999646 2
vertex 26.07748956979338 -111.07 2
endloop
endfacet
facet normal 0 0 1
outer loop
vertex 237.12180970000136 -111.07 2
vertex 239.12181050000038 -111.07 2
vertex 361.92251043020974 -111.07 2
endloop
endfacet
facet normal 0 0 1
outer loop
vertex 237.12180970000136 -111.07 2
vertex 361.92251043020974 -111.07 2
vertex 361.9303218000026 -105.62145159999646 2
endloop
endfacet
facet normal 0 0 1
outer loop
vertex 237.12180970000136 -111.07 2
vertex 361.9303218000026 -105.62145159999646 2
vertex 361.87583379801237 -104.9167832571877 2
endloop
endfacet
facet normal 0 0 1
outer loop
vertex 237.12180970000136 -111.07 2
vertex 361.87583379801237 -104.9167832571877 2
vertex 361.71167875228986 -104.2293344207098 2
endloop
endfacet
facet normal 0 0 1
outer loop
vertex 237.12180970000136 -111.07 2
vertex 361.71167875228986 -104.2293344207098 2
vertex 361.6458811201911 -104.07000000000102 2
endloop
endfacet
facet normal 0 0 1
outer loop
vertex 237.12180970000136 -111.07 2
vertex 361.6458811201911 -104.07000000000102 2
vertex 239.3904922999989 -104.07000000000102 2
endloop
endfacet
facet normal 0 0 1
outer loop
vertex 237.12180970000136 -111.07 2
vertex 239.3904922999989 -104.07000000000102 2
vertex 237.30324119999983 -104.07000000000102 2
endloop
endfacet
facet normal 0 0 1
outer loop
vertex 237.12180970000136 -111.07 2
vertex 237.30324119999983 -104.07000000000102 2
vertex 235.27366774887378 -104.07000000000102 2
endloop
endfacet
facet normal 0 0 1
outer loop
vertex 237.12180970000136 -111.07 2
vertex 235.27366774887378 -104.07000000000102 2
vertex 235.22053858573287 -104.29204015158662 2
endloop
endfacet
facet normal 0 0 1
outer loop
vertex 237.12180970000136 -111.07 2
vertex 235.22053858573287 -104.29204015158662 2
vertex 235.11695730000002 -105.62257500000013 2
endloop
endfacet
facet normal 0 0 1
outer loop
vertex 237.12180970000136 -111.07 2
vertex 235.11695730000002 -105.62257500000013 2
vertex 235.1218083358219 -111.07 2
endloop
endfacet
facet normal 0 0 1
outer loop
vertex 24.148476630287696 -104.605904739963 2
vertex 24.385656765813096 -103.61300393425294 2
vertex 22.335744986458995 -103.61300393425294 2
endloop
endfacet
facet normal 0 0 1
outer loop
vertex 24.148476630287696 -104.605904739963 2
vertex 22.335744986458995 -103.61300393425294 2
vertex 22.17261855022207 -104.29613950690263 2
endloop
endfacet
facet normal 0 0 1
outer loop
vertex 24.148476630287696 -104.605904739963 2
vertex 22.17261855022207 -104.29613950690263 2
vertex 22.148662939995837 -104.605904739963 2
endloop
endfacet
facet normal 0 0 1
outer loop
vertex 365.8513370600042 -104.605904739963 2
vertex 365.827381449778 -104.29613950690263 2
vertex 365.6642550135411 -103.61300393425294 2
endloop
endfacet
facet normal 0 0 1
outer loop
vertex 365.8513370600042 -104.605904739963 2
vertex 365.6642550135411 -103.61300393425294 2
vertex 363.61434323418854 -103.61300393425294 2
endloop
endfacet
facet normal 0 0 1
outer loop
vertex 365.8513370600042 -104.605904739963 2
vertex 363.61434323418854 -103.61300393425294 2
vertex 363.85152336971424 -104.605904739963 2
endloop
endfacet
facet normal 0 0 1
outer loop
vertex 152.72633230112626 -104.07000000000102 2
vertex 152.48128246634013 -103.04587503274628 2
vertex 150.35376948963665 -103.04587503274628 2
endloop
endfacet
facet normal 0 0 1
outer loop
vertex 152.72633230112626 -104.07000000000102 2
vertex 150.35376948963665 -103.04587503274628 2
vertex 150.69675880000221 -104.07000000000102 2
endloop
endfacet
facet normal 0 0 1
outer loop
vertex 237.30324119999983 -104.07000000000102 2
vertex 237.64623051036588 -103.04587503274628 2
vertex 235.51871758365985 -103.04587503274628 2
endloop
endfacet
facet normal 0 0 1
outer loop
vertex 237.30324119999983 -104.07000000000102 2
vertex 235.51871758365985 -103.04587503274628 2
vertex 235.27366774887378 -104.07000000000102 2
endloop
endfacet
facet normal 0 0 1
outer loop
vertex 24.385656765813096 -103.61300393425294 2
vertex 24.77536710140646 -102.66948272039106 2
vertex 22.618200463319578 -102.66948272039106 2
endloop
endfacet
facet normal 0 0 1
outer loop
vertex 24.385656765813096 -103.61300393425294 2
vertex 22.618200463319578 -102.66948272039106 2
vertex 22.48269064031811 -102.99762971464065 2
endloop
endfacet
facet normal 0 0 1
outer loop
vertex 24.385656765813096 -103.61300393425294 2
vertex 22.48269064031811 -102.99762971464065 2
vertex 22.335744986458995 -103.61300393425294 2
endloop
endfacet
facet normal 0 0 1
outer loop
vertex 365.6642550135411 -103.61300393425294 2
vertex 365.517309359682 -102.99762971464065 2
vertex 365.3817995366805 -102.66948272039106 2
endloop
endfacet
facet normal 0 0 1
outer loop
vertex 365.6642550135411 -103.61300393425294 2
vertex 365.3817995366805 -102.66948272039106 2
vertex 363.2246328985914 -102.66948272039106 2
endloop
endfacet
facet normal 0 0 1
outer loop
vertex 365.6642550135411 -103.61300393425294 2
vertex 363.2246328985914 -102.66948272039106 2
vertex 363.61434323418854 -103.61300393425294 2
endloop
endfacet
facet normal 0 0 1
outer loop
vertex 152.48128246634013 -103.04587503274628 2
vertex 152.46889813182037 -102.99411778020374 2
vertex 152.0962166077869 -102.09268044977824 2
endloop
endfacet
facet normal 0 0 1
outer loop
vertex 152.48128246634013 -103.04587503274628 2
vertex 152.0962166077869 -102.09268044977824 2
vertex 149.8459401046743 -102.09268044977824 2
endloop
endfacet
facet normal 0 0 1
outer loop
vertex 152.48128246634013 -103.04587503274628 2
vertex 149.8459401046743 -102.09268044977824 2
vertex 150.35376948963665 -103.04587503274628 2
endloop
endfacet
facet normal 0 0 1
outer loop
vertex 237.64623051036588 -103.04587503274628 2
vertex 238.15405989533247 -102.09268044977824 2
vertex 235.90378344221313 -102.09268044977824 2
endloop
endfacet
facet normal 0 0 1
outer loop
vertex 237.64623051036588 -103.04587503274628 2
vertex 235.90378344221313 -102.09268044977824 2
vertex 235.53110191817962 -102.99411778020374 2
endloop
endfacet
facet normal 0 0 1
outer loop
vertex 237.64623051036588 -103.04587503274628 2
vertex 235.53110191817962 -102.99411778020374 2
vertex 235.51871758365985 -103.04587503274628 2
endloop
endfacet
facet normal 0 0 1
outer loop
vertex 24.77536710140646 -102.66948272039106 2
vertex 25.307995337760698 -101.7986132764016 2
vertex 22.97783003872455 -101.7986132764016 2
endloop
endfacet
facet normal 0 0 1
outer loop
vertex 24.77536710140646 -102.66948272039106 2
vertex 22.97783003872455 -101.7986132764016 2
vertex 22.618200463319578 -102.66948272039106 2
endloop
endfacet
facet normal 0 0 1
outer loop
vertex 365.3817995366805 -102.66948272039106 2
vertex 365.0221699612754 -101.7986132764016 2
vertex 362.69200466226965 -101.7986132764016 2
endloop
endfacet
facet normal 0 0 1
outer loop
vertex 365.3817995366805 -102.66948272039106 2
vertex 362.69200466226965 -101.7986132764016 2
vertex 363.2246328985914 -102.66948272039106 2
endloop
endfacet
facet normal 0 0 1
outer loop
vertex 152.0962166077869 -102.09268044977824 2
vertex 151.95900852379816 -101.76080328129133 2
vertex 151.63827531190512 -101.23673278251569 2
endloop
endfacet
facet normal 0 0 1
outer loop
vertex 152.0962166077869 -102.09268044977824 2
vertex 151.63827531190512 -101.23673278251569 2
vertex 149.1872867905565 -101.23673278251569 2
endloop
endfacet
facet normal 0 0 1
outer loop
vertex 152.0962166077869 -102.09268044977824 2
vertex 149.1872867905565 -101.23673278251569 2
vertex 149.8459401046743 -102.09268044977824 2
endloop
endfacet
facet normal 0 0 1
outer loop
vertex 238.15405989533247 -102.09268044977824 2
vertex 238.8127132094652 -101.23673278251569 2
vertex 236.36172473809498 -101.23673278251569 2
endloop
endfacet
facet normal 0 0 1
outer loop
vertex 238.15405989533247 -102.09268044977824 2
vertex 236.36172473809498 -101.23673278251569 2
vertex 236.04099152620188 -101.76080328129133 2
endloop
endfacet
facet normal 0 0 1
outer loop
vertex 238.15405989533247 -102.09268044977824 2
vertex 236.04099152620188 -101.76080328129133 2
vertex 235.90378344221313 -102.09268044977824 2
endloop
endfacet
facet normal 0 0 1
outer loop
vertex 151.63827531190512 -101.23673278251569 2
vertex 151.56387115097317 -101.11515813952678 2
vertex 149.09373232747325 -101.11515482530861 2
endloop
endfacet
facet normal 0 0 1
outer loop
vertex 151.63827531190512 -101.23673278251569 2
vertex 149.09373232747325 -101.11515482530861 2
vertex 149.05640959377953 -101.11515482530861 2
endloop
endfacet
facet normal 0 0 1
outer loop
vertex 151.63827531190512 -101.23673278251569 2
vertex 149.05640959377953 -101.11515482530861 2
vertex 149.1872867905565 -101.23673278251569 2
endloop
endfacet
facet normal 0 0 1
outer loop
vertex 148.60950775000023 -104.07000000000102 2
vertex 148.3256666632376 -103.44572685756206 2
vertex 147.95026280384417 -102.87183256316473 2
endloop
endfacet
facet normal 0 0 1
outer loop
vertex 148.60950775000023 -104.07000000000102 2
vertex 147.95026280384417 -102.87183256316473 2
vertex 147.49201449015393 -102.36164514479795 2
endloop
endfacet
facet normal 0 0 1
outer loop
vertex 148.60950775000023 -104.07000000000102 2
vertex 147.49201449015393 -102.36164514479795 2
vertex 146.96156400675156 -101.92701311241788 2
endloop
endfacet
facet normal 0 0 1
outer loop
vertex 148.60950775000023 -104.07000000000102 2
vertex 146.96156400675156 -101.92701311241788 2
vertex 146.37123044980655 -101.57803028998867 2
endloop
endfacet
facet normal 0 0 1
outer loop
vertex 148.60950775000023 -104.07000000000102 2
vertex 146.37123044980655 -101.57803028998867 2
vertex 145.73472363008182 -101.32280139796258 2
endloop
endfacet
facet normal 0 0 1
outer loop
vertex 148.60950775000023 -104.07000000000102 2
vertex 145.73472363008182 -101.32280139796258 2
vertex 145.0668256788645 -101.167253830799 2
endloop
endfacet
facet normal 0 0 1
outer loop
vertex 148.60950775000023 -104.07000000000102 2
vertex 145.0668256788645 -101.167253830799 2
vertex 144.38304550000123 -101.115 2
endloop
endfacet
facet normal 0 0 1
outer loop
vertex 148.60950775000023 -104.07000000000102 2
vertex 144.38304550000123 -101.115 2
vertex 45.69999999999999 -101.115 2
endloop
endfacet
facet normal 0 0 1
outer loop
vertex 148.60950775000023 -104.07000000000102 2
vertex 45.69999999999999 -101.115 2
vertex 33.700000091987526 -101.115 2
endloop
endfacet
facet normal 0 0 1
outer loop
vertex 148.60950775000023 -104.07000000000102 2
vertex 33.700000091987526 -101.115 2
vertex 30.569620782202275 -101.115 2
endloop
endfacet
facet normal 0 0 1
outer loop
vertex 148.60950775000023 -104.07000000000102 2
vertex 30.569620782202275 -101.115 2
vertex 29.86508045252424 -101.1704987164003 2
endloop
endfacet
facet normal 0 0 1
outer loop
vertex 148.60950775000023 -104.07000000000102 2
vertex 29.86508045252424 -101.1704987164003 2
vertex 29.177867807952914 -101.33563975584939 2
endloop
endfacet
facet normal 0 0 1
outer loop
vertex 148.60950775000023 -104.07000000000102 2
vertex 29.177867807952914 -101.33563975584939 2
vertex 28.524988523989755 -101.60634517204022 2
endloop
endfacet
facet normal 0 0 1
outer loop
vertex 148.60950775000023 -104.07000000000102 2
vertex 28.524988523989755 -101.60634517204022 2
vertex 27.922548013230173 -101.97593712647291 2
endloop
endfacet
facet normal 0 0 1
outer loop
vertex 148.60950775000023 -104.07000000000102 2
vertex 27.922548013230173 -101.97593712647291 2
vertex 27.385407450202447 -102.43529841929022 2
endloop
endfacet
facet normal 0 0 1
outer loop
vertex 148.60950775000023 -104.07000000000102 2
vertex 27.385407450202447 -102.43529841929022 2
vertex 26.926817171686668 -102.97309739495697 2
endloop
endfacet
facet normal 0 0 1
outer loop
vertex 148.60950775000023 -104.07000000000102 2
vertex 26.926817171686668 -102.97309739495697 2
vertex 26.558089813598674 -103.57606747480281 2
endloop
endfacet
facet normal 0 0 1
outer loop
vertex 148.60950775000023 -104.07000000000102 2
vertex 26.558089813598674 -103.57606747480281 2
vertex 26.354118879806112 -104.07000000000102 2
endloop
endfacet
facet normal 0 0 1
outer loop
vertex 151.56377436895917 -101.115 2
vertex 149.05624298018736 -101.115 2
vertex 149.05640959377953 -101.11515482530861 2
endloop
endfacet
facet normal 0 0 1
outer loop
vertex 151.56377436895917 -101.115 2
vertex 149.05640959377953 -101.11515482530861 2
vertex 149.09373232747325 -101.11515482530861 2
endloop
endfacet
facet normal 0 0 1
outer loop
vertex 151.56377436895917 -101.115 2
vertex 149.09373232747325 -101.11515482530861 2
vertex 151.56387115097317 -101.11515813952678 2
endloop
endfacet
facet normal 0 0 1
outer loop
vertex 361.6458811201911 -104.07000000000102 2
vertex 361.44191018641527 -103.57606747480281 2
vertex 361.0731828283153 -102.97309739495697 2
endloop
endfacet
facet normal 0 0 1
outer loop
vertex 361.6458811201911 -104.07000000000102 2
vertex 361.0731828283153 -102.97309739495697 2
vertex 360.61459254975546 -102.43529841929022 2
endloop
endfacet
facet normal 0 0 1
outer loop
vertex 361.6458811201911 -104.07000000000102 2
vertex 360.61459254975546 -102.43529841929022 2
vertex 360.0774519867753 -101.97593712647291 2
endloop
endfacet
facet normal 0 0 1
outer loop
vertex 361.6458811201911 -104.07000000000102 2
vertex 360.0774519867753 -101.97593712647291 2
vertex 359.47501147600775 -101.60634517204022 2
endloop
endfacet
facet normal 0 0 1
outer loop
vertex 361.6458811201911 -104.07000000000102 2
vertex 359.47501147600775 -101.60634517204022 2
vertex 358.8221321920627 -101.33563975584939 2
endloop
endfacet
facet normal 0 0 1
outer loop
vertex 361.6458811201911 -104.07000000000102 2
vertex 358.8221321920627 -101.33563975584939 2
vertex 358.13491954746803 -101.1704987164003 2
endloop
endfacet
facet normal 0 0 1
outer loop
vertex 361.6458811201911 -104.07000000000102 2
vertex 358.13491954746803 -101.1704987164003 2
vertex 357.43037921782553 -101.115 2
endloop
endfacet
facet normal 0 0 1
outer loop
vertex 361.6458811201911 -104.07000000000102 2
vertex 357.43037921782553 -101.115 2
vertex 354.3 -101.115 2
endloop
endfacet
facet normal 0 0 1
outer loop
vertex 361.6458811201911 -104.07000000000102 2
vertex 354.3 -101.115 2
vertex 342.3 -101.115 2
endloop
endfacet
facet normal 0 0 1
outer loop
vertex 361.6458811201911 -104.07000000000102 2
vertex 342.3 -101.115 2
vertex 243.61695459998683 -101.115 2
endloop
endfacet
facet normal 0 0 1
outer loop
vertex 361.6458811201911 -104.07000000000102 2
vertex 243.61695459998683 -101.115 2
vertex 242.93317437114277 -101.167253830799 2
endloop
endfacet
facet normal 0 0 1
outer loop
vertex 361.6458811201911 -104.07000000000102 2
vertex 242.93317437114277 -101.167253830799 2
vertex 242.2652764199144 -101.32280139796258 2
endloop
endfacet
facet normal 0 0 1
outer loop
vertex 361.6458811201911 -104.07000000000102 2
vertex 242.2652764199144 -101.32280139796258 2
vertex 241.62876960019423 -101.57803028998867 2
endloop
endfacet
facet normal 0 0 1
outer loop
vertex 361.6458811201911 -104.07000000000102 2
vertex 241.62876960019423 -101.57803028998867 2
vertex 241.03843604323527 -101.92701311241788 2
endloop
endfacet
facet normal 0 0 1
outer loop
vertex 361.6458811201911 -104.07000000000102 2
vertex 241.03843604323527 -101.92701311241788 2
vertex 240.50798555986037 -102.36164514479795 2
endloop
endfacet
facet normal 0 0 1
outer loop
vertex 361.6458811201911 -104.07000000000102 2
vertex 240.50798555986037 -102.36164514479795 2
vertex 240.04973724617582 -102.87183256316473 2
endloop
endfacet
facet normal 0 0 1
outer loop
vertex 361.6458811201911 -104.07000000000102 2
vertex 240.04973724617582 -102.87183256316473 2
vertex 239.6743333867467 -103.44572685756206 2
endloop
endfacet
facet normal 0 0 1
outer loop
vertex 361.6458811201911 -104.07000000000102 2
vertex 239.6743333867467 -103.44572685756206 2
vertex 239.3904922999989 -104.07000000000102 2
endloop
endfacet
facet normal 0 0 1
outer loop
vertex 33.700000091987526 -101.115 2
vertex 30.56967410000224 -101.11499579999989 2
vertex 30.569620782202275 -101.115 2
endloop
endfacet
facet normal 0 0 1
outer loop
vertex 357.43037921782553 -101.115 2
vertex 357.4303259000256 -101.11499579999989 2
vertex 354.3 -101.115 2
endloop
endfacet
facet normal 0 0 1
outer loop
vertex 25.307995337760698 -101.7986132764016 2
vertex 25.970404071155922 -101.02187580684897 2
vertex 23.44588489335686 -101.02187580684897 2
endloop
endfacet
facet normal 0 0 1
outer loop
vertex 25.307995337760698 -101.7986132764016 2
vertex 23.44588489335686 -101.02187580684897 2
vertex 22.992253571706783 -101.76368563138115 2
endloop
endfacet
facet normal 0 0 1
outer loop
vertex 25.307995337760698 -101.7986132764016 2
vertex 22.992253571706783 -101.76368563138115 2
vertex 22.97783003872455 -101.7986132764016 2
endloop
endfacet
facet normal 0 0 1
outer loop
vertex 365.0221699612754 -101.7986132764016 2
vertex 365.00774642829316 -101.76368563138115 2
vertex 364.55411510664317 -101.02187580684897 2
endloop
endfacet
facet normal 0 0 1
outer loop
vertex 365.0221699612754 -101.7986132764016 2
vertex 364.55411510664317 -101.02187580684897 2
vertex 362.02959592884946 -101.02187580684897 2
endloop
endfacet
facet normal 0 0 1
outer loop
vertex 365.0221699612754 -101.7986132764016 2
vertex 362.02959592884946 -101.02187580684897 2
vertex 362.69200466226965 -101.7986132764016 2
endloop
endfacet
facet normal 0 0 1
outer loop
vertex 151.56377436895917 -101.115 2
vertex 151.2623620511291 -100.62249938614093 2
vertex 151.15926103898212 -100.50166369454286 2
endloop
endfacet
facet normal 0 0 1
outer loop
vertex 151.56377436895917 -101.115 2
vertex 151.15926103898212 -100.50166369454286 2
vertex 148.39599415613304 -100.50166369454286 2
endloop
endfacet
facet normal 0 0 1
outer loop
vertex 151.56377436895917 -101.115 2
vertex 148.39599415613304 -100.50166369454286 2
vertex 149.05624298018736 -101.115 2
endloop
endfacet
facet normal 0 0 1
outer loop
vertex 238.8127132094652 -101.23673278251569 2
vertex 239.60400584383498 -100.50166369454286 2
vertex 236.84073901101794 -100.50166369454286 2
endloop
endfacet
facet normal 0 0 1
outer loop
vertex 238.8127132094652 -101.23673278251569 2
vertex 236.84073901101794 -100.50166369454286 2
vertex 236.737637998871 -100.62249938614093 2
endloop
endfacet
facet normal 0 0 1
outer loop
vertex 238.8127132094652 -101.23673278251569 2
vertex 236.737637998871 -100.62249938614093 2
vertex 236.36172473809498 -101.23673278251569 2
endloop
endfacet
facet normal 0 0 1
outer loop
vertex 25.970404071155922 -101.02187580684897 2
vertex 26.746254830612784 -100.35842872853532 2
vertex 23.915831091574276 -100.35842872853532 2
endloop
endfacet
facet normal 0 0 1
outer loop
vertex 25.970404071155922 -101.02187580684897 2
vertex 23.915831091574276 -100.35842872853532 2
vertex 23.688737379829888 -100.6247463499974 2
endloop
endfacet
facet normal 0 0 1
outer loop
vertex 25.970404071155922 -101.02187580684897 2
vertex 23.688737379829888 -100.6247463499974 2
vertex 23.44588489335686 -101.02187580684897 2
endloop
endfacet
facet normal 0 0 1
outer loop
vertex 364.55411510664317 -101.02187580684897 2
vertex 364.31126262017017 -100.6247463499974 2
vertex 364.08416890842574 -100.35842872853532 2
endloop
endfacet
facet normal 0 0 1
outer loop
vertex 364.55411510664317 -101.02187580684897 2
vertex 364.08416890842574 -100.35842872853532 2
vertex 361.25374516936523 -100.35842872853532 2
endloop
endfacet
facet normal 0 0 1
outer loop
vertex 364.55411510664317 -101.02187580684897 2
vertex 361.25374516936523 -100.35842872853532 2
vertex 362.02959592884946 -101.02187580684897 2
endloop
endfacet
facet normal 0 0 1
outer loop
vertex 151.15926103898212 -100.50166369454286 2
vertex 150.65252918030842 -99.90776754044569 2
vertex 147.49390881905123 -99.90776754044569 2
endloop
endfacet
facet normal 0 0 1
outer loop
vertex 151.15926103898212 -100.50166369454286 2
vertex 147.49390881905123 -99.90776754044569 2
vertex 148.39599415613304 -100.50166369454286 2
endloop
endfacet
facet normal 0 0 1
outer loop
vertex 239.60400584383498 -100.50166369454286 2
vertex 240.50609118094025 -99.90776754044569 2
vertex 237.34747086969153 -99.90776754044569 2
endloop
endfacet
facet normal 0 0 1
outer loop
vertex 239.60400584383498 -100.50166369454286 2
vertex 237.34747086969153 -99.90776754044569 2
vertex 236.84073901101794 -100.50166369454286 2
endloop
endfacet
facet normal 0 0 1
outer loop
vertex 26.746254830612784 -100.35842872853532 2
vertex 27.616411070282833 -99.82463612344128 2
vertex 24.371005418105916 -99.82463612344128 2
endloop
endfacet
facet normal 0 0 1
outer loop
vertex 26.746254830612784 -100.35842872853532 2
vertex 24.371005418105916 -99.82463612344128 2
vertex 23.915831091574276 -100.35842872853532 2
endloop
endfacet
facet normal 0 0 1
outer loop
vertex 364.08416890842574 -100.35842872853532 2
vertex 363.6289945818941 -99.82463612344128 2
vertex 360.3835891622211 -99.82463612344128 2
endloop
endfacet
facet normal 0 0 1
outer loop
vertex 364.08416890842574 -100.35842872853532 2
vertex 360.3835891622211 -99.82463612344128 2
vertex 361.25374516936523 -100.35842872853532 2
endloop
endfacet
facet normal 0 0 1
outer loop
vertex 150.65252918030842 -99.90776754044569 2
vertex 150.3961319129709 -99.60726669688054 2
vertex 150.2372296256483 -99.47144106340339 2
endloop
endfacet
facet normal 0 0 1
outer loop
vertex 150.65252918030842 -99.90776754044569 2
vertex 150.2372296256483 -99.47144106340339 2
vertex 146.50593624722282 -99.47144106340339 2
endloop
endfacet
facet normal 0 0 1
outer loop
vertex 150.65252918030842 -99.90776754044569 2
vertex 146.50593624722282 -99.47144106340339 2
vertex 147.49390881905123 -99.90776754044569 2
endloop
endfacet
facet normal 0 0 1
outer loop
vertex 240.50609118094025 -99.90776754044569 2
vertex 241.4940637527988 -99.47144106340339 2
vertex 237.7627704243516 -99.47144106340339 2
endloop
endfacet
facet normal 0 0 1
outer loop
vertex 240.50609118094025 -99.90776754044569 2
vertex 237.7627704243516 -99.47144106340339 2
vertex 237.603868137029 -99.60726669688054 2
endloop
endfacet
facet normal 0 0 1
outer loop
vertex 240.50609118094025 -99.90776754044569 2
vertex 237.603868137029 -99.60726669688054 2
vertex 237.34747086969153 -99.90776754044569 2
endloop
endfacet
facet normal 0 0 1
outer loop
vertex 27.616411070282833 -99.82463612344128 2
vertex 28.559410176891102 -99.43366411476062 2
vertex 24.759876590679543 -99.43366411476062 2
endloop
endfacet
facet normal 0 0 1
outer loop
vertex 27.616411070282833 -99.82463612344128 2
vertex 24.759876590679543 -99.43366411476062 2
vertex 24.554961111670337 -99.60890737257377 2
endloop
endfacet
facet normal 0 0 1
outer loop
vertex 27.616411070282833 -99.82463612344128 2
vertex 24.554961111670337 -99.60890737257377 2
vertex 24.371005418105916 -99.82463612344128 2
endloop
endfacet
facet normal 0 0 1
outer loop
vertex 363.6289945818941 -99.82463612344128 2
vertex 363.4450388883298 -99.60890737257377 2
vertex 363.2401234093206 -99.43366411476062 2
endloop
endfacet
facet normal 0 0 1
outer loop
vertex 363.6289945818941 -99.82463612344128 2
vertex 363.2401234093206 -99.43366411476062 2
vertex 359.44059010392317 -99.43366411476062 2
endloop
endfacet
facet normal 0 0 1
outer loop
vertex 363.6289945818941 -99.82463612344128 2
vertex 359.44059010392317 -99.43366411476062 2
vertex 360.3835891622211 -99.82463612344128 2
endloop
endfacet
facet normal 0 0 1
outer loop
vertex 150.2372296256483 -99.47144106340339 2
vertex 149.92520541133266 -99.20473070143366 2
vertex 145.45935314964657 -99.20473070143366 2
endloop
endfacet
facet normal 0 0 1
outer loop
vertex 150.2372296256483 -99.47144106340339 2
vertex 145.45935314964657 -99.20473070143366 2
vertex 146.50593624722282 -99.47144106340339 2
endloop
endfacet
facet normal 0 0 1
outer loop
vertex 241.4940637527988 -99.47144106340339 2
vertex 242.54064685032893 -99.20473070143366 2
vertex 238.07479463866724 -99.20473070143366 2
endloop
endfacet
facet normal 0 0 1
outer loop
vertex 241.4940637527988 -99.47144106340339 2
vertex 238.07479463866724 -99.20473070143366 2
vertex 237.7627704243516 -99.47144106340339 2
endloop
endfacet
facet normal 0 0 1
outer loop
vertex 28.559410176891102 -99.43366411476062 2
vertex 29.551992850379687 -99.19515612124086 2
vertex 25.038768802280273 -99.19515612124086 2
endloop
endfacet
facet normal 0 0 1
outer loop
vertex 28.559410176891102 -99.43366411476062 2
vertex 25.038768802280273 -99.19515612124086 2
vertex 24.759876590679543 -99.43366411476062 2
endloop
endfacet
facet normal 0 0 1
outer loop
vertex 363.2401234093206 -99.43366411476062 2
vertex 362.96123119771977 -99.19515612124086 2
vertex 358.44800714965646 -99.19515612124086 2
endloop
endfacet
facet normal 0 0 1
outer loop
vertex 363.2401234093206 -99.43366411476062 2
vertex 358.44800714965646 -99.19515612124086 2
vertex 359.44059010392317 -99.43366411476062 2
endloop
endfacet
facet normal 0 0 1
outer loop
vertex 29.551992850379687 -99.19515612124086 2
vertex 30.569673600002737 -99.115 2
vertex 25.132496972964617 -99.115 2
endloop
endfacet
facet normal 0 0 1
outer loop
vertex 29.551992850379687 -99.19515612124086 2
vertex 25.132496972964617 -99.115 2
vertex 25.038768802280273 -99.19515612124086 2
endloop
endfacet
facet normal 0 0 1
outer loop
vertex 45.69999999999999 -101.115 2
vertex 45.69999999999999 -99.115 2
vertex 33.69999999999999 -99.115 2
endloop
endfacet
facet normal 0 0 1
outer loop
vertex 45.69999999999999 -101.115 2
vertex 33.69999999999999 -99.115 2
vertex 33.700000091987526 -101.115 2
endloop
endfacet
facet normal 0 0 1
outer loop
vertex 149.92520541133266 -99.20473070143366 2
vertex 149.82022954384834 -99.115 2
vertex 144.38305440001452 -99.115 2
endloop
endfacet
facet normal 0 0 1
outer loop
vertex 149.92520541133266 -99.20473070143366 2
vertex 144.38305440001452 -99.115 2
vertex 145.45935314964657 -99.20473070143366 2
endloop
endfacet
facet normal 0 0 1
outer loop
vertex 242.54064685032893 -99.20473070143366 2
vertex 243.6169456000164 -99.115 2
vertex 238.17977050615158 -99.115 2
endloop
endfacet
facet normal 0 0 1
outer loop
vertex 242.54064685032893 -99.20473070143366 2
vertex 238.17977050615158 -99.115 2
vertex 238.07479463866724 -99.20473070143366 2
endloop
endfacet
facet normal 0 0 1
outer loop
vertex 354.3 -101.115 2
vertex 354.3 -99.115 2
vertex 342.3 -99.115 2
endloop
endfacet
facet normal 0 0 1
outer loop
vertex 354.3 -101.115 2
vertex 342.3 -99.115 2
vertex 342.3 -101.115 2
endloop
endfacet
facet normal 0 0 1
outer loop
vertex 362.96123119771977 -99.19515612124086 2
vertex 362.8675030270354 -99.115 2
vertex 357.43032639997585 -99.115 2
endloop
endfacet
facet normal 0 0 1
outer loop
vertex 362.96123119771977 -99.19515612124086 2
vertex 357.43032639997585 -99.115 2
vertex 358.44800714965646 -99.19515612124086 2
endloop
endfacet
facet normal 0 0 1
outer loop
vertex 30.569673600002737 -99.115 2
vertex 33.69999999999999 -99.115 2
vertex 45.69999999999999 -99.115 2
endloop
endfacet
facet normal 0 0 1
outer loop
vertex 30.569673600002737 -99.115 2
vertex 45.69999999999999 -99.115 2
vertex 144.38305440001452 -99.115 2
endloop
endfacet
facet normal 0 0 1
outer loop
vertex 30.569673600002737 -99.115 2
vertex 144.38305440001452 -99.115 2
vertex 149.82022954384834 -99.115 2
endloop
endfacet
facet normal 0 0 1
outer loop
vertex 30.569673600002737 -99.115 2
vertex 149.82022954384834 -99.115 2
vertex 149.38167175606182 -98.74013195784583 2
endloop
endfacet
facet normal 0 0 1
outer loop
vertex 30.569673600002737 -99.115 2
vertex 149.38167175606182 -98.74013195784583 2
vertex 148.24398928085793 -98.04247111530847 2
endloop
endfacet
facet normal 0 0 1
outer loop
vertex 30.569673600002737 -99.115 2
vertex 148.24398928085793 -98.04247111530847 2
vertex 147.01112977071455 -97.5314823739005 2
endloop
endfacet
facet normal 0 0 1
outer loop
vertex 30.569673600002737 -99.115 2
vertex 147.01112977071455 -97.5314823739005 2
vertex 145.71348474088626 -97.21976223955122 2
endloop
endfacet
facet normal 0 0 1
outer loop
vertex 30.569673600002737 -99.115 2
vertex 145.71348474088626 -97.21976223955122 2
vertex 144.38306558358653 -97.11500229225635 2
endloop
endfacet
facet normal 0 0 1
outer loop
vertex 30.569673600002737 -99.115 2
vertex 144.38306558358653 -97.11500229225635 2
vertex 62.85509519729686 -97.11500229225635 2
endloop
endfacet
facet normal 0 0 1
outer loop
vertex 30.569673600002737 -99.115 2
vertex 62.85509519729686 -97.11500229225635 2
vertex 30.569666200000142 -97.11500229225635 2
endloop
endfacet
facet normal 0 0 1
outer loop
vertex 30.569673600002737 -99.115 2
vertex 30.569666200000142 -97.11500229225635 2
vertex 29.23877150848375 -97.21984451700185 2
endloop
endfacet
facet normal 0 0 1
outer loop
vertex 30.569673600002737 -99.115 2
vertex 29.23877150848375 -97.21984451700185 2
vertex 27.94070777812786 -97.53177869850634 2
endloop
endfacet
facet normal 0 0 1
outer loop
vertex 30.569673600002737 -99.115 2
vertex 27.94070777812786 -97.53177869850634 2
vertex 26.707495813586036 -98.04311091161955 2
endloop
endfacet
facet normal 0 0 1
outer loop
vertex 30.569673600002737 -99.115 2
vertex 26.707495813586036 -98.04311091161955 2
vertex 25.569556647731787 -98.74122754691209 2
endloop
endfacet
facet normal 0 0 1
outer loop
vertex 30.569673600002737 -99.115 2
vertex 25.569556647731787 -98.74122754691209 2
vertex 25.132496972964617 -99.115 2
endloop
endfacet
facet normal 0 0 1
outer loop
vertex 243.6169456000164 -99.115 2
vertex 342.3 -99.115 2
vertex 354.3 -99.115 2
endloop
endfacet
facet normal 0 0 1
outer loop
vertex 243.6169456000164 -99.115 2
vertex 354.3 -99.115 2
vertex 357.43032639997585 -99.115 2
endloop
endfacet
facet normal 0 0 1
outer loop
vertex 243.6169456000164 -99.115 2
vertex 357.43032639997585 -99.115 2
vertex 362.8675030270354 -99.115 2
endloop
endfacet
facet normal 0 0 1
outer loop
vertex 243.6169456000164 -99.115 2
vertex 362.8675030270354 -99.115 2
vertex 362.43044335226807 -98.74122754691209 2
endloop
endfacet
facet normal 0 0 1
outer loop
vertex 243.6169456000164 -99.115 2
vertex 362.43044335226807 -98.74122754691209 2
vertex 361.292504186414 -98.04311091161955 2
endloop
endfacet
facet normal 0 0 1
outer loop
vertex 243.6169456000164 -99.115 2
vertex 361.292504186414 -98.04311091161955 2
vertex 360.059292221872 -97.53177869850634 2
endloop
endfacet
facet normal 0 0 1
outer loop
vertex 243.6169456000164 -99.115 2
vertex 360.059292221872 -97.53177869850634 2
vertex 358.761228491516 -97.21984451700185 2
endloop
endfacet
facet normal 0 0 1
outer loop
vertex 243.6169456000164 -99.115 2
vertex 358.761228491516 -97.21984451700185 2
vertex 357.4303338 -97.11500229225635 2
endloop
endfacet
facet normal 0 0 1
outer loop
vertex 243.6169456000164 -99.115 2
vertex 357.4303338 -97.11500229225635 2
vertex 243.61695459999999 -97.11500071083333 2
endloop
endfacet
facet normal 0 0 1
outer loop
vertex 243.6169456000164 -99.115 2
vertex 243.61695459999999 -97.11500071083333 2
vertex 243.61693451641256 -97.11500229225635 2
endloop
endfacet
facet normal 0 0 1
outer loop
vertex 243.6169456000164 -99.115 2
vertex 243.61693451641256 -97.11500229225635 2
vertex 242.2865153091138 -97.21976223955122 2
endloop
endfacet
facet normal 0 0 1
outer loop
vertex 243.6169456000164 -99.115 2
vertex 242.2865153091138 -97.21976223955122 2
vertex 240.9888702792857 -97.5314823739005 2
endloop
endfacet
facet normal 0 0 1
outer loop
vertex 243.6169456000164 -99.115 2
vertex 240.9888702792857 -97.5314823739005 2
vertex 239.75601076914216 -98.04247111530847 2
endloop
endfacet
facet normal 0 0 1
outer loop
vertex 243.6169456000164 -99.115 2
vertex 239.75601076914216 -98.04247111530847 2
vertex 238.61832829393813 -98.74013195784583 2
endloop
endfacet
facet normal 0 0 1
outer loop
vertex 243.6169456000164 -99.115 2
vertex 238.61832829393813 -98.74013195784583 2
vertex 238.17977050615158 -99.115 2
endloop
endfacet
facet normal 0 0 1
outer loop
vertex 144.38306558358653 -97.11500229225635 2
vertex 144.38304549999984 -97.11500071083333 2
vertex 94.38461106766849 -97.11500071083333 2
endloop
endfacet
facet normal 0 0 1
outer loop
vertex 144.38306558358653 -97.11500229225635 2
vertex 94.38461106766849 -97.11500071083333 2
vertex 62.85509519729686 -97.11500229225635 2
endloop
endfacet
facet normal 0 0 -1
outer loop
vertex 243.61695459999999 -97.11500071083333 2
vertex 298.96139174879835 -97.11500071083333 2
vertex 322.2167842720819 -97.11500229225635 2
endloop
endfacet
facet normal 0 0 -1
outer loop
vertex 243.61695459999999 -97.11500071083333 2
vertex 322.2167842720819 -97.11500229225635 2
vertex 298.96139174879835 -97.11500071083333 2
endloop
endfacet
facet normal 0 0 -1
outer loop
vertex 243.61695459999999 -97.11500071083333 2
vertex 298.96139174879835 -97.11500071083333 2
vertex 243.61695459999999 -97.11500071083333 2
endloop
endfacet
facet normal 0 0 -1
outer loop
vertex 243.61695459999999 -97.11500071083333 2
vertex 243.61695459999999 -97.11500071083333 2
vertex 243.61693451641256 -97.11500229225635 2
endloop
endfacet
facet normal -0.17364818238152657 -0.9848077521808976 0
outer loop
vertex 112.61708679999983 -211.95960679999993 2
vertex 94.35778979999986 -208.74 2
vertex 94.35778979999995 -208.74 0
endloop
endfacet
facet normal -0.17364818238152657 -0.9848077521808976 0
outer loop
vertex 112.61708679999983 -211.95960679999993 2
vertex 94.35778979999995 -208.74 0
vertex 112.61708679999961 -211.95960679999993 0
endloop
endfacet
facet normal -0.25881904269832323 -0.9659258269332711 2.7193592276787495e-14
outer loop
vertex 139.87490910000048 -219.26331820000016 2
vertex 112.61708679999983 -211.95960679999993 2
vertex 112.61708679999961 -211.95960679999993 0
endloop
endfacet
facet normal -0.25881904269832323 -0.9659258269332711 2.7193592276787495e-14
outer loop
vertex 139.87490910000048 -219.26331820000016 2
vertex 112.61708679999961 -211.95960679999993 0
vertex 113.22595036903834 -212.12275130000032 0
endloop
endfacet
facet normal -0.25881904269832323 -0.9659258269332711 2.7193592276787495e-14
outer loop
vertex 139.87490910000048 -219.26331820000016 2
vertex 113.22595036903834 -212.12275130000032 0
vertex 113.3012461950616 -212.14292675557581 0
endloop
endfacet
facet normal -0.25881904269832323 -0.9659258269332711 2.7193592276787495e-14
outer loop
vertex 139.87490910000048 -219.26331820000016 2
vertex 113.3012461950616 -212.14292675557581 0
vertex 113.52424009682393 -212.2026777908752 0
endloop
endfacet
facet normal -0.25881904269832323 -0.9659258269332711 2.7193592276787495e-14
outer loop
vertex 139.87490910000048 -219.26331820000016 2
vertex 113.52424009682393 -212.2026777908752 0
vertex 113.88636254353293 -212.29970820706603 0
endloop
endfacet
facet normal -0.25881904269832323 -0.9659258269332711 2.7193592276787495e-14
outer loop
vertex 139.87490910000048 -219.26331820000016 2
vertex 113.88636254353293 -212.29970820706603 0
vertex 114.37369737300625 -212.4302891797669 0
endloop
endfacet
facet normal -0.25881904269832323 -0.9659258269332711 2.7193592276787495e-14
outer loop
vertex 139.87490910000048 -219.26331820000016 2
vertex 114.37369737300625 -212.4302891797669 0
vertex 114.96751658071595 -212.58940255533867 0
endloop
endfacet
facet normal -0.25881904269832323 -0.9659258269332711 2.7193592276787495e-14
outer loop
vertex 139.87490910000048 -219.26331820000016 2
vertex 114.96751658071595 -212.58940255533867 0
vertex 115.6450000275337 -212.7709336959916 0
endloop
endfacet
facet normal -0.25881904269832323 -0.9659258269332711 2.7193592276787495e-14
outer loop
vertex 139.87490910000048 -219.26331820000016 2
vertex 115.6450000275337 -212.7709336959916 0
vertex 116.38011240486856 -212.96790646188353 0
endloop
endfacet
facet normal -0.25881904269832323 -0.9659258269332711 2.7193592276787495e-14
outer loop
vertex 139.87490910000048 -219.26331820000016 2
vertex 116.38011240486856 -212.96790646188353 0
vertex 117.14460375602002 -213.1727513000057 0
endloop
endfacet
facet normal -0.25881904269832323 -0.9659258269332711 2.7193592276787495e-14
outer loop
vertex 139.87490910000048 -219.26331820000016 2
vertex 117.14460375602002 -213.1727513000057 0
vertex 117.90909510712058 -213.37759613811423 0
endloop
endfacet
facet normal -0.25881904269832323 -0.9659258269332711 2.7193592276787495e-14
outer loop
vertex 139.87490910000048 -219.26331820000016 2
vertex 117.90909510712058 -213.37759613811423 0
vertex 118.64420748448089 -213.57456890401298 0
endloop
endfacet
facet normal -0.25881904269832323 -0.9659258269332711 2.7193592276787495e-14
outer loop
vertex 139.87490910000048 -219.26331820000016 2
vertex 118.64420748448089 -213.57456890401298 0
vertex 119.32169093120942 -213.756100044642 0
endloop
endfacet
facet normal -0.25881904269832323 -0.9659258269332711 2.7193592276787495e-14
outer loop
vertex 139.87490910000048 -219.26331820000016 2
vertex 119.32169093120942 -213.756100044642 0
vertex 119.9155101390813 -213.91521342025723 0
endloop
endfacet
facet normal -0.25881904269832323 -0.9659258269332711 2.7193592276787495e-14
outer loop
vertex 139.87490910000048 -219.26331820000016 2
vertex 119.9155101390813 -213.91521342025723 0
vertex 120.40284496838291 -214.0457943929121 0
endloop
endfacet
facet normal -0.25881904269832323 -0.9659258269332711 2.7193592276787495e-14
outer loop
vertex 139.87490910000048 -219.26331820000016 2
vertex 120.40284496838291 -214.0457943929121 0
vertex 120.76496741522746 -214.14282480913923 0
endloop
endfacet
facet normal -0.25881904269832323 -0.9659258269332711 2.7193592276787495e-14
outer loop
vertex 139.87490910000048 -219.26331820000016 2
vertex 120.76496741522746 -214.14282480913923 0
vertex 120.98796131693348 -214.20257584442354 0
endloop
endfacet
facet normal -0.25881904269832323 -0.9659258269332711 2.7193592276787495e-14
outer loop
vertex 139.87490910000048 -219.26331820000016 2
vertex 120.98796131693348 -214.20257584442354 0
vertex 121.0632571429615 -214.2227513000003 0
endloop
endfacet
facet normal -0.25881904269832323 -0.9659258269332711 2.7193592276787495e-14
outer loop
vertex 139.87490910000048 -219.26331820000016 2
vertex 121.0632571429615 -214.2227513000003 0
vertex 139.8749091000008 -219.26331820000024 0
endloop
endfacet
facet normal 0 0 1
outer loop
vertex 157.63245505000052 -225.72654150000017 2
vertex 152.7174169524229 -223.93761250935597 2
vertex 152.6548121466229 -223.91482620539946 2
endloop
endfacet
facet normal 0 0 1
outer loop
vertex 157.63245505000052 -225.72654150000017 2
vertex 152.6548121466229 -223.91482620539946 2
vertex 152.46887729475748 -223.84715139998195 2
endloop
endfacet
facet normal 0 0 1
outer loop
vertex 157.63245505000052 -225.72654150000017 2
vertex 152.46887729475748 -223.84715139998195 2
vertex 139.87490910000048 -219.26331820000016 2
endloop
endfacet
facet normal 0 0 1
outer loop
vertex 157.63245505000052 -225.72654150000017 2
vertex 139.87490910000048 -219.26331820000016 2
vertex 139.8749091000008 -219.26331820000024 0
endloop
endfacet
facet normal 0 0 1
outer loop
vertex 157.63245505000052 -225.72654150000017 2
vertex 139.8749091000008 -219.26331820000024 0
vertex 157.63245505000037 -225.7265415000001 0
endloop
endfacet
facet normal -0.2672390119122374 -0.9636302768760284 0
outer loop
vertex 158.16169499009476 -225.87331310115178 2
vertex 157.63245505000052 -225.72654150000017 2
vertex 157.63245505000037 -225.7265415000001 0
endloop
endfacet
facet normal -0.2672390119122374 -0.9636302768760284 0
outer loop
vertex 158.16169499009476 -225.87331310115178 2
vertex 157.63245505000037 -225.7265415000001 0
vertex 158.16169499009487 -225.87331310115178 0
endloop
endfacet
facet normal -0.11320356820613135 -0.9935718152933888 0
outer loop
vertex 158.70737926405783 -225.93548616803608 2
vertex 158.16169499009476 -225.87331310115178 2
vertex 158.16169499009487 -225.87331310115178 0
endloop
endfacet
facet normal -0.11320356820613135 -0.9935718152933888 0
outer loop
vertex 158.70737926405783 -225.93548616803608 2
vertex 158.16169499009487 -225.87331310115178 0
vertex 158.70737926405795 -225.93548616803608 0
endloop
endfacet
facet normal 0.04361933378538653 -0.9990482239212074 0
outer loop
vertex 159.25607126229426 -225.91152978750972 2
vertex 158.70737926405783 -225.93548616803608 2
vertex 158.70737926405795 -225.93548616803608 0
endloop
endfacet
facet normal 0.04361933378538653 -0.9990482239212074 0
outer loop
vertex 159.25607126229426 -225.91152978750972 2
vertex 158.70737926405795 -225.93548616803608 0
vertex 159.25607126229414 -225.91152978750972 0
endloop
endfacet
facet normal 0.19936817887847225 -0.9799246548845892 0
outer loop
vertex 159.7942603147693 -225.8020338474398 2
vertex 159.25607126229426 -225.91152978750972 2
vertex 159.25607126229414 -225.91152978750972 0
endloop
endfacet
facet normal 0.19936817887847225 -0.9799246548845892 0
outer loop
vertex 159.7942603147693 -225.8020338474398 2
vertex 159.25607126229414 -225.91152978750972 0
vertex 159.79426031476953 -225.80203384743973 0
endloop
endfacet
facet normal 0.3502078988362053 -0.9366719957342219 0
outer loop
vertex 160.30869436982866 -225.6096945116503 2
vertex 159.7942603147693 -225.8020338474398 2
vertex 159.79426031476953 -225.80203384743973 0
endloop
endfacet
facet normal 0.3502078988362053 -0.9366719957342219 0
outer loop
vertex 160.30869436982866 -225.6096945116503 2
vertex 159.79426031476953 -225.80203384743973 0
vertex 160.30869436982863 -225.60969451165033 0
endloop
endfacet
facet normal 0.4924243048407698 -0.8703552745873863 0
outer loop
vertex 160.78670630494253 -225.33924783116615 2
vertex 160.30869436982866 -225.6096945116503 2
vertex 160.30869436982863 -225.60969451165033 0
endloop
endfacet
facet normal 0.4924243048407698 -0.8703552745873863 0
outer loop
vertex 160.78670630494253 -225.33924783116615 2
vertex 160.30869436982863 -225.60969451165033 0
vertex 160.7867063049425 -225.33924783116618 0
endloop
endfacet
facet normal 0.6225155435005525 -0.7826074355002078 0
outer loop
vertex 161.216525834508 -224.99735312646845 2
vertex 160.78670630494253 -225.33924783116615 2
vertex 160.7867063049425 -225.33924783116618 0
endloop
endfacet
facet normal 0.6225155435005525 -0.7826074355002078 0
outer loop
vertex 161.216525834508 -224.99735312646845 2
vertex 160.7867063049425 -225.33924783116618 0
vertex 161.21652583450816 -224.99735312646823 0
endloop
endfacet
facet normal 0.7372783244351451 -0.6755891298104975 0
outer loop
vertex 161.5875693344581 -224.59242901229197 2
vertex 161.216525834508 -224.99735312646845 2
vertex 161.21652583450816 -224.99735312646823 0
endloop
endfacet
facet normal 0.7372783244351451 -0.6755891298104975 0
outer loop
vertex 161.5875693344581 -224.59242901229197 2
vertex 161.21652583450816 -224.99735312646823 0
vertex 161.58756933445812 -224.59242901229194 0
endloop
endfacet
facet normal 0.8338867962188953 -0.5519355135265231 0
outer loop
vertex 161.89070044721407 -224.1344461025943 2
vertex 161.5875693344581 -224.59242901229197 2
vertex 161.58756933445812 -224.59242901229194 0
endloop
endfacet
facet normal 0.8338867962188953 -0.5519355135265231 0
outer loop
vertex 161.89070044721407 -224.1344461025943 2
vertex 161.58756933445812 -224.59242901229194 0
vertex 161.890700447214 -224.13444610259447 0
endloop
endfacet
facet normal 0 0 1
outer loop
vertex 162.11845009999985 -223.63468300000036 2
vertex 162.07198411323117 -223.7366457710894 2
vertex 162.02162659386568 -223.847147937873 2
endloop
endfacet
facet normal 0 0 1
outer loop
vertex 162.11845009999985 -223.63468300000036 2
vertex 162.02162659386568 -223.847147937873 2
vertex 161.99078637315935 -223.91482226446954 2
endloop
endfacet
facet normal 0 0 1
outer loop
vertex 162.11845009999985 -223.63468300000036 2
vertex 161.99078637315935 -223.91482226446954 2
vertex 161.98040051167246 -223.93761250935597 2
endloop
endfacet
facet normal 0 0 1
outer loop
vertex 162.11845009999985 -223.63468300000036 2
vertex 161.98040051167246 -223.93761250935597 2
vertex 161.89070044721407 -224.1344461025943 2
endloop
endfacet
facet normal 0 0 1
outer loop
vertex 162.11845009999985 -223.63468300000036 2
vertex 161.89070044721407 -224.1344461025943 2
vertex 161.890700447214 -224.13444610259447 0
endloop
endfacet
facet normal 0 0 1
outer loop
vertex 162.11845009999985 -223.63468300000036 2
vertex 161.890700447214 -224.13444610259447 0
vertex 162.11845009999993 -223.6346830000002 0
endloop
endfacet
facet normal 0 0 1
outer loop
vertex 168.63392515000012 -205.73354199999977 2
vertex 162.36742267196266 -222.95063570005115 2
vertex 162.2811727961535 -223.18760555662243 2
endloop
endfacet
facet normal 0 0 1
outer loop
vertex 168.63392515000012 -205.73354199999977 2
vertex 162.2811727961535 -223.18760555662243 2
vertex 162.2032170875589 -223.40178735006006 2
endloop
endfacet
facet normal 0 0 1
outer loop
vertex 168.63392515000012 -205.73354199999977 2
vertex 162.2032170875589 -223.40178735006006 2
vertex 162.13592418096334 -223.58667330235397 2
endloop
endfacet
facet normal 0 0 1
outer loop
vertex 168.63392515000012 -205.73354199999977 2
vertex 162.13592418096334 -223.58667330235397 2
vertex 162.11845009999985 -223.63468300000036 2
endloop
endfacet
facet normal 0 0 1
outer loop
vertex 168.63392515000012 -205.73354199999977 2
vertex 162.11845009999985 -223.63468300000036 2
vertex 162.11845009999993 -223.6346830000002 0
endloop
endfacet
facet normal 0 0 1
outer loop
vertex 168.63392515000012 -205.73354199999977 2
vertex 162.11845009999993 -223.6346830000002 0
vertex 163.70949495512104 -219.26331820000024 0
endloop
endfacet
facet normal 0 0 1
outer loop
vertex 168.63392515000012 -205.73354199999977 2
vertex 163.70949495512104 -219.26331820000024 0
vertex 165.5441091774662 -214.2227513000003 0
endloop
endfacet
facet normal 0 0 1
outer loop
vertex 168.63392515000012 -205.73354199999977 2
vertex 165.5441091774662 -214.2227513000003 0
vertex 165.5514524343811 -214.20257584442354 0
endloop
endfacet
facet normal 0 0 1
outer loop
vertex 168.63392515000012 -205.73354199999977 2
vertex 165.5514524343811 -214.20257584442354 0
vertex 165.5732000078797 -214.14282480913923 0
endloop
endfacet
facet normal 0 0 1
outer loop
vertex 168.63392515000012 -205.73354199999977 2
vertex 165.5732000078797 -214.14282480913923 0
vertex 165.60851615091323 -214.0457943929121 0
endloop
endfacet
facet normal 0 0 1
outer loop
vertex 168.63392515000012 -205.73354199999977 2
vertex 165.60851615091323 -214.0457943929121 0
vertex 165.6560436838977 -213.91521342025723 0
endloop
endfacet
facet normal 0 0 1
outer loop
vertex 168.63392515000012 -205.73354199999977 2
vertex 165.6560436838977 -213.91521342025723 0
vertex 165.71395615042385 -213.756100044642 0
endloop
endfacet
facet normal 0 0 1
outer loop
vertex 168.63392515000012 -205.73354199999977 2
vertex 165.71395615042385 -213.756100044642 0
vertex 165.7800280068249 -213.57456890401298 0
endloop
endfacet
facet normal 0 0 1
outer loop
vertex 168.63392515000012 -205.73354199999977 2
vertex 165.7800280068249 -213.57456890401298 0
vertex 165.8517201487807 -213.37759613811423 0
endloop
endfacet
facet normal 0 0 1
outer loop
vertex 168.63392515000012 -205.73354199999977 2
vertex 165.8517201487807 -213.37759613811423 0
vertex 165.92627748743396 -213.1727513000057 0
endloop
endfacet
facet normal 0 0 1
outer loop
vertex 168.63392515000012 -205.73354199999977 2
vertex 165.92627748743396 -213.1727513000057 0
vertex 166.00083482609224 -212.96790646188353 0
endloop
endfacet
facet normal 0 0 1
outer loop
vertex 168.63392515000012 -205.73354199999977 2
vertex 166.00083482609224 -212.96790646188353 0
vertex 166.07252696804557 -212.7709336959916 0
endloop
endfacet
facet normal 0 0 1
outer loop
vertex 168.63392515000012 -205.73354199999977 2
vertex 166.07252696804557 -212.7709336959916 0
vertex 166.13859882445527 -212.58940255533867 0
endloop
endfacet
facet normal 0 0 1
outer loop
vertex 168.63392515000012 -205.73354199999977 2
vertex 166.13859882445527 -212.58940255533867 0
vertex 166.19651129096562 -212.4302891797669 0
endloop
endfacet
facet normal 0 0 1
outer loop
vertex 168.63392515000012 -205.73354199999977 2
vertex 166.19651129096562 -212.4302891797669 0
vertex 166.24403882396683 -212.29970820706603 0
endloop
endfacet
facet normal 0 0 1
outer loop
vertex 168.63392515000012 -205.73354199999977 2
vertex 166.24403882396683 -212.29970820706603 0
vertex 166.27935496698714 -212.2026777908752 0
endloop
endfacet
facet normal 0 0 1
outer loop
vertex 168.63392515000012 -205.73354199999977 2
vertex 166.27935496698714 -212.2026777908752 0
vertex 166.30110254049126 -212.14292675557581 0
endloop
endfacet
facet normal 0 0 1
outer loop
vertex 168.63392515000012 -205.73354199999977 2
vertex 166.30110254049126 -212.14292675557581 0
vertex 166.30844579740568 -212.12275130000032 0
endloop
endfacet
facet normal 0 0 1
outer loop
vertex 168.63392515000012 -205.73354199999977 2
vertex 166.30844579740568 -212.12275130000032 0
vertex 166.36782547154473 -211.95960679999993 0
endloop
endfacet
facet normal 0 0 1
outer loop
vertex 168.63392515000012 -205.73354199999977 2
vertex 166.36782547154473 -211.95960679999993 0
vertex 167.5396651758524 -208.74 0
endloop
endfacet
facet normal 0 0 1
outer loop
vertex 168.63392515000012 -205.73354199999977 2
vertex 167.5396651758524 -208.74 0
vertex 168.63392515000004 -205.73354199999997 0
endloop
endfacet
facet normal 0.9659251049221835 -0.2588217372653783 0
outer loop
vertex 168.79182971672444 -205.14424070408708 2
vertex 168.63392515000012 -205.73354199999977 2
vertex 168.63392515000004 -205.73354199999997 0
endloop
endfacet
facet normal 0.9659251049221835 -0.2588217372653783 0
outer loop
vertex 168.79182971672444 -205.14424070408708 2
vertex 168.63392515000004 -205.73354199999997 0
vertex 168.79182971672446 -205.14424070408685 0
endloop
endfacet
facet normal 0 0 -1
outer loop
vertex 168.8450042880877 -204.53647233102507 2
vertex 168.82221577388296 -204.796937801022 2
vertex 168.80011887319316 -205.04949830001243 2
endloop
endfacet
facet normal 0 0 -1
outer loop
vertex 168.8450042880877 -204.53647233102507 2
vertex 168.80011887319316 -205.04949830001243 2
vertex 168.79182971672444 -205.14424070408708 2
endloop
endfacet
facet normal 0 0 -1
outer loop
vertex 168.8450042880877 -204.53647233102507 2
vertex 168.79182971672444 -205.14424070408708 2
vertex 168.79182971672446 -205.14424070408685 0
endloop
endfacet
facet normal 0 0 -1
outer loop
vertex 168.8450042880877 -204.53647233102507 2
vertex 168.79182971672446 -205.14424070408685 0
vertex 168.8450042880877 -204.53647238102508 0
endloop
endfacet
facet normal 0 0 1
outer loop
vertex 168.79183318243506 -203.9287037047529 2
vertex 168.80012132933356 -204.02344079161662 2
vertex 168.82221640112877 -204.27599697354134 2
endloop
endfacet
facet normal 0 0 1
outer loop
vertex 168.79183318243506 -203.9287037047529 2
vertex 168.82221640112877 -204.27599697354134 2
vertex 168.8450042880877 -204.53647233102507 2
endloop
endfacet
facet normal 0 0 1
outer loop
vertex 168.79183318243506 -203.9287037047529 2
vertex 168.8450042880877 -204.53647233102507 2
vertex 168.8450042880877 -204.53647238102508 0
endloop
endfacet
facet normal 0 0 1
outer loop
vertex 168.79183318243506 -203.9287037047529 2
vertex 168.8450042880877 -204.53647238102508 0
vertex 168.79183318243506 -203.92870375475283 0
endloop
endfacet
facet normal 0 0 1
outer loop
vertex 168.63393197611748 -203.3394015084213 2
vertex 168.64679496658246 -203.38740740216454 2
vertex 168.69633410575406 -203.5722921424336 2
endloop
endfacet
facet normal 0 0 1
outer loop
vertex 168.63393197611748 -203.3394015084213 2
vertex 168.69633410575406 -203.5722921424336 2
vertex 168.75372288904953 -203.78647249500673 2
endloop
endfacet
facet normal 0 0 1
outer loop
vertex 168.63393197611748 -203.3394015084213 2
vertex 168.75372288904953 -203.78647249500673 2
vertex 168.79183318243506 -203.9287037047529 2
endloop
endfacet
facet normal 0 0 1
outer loop
vertex 168.63393197611748 -203.3394015084213 2
vertex 168.79183318243506 -203.9287037047529 2
vertex 168.79183318243506 -203.92870375475283 0
endloop
endfacet
facet normal 0 0 1
outer loop
vertex 168.63393197611748 -203.3394015084213 2
vertex 168.79183318243506 -203.92870375475283 0
vertex 168.63393197611742 -203.3394015584216 0
endloop
endfacet
facet normal 0 0 -1
outer loop
vertex 168.37609841504562 -202.78647138232785 2
vertex 168.53485758489597 -203.12693415000993 2
vertex 168.5863849632919 -203.23743582293133 2
endloop
endfacet
facet normal 0 0 -1
outer loop
vertex 168.37609841504562 -202.78647138232785 2
vertex 168.5863849632919 -203.23743582293133 2
vertex 168.63393197611748 -203.3394015084213 2
endloop
endfacet
facet normal 0 0 -1
outer loop
vertex 168.37609841504562 -202.78647138232785 2
vertex 168.63393197611748 -203.3394015084213 2
vertex 168.63393197611742 -203.3394015584216 0
endloop
endfacet
facet normal 0 0 -1
outer loop
vertex 168.37609841504562 -202.78647138232785 2
vertex 168.63393197611742 -203.3394015584216 0
vertex 168.37609841504562 -202.78647143232777 0
endloop
endfacet
facet normal 0.8191537653654329 0.5735739783913087 0
outer loop
vertex 168.02616663767944 -202.28671382035736 2
vertex 168.37609841504562 -202.78647138232785 2
vertex 168.37609841504562 -202.78647143232777 0
endloop
endfacet
facet normal 0.8191537653654329 0.5735739783913087 0
outer loop
vertex 168.02616663767944 -202.28671382035736 2
vertex 168.37609841504562 -202.78647143232777 0
vertex 168.0261666376794 -202.2867138703573 0
endloop
endfacet
facet normal 0.7071089331264656 0.7071046292400806 0
outer loop
vertex 167.59476913881144 -201.85531369573127 2
vertex 168.02616663767944 -202.28671382035736 2
vertex 168.0261666376794 -202.2867138703573 0
endloop
endfacet
facet normal 0.7071089331264656 0.7071046292400806 0
outer loop
vertex 167.59476913881144 -201.85531369573127 2
vertex 168.0261666376794 -202.2867138703573 0
vertex 167.59476913881147 -201.85531374573108 0
endloop
endfacet
facet normal 0.5735789642539906 0.8191502742264812 0
outer loop
vertex 167.0950137067502 -201.5053788765395 2
vertex 167.59476913881144 -201.85531369573127 2
vertex 167.59476913881147 -201.85531374573108 0
endloop
endfacet
facet normal 0.5735789642539906 0.8191502742264812 0
outer loop
vertex 167.0950137067502 -201.5053788765395 2
vertex 167.59476913881147 -201.85531374573108 0
vertex 167.09501370675005 -201.5053789265396 0
endloop
endfacet
facet normal 0.4226153597313667 0.9063091402601696 0
outer loop
vertex 166.5420802999997 -201.24754390000032 2
vertex 167.0950137067502 -201.5053788765395 2
vertex 167.09501370675005 -201.5053789265396 0
endloop
endfacet
facet normal 0.4226153597313667 0.9063091402601696 0
outer loop
vertex 166.5420802999997 -201.24754390000032 2
vertex 167.09501370675005 -201.5053789265396 0
vertex 166.5420803 -201.247544 0
endloop
endfacet
facet normal 0.3420201540178297 0.9396926168942801 0
outer loop
vertex 152.8023402 -196.2466874 2
vertex 166.5420802999997 -201.24754390000032 2
vertex 166.5420803 -201.247544 0
endloop
endfacet
facet normal 0.3420201540178297 0.9396926168942801 0
outer loop
vertex 152.8023402 -196.2466874 2
vertex 166.5420803 -201.247544 0
vertex 152.8023402 -196.2466874 0
endloop
endfacet
facet normal 0 0 -1
outer loop
vertex 152.88304275000002 -105.62257500000013 2
vertex 152.8781917111673 -111.07 2
vertex 152.8023402 -196.2466874 2
endloop
endfacet
facet normal 0 0 -1
outer loop
vertex 152.88304275000002 -105.62257500000013 2
vertex 152.8023402 -196.2466874 2
vertex 152.8023402 -196.2466874 0
endloop
endfacet
facet normal 0 0 -1
outer loop
vertex 152.88304275000002 -105.62257500000013 2
vertex 152.8023402 -196.2466874 0
vertex 152.81542788845644 -181.55 0
endloop
endfacet
facet normal 0 0 -1
outer loop
vertex 152.88304275000002 -105.62257500000013 2
vertex 152.81542788845644 -181.55 0
vertex 152.81544585509545 -181.52982454442252 0
endloop
endfacet
facet normal 0 0 -1
outer loop
vertex 152.88304275000002 -105.62257500000013 2
vertex 152.81544585509545 -181.52982454442252 0
vertex 152.8154990645646 -181.4700735091359 0
endloop
endfacet
facet normal 0 0 -1
outer loop
vertex 152.88304275000002 -105.62257500000013 2
vertex 152.8154990645646 -181.4700735091359 0
vertex 152.8155854720538 -181.37304309293614 0
endloop
endfacet
facet normal 0 0 -1
outer loop
vertex 152.88304275000002 -105.62257500000013 2
vertex 152.8155854720538 -181.37304309293614 0
vertex 152.8157017569718 -181.24246212022743 0
endloop
endfacet
facet normal 0 0 -1
outer loop
vertex 152.88304275000002 -105.62257500000013 2
vertex 152.8157017569718 -181.24246212022743 0
vertex 152.81584345055433 -181.08334874465083 0
endloop
endfacet
facet normal 0 0 -1
outer loop
vertex 152.88304275000002 -105.62257500000013 2
vertex 152.81584345055433 -181.08334874465083 0
vertex 152.81600510759642 -180.90181760400583 0
endloop
endfacet
facet normal 0 0 -1
outer loop
vertex 152.88304275000002 -105.62257500000013 2
vertex 152.81600510759642 -180.90181760400583 0
vertex 152.81618051570877 -180.70484483813473 0
endloop
endfacet
facet normal 0 0 -1
outer loop
vertex 152.88304275000002 -105.62257500000013 2
vertex 152.81618051570877 -180.70484483813473 0
vertex 152.81636293405583 -180.50000000004107 0
endloop
endfacet
facet normal 0 0 -1
outer loop
vertex 152.88304275000002 -105.62257500000013 2
vertex 152.81636293405583 -180.50000000004107 0
vertex 152.816545352403 -180.29515516180777 0
endloop
endfacet
facet normal 0 0 -1
outer loop
vertex 152.88304275000002 -105.62257500000013 2
vertex 152.816545352403 -180.29515516180777 0
vertex 152.8167207605152 -180.09818239605994 0
endloop
endfacet
facet normal 0 0 -1
outer loop
vertex 152.88304275000002 -105.62257500000013 2
vertex 152.8167207605152 -180.09818239605994 0
vertex 152.8168824175574 -179.9166512553478 0
endloop
endfacet
facet normal 0 0 -1
outer loop
vertex 152.88304275000002 -105.62257500000013 2
vertex 152.8168824175574 -179.9166512553478 0
vertex 152.81702411113994 -179.7575378797133 0
endloop
endfacet
facet normal 0 0 -1
outer loop
vertex 152.88304275000002 -105.62257500000013 2
vertex 152.81702411113994 -179.7575378797133 0
vertex 152.81714039605788 -179.62695690709006 0
endloop
endfacet
facet normal 0 0 -1
outer loop
vertex 152.88304275000002 -105.62257500000013 2
vertex 152.81714039605788 -179.62695690709006 0
vertex 152.81722680354713 -179.5299264908647 0
endloop
endfacet
facet normal 0 0 -1
outer loop
vertex 152.88304275000002 -105.62257500000013 2
vertex 152.81722680354713 -179.5299264908647 0
vertex 152.81728001301624 -179.47017545558495 0
endloop
endfacet
facet normal 0 0 -1
outer loop
vertex 152.88304275000002 -105.62257500000013 2
vertex 152.81728001301624 -179.47017545558495 0
vertex 152.81729797965528 -179.45000000000024 0
endloop
endfacet
facet normal 0 0 -1
outer loop
vertex 152.88304275000002 -105.62257500000013 2
vertex 152.81729797965528 -179.45000000000024 0
vertex 152.82560652769573 -170.12000000000006 0
endloop
endfacet
facet normal 0 0 -1
outer loop
vertex 152.88304275000002 -105.62257500000013 2
vertex 152.82560652769573 -170.12000000000006 0
vertex 152.82562449433473 -170.09982454442533 0
endloop
endfacet
facet normal 0 0 -1
outer loop
vertex 152.88304275000002 -105.62257500000013 2
vertex 152.82562449433473 -170.09982454442533 0
vertex 152.82567770380388 -170.04007350913304 0
endloop
endfacet
facet normal 0 0 -1
outer loop
vertex 152.88304275000002 -105.62257500000013 2
vertex 152.82567770380388 -170.04007350913304 0
vertex 152.82576411129313 -169.94304309291553 0
endloop
endfacet
facet normal 0 0 -1
outer loop
vertex 152.88304275000002 -105.62257500000013 2
vertex 152.82576411129313 -169.94304309291553 0
vertex 152.8258803962111 -169.81246212023746 0
endloop
endfacet
facet normal 0 0 -1
outer loop
vertex 152.88304275000002 -105.62257500000013 2
vertex 152.8258803962111 -169.81246212023746 0
vertex 152.82602208979358 -169.65334874468024 0
endloop
endfacet
facet normal 0 0 -1
outer loop
vertex 152.88304275000002 -105.62257500000013 2
vertex 152.82602208979358 -169.65334874468024 0
vertex 152.8261837468357 -169.47181760401247 0
endloop
endfacet
facet normal 0 0 -1
outer loop
vertex 152.88304275000002 -105.62257500000013 2
vertex 152.8261837468357 -169.47181760401247 0
vertex 152.82635915494808 -169.27484483809866 0
endloop
endfacet
facet normal 0 0 -1
outer loop
vertex 152.88304275000002 -105.62257500000013 2
vertex 152.82635915494808 -169.27484483809866 0
vertex 152.82654157329515 -169.07000000000218 0
endloop
endfacet
facet normal 0 0 -1
outer loop
vertex 152.88304275000002 -105.62257500000013 2
vertex 152.82654157329515 -169.07000000000218 0
vertex 152.8267239916422 -168.86515516189786 0
endloop
endfacet
facet normal 0 0 -1
outer loop
vertex 152.88304275000002 -105.62257500000013 2
vertex 152.8267239916422 -168.86515516189786 0
vertex 152.82689939975455 -168.66818239602262 0
endloop
endfacet
facet normal 0 0 -1
outer loop
vertex 152.88304275000002 -105.62257500000013 2
vertex 152.82689939975455 -168.66818239602262 0
vertex 152.8270610567967 -168.48665125530596 0
endloop
endfacet
facet normal 0 0 -1
outer loop
vertex 152.88304275000002 -105.62257500000013 2
vertex 152.8270610567967 -168.48665125530596 0
vertex 152.8272027503792 -168.32753787975102 0
endloop
endfacet
facet normal 0 0 -1
outer loop
vertex 152.88304275000002 -105.62257500000013 2
vertex 152.8272027503792 -168.32753787975102 0
vertex 152.82731903529717 -168.1969569070844 0
endloop
endfacet
facet normal 0 0 -1
outer loop
vertex 152.88304275000002 -105.62257500000013 2
vertex 152.82731903529717 -168.1969569070844 0
vertex 152.82740544278641 -168.09992649085646 0
endloop
endfacet
facet normal 0 0 -1
outer loop
vertex 152.88304275000002 -105.62257500000013 2
vertex 152.82740544278641 -168.09992649085646 0
vertex 152.82745865225556 -168.04017545557852 0
endloop
endfacet
facet normal 0 0 -1
outer loop
vertex 152.88304275000002 -105.62257500000013 2
vertex 152.82745865225556 -168.04017545557852 0
vertex 152.82747661889456 -168.0200000000003 0
endloop
endfacet
facet normal 0 0 -1
outer loop
vertex 152.88304275000002 -105.62257500000013 2
vertex 152.82747661889456 -168.0200000000003 0
vertex 152.8492676339589 -143.5499999999971 0
endloop
endfacet
facet normal 0 0 -1
outer loop
vertex 152.88304275000002 -105.62257500000013 2
vertex 152.8492676339589 -143.5499999999971 0
vertex 152.84928560059788 -143.52982454442193 0
endloop
endfacet
facet normal 0 0 -1
outer loop
vertex 152.88304275000002 -105.62257500000013 2
vertex 152.84928560059788 -143.52982454442193 0
vertex 152.84933881006705 -143.47007350913023 0
endloop
endfacet
facet normal 0 0 -1
outer loop
vertex 152.88304275000002 -105.62257500000013 2
vertex 152.84933881006705 -143.47007350913023 0
vertex 152.84942521755627 -143.3730430929286 0
endloop
endfacet
facet normal 0 0 -1
outer loop
vertex 152.88304275000002 -105.62257500000013 2
vertex 152.84942521755627 -143.3730430929286 0
vertex 152.84954150247424 -143.24246212024138 0
endloop
endfacet
facet normal 0 0 -1
outer loop
vertex 152.88304275000002 -105.62257500000013 2
vertex 152.84954150247424 -143.24246212024138 0
vertex 152.84968319605673 -143.08334874469773 0
endloop
endfacet
facet normal 0 0 -1
outer loop
vertex 152.88304275000002 -105.62257500000013 2
vertex 152.84968319605673 -143.08334874469773 0
vertex 152.8498448530989 -142.9018176039926 0
endloop
endfacet
facet normal 0 0 -1
outer loop
vertex 152.88304275000002 -105.62257500000013 2
vertex 152.8498448530989 -142.9018176039926 0
vertex 152.85002026121126 -142.7048448380752 0
endloop
endfacet
facet normal 0 0 -1
outer loop
vertex 152.88304275000002 -105.62257500000013 2
vertex 152.85002026121126 -142.7048448380752 0
vertex 152.85020267955827 -142.50000000004107 0
endloop
endfacet
facet normal 0 0 -1
outer loop
vertex 152.88304275000002 -105.62257500000013 2
vertex 152.85020267955827 -142.50000000004107 0
vertex 152.85038509790542 -142.29515516183608 0
endloop
endfacet
facet normal 0 0 -1
outer loop
vertex 152.88304275000002 -105.62257500000013 2
vertex 152.85038509790542 -142.29515516183608 0
vertex 152.85056050601773 -142.0981823959731 0
endloop
endfacet
facet normal 0 0 -1
outer loop
vertex 152.88304275000002 -105.62257500000013 2
vertex 152.85056050601773 -142.0981823959731 0
vertex 152.8507221630598 -141.91665125539149 0
endloop
endfacet
facet normal 0 0 -1
outer loop
vertex 152.88304275000002 -105.62257500000013 2
vertex 152.8507221630598 -141.91665125539149 0
vertex 152.8508638566424 -141.75753787970075 0
endloop
endfacet
facet normal 0 0 -1
outer loop
vertex 152.88304275000002 -105.62257500000013 2
vertex 152.8508638566424 -141.75753787970075 0
vertex 152.85098014156029 -141.62695690712644 0
endloop
endfacet
facet normal 0 0 -1
outer loop
vertex 152.88304275000002 -105.62257500000013 2
vertex 152.85098014156029 -141.62695690712644 0
vertex 152.85106654904956 -141.52992649084146 0
endloop
endfacet
facet normal 0 0 -1
outer loop
vertex 152.88304275000002 -105.62257500000013 2
vertex 152.85106654904956 -141.52992649084146 0
vertex 152.8511197585187 -141.47017545557492 0
endloop
endfacet
facet normal 0 0 -1
outer loop
vertex 152.88304275000002 -105.62257500000013 2
vertex 152.8511197585187 -141.47017545557492 0
vertex 152.8511377251577 -141.44999999999612 0
endloop
endfacet
facet normal 0 0 -1
outer loop
vertex 152.88304275000002 -105.62257500000013 2
vertex 152.8511377251577 -141.44999999999612 0
vertex 152.8594462731982 -132.12000000000023 0
endloop
endfacet
facet normal 0 0 -1
outer loop
vertex 152.88304275000002 -105.62257500000013 2
vertex 152.8594462731982 -132.12000000000023 0
vertex 152.85946423983717 -132.09982454442374 0
endloop
endfacet
facet normal 0 0 -1
outer loop
vertex 152.88304275000002 -105.62257500000013 2
vertex 152.85946423983717 -132.09982454442374 0
vertex 152.85951744930634 -132.0400735091323 0
endloop
endfacet
facet normal 0 0 -1
outer loop
vertex 152.88304275000002 -105.62257500000013 2
vertex 152.85951744930634 -132.0400735091323 0
vertex 152.85960385679556 -131.9430430929175 0
endloop
endfacet
facet normal 0 0 -1
outer loop
vertex 152.88304275000002 -105.62257500000013 2
vertex 152.85960385679556 -131.9430430929175 0
vertex 152.85972014171352 -131.81246212025414 0
endloop
endfacet
facet normal 0 0 -1
outer loop
vertex 152.88304275000002 -105.62257500000013 2
vertex 152.85972014171352 -131.81246212025414 0
vertex 152.85986183529604 -131.65334874465864 0
endloop
endfacet
facet normal 0 0 -1
outer loop
vertex 152.88304275000002 -105.62257500000013 2
vertex 152.85986183529604 -131.65334874465864 0
vertex 152.86002349233817 -131.47181760398075 0
endloop
endfacet
facet normal 0 0 -1
outer loop
vertex 152.88304275000002 -105.62257500000013 2
vertex 152.86002349233817 -131.47181760398075 0
vertex 152.86019890045048 -131.27484483812958 0
endloop
endfacet
facet normal 0 0 -1
outer loop
vertex 152.88304275000002 -105.62257500000013 2
vertex 152.86019890045048 -131.27484483812958 0
vertex 152.86038131879758 -131.07000000000676 0
endloop
endfacet
facet normal 0 0 -1
outer loop
vertex 152.88304275000002 -105.62257500000013 2
vertex 152.86038131879758 -131.07000000000676 0
vertex 152.86056373714467 -130.8651551618836 0
endloop
endfacet
facet normal 0 0 -1
outer loop
vertex 152.88304275000002 -105.62257500000013 2
vertex 152.86056373714467 -130.8651551618836 0
vertex 152.86073914525699 -130.6681823960087 0
endloop
endfacet
facet normal 0 0 -1
outer loop
vertex 152.88304275000002 -105.62257500000013 2
vertex 152.86073914525699 -130.6681823960087 0
vertex 152.8609008022991 -130.48665125534927 0
endloop
endfacet
facet normal 0 0 -1
outer loop
vertex 152.88304275000002 -105.62257500000013 2
vertex 152.8609008022991 -130.48665125534927 0
vertex 152.86104249588166 -130.32753787974747 0
endloop
endfacet
facet normal 0 0 -1
outer loop
vertex 152.88304275000002 -105.62257500000013 2
vertex 152.86104249588166 -130.32753787974747 0
vertex 152.86115878079963 -130.19695690706746 0
endloop
endfacet
facet normal 0 0 -1
outer loop
vertex 152.88304275000002 -105.62257500000013 2
vertex 152.86115878079963 -130.19695690706746 0
vertex 152.86124518828885 -130.09992649086945 0
endloop
endfacet
facet normal 0 0 -1
outer loop
vertex 152.88304275000002 -105.62257500000013 2
vertex 152.86124518828885 -130.09992649086945 0
vertex 152.861298397758 -130.04017545557608 0
endloop
endfacet
facet normal 0 0 -1
outer loop
vertex 152.88304275000002 -105.62257500000013 2
vertex 152.861298397758 -130.04017545557608 0
vertex 152.861316364397 -130.01999999999995 0
endloop
endfacet
facet normal 0 0 -1
outer loop
vertex 152.88304275000002 -105.62257500000013 2
vertex 152.861316364397 -130.01999999999995 0
vertex 152.88304275000002 -105.62257500000013 0
endloop
endfacet
facet normal 0.9969834431429001 0.07761452247439136 0
outer loop
vertex 152.77946146426714 -104.29204015158662 2
vertex 152.88304275000002 -105.62257500000013 2
vertex 152.88304275000002 -105.62257500000013 0
endloop
endfacet
facet normal 0.9969834431429001 0.07761452247439136 0
outer loop
vertex 152.77946146426714 -104.29204015158662 2
vertex 152.88304275000002 -105.62257500000013 0
vertex 152.77946146426714 -104.29204015158663 0
endloop
endfacet
facet normal 0 0 1
outer loop
vertex 152.46889813182037 -102.99411778020374 2
vertex 152.48128246634013 -103.04587503274628 2
vertex 152.72633230112626 -104.07000000000102 2
endloop
endfacet
facet normal 0 0 1
outer loop
vertex 152.46889813182037 -102.99411778020374 2
vertex 152.72633230112626 -104.07000000000102 2
vertex 152.77946146426714 -104.29204015158662 2
endloop
endfacet
facet normal 0 0 1
outer loop
vertex 152.46889813182037 -102.99411778020374 2
vertex 152.77946146426714 -104.29204015158662 2
vertex 152.77946146426714 -104.29204015158663 0
endloop
endfacet
facet normal 0 0 1
outer loop
vertex 152.46889813182037 -102.99411778020374 2
vertex 152.77946146426714 -104.29204015158663 0
vertex 152.46889813182034 -102.99411778020367 0
endloop
endfacet
facet normal 0 0 -1
outer loop
vertex 151.95900852379816 -101.76080328129133 2
vertex 152.0962166077869 -102.09268044977824 2
vertex 152.46889813182037 -102.99411778020374 2
endloop
endfacet
facet normal 0 0 -1
outer loop
vertex 151.95900852379816 -101.76080328129133 2
vertex 152.46889813182037 -102.99411778020374 2
vertex 152.46889813182034 -102.99411778020367 0
endloop
endfacet
facet normal 0 0 -1
outer loop
vertex 151.95900852379816 -101.76080328129133 2
vertex 152.46889813182034 -102.99411778020367 0
vertex 151.95900852379816 -101.76080328129132 0
endloop
endfacet
facet normal 0 0 -1
outer loop
vertex 151.2623620511291 -100.62249938614093 2
vertex 151.56377436895917 -101.115 2
vertex 151.56387115097317 -101.11515813952678 2
endloop
endfacet
facet normal 0 0 -1
outer loop
vertex 151.2623620511291 -100.62249938614093 2
vertex 151.56387115097317 -101.11515813952678 2
vertex 151.63827531190512 -101.23673278251569 2
endloop
endfacet
facet normal 0 0 -1
outer loop
vertex 151.2623620511291 -100.62249938614093 2
vertex 151.63827531190512 -101.23673278251569 2
vertex 151.95900852379816 -101.76080328129133 2
endloop
endfacet
facet normal 0 0 -1
outer loop
vertex 151.2623620511291 -100.62249938614093 2
vertex 151.95900852379816 -101.76080328129133 2
vertex 151.95900852379816 -101.76080328129132 0
endloop
endfacet
facet normal 0 0 -1
outer loop
vertex 151.2623620511291 -100.62249938614093 2
vertex 151.95900852379816 -101.76080328129132 0
vertex 151.26236205112914 -100.62249938614097 0
endloop
endfacet
facet normal 0 0 1
outer loop
vertex 150.3961319129709 -99.60726669688054 2
vertex 150.65252918030842 -99.90776754044569 2
vertex 151.15926103898212 -100.50166369454286 2
endloop
endfacet
facet normal 0 0 1
outer loop
vertex 150.3961319129709 -99.60726669688054 2
vertex 151.15926103898212 -100.50166369454286 2
vertex 151.2623620511291 -100.62249938614093 2
endloop
endfacet
facet normal 0 0 1
outer loop
vertex 150.3961319129709 -99.60726669688054 2
vertex 151.2623620511291 -100.62249938614093 2
vertex 151.26236205112914 -100.62249938614097 0
endloop
endfacet
facet normal 0 0 1
outer loop
vertex 150.3961319129709 -99.60726669688054 2
vertex 151.26236205112914 -100.62249938614097 0
vertex 150.39613191297104 -99.60726669688069 0
endloop
endfacet
facet normal 0 0 -1
outer loop
vertex 149.38167175606182 -98.74013195784583 2
vertex 149.82022954384834 -99.115 2
vertex 149.92520541133266 -99.20473070143366 2
endloop
endfacet
facet normal 0 0 -1
outer loop
vertex 149.38167175606182 -98.74013195784583 2
vertex 149.92520541133266 -99.20473070143366 2
vertex 150.2372296256483 -99.47144106340339 2
endloop
endfacet
facet normal 0 0 -1
outer loop
vertex 149.38167175606182 -98.74013195784583 2
vertex 150.2372296256483 -99.47144106340339 2
vertex 150.3961319129709 -99.60726669688054 2
endloop
endfacet
facet normal 0 0 -1
outer loop
vertex 149.38167175606182 -98.74013195784583 2
vertex 150.3961319129709 -99.60726669688054 2
vertex 150.39613191297104 -99.60726669688069 0
endloop
endfacet
facet normal 0 0 -1
outer loop
vertex 149.38167175606182 -98.74013195784583 2
vertex 150.39613191297104 -99.60726669688069 0
vertex 149.38167175606173 -98.74013195784579 0
endloop
endfacet
facet normal 0.5227644430120435 0.8524771768923247 0
outer loop
vertex 148.24398928085793 -98.04247111530847 2
vertex 149.38167175606182 -98.74013195784583 2
vertex 149.38167175606173 -98.74013195784579 0
endloop
endfacet
facet normal 0.5227644430120435 0.8524771768923247 0
outer loop
vertex 148.24398928085793 -98.04247111530847 2
vertex 149.38167175606173 -98.74013195784579 0
vertex 148.24398928085787 -98.04247111530846 0
endloop
endfacet
facet normal 0.3828891181795448 0.9237943078303149 0
outer loop
vertex 147.01112977071455 -97.5314823739005 2
vertex 148.24398928085793 -98.04247111530847 2
vertex 148.24398928085787 -98.04247111530846 0
endloop
endfacet
facet normal 0.3828891181795448 0.9237943078303149 0
outer loop
vertex 147.01112977071455 -97.5314823739005 2
vertex 148.24398928085787 -98.04247111530846 0
vertex 147.01112977071452 -97.5314823739005 0
endloop
endfacet
facet normal 0.23357510193071088 0.9723387638873904 0
outer loop
vertex 145.71348474088626 -97.21976223955122 2
vertex 147.01112977071455 -97.5314823739005 2
vertex 147.01112977071452 -97.5314823739005 0
endloop
endfacet
facet normal 0.23357510193071088 0.9723387638873904 0
outer loop
vertex 145.71348474088626 -97.21976223955122 2
vertex 147.01112977071452 -97.5314823739005 0
vertex 145.71348474088623 -97.2197622395512 0
endloop
endfacet
facet normal 0 0 -1
outer loop
vertex 144.38304549999984 -97.11500071083333 2
vertex 144.38306558358653 -97.11500229225635 2
vertex 145.71348474088626 -97.21976223955122 2
endloop
endfacet
facet normal 0 0 -1
outer loop
vertex 144.38304549999984 -97.11500071083333 2
vertex 145.71348474088626 -97.21976223955122 2
vertex 145.71348474088623 -97.2197622395512 0
endloop
endfacet
facet normal 0 0 -1
outer loop
vertex 144.38304549999984 -97.11500071083333 2
vertex 145.71348474088623 -97.2197622395512 0
vertex 144.3830731069985 -97.11500229225634 0
endloop
endfacet
facet normal 0 0 -1
outer loop
vertex 144.38304549999984 -97.11500071083333 2
vertex 144.3830731069985 -97.11500229225634 0
vertex 144.38304550000007 -97.11500011841207 0
endloop
endfacet
facet normal 0 0 1
outer loop
vertex 30.569666200000142 -97.11500229225635 2
vertex 62.85509519729686 -97.11500229225635 2
vertex 94.38461106766849 -97.11500071083333 2
endloop
endfacet
facet normal 0 0 1
outer loop
vertex 30.569666200000142 -97.11500229225635 2
vertex 94.38461106766849 -97.11500071083333 2
vertex 144.38304549999984 -97.11500071083333 2
endloop
endfacet
facet normal 0 0 1
outer loop
vertex 30.569666200000142 -97.11500229225635 2
vertex 144.38304549999984 -97.11500071083333 2
vertex 144.38304550000007 -97.11500011841207 0
endloop
endfacet
facet normal 0 0 1
outer loop
vertex 30.569666200000142 -97.11500229225635 2
vertex 144.38304550000007 -97.11500011841207 0
vertex 94.3846110676685 -97.11500011841207 0
endloop
endfacet
facet normal 0 0 1
outer loop
vertex 30.569666200000142 -97.11500229225635 2
vertex 94.3846110676685 -97.11500011841207 0
vertex 62.85509519729686 -97.11500229225634 0
endloop
endfacet
facet normal 0 0 1
outer loop
vertex 30.569666200000142 -97.11500229225635 2
vertex 62.85509519729686 -97.11500229225634 0
vertex 30.56966620000003 -97.11500229225634 0
endloop
endfacet
facet normal -0.07853177782095605 0.9969116108624074 0
outer loop
vertex 29.23877150848375 -97.21984451700185 2
vertex 30.569666200000142 -97.11500229225635 2
vertex 30.56966620000003 -97.11500229225634 0
endloop
endfacet
facet normal -0.07853177782095605 0.9969116108624074 0
outer loop
vertex 29.23877150848375 -97.21984451700185 2
vertex 30.56966620000003 -97.11500229225634 0
vertex 29.238771508483808 -97.21984451700183 0
endloop
endfacet
facet normal -0.2336554570012335 0.972319457489947 0
outer loop
vertex 27.94070777812786 -97.53177869850634 2
vertex 29.23877150848375 -97.21984451700185 2
vertex 29.238771508483808 -97.21984451700183 0
endloop
endfacet
facet normal -0.2336554570012335 0.972319457489947 0
outer loop
vertex 27.94070777812786 -97.53177869850634 2
vertex 29.238771508483808 -97.21984451700183 0
vertex 27.94070777812783 -97.53177869850636 0
endloop
endfacet
facet normal -0.3830152930280511 0.923742001484525 0
outer loop
vertex 26.707495813586036 -98.04311091161955 2
vertex 27.94070777812786 -97.53177869850634 2
vertex 27.94070777812783 -97.53177869850636 0
endloop
endfacet
facet normal -0.3830152930280511 0.923742001484525 0
outer loop
vertex 26.707495813586036 -98.04311091161955 2
vertex 27.94070777812783 -97.53177869850636 0
vertex 26.707495813586007 -98.04311091161955 0
endloop
endfacet
facet normal -0.5229268580719547 0.8523775578386575 0
outer loop
vertex 25.569556647731787 -98.74122754691209 2
vertex 26.707495813586036 -98.04311091161955 2
vertex 26.707495813586007 -98.04311091161955 0
endloop
endfacet
facet normal -0.5229268580719547 0.8523775578386575 0
outer loop
vertex 25.569556647731787 -98.74122754691209 2
vertex 26.707495813586007 -98.04311091161955 0
vertex 25.569556647731872 -98.74122754691201 0
endloop
endfacet
facet normal 0 0 -1
outer loop
vertex 24.554961111670337 -99.60890737257377 2
vertex 24.759876590679543 -99.43366411476062 2
vertex 25.038768802280273 -99.19515612124086 2
endloop
endfacet
facet normal 0 0 -1
outer loop
vertex 24.554961111670337 -99.60890737257377 2
vertex 25.038768802280273 -99.19515612124086 2
vertex 25.132496972964617 -99.115 2
endloop
endfacet
facet normal 0 0 -1
outer loop
vertex 24.554961111670337 -99.60890737257377 2
vertex 25.132496972964617 -99.115 2
vertex 25.569556647731787 -98.74122754691209 2
endloop
endfacet
facet normal 0 0 -1
outer loop
vertex 24.554961111670337 -99.60890737257377 2
vertex 25.569556647731787 -98.74122754691209 2
vertex 25.569556647731872 -98.74122754691201 0
endloop
endfacet
facet normal 0 0 -1
outer loop
vertex 24.554961111670337 -99.60890737257377 2
vertex 25.569556647731872 -98.74122754691201 0
vertex 24.55496111167031 -99.60890737257378 0
endloop
endfacet
facet normal 0 0 1
outer loop
vertex 23.688737379829888 -100.6247463499974 2
vertex 23.915831091574276 -100.35842872853532 2
vertex 24.371005418105916 -99.82463612344128 2
endloop
endfacet
facet normal 0 0 1
outer loop
vertex 23.688737379829888 -100.6247463499974 2
vertex 24.371005418105916 -99.82463612344128 2
vertex 24.554961111670337 -99.60890737257377 2
endloop
endfacet
facet normal 0 0 1
outer loop
vertex 23.688737379829888 -100.6247463499974 2
vertex 24.554961111670337 -99.60890737257377 2
vertex 24.55496111167031 -99.60890737257378 0
endloop
endfacet
facet normal 0 0 1
outer loop
vertex 23.688737379829888 -100.6247463499974 2
vertex 24.55496111167031 -99.60890737257378 0
vertex 23.688737379829803 -100.62474634999754 0
endloop
endfacet
facet normal 0 0 -1
outer loop
vertex 22.992253571706783 -101.76368563138115 2
vertex 23.44588489335686 -101.02187580684897 2
vertex 23.688737379829888 -100.6247463499974 2
endloop
endfacet
facet normal 0 0 -1
outer loop
vertex 22.992253571706783 -101.76368563138115 2
vertex 23.688737379829888 -100.6247463499974 2
vertex 23.688737379829803 -100.62474634999754 0
endloop
endfacet
facet normal 0 0 -1
outer loop
vertex 22.992253571706783 -101.76368563138115 2
vertex 23.688737379829803 -100.62474634999754 0
vertex 22.992253571706755 -101.76368563138124 0
endloop
endfacet
facet normal 0 0 -1
outer loop
vertex 22.48269064031811 -102.99762971464065 2
vertex 22.618200463319578 -102.66948272039106 2
vertex 22.97783003872455 -101.7986132764016 2
endloop
endfacet
facet normal 0 0 -1
outer loop
vertex 22.48269064031811 -102.99762971464065 2
vertex 22.97783003872455 -101.7986132764016 2
vertex 22.992253571706783 -101.76368563138115 2
endloop
endfacet
facet normal 0 0 -1
outer loop
vertex 22.48269064031811 -102.99762971464065 2
vertex 22.992253571706783 -101.76368563138115 2
vertex 22.992253571706755 -101.76368563138124 0
endloop
endfacet
facet normal 0 0 -1
outer loop
vertex 22.48269064031811 -102.99762971464065 2
vertex 22.992253571706755 -101.76368563138124 0
vertex 22.48269064031811 -102.99762971464067 0
endloop
endfacet
facet normal 0 0 1
outer loop
vertex 22.17261855022207 -104.29613950690263 2
vertex 22.335744986458995 -103.61300393425294 2
vertex 22.48269064031811 -102.99762971464065 2
endloop
endfacet
facet normal 0 0 1
outer loop
vertex 22.17261855022207 -104.29613950690263 2
vertex 22.48269064031811 -102.99762971464065 2
vertex 22.48269064031811 -102.99762971464067 0
endloop
endfacet
facet normal 0 0 1
outer loop
vertex 22.17261855022207 -104.29613950690263 2
vertex 22.48269064031811 -102.99762971464067 0
vertex 22.17261855022204 -104.29613950690265 0
endloop
endfacet
facet normal 0 0 -1
outer loop
vertex 22.069682400000005 -105.62718639999994 2
vertex 22.06995240647586 -105.62369499994244 2
vertex 22.148662939995837 -104.605904739963 2
endloop
endfacet
facet normal 0 0 -1
outer loop
vertex 22.069682400000005 -105.62718639999994 2
vertex 22.148662939995837 -104.605904739963 2
vertex 22.17261855022207 -104.29613950690263 2
endloop
endfacet
facet normal 0 0 -1
outer loop
vertex 22.069682400000005 -105.62718639999994 2
vertex 22.17261855022207 -104.29613950690263 2
vertex 22.17261855022204 -104.29613950690265 0
endloop
endfacet
facet normal 0 0 -1
outer loop
vertex 22.069682400000005 -105.62718639999994 2
vertex 22.17261855022204 -104.29613950690265 0
vertex 22.069682400000005 -105.62718639999994 0
endloop
endfacet
facet normal 0 0 1
outer loop
vertex 22.205353349999996 -200.25291500000054 2
vertex 22.205348194185287 -200.24931900009454 2
vertex 22.069682400000005 -105.62718639999994 2
endloop
endfacet
facet normal 0 0 1
outer loop
vertex 22.205353349999996 -200.25291500000054 2
vertex 22.069682400000005 -105.62718639999994 2
vertex 22.069682400000005 -105.62718639999994 0
endloop
endfacet
facet normal 0 0 1
outer loop
vertex 22.205353349999996 -200.25291500000054 2
vertex 22.069682400000005 -105.62718639999994 0
vertex 22.104655934611017 -130.01999999999995 0
endloop
endfacet
facet normal 0 0 1
outer loop
vertex 22.205353349999996 -200.25291500000054 2
vertex 22.104655934611017 -130.01999999999995 0
vertex 22.104684861450107 -130.04017545557608 0
endloop
endfacet
facet normal 0 0 1
outer loop
vertex 22.205353349999996 -200.25291500000054 2
vertex 22.104684861450107 -130.04017545557608 0
vertex 22.104770530325176 -130.09992649086945 0
endloop
endfacet
facet normal 0 0 1
outer loop
vertex 22.205353349999996 -200.25291500000054 2
vertex 22.104770530325176 -130.09992649086945 0
vertex 22.10490964902935 -130.19695690706746 0
endloop
endfacet
facet normal 0 0 1
outer loop
vertex 22.205353349999996 -200.25291500000054 2
vertex 22.10490964902935 -130.19695690706746 0
vertex 22.10509687130893 -130.32753787974747 0
endloop
endfacet
facet normal 0 0 1
outer loop
vertex 22.205353349999996 -200.25291500000054 2
vertex 22.10509687130893 -130.32753787974747 0
vertex 22.10532500231669 -130.48665125534927 0
endloop
endfacet
facet normal 0 0 1
outer loop
vertex 22.205353349999996 -200.25291500000054 2
vertex 22.10532500231669 -130.48665125534927 0
vertex 22.105585275105838 -130.6681823960087 0
endloop
endfacet
facet normal 0 0 1
outer loop
vertex 22.205353349999996 -200.25291500000054 2
vertex 22.105585275105838 -130.6681823960087 0
vertex 22.105867687539178 -130.8651551618836 0
endloop
endfacet
facet normal 0 0 1
outer loop
vertex 22.205353349999996 -200.25291500000054 2
vertex 22.105867687539178 -130.8651551618836 0
vertex 22.106161386665217 -131.07000000000676 0
endloop
endfacet
facet normal 0 0 1
outer loop
vertex 22.205353349999996 -200.25291500000054 2
vertex 22.106161386665217 -131.07000000000676 0
vertex 22.106455085791257 -131.27484483812958 0
endloop
endfacet
facet normal 0 0 1
outer loop
vertex 22.205353349999996 -200.25291500000054 2
vertex 22.106455085791257 -131.27484483812958 0
vertex 22.10673749822456 -131.47181760398075 0
endloop
endfacet
facet normal 0 0 1
outer loop
vertex 22.205353349999996 -200.25291500000054 2
vertex 22.10673749822456 -131.47181760398075 0
vertex 22.106997771013734 -131.65334874465864 0
endloop
endfacet
facet normal 0 0 1
outer loop
vertex 22.205353349999996 -200.25291500000054 2
vertex 22.106997771013734 -131.65334874465864 0
vertex 22.107225902021487 -131.81246212025414 0
endloop
endfacet
facet normal 0 0 1
outer loop
vertex 22.205353349999996 -200.25291500000054 2
vertex 22.107225902021487 -131.81246212025414 0
vertex 22.107413124301043 -131.9430430929175 0
endloop
endfacet
facet normal 0 0 1
outer loop
vertex 22.205353349999996 -200.25291500000054 2
vertex 22.107413124301043 -131.9430430929175 0
vertex 22.107552243005244 -132.0400735091323 0
endloop
endfacet
facet normal 0 0 1
outer loop
vertex 22.205353349999996 -200.25291500000054 2
vertex 22.107552243005244 -132.0400735091323 0
vertex 22.10763791188031 -132.09982454442374 0
endloop
endfacet
facet normal 0 0 1
outer loop
vertex 22.205353349999996 -200.25291500000054 2
vertex 22.10763791188031 -132.09982454442374 0
vertex 22.107666838719396 -132.12000000000023 0
endloop
endfacet
facet normal 0 0 1
outer loop
vertex 22.205353349999996 -200.25291500000054 2
vertex 22.107666838719396 -132.12000000000023 0
vertex 22.121043855543753 -141.44999999999612 0
endloop
endfacet
facet normal 0 0 1
outer loop
vertex 22.205353349999996 -200.25291500000054 2
vertex 22.121043855543753 -141.44999999999612 0
vertex 22.121072782382846 -141.47017545557492 0
endloop
endfacet
facet normal 0 0 1
outer loop
vertex 22.205353349999996 -200.25291500000054 2
vertex 22.121072782382846 -141.47017545557492 0
vertex 22.121158451257877 -141.52992649084146 0
endloop
endfacet
facet normal 0 0 1
outer loop
vertex 22.205353349999996 -200.25291500000054 2
vertex 22.121158451257877 -141.52992649084146 0
vertex 22.121297569962177 -141.62695690712644 0
endloop
endfacet
facet normal 0 0 1
outer loop
vertex 22.205353349999996 -200.25291500000054 2
vertex 22.121297569962177 -141.62695690712644 0
vertex 22.121484792241606 -141.75753787970075 0
endloop
endfacet
facet normal 0 0 1
outer loop
vertex 22.205353349999996 -200.25291500000054 2
vertex 22.121484792241606 -141.75753787970075 0
vertex 22.121712923249493 -141.91665125539149 0
endloop
endfacet
facet normal 0 0 1
outer loop
vertex 22.205353349999996 -200.25291500000054 2
vertex 22.121712923249493 -141.91665125539149 0
vertex 22.121973196038528 -142.0981823959731 0
endloop
endfacet
facet normal 0 0 1
outer loop
vertex 22.205353349999996 -200.25291500000054 2
vertex 22.121973196038528 -142.0981823959731 0
vertex 22.12225560847185 -142.29515516183608 0
endloop
endfacet
facet normal 0 0 1
outer loop
vertex 22.205353349999996 -200.25291500000054 2
vertex 22.12225560847185 -142.29515516183608 0
vertex 22.122549307598007 -142.50000000004107 0
endloop
endfacet
facet normal 0 0 1
outer loop
vertex 22.205353349999996 -200.25291500000054 2
vertex 22.122549307598007 -142.50000000004107 0
vertex 22.12284300672392 -142.7048448380752 0
endloop
endfacet
facet normal 0 0 1
outer loop
vertex 22.205353349999996 -200.25291500000054 2
vertex 22.12284300672392 -142.7048448380752 0
vertex 22.12312541915732 -142.9018176039926 0
endloop
endfacet
facet normal 0 0 1
outer loop
vertex 22.205353349999996 -200.25291500000054 2
vertex 22.12312541915732 -142.9018176039926 0
vertex 22.123385691946535 -143.08334874469773 0
endloop
endfacet
facet normal 0 0 1
outer loop
vertex 22.205353349999996 -200.25291500000054 2
vertex 22.123385691946535 -143.08334874469773 0
vertex 22.123613822954212 -143.24246212024138 0
endloop
endfacet
facet normal 0 0 1
outer loop
vertex 22.205353349999996 -200.25291500000054 2
vertex 22.123613822954212 -143.24246212024138 0
vertex 22.1238010452338 -143.3730430929286 0
endloop
endfacet
facet normal 0 0 1
outer loop
vertex 22.205353349999996 -200.25291500000054 2
vertex 22.1238010452338 -143.3730430929286 0
vertex 22.12394016393798 -143.47007350913023 0
endloop
endfacet
facet normal 0 0 1
outer loop
vertex 22.205353349999996 -200.25291500000054 2
vertex 22.12394016393798 -143.47007350913023 0
vertex 22.124025832813047 -143.52982454442193 0
endloop
endfacet
facet normal 0 0 1
outer loop
vertex 22.205353349999996 -200.25291500000054 2
vertex 22.124025832813047 -143.52982454442193 0
vertex 22.124054759652132 -143.5499999999971 0
endloop
endfacet
facet normal 0 0 1
outer loop
vertex 22.205353349999996 -200.25291500000054 2
vertex 22.124054759652132 -143.5499999999971 0
vertex 22.159138961334044 -168.0200000000003 0
endloop
endfacet
facet normal 0 0 1
outer loop
vertex 22.205353349999996 -200.25291500000054 2
vertex 22.159138961334044 -168.0200000000003 0
vertex 22.159167888173133 -168.04017545557852 0
endloop
endfacet
facet normal 0 0 1
outer loop
vertex 22.205353349999996 -200.25291500000054 2
vertex 22.159167888173133 -168.04017545557852 0
vertex 22.15925355704818 -168.09992649085646 0
endloop
endfacet
facet normal 0 0 1
outer loop
vertex 22.205353349999996 -200.25291500000054 2
vertex 22.15925355704818 -168.09992649085646 0
vertex 22.1593926757524 -168.1969569070844 0
endloop
endfacet
facet normal 0 0 1
outer loop
vertex 22.205353349999996 -200.25291500000054 2
vertex 22.1593926757524 -168.1969569070844 0
vertex 22.15957989803196 -168.32753787975102 0
endloop
endfacet
facet normal 0 0 1
outer loop
vertex 22.205353349999996 -200.25291500000054 2
vertex 22.15957989803196 -168.32753787975102 0
vertex 22.159808029039652 -168.48665125530596 0
endloop
endfacet
facet normal 0 0 1
outer loop
vertex 22.205353349999996 -200.25291500000054 2
vertex 22.159808029039652 -168.48665125530596 0
vertex 22.160068301828883 -168.66818239602262 0
endloop
endfacet
facet normal 0 0 1
outer loop
vertex 22.205353349999996 -200.25291500000054 2
vertex 22.160068301828883 -168.66818239602262 0
vertex 22.160350714262222 -168.86515516189786 0
endloop
endfacet
facet normal 0 0 1
outer loop
vertex 22.205353349999996 -200.25291500000054 2
vertex 22.160350714262222 -168.86515516189786 0
vertex 22.160644413388237 -169.07000000000218 0
endloop
endfacet
facet normal 0 0 1
outer loop
vertex 22.205353349999996 -200.25291500000054 2
vertex 22.160644413388237 -169.07000000000218 0
vertex 22.160938112514238 -169.27484483809866 0
endloop
endfacet
facet normal 0 0 1
outer loop
vertex 22.205353349999996 -200.25291500000054 2
vertex 22.160938112514238 -169.27484483809866 0
vertex 22.161220524947634 -169.47181760401247 0
endloop
endfacet
facet normal 0 0 1
outer loop
vertex 22.205353349999996 -200.25291500000054 2
vertex 22.161220524947634 -169.47181760401247 0
vertex 22.161480797736793 -169.65334874468024 0
endloop
endfacet
facet normal 0 0 1
outer loop
vertex 22.205353349999996 -200.25291500000054 2
vertex 22.161480797736793 -169.65334874468024 0
vertex 22.16170892874449 -169.81246212023746 0
endloop
endfacet
facet normal 0 0 1
outer loop
vertex 22.205353349999996 -200.25291500000054 2
vertex 22.16170892874449 -169.81246212023746 0
vertex 22.161896151024067 -169.94304309291553 0
endloop
endfacet
facet normal 0 0 1
outer loop
vertex 22.205353349999996 -200.25291500000054 2
vertex 22.161896151024067 -169.94304309291553 0
vertex 22.162035269728268 -170.04007350913304 0
endloop
endfacet
facet normal 0 0 1
outer loop
vertex 22.205353349999996 -200.25291500000054 2
vertex 22.162035269728268 -170.04007350913304 0
vertex 22.162120938603337 -170.09982454442533 0
endloop
endfacet
facet normal 0 0 1
outer loop
vertex 22.205353349999996 -200.25291500000054 2
vertex 22.162120938603337 -170.09982454442533 0
vertex 22.162149865442423 -170.12000000000006 0
endloop
endfacet
facet normal 0 0 1
outer loop
vertex 22.205353349999996 -200.25291500000054 2
vertex 22.162149865442423 -170.12000000000006 0
vertex 22.175526882266784 -179.45000000000024 0
endloop
endfacet
facet normal 0 0 1
outer loop
vertex 22.205353349999996 -200.25291500000054 2
vertex 22.175526882266784 -179.45000000000024 0
vertex 22.175555809105884 -179.47017545558495 0
endloop
endfacet
facet normal 0 0 1
outer loop
vertex 22.205353349999996 -200.25291500000054 2
vertex 22.175555809105884 -179.47017545558495 0
vertex 22.175641477980932 -179.5299264908647 0
endloop
endfacet
facet normal 0 0 1
outer loop
vertex 22.205353349999996 -200.25291500000054 2
vertex 22.175641477980932 -179.5299264908647 0
vertex 22.175780596685147 -179.62695690709006 0
endloop
endfacet
facet normal 0 0 1
outer loop
vertex 22.205353349999996 -200.25291500000054 2
vertex 22.175780596685147 -179.62695690709006 0
vertex 22.175967818964644 -179.7575378797133 0
endloop
endfacet
facet normal 0 0 1
outer loop
vertex 22.205353349999996 -200.25291500000054 2
vertex 22.175967818964644 -179.7575378797133 0
vertex 22.176195949972453 -179.9166512553478 0
endloop
endfacet
facet normal 0 0 1
outer loop
vertex 22.205353349999996 -200.25291500000054 2
vertex 22.176195949972453 -179.9166512553478 0
vertex 22.176456222761676 -180.09818239605994 0
endloop
endfacet
facet normal 0 0 1
outer loop
vertex 22.205353349999996 -200.25291500000054 2
vertex 22.176456222761676 -180.09818239605994 0
vertex 22.176738635194834 -180.29515516180777 0
endloop
endfacet
facet normal 0 0 1
outer loop
vertex 22.205353349999996 -200.25291500000054 2
vertex 22.176738635194834 -180.29515516180777 0
vertex 22.17703233432103 -180.50000000004107 0
endloop
endfacet
facet normal 0 0 1
outer loop
vertex 22.205353349999996 -200.25291500000054 2
vertex 22.17703233432103 -180.50000000004107 0
vertex 22.177326033447027 -180.70484483813473 0
endloop
endfacet
facet normal 0 0 1
outer loop
vertex 22.205353349999996 -200.25291500000054 2
vertex 22.177326033447027 -180.70484483813473 0
vertex 22.177608445880363 -180.90181760400583 0
endloop
endfacet
facet normal 0 0 1
outer loop
vertex 22.205353349999996 -200.25291500000054 2
vertex 22.177608445880363 -180.90181760400583 0
vertex 22.17786871866949 -181.08334874465083 0
endloop
endfacet
facet normal 0 0 1
outer loop
vertex 22.205353349999996 -200.25291500000054 2
vertex 22.17786871866949 -181.08334874465083 0
vertex 22.178096849677214 -181.24246212022743 0
endloop
endfacet
facet normal 0 0 1
outer loop
vertex 22.205353349999996 -200.25291500000054 2
vertex 22.178096849677214 -181.24246212022743 0
vertex 22.178284071956835 -181.37304309293614 0
endloop
endfacet
facet normal 0 0 1
outer loop
vertex 22.205353349999996 -200.25291500000054 2
vertex 22.178284071956835 -181.37304309293614 0
vertex 22.17842319066101 -181.4700735091359 0
endloop
endfacet
facet normal 0 0 1
outer loop
vertex 22.205353349999996 -200.25291500000054 2
vertex 22.17842319066101 -181.4700735091359 0
vertex 22.178508859536073 -181.52982454442252 0
endloop
endfacet
facet normal 0 0 1
outer loop
vertex 22.205353349999996 -200.25291500000054 2
vertex 22.178508859536073 -181.52982454442252 0
vertex 22.17853778637516 -181.55 0
endloop
endfacet
facet normal 0 0 1
outer loop
vertex 22.205353349999996 -200.25291500000054 2
vertex 22.17853778637516 -181.55 0
vertex 22.199609365647635 -196.2466874 0
endloop
endfacet
facet normal 0 0 1
outer loop
vertex 22.205353349999996 -200.25291500000054 2
vertex 22.199609365647635 -196.2466874 0
vertex 22.205353349999996 -200.2529149999999 0
endloop
endfacet
facet normal 0 0 1
outer loop
vertex 22.33647932578222 -201.72731202003467 2
vertex 22.3053127452038 -201.3768710547311 2
vertex 22.205353349999996 -200.25291500000054 2
endloop
endfacet
facet normal 0 0 1
outer loop
vertex 22.33647932578222 -201.72731202003467 2
vertex 22.205353349999996 -200.25291500000054 2
vertex 22.205353349999996 -200.2529149999999 0
endloop
endfacet
facet normal 0 0 1
outer loop
vertex 22.33647932578222 -201.72731202003467 2
vertex 22.205353349999996 -200.2529149999999 0
vertex 22.33647932578222 -201.72731202003473 0
endloop
endfacet
facet normal 0 0 1
outer loop
vertex 22.721397982542015 -203.15660492979475 2
vertex 22.53647486112341 -202.46994217221567 2
vertex 22.33647932578222 -201.72731202003467 2
endloop
endfacet
facet normal 0 0 1
outer loop
vertex 22.721397982542015 -203.15660492979475 2
vertex 22.33647932578222 -201.72731202003467 2
vertex 22.33647932578222 -201.72731202003473 0
endloop
endfacet
facet normal 0 0 1
outer loop
vertex 22.721397982542015 -203.15660492979475 2
vertex 22.33647932578222 -201.72731202003473 0
vertex 22.721397982541987 -203.1566049297947 0
endloop
endfacet
facet normal 0 0 -1
outer loop
vertex 23.348436345851354 -204.49744924780896 2
vertex 23.313193292978525 -204.42208631954313 2
vertex 22.879824650542343 -203.49538084852648 2
endloop
endfacet
facet normal 0 0 -1
outer loop
vertex 23.348436345851354 -204.49744924780896 2
vertex 22.879824650542343 -203.49538084852648 2
vertex 22.721397982542015 -203.15660492979475 2
endloop
endfacet
facet normal 0 0 -1
outer loop
vertex 23.348436345851354 -204.49744924780896 2
vertex 22.721397982542015 -203.15660492979475 2
vertex 22.721397982541987 -203.1566049297947 0
endloop
endfacet
facet normal 0 0 -1
outer loop
vertex 23.348436345851354 -204.49744924780896 2
vertex 22.721397982541987 -203.1566049297947 0
vertex 23.348436345851297 -204.49744924780887 0
endloop
endfacet
facet normal 0 0 -1
outer loop
vertex 24.19857896231005 -205.70918276879937 2
vertex 23.856741919211036 -205.22195232332314 2
vertex 23.348436345851354 -204.49744924780896 2
endloop
endfacet
facet normal 0 0 -1
outer loop
vertex 24.19857896231005 -205.70918276879937 2
vertex 23.348436345851354 -204.49744924780896 2
vertex 23.348436345851297 -204.49744924780887 0
endloop
endfacet
facet normal 0 0 -1
outer loop
vertex 24.19857896231005 -205.70918276879937 2
vertex 23.348436345851297 -204.49744924780887 0
vertex 24.198578962310165 -205.70918276879954 0
endloop
endfacet
facet normal 0 0 1
outer loop
vertex 25.246044558790146 -206.75505867845732 2
vertex 25.230965096234094 -206.74000164859874 2
vertex 25.13224424674971 -206.64143066615873 2
endloop
endfacet
facet normal 0 0 1
outer loop
vertex 25.246044558790146 -206.75505867845732 2
vertex 25.13224424674971 -206.64143066615873 2
vertex 24.8390798938583 -206.34871136287248 2
endloop
endfacet
facet normal 0 0 1
outer loop
vertex 25.246044558790146 -206.75505867845732 2
vertex 24.8390798938583 -206.34871136287248 2
vertex 24.360361334444512 -205.87071954088003 2
endloop
endfacet
facet normal 0 0 1
outer loop
vertex 25.246044558790146 -206.75505867845732 2
vertex 24.360361334444512 -205.87071954088003 2
vertex 24.19857896231005 -205.70918276879937 2
endloop
endfacet
facet normal 0 0 1
outer loop
vertex 25.246044558790146 -206.75505867845732 2
vertex 24.19857896231005 -205.70918276879937 2
vertex 24.198578962310165 -205.70918276879954 0
endloop
endfacet
facet normal 0 0 1
outer loop
vertex 25.246044558790146 -206.75505867845732 2
vertex 24.198578962310165 -205.70918276879954 0
vertex 25.24604455879006 -206.75505867845726 0
endloop
endfacet
facet normal -0.5730927259388606 -0.8194905292167605 0
outer loop
vertex 26.45906788071821 -207.6033599307678 2
vertex 25.246044558790146 -206.75505867845732 2
vertex 25.24604455879006 -206.75505867845726 0
endloop
endfacet
facet normal -0.5730927259388606 -0.8194905292167605 0
outer loop
vertex 26.45906788071821 -207.6033599307678 2
vertex 25.24604455879006 -206.75505867845726 0
vertex 26.459067880718152 -207.60335993076777 0
endloop
endfacet
facet normal -0.42223634478853 -0.9064857798882571 0
outer loop
vertex 27.800862999511082 -208.22836109348214 2
vertex 26.45906788071821 -207.6033599307678 2
vertex 26.459067880718152 -207.60335993076777 0
endloop
endfacet
facet normal -0.42223634478853 -0.9064857798882571 0
outer loop
vertex 27.800862999511082 -208.22836109348214 2
vertex 26.459067880718152 -207.60335993076777 0
vertex 27.800862999511054 -208.2283610934821 0
endloop
endfacet
facet normal -0.2585752996688483 -0.9659911047215526 0
outer loop
vertex 29.230738876078163 -208.6111084929824 2
vertex 27.800862999511082 -208.22836109348214 2
vertex 27.800862999511054 -208.2283610934821 0
endloop
endfacet
facet normal -0.2585752996688483 -0.9659911047215526 0
outer loop
vertex 29.230738876078163 -208.6111084929824 2
vertex 27.800862999511054 -208.2283610934821 0
vertex 29.23073887607825 -208.6111084929824 0
endloop
endfacet
facet normal -0.08707590215283278 -0.9962016800147802 0
outer loop
vertex 30.705336700000004 -208.74 2
vertex 29.230738876078163 -208.6111084929824 2
vertex 29.23073887607825 -208.6111084929824 0
endloop
endfacet
facet normal -0.08707590215283278 -0.9962016800147802 0
outer loop
vertex 30.705336700000004 -208.74 2
vertex 29.23073887607825 -208.6111084929824 0
vertex 30.70533670000009 -208.74 0
endloop
endfacet
facet normal 0 -1 0
outer loop
vertex 94.35778979999995 -208.74 0
vertex 94.35778979999986 -208.74 2
vertex 30.705336700000004 -208.74 2
endloop
endfacet
facet normal 0 -1 0
outer loop
vertex 94.35778979999995 -208.74 0
vertex 30.705336700000004 -208.74 2
vertex 30.70533670000009 -208.74 0
endloop
endfacet
facet normal 0 -1 0
outer loop
vertex 357.29466330000014 -208.74 0
vertex 357.2946633000001 -208.74 2
vertex 293.64221049999986 -208.74 2
endloop
endfacet
facet normal 0 -1 0
outer loop
vertex 357.29466330000014 -208.74 0
vertex 293.64221049999986 -208.74 2
vertex 293.64221049999975 -208.74 0
endloop
endfacet
facet normal 0.08707590215283278 -0.9962016800147802 0
outer loop
vertex 358.76926112392175 -208.6111084929824 2
vertex 357.2946633000001 -208.74 2
vertex 357.29466330000014 -208.74 0
endloop
endfacet
facet normal 0.08707590215283278 -0.9962016800147802 0
outer loop
vertex 358.76926112392175 -208.6111084929824 2
vertex 357.29466330000014 -208.74 0
vertex 358.76926112392175 -208.6111084929824 0
endloop
endfacet
facet normal 0.2585752996688483 -0.9659911047215526 0
outer loop
vertex 360.1991370004887 -208.22836109348214 2
vertex 358.76926112392175 -208.6111084929824 2
vertex 358.76926112392175 -208.6111084929824 0
endloop
endfacet
facet normal 0.2585752996688483 -0.9659911047215526 0
outer loop
vertex 360.1991370004887 -208.22836109348214 2
vertex 358.76926112392175 -208.6111084929824 0
vertex 360.1991370004886 -208.2283610934821 0
endloop
endfacet
facet normal 0.42223634478852456 -0.9064857798882596 0
outer loop
vertex 361.5409321192819 -207.6033599307678 2
vertex 360.1991370004887 -208.22836109348214 2
vertex 360.1991370004886 -208.2283610934821 0
endloop
endfacet
facet normal 0.42223634478852456 -0.9064857798882596 0
outer loop
vertex 361.5409321192819 -207.6033599307678 2
vertex 360.1991370004886 -208.2283610934821 0
vertex 361.54093211928216 -207.60335993076777 0
endloop
endfacet
facet normal 0.5730927259388673 -0.8194905292167558 0
outer loop
vertex 362.7539554412101 -206.75505867845732 2
vertex 361.5409321192819 -207.6033599307678 2
vertex 361.54093211928216 -207.60335993076777 0
endloop
endfacet
facet normal 0.5730927259388673 -0.8194905292167558 0
outer loop
vertex 362.7539554412101 -206.75505867845732 2
vertex 361.54093211928216 -207.60335993076777 0
vertex 362.7539554412097 -206.75505867845726 0
endloop
endfacet
facet normal 0 0 -1
outer loop
vertex 363.8014210376896 -205.70918276879937 2
vertex 363.63963873659793 -205.87071954088003 2
vertex 363.16092038740163 -206.34871136287248 2
endloop
endfacet
facet normal 0 0 -1
outer loop
vertex 363.8014210376896 -205.70918276879937 2
vertex 363.16092038740163 -206.34871136287248 2
vertex 362.867756163246 -206.64143066615873 2
endloop
endfacet
facet normal 0 0 -1
outer loop
vertex 363.8014210376896 -205.70918276879937 2
vertex 362.867756163246 -206.64143066615873 2
vertex 362.76903755192967 -206.7399994571124 2
endloop
endfacet
facet normal 0 0 -1
outer loop
vertex 363.8014210376896 -205.70918276879937 2
vertex 362.76903755192967 -206.7399994571124 2
vertex 362.7539554412101 -206.75505867845732 2
endloop
endfacet
facet normal 0 0 -1
outer loop
vertex 363.8014210376896 -205.70918276879937 2
vertex 362.7539554412101 -206.75505867845732 2
vertex 362.7539554412097 -206.75505867845726 0
endloop
endfacet
facet normal 0 0 -1
outer loop
vertex 363.8014210376896 -205.70918276879937 2
vertex 362.7539554412097 -206.75505867845726 0
vertex 363.8014210376898 -205.70918276879954 0
endloop
endfacet
facet normal 0 0 -1
outer loop
vertex 364.65156365414856 -204.49744924780896 2
vertex 364.14325804934316 -205.22195232332314 2
vertex 363.8014210376896 -205.70918276879937 2
endloop
endfacet
facet normal 0 0 -1
outer loop
vertex 364.65156365414856 -204.49744924780896 2
vertex 363.8014210376896 -205.70918276879937 2
vertex 363.8014210376898 -205.70918276879954 0
endloop
endfacet
facet normal 0 0 -1
outer loop
vertex 364.65156365414856 -204.49744924780896 2
vertex 363.8014210376898 -205.70918276879954 0
vertex 364.65156365414856 -204.49744924780887 0
endloop
endfacet
facet normal 0 0 1
outer loop
vertex 365.27860201745807 -203.15660492979475 2
vertex 365.12017534945767 -203.49538084852648 2
vertex 364.6868067070214 -204.42208631954313 2
endloop
endfacet
facet normal 0 0 1
outer loop
vertex 365.27860201745807 -203.15660492979475 2
vertex 364.6868067070214 -204.42208631954313 2
vertex 364.65156365414856 -204.49744924780896 2
endloop
endfacet
facet normal 0 0 1
outer loop
vertex 365.27860201745807 -203.15660492979475 2
vertex 364.65156365414856 -204.49744924780896 2
vertex 364.65156365414856 -204.49744924780887 0
endloop
endfacet
facet normal 0 0 1
outer loop
vertex 365.27860201745807 -203.15660492979475 2
vertex 364.65156365414856 -204.49744924780887 0
vertex 365.2786020174579 -203.1566049297947 0
endloop
endfacet
facet normal 0 0 1
outer loop
vertex 365.6635206742178 -201.72731202003467 2
vertex 365.4635251388766 -202.46994217221567 2
vertex 365.27860201745807 -203.15660492979475 2
endloop
endfacet
facet normal 0 0 1
outer loop
vertex 365.6635206742178 -201.72731202003467 2
vertex 365.27860201745807 -203.15660492979475 2
vertex 365.2786020174579 -203.1566049297947 0
endloop
endfacet
facet normal 0 0 1
outer loop
vertex 365.6635206742178 -201.72731202003467 2
vertex 365.2786020174579 -203.1566049297947 0
vertex 365.66352067421786 -201.72731202003473 0
endloop
endfacet
facet normal 0 0 -1
outer loop
vertex 365.79464664999995 -200.25291500000054 2
vertex 365.69468725479624 -201.3768710547311 2
vertex 365.6635206742178 -201.72731202003467 2
endloop
endfacet
facet normal 0 0 -1
outer loop
vertex 365.79464664999995 -200.25291500000054 2
vertex 365.6635206742178 -201.72731202003467 2
vertex 365.66352067421786 -201.72731202003473 0
endloop
endfacet
facet normal 0 0 -1
outer loop
vertex 365.79464664999995 -200.25291500000054 2
vertex 365.66352067421786 -201.72731202003473 0
vertex 365.79464664999995 -200.2529149999999 0
endloop
endfacet
facet normal 0 0 -1
outer loop
vertex 365.9303176 -105.62718639999994 2
vertex 365.7946518058147 -200.24931900009454 2
vertex 365.79464664999995 -200.25291500000054 2
endloop
endfacet
facet normal 0 0 -1
outer loop
vertex 365.9303176 -105.62718639999994 2
vertex 365.79464664999995 -200.25291500000054 2
vertex 365.79464664999995 -200.2529149999999 0
endloop
endfacet
facet normal 0 0 -1
outer loop
vertex 365.9303176 -105.62718639999994 2
vertex 365.79464664999995 -200.2529149999999 0
vertex 365.8003906343523 -196.2466874 0
endloop
endfacet
facet normal 0 0 -1
outer loop
vertex 365.9303176 -105.62718639999994 2
vertex 365.8003906343523 -196.2466874 0
vertex 365.8214622136248 -181.55 0
endloop
endfacet
facet normal 0 0 -1
outer loop
vertex 365.9303176 -105.62718639999994 2
vertex 365.8214622136248 -181.55 0
vertex 365.8214911404639 -181.52982454442252 0
endloop
endfacet
facet normal 0 0 -1
outer loop
vertex 365.9303176 -105.62718639999994 2
vertex 365.8214911404639 -181.52982454442252 0
vertex 365.8215768093389 -181.4700735091359 0
endloop
endfacet
facet normal 0 0 -1
outer loop
vertex 365.9303176 -105.62718639999994 2
vertex 365.8215768093389 -181.4700735091359 0
vertex 365.82171592804315 -181.37304309293614 0
endloop
endfacet
facet normal 0 0 -1
outer loop
vertex 365.9303176 -105.62718639999994 2
vertex 365.82171592804315 -181.37304309293614 0
vertex 365.8219031503227 -181.24246212022743 0
endloop
endfacet
facet normal 0 0 -1
outer loop
vertex 365.9303176 -105.62718639999994 2
vertex 365.8219031503227 -181.24246212022743 0
vertex 365.8221312813305 -181.08334874465083 0
endloop
endfacet
facet normal 0 0 -1
outer loop
vertex 365.9303176 -105.62718639999994 2
vertex 365.8221312813305 -181.08334874465083 0
vertex 365.8223915541196 -180.90181760400583 0
endloop
endfacet
facet normal 0 0 -1
outer loop
vertex 365.9303176 -105.62718639999994 2
vertex 365.8223915541196 -180.90181760400583 0
vertex 365.82267396655294 -180.70484483813473 0
endloop
endfacet
facet normal 0 0 -1
outer loop
vertex 365.9303176 -105.62718639999994 2
vertex 365.82267396655294 -180.70484483813473 0
vertex 365.82296766567896 -180.50000000004107 0
endloop
endfacet
facet normal 0 0 -1
outer loop
vertex 365.9303176 -105.62718639999994 2
vertex 365.82296766567896 -180.50000000004107 0
vertex 365.82326136480515 -180.29515516180777 0
endloop
endfacet
facet normal 0 0 -1
outer loop
vertex 365.9303176 -105.62718639999994 2
vertex 365.82326136480515 -180.29515516180777 0
vertex 365.8235437772383 -180.09818239605994 0
endloop
endfacet
facet normal 0 0 -1
outer loop
vertex 365.9303176 -105.62718639999994 2
vertex 365.8235437772383 -180.09818239605994 0
vertex 365.8238040500275 -179.9166512553478 0
endloop
endfacet
facet normal 0 0 -1
outer loop
vertex 365.9303176 -105.62718639999994 2
vertex 365.8238040500275 -179.9166512553478 0
vertex 365.8240321810353 -179.7575378797133 0
endloop
endfacet
facet normal 0 0 -1
outer loop
vertex 365.9303176 -105.62718639999994 2
vertex 365.8240321810353 -179.7575378797133 0
vertex 365.8242194033148 -179.62695690709006 0
endloop
endfacet
facet normal 0 0 -1
outer loop
vertex 365.9303176 -105.62718639999994 2
vertex 365.8242194033148 -179.62695690709006 0
vertex 365.82435852201905 -179.5299264908647 0
endloop
endfacet
facet normal 0 0 -1
outer loop
vertex 365.9303176 -105.62718639999994 2
vertex 365.82435852201905 -179.5299264908647 0
vertex 365.8244441908941 -179.47017545558495 0
endloop
endfacet
facet normal 0 0 -1
outer loop
vertex 365.9303176 -105.62718639999994 2
vertex 365.8244441908941 -179.47017545558495 0
vertex 365.8244731177332 -179.45000000000024 0
endloop
endfacet
facet normal 0 0 -1
outer loop
vertex 365.9303176 -105.62718639999994 2
vertex 365.8244731177332 -179.45000000000024 0
vertex 365.8378501345575 -170.12000000000006 0
endloop
endfacet
facet normal 0 0 -1
outer loop
vertex 365.9303176 -105.62718639999994 2
vertex 365.8378501345575 -170.12000000000006 0
vertex 365.8378790613966 -170.09982454442533 0
endloop
endfacet
facet normal 0 0 -1
outer loop
vertex 365.9303176 -105.62718639999994 2
vertex 365.8378790613966 -170.09982454442533 0
vertex 365.8379647302717 -170.04007350913304 0
endloop
endfacet
facet normal 0 0 -1
outer loop
vertex 365.9303176 -105.62718639999994 2
vertex 365.8379647302717 -170.04007350913304 0
vertex 365.8381038489759 -169.94304309291553 0
endloop
endfacet
facet normal 0 0 -1
outer loop
vertex 365.9303176 -105.62718639999994 2
vertex 365.8381038489759 -169.94304309291553 0
vertex 365.83829107125547 -169.81246212023746 0
endloop
endfacet
facet normal 0 0 -1
outer loop
vertex 365.9303176 -105.62718639999994 2
vertex 365.83829107125547 -169.81246212023746 0
vertex 365.83851920226317 -169.65334874468024 0
endloop
endfacet
facet normal 0 0 -1
outer loop
vertex 365.9303176 -105.62718639999994 2
vertex 365.83851920226317 -169.65334874468024 0
vertex 365.8387794750523 -169.47181760401247 0
endloop
endfacet
facet normal 0 0 -1
outer loop
vertex 365.9303176 -105.62718639999994 2
vertex 365.8387794750523 -169.47181760401247 0
vertex 365.83906188748574 -169.27484483809866 0
endloop
endfacet
facet normal 0 0 -1
outer loop
vertex 365.9303176 -105.62718639999994 2
vertex 365.83906188748574 -169.27484483809866 0
vertex 365.83935558661176 -169.07000000000218 0
endloop
endfacet
facet normal 0 0 -1
outer loop
vertex 365.9303176 -105.62718639999994 2
vertex 365.83935558661176 -169.07000000000218 0
vertex 365.8396492857378 -168.86515516189786 0
endloop
endfacet
facet normal 0 0 -1
outer loop
vertex 365.9303176 -105.62718639999994 2
vertex 365.8396492857378 -168.86515516189786 0
vertex 365.8399316981711 -168.66818239602262 0
endloop
endfacet
facet normal 0 0 -1
outer loop
vertex 365.9303176 -105.62718639999994 2
vertex 365.8399316981711 -168.66818239602262 0
vertex 365.84019197096035 -168.48665125530596 0
endloop
endfacet
facet normal 0 0 -1
outer loop
vertex 365.9303176 -105.62718639999994 2
vertex 365.84019197096035 -168.48665125530596 0
vertex 365.840420101968 -168.32753787975102 0
endloop
endfacet
facet normal 0 0 -1
outer loop
vertex 365.9303176 -105.62718639999994 2
vertex 365.840420101968 -168.32753787975102 0
vertex 365.84060732424757 -168.1969569070844 0
endloop
endfacet
facet normal 0 0 -1
outer loop
vertex 365.9303176 -105.62718639999994 2
vertex 365.84060732424757 -168.1969569070844 0
vertex 365.8407464429518 -168.09992649085646 0
endloop
endfacet
facet normal 0 0 -1
outer loop
vertex 365.9303176 -105.62718639999994 2
vertex 365.8407464429518 -168.09992649085646 0
vertex 365.84083211182684 -168.04017545557852 0
endloop
endfacet
facet normal 0 0 -1
outer loop
vertex 365.9303176 -105.62718639999994 2
vertex 365.84083211182684 -168.04017545557852 0
vertex 365.84086103866593 -168.0200000000003 0
endloop
endfacet
facet normal 0 0 -1
outer loop
vertex 365.9303176 -105.62718639999994 2
vertex 365.84086103866593 -168.0200000000003 0
vertex 365.87594524034785 -143.5499999999971 0
endloop
endfacet
facet normal 0 0 -1
outer loop
vertex 365.9303176 -105.62718639999994 2
vertex 365.87594524034785 -143.5499999999971 0
vertex 365.87597416718694 -143.52982454442193 0
endloop
endfacet
facet normal 0 0 -1
outer loop
vertex 365.9303176 -105.62718639999994 2
vertex 365.87597416718694 -143.52982454442193 0
vertex 365.87605983606204 -143.47007350913023 0
endloop
endfacet
facet normal 0 0 -1
outer loop
vertex 365.9303176 -105.62718639999994 2
vertex 365.87605983606204 -143.47007350913023 0
vertex 365.8761989547662 -143.3730430929286 0
endloop
endfacet
facet normal 0 0 -1
outer loop
vertex 365.9303176 -105.62718639999994 2
vertex 365.8761989547662 -143.3730430929286 0
vertex 365.8763861770458 -143.24246212024138 0
endloop
endfacet
facet normal 0 0 -1
outer loop
vertex 365.9303176 -105.62718639999994 2
vertex 365.8763861770458 -143.24246212024138 0
vertex 365.8766143080535 -143.08334874469773 0
endloop
endfacet
facet normal 0 0 -1
outer loop
vertex 365.9303176 -105.62718639999994 2
vertex 365.8766143080535 -143.08334874469773 0
vertex 365.8768745808427 -142.9018176039926 0
endloop
endfacet
facet normal 0 0 -1
outer loop
vertex 365.9303176 -105.62718639999994 2
vertex 365.8768745808427 -142.9018176039926 0
vertex 365.87715699327606 -142.7048448380752 0
endloop
endfacet
facet normal 0 0 -1
outer loop
vertex 365.9303176 -105.62718639999994 2
vertex 365.87715699327606 -142.7048448380752 0
vertex 365.87745069240196 -142.50000000004107 0
endloop
endfacet
facet normal 0 0 -1
outer loop
vertex 365.9303176 -105.62718639999994 2
vertex 365.87745069240196 -142.50000000004107 0
vertex 365.87774439152815 -142.29515516183608 0
endloop
endfacet
facet normal 0 0 -1
outer loop
vertex 365.9303176 -105.62718639999994 2
vertex 365.87774439152815 -142.29515516183608 0
vertex 365.87802680396146 -142.0981823959731 0
endloop
endfacet
facet normal 0 0 -1
outer loop
vertex 365.9303176 -105.62718639999994 2
vertex 365.87802680396146 -142.0981823959731 0
vertex 365.8782870767505 -141.91665125539149 0
endloop
endfacet
facet normal 0 0 -1
outer loop
vertex 365.9303176 -105.62718639999994 2
vertex 365.8782870767505 -141.91665125539149 0
vertex 365.87851520775837 -141.75753787970075 0
endloop
endfacet
facet normal 0 0 -1
outer loop
vertex 365.9303176 -105.62718639999994 2
vertex 365.87851520775837 -141.75753787970075 0
vertex 365.87870243003783 -141.62695690712644 0
endloop
endfacet
facet normal 0 0 -1
outer loop
vertex 365.9303176 -105.62718639999994 2
vertex 365.87870243003783 -141.62695690712644 0
vertex 365.8788415487421 -141.52992649084146 0
endloop
endfacet
facet normal 0 0 -1
outer loop
vertex 365.9303176 -105.62718639999994 2
vertex 365.8788415487421 -141.52992649084146 0
vertex 365.87892721761716 -141.47017545557492 0
endloop
endfacet
facet normal 0 0 -1
outer loop
vertex 365.9303176 -105.62718639999994 2
vertex 365.87892721761716 -141.47017545557492 0
vertex 365.87895614445625 -141.44999999999612 0
endloop
endfacet
facet normal 0 0 -1
outer loop
vertex 365.9303176 -105.62718639999994 2
vertex 365.87895614445625 -141.44999999999612 0
vertex 365.8923331612806 -132.12000000000023 0
endloop
endfacet
facet normal 0 0 -1
outer loop
vertex 365.9303176 -105.62718639999994 2
vertex 365.8923331612806 -132.12000000000023 0
vertex 365.8923620881197 -132.09982454442374 0
endloop
endfacet
facet normal 0 0 -1
outer loop
vertex 365.9303176 -105.62718639999994 2
vertex 365.8923620881197 -132.09982454442374 0
vertex 365.8924477569948 -132.0400735091323 0
endloop
endfacet
facet normal 0 0 -1
outer loop
vertex 365.9303176 -105.62718639999994 2
vertex 365.8924477569948 -132.0400735091323 0
vertex 365.89258687569895 -131.9430430929175 0
endloop
endfacet
facet normal 0 0 -1
outer loop
vertex 365.9303176 -105.62718639999994 2
vertex 365.89258687569895 -131.9430430929175 0
vertex 365.89277409797853 -131.81246212025414 0
endloop
endfacet
facet normal 0 0 -1
outer loop
vertex 365.9303176 -105.62718639999994 2
vertex 365.89277409797853 -131.81246212025414 0
vertex 365.8930022289863 -131.65334874465864 0
endloop
endfacet
facet normal 0 0 -1
outer loop
vertex 365.9303176 -105.62718639999994 2
vertex 365.8930022289863 -131.65334874465864 0
vertex 365.89326250177544 -131.47181760398075 0
endloop
endfacet
facet normal 0 0 -1
outer loop
vertex 365.9303176 -105.62718639999994 2
vertex 365.89326250177544 -131.47181760398075 0
vertex 365.89354491420875 -131.27484483812958 0
endloop
endfacet
facet normal 0 0 -1
outer loop
vertex 365.9303176 -105.62718639999994 2
vertex 365.89354491420875 -131.27484483812958 0
vertex 365.89383861333476 -131.07000000000676 0
endloop
endfacet
facet normal 0 0 -1
outer loop
vertex 365.9303176 -105.62718639999994 2
vertex 365.89383861333476 -131.07000000000676 0
vertex 365.89413231246084 -130.8651551618836 0
endloop
endfacet
facet normal 0 0 -1
outer loop
vertex 365.9303176 -105.62718639999994 2
vertex 365.89413231246084 -130.8651551618836 0
vertex 365.89441472489415 -130.6681823960087 0
endloop
endfacet
facet normal 0 0 -1
outer loop
vertex 365.9303176 -105.62718639999994 2
vertex 365.89441472489415 -130.6681823960087 0
vertex 365.8946749976833 -130.48665125534927 0
endloop
endfacet
facet normal 0 0 -1
outer loop
vertex 365.9303176 -105.62718639999994 2
vertex 365.8946749976833 -130.48665125534927 0
vertex 365.89490312869106 -130.32753787974747 0
endloop
endfacet
facet normal 0 0 -1
outer loop
vertex 365.9303176 -105.62718639999994 2
vertex 365.89490312869106 -130.32753787974747 0
vertex 365.89509035097063 -130.19695690706746 0
endloop
endfacet
facet normal 0 0 -1
outer loop
vertex 365.9303176 -105.62718639999994 2
vertex 365.89509035097063 -130.19695690706746 0
vertex 365.89522946967486 -130.09992649086945 0
endloop
endfacet
facet normal 0 0 -1
outer loop
vertex 365.9303176 -105.62718639999994 2
vertex 365.89522946967486 -130.09992649086945 0
vertex 365.8953151385499 -130.04017545557608 0
endloop
endfacet
facet normal 0 0 -1
outer loop
vertex 365.9303176 -105.62718639999994 2
vertex 365.8953151385499 -130.04017545557608 0
vertex 365.895344065389 -130.01999999999995 0
endloop
endfacet
facet normal 0 0 -1
outer loop
vertex 365.9303176 -105.62718639999994 2
vertex 365.895344065389 -130.01999999999995 0
vertex 365.9303176 -105.62718639999994 0
endloop
endfacet
facet normal 0 0 1
outer loop
vertex 365.827381449778 -104.29613950690263 2
vertex 365.8513370600042 -104.605904739963 2
vertex 365.9300475935242 -105.62369499994244 2
endloop
endfacet
facet normal 0 0 1
outer loop
vertex 365.827381449778 -104.29613950690263 2
vertex 365.9300475935242 -105.62369499994244 2
vertex 365.9303176 -105.62718639999994 2
endloop
endfacet
facet normal 0 0 1
outer loop
vertex 365.827381449778 -104.29613950690263 2
vertex 365.9303176 -105.62718639999994 2
vertex 365.9303176 -105.62718639999994 0
endloop
endfacet
facet normal 0 0 1
outer loop
vertex 365.827381449778 -104.29613950690263 2
vertex 365.9303176 -105.62718639999994 0
vertex 365.82738144977804 -104.29613950690265 0
endloop
endfacet
facet normal 0 0 -1
outer loop
vertex 365.517309359682 -102.99762971464065 2
vertex 365.6642550135411 -103.61300393425294 2
vertex 365.827381449778 -104.29613950690263 2
endloop
endfacet
facet normal 0 0 -1
outer loop
vertex 365.517309359682 -102.99762971464065 2
vertex 365.827381449778 -104.29613950690263 2
vertex 365.82738144977804 -104.29613950690265 0
endloop
endfacet
facet normal 0 0 -1
outer loop
vertex 365.517309359682 -102.99762971464065 2
vertex 365.82738144977804 -104.29613950690265 0
vertex 365.517309359682 -102.99762971464067 0
endloop
endfacet
facet normal 0 0 1
outer loop
vertex 365.00774642829316 -101.76368563138115 2
vertex 365.0221699612754 -101.7986132764016 2
vertex 365.3817995366805 -102.66948272039106 2
endloop
endfacet
facet normal 0 0 1
outer loop
vertex 365.00774642829316 -101.76368563138115 2
vertex 365.3817995366805 -102.66948272039106 2
vertex 365.517309359682 -102.99762971464065 2
endloop
endfacet
facet normal 0 0 1
outer loop
vertex 365.00774642829316 -101.76368563138115 2
vertex 365.517309359682 -102.99762971464065 2
vertex 365.517309359682 -102.99762971464067 0
endloop
endfacet
facet normal 0 0 1
outer loop
vertex 365.00774642829316 -101.76368563138115 2
vertex 365.517309359682 -102.99762971464067 0
vertex 365.0077464282931 -101.76368563138124 0
endloop
endfacet
facet normal 0 0 -1
outer loop
vertex 364.31126262017017 -100.6247463499974 2
vertex 364.55411510664317 -101.02187580684897 2
vertex 365.00774642829316 -101.76368563138115 2
endloop
endfacet
facet normal 0 0 -1
outer loop
vertex 364.31126262017017 -100.6247463499974 2
vertex 365.00774642829316 -101.76368563138115 2
vertex 365.0077464282931 -101.76368563138124 0
endloop
endfacet
facet normal 0 0 -1
outer loop
vertex 364.31126262017017 -100.6247463499974 2
vertex 365.0077464282931 -101.76368563138124 0
vertex 364.3112626201703 -100.62474634999754 0
endloop
endfacet
facet normal 0 0 1
outer loop
vertex 363.4450388883298 -99.60890737257377 2
vertex 363.6289945818941 -99.82463612344128 2
vertex 364.08416890842574 -100.35842872853532 2
endloop
endfacet
facet normal 0 0 1
outer loop
vertex 363.4450388883298 -99.60890737257377 2
vertex 364.08416890842574 -100.35842872853532 2
vertex 364.31126262017017 -100.6247463499974 2
endloop
endfacet
facet normal 0 0 1
outer loop
vertex 363.4450388883298 -99.60890737257377 2
vertex 364.31126262017017 -100.6247463499974 2
vertex 364.3112626201703 -100.62474634999754 0
endloop
endfacet
facet normal 0 0 1
outer loop
vertex 363.4450388883298 -99.60890737257377 2
vertex 364.3112626201703 -100.62474634999754 0
vertex 363.4450388883296 -99.60890737257378 0
endloop
endfacet
facet normal 0 0 -1
outer loop
vertex 362.43044335226807 -98.74122754691209 2
vertex 362.8675030270354 -99.115 2
vertex 362.96123119771977 -99.19515612124086 2
endloop
endfacet
facet normal 0 0 -1
outer loop
vertex 362.43044335226807 -98.74122754691209 2
vertex 362.96123119771977 -99.19515612124086 2
vertex 363.2401234093206 -99.43366411476062 2
endloop
endfacet
facet normal 0 0 -1
outer loop
vertex 362.43044335226807 -98.74122754691209 2
vertex 363.2401234093206 -99.43366411476062 2
vertex 363.4450388883298 -99.60890737257377 2
endloop
endfacet
facet normal 0 0 -1
outer loop
vertex 362.43044335226807 -98.74122754691209 2
vertex 363.4450388883298 -99.60890737257377 2
vertex 363.4450388883296 -99.60890737257378 0
endloop
endfacet
facet normal 0 0 -1
outer loop
vertex 362.43044335226807 -98.74122754691209 2
vertex 363.4450388883296 -99.60890737257378 0
vertex 362.4304433522679 -98.74122754691201 0
endloop
endfacet
facet normal 0.5229268580719983 0.8523775578386307 0
outer loop
vertex 361.292504186414 -98.04311091161955 2
vertex 362.43044335226807 -98.74122754691209 2
vertex 362.4304433522679 -98.74122754691201 0
endloop
endfacet
facet normal 0.5229268580719983 0.8523775578386307 0
outer loop
vertex 361.292504186414 -98.04311091161955 2
vertex 362.4304433522679 -98.74122754691201 0
vertex 361.292504186414 -98.04311091161955 0
endloop
endfacet
facet normal 0.383015293028017 0.9237420014845392 0
outer loop
vertex 360.059292221872 -97.53177869850634 2
vertex 361.292504186414 -98.04311091161955 2
vertex 361.292504186414 -98.04311091161955 0
endloop
endfacet
facet normal 0.383015293028017 0.9237420014845392 0
outer loop
vertex 360.059292221872 -97.53177869850634 2
vertex 361.292504186414 -98.04311091161955 0
vertex 360.05929222187194 -97.53177869850636 0
endloop
endfacet
facet normal 0.23365545700124457 0.9723194574899443 0
outer loop
vertex 358.761228491516 -97.21984451700185 2
vertex 360.059292221872 -97.53177869850634 2
vertex 360.05929222187194 -97.53177869850636 0
endloop
endfacet
facet normal 0.23365545700124457 0.9723194574899443 0
outer loop
vertex 358.761228491516 -97.21984451700185 2
vertex 360.05929222187194 -97.53177869850636 0
vertex 358.7612284915161 -97.21984451700183 0
endloop
endfacet
facet normal 0.07853177782095598 0.9969116108624074 0
outer loop
vertex 357.4303338 -97.11500229225635 2
vertex 358.761228491516 -97.21984451700185 2
vertex 358.7612284915161 -97.21984451700183 0
endloop
endfacet
facet normal 0.07853177782095598 0.9969116108624074 0
outer loop
vertex 357.4303338 -97.11500229225635 2
vertex 358.7612284915161 -97.21984451700183 0
vertex 357.43033379999997 -97.11500229225634 0
endloop
endfacet
facet normal 2.8116204475736598e-8 0.9999999999999997 0
outer loop
vertex 243.61695459999999 -97.11500071083333 2
vertex 357.4303338 -97.11500229225635 2
vertex 357.43033379999997 -97.11500229225634 0
endloop
endfacet
facet normal 2.8116204475736598e-8 0.9999999999999997 0
outer loop
vertex 243.61695459999999 -97.11500071083333 2
vertex 357.43033379999997 -97.11500229225634 0
vertex 243.6169546000003 -97.11500011841207 0
endloop
endfacet
facet normal 0 0 1
outer loop
vertex 242.2865153091138 -97.21976223955122 2
vertex 243.61693451641256 -97.11500229225635 2
vertex 243.61695459999999 -97.11500071083333 2
endloop
endfacet
facet normal 0 0 1
outer loop
vertex 242.2865153091138 -97.21976223955122 2
vertex 243.61695459999999 -97.11500071083333 2
vertex 243.6169546000003 -97.11500011841207 0
endloop
endfacet
facet normal 0 0 1
outer loop
vertex 242.2865153091138 -97.21976223955122 2
vertex 243.6169546000003 -97.11500011841207 0
vertex 243.61692699300082 -97.11500229225634 0
endloop
endfacet
facet normal 0 0 1
outer loop
vertex 242.2865153091138 -97.21976223955122 2
vertex 243.61692699300082 -97.11500229225634 0
vertex 242.28651530911375 -97.2197622395512 0
endloop
endfacet
facet normal -0.23357510193068198 0.9723387638873974 0
outer loop
vertex 240.9888702792857 -97.5314823739005 2
vertex 242.2865153091138 -97.21976223955122 2
vertex 242.28651530911375 -97.2197622395512 0
endloop
endfacet
facet normal -0.23357510193068198 0.9723387638873974 0
outer loop
vertex 240.9888702792857 -97.5314823739005 2
vertex 242.28651530911375 -97.2197622395512 0
vertex 240.98887027928558 -97.5314823739005 0
endloop
endfacet
facet normal -0.38288911817954596 0.9237943078303145 0
outer loop
vertex 239.75601076914216 -98.04247111530847 2
vertex 240.9888702792857 -97.5314823739005 2
vertex 240.98887027928558 -97.5314823739005 0
endloop
endfacet
facet normal -0.38288911817954596 0.9237943078303145 0
outer loop
vertex 239.75601076914216 -98.04247111530847 2
vertex 240.98887027928558 -97.5314823739005 0
vertex 239.7560107691422 -98.04247111530846 0
endloop
endfacet
facet normal -0.522764443012077 0.8524771768923042 0
outer loop
vertex 238.61832829393813 -98.74013195784583 2
vertex 239.75601076914216 -98.04247111530847 2
vertex 239.7560107691422 -98.04247111530846 0
endloop
endfacet
facet normal -0.522764443012077 0.8524771768923042 0
outer loop
vertex 238.61832829393813 -98.74013195784583 2
vertex 239.7560107691422 -98.04247111530846 0
vertex 238.61832829393802 -98.74013195784579 0
endloop
endfacet
facet normal 0 0 -1
outer loop
vertex 237.603868137029 -99.60726669688054 2
vertex 237.7627704243516 -99.47144106340339 2
vertex 238.07479463866724 -99.20473070143366 2
endloop
endfacet
facet normal 0 0 -1
outer loop
vertex 237.603868137029 -99.60726669688054 2
vertex 238.07479463866724 -99.20473070143366 2
vertex 238.17977050615158 -99.115 2
endloop
endfacet
facet normal 0 0 -1
outer loop
vertex 237.603868137029 -99.60726669688054 2
vertex 238.17977050615158 -99.115 2
vertex 238.61832829393813 -98.74013195784583 2
endloop
endfacet
facet normal 0 0 -1
outer loop
vertex 237.603868137029 -99.60726669688054 2
vertex 238.61832829393813 -98.74013195784583 2
vertex 238.61832829393802 -98.74013195784579 0
endloop
endfacet
facet normal 0 0 -1
outer loop
vertex 237.603868137029 -99.60726669688054 2
vertex 238.61832829393802 -98.74013195784579 0
vertex 237.60386813702914 -99.60726669688069 0
endloop
endfacet
facet normal 0 0 -1
outer loop
vertex 236.737637998871 -100.62249938614093 2
vertex 236.84073901101794 -100.50166369454286 2
vertex 237.34747086969153 -99.90776754044569 2
endloop
endfacet
facet normal 0 0 -1
outer loop
vertex 236.737637998871 -100.62249938614093 2
vertex 237.34747086969153 -99.90776754044569 2
vertex 237.603868137029 -99.60726669688054 2
endloop
endfacet
facet normal 0 0 -1
outer loop
vertex 236.737637998871 -100.62249938614093 2
vertex 237.603868137029 -99.60726669688054 2
vertex 237.60386813702914 -99.60726669688069 0
endloop
endfacet
facet normal 0 0 -1
outer loop
vertex 236.737637998871 -100.62249938614093 2
vertex 237.60386813702914 -99.60726669688069 0
vertex 236.73763799887087 -100.62249938614097 0
endloop
endfacet
facet normal 0 0 1
outer loop
vertex 236.04099152620188 -101.76080328129133 2
vertex 236.36172473809498 -101.23673278251569 2
vertex 236.737637998871 -100.62249938614093 2
endloop
endfacet
facet normal 0 0 1
outer loop
vertex 236.04099152620188 -101.76080328129133 2
vertex 236.737637998871 -100.62249938614093 2
vertex 236.73763799887087 -100.62249938614097 0
endloop
endfacet
facet normal 0 0 1
outer loop
vertex 236.04099152620188 -101.76080328129133 2
vertex 236.73763799887087 -100.62249938614097 0
vertex 236.04099152620185 -101.76080328129132 0
endloop
endfacet
facet normal 0 0 1
outer loop
vertex 235.53110191817962 -102.99411778020374 2
vertex 235.90378344221313 -102.09268044977824 2
vertex 236.04099152620188 -101.76080328129133 2
endloop
endfacet
facet normal 0 0 1
outer loop
vertex 235.53110191817962 -102.99411778020374 2
vertex 236.04099152620188 -101.76080328129133 2
vertex 236.04099152620185 -101.76080328129132 0
endloop
endfacet
facet normal 0 0 1
outer loop
vertex 235.53110191817962 -102.99411778020374 2
vertex 236.04099152620185 -101.76080328129132 0
vertex 235.53110191817956 -102.99411778020367 0
endloop
endfacet
facet normal 0 0 1
outer loop
vertex 235.22053858573287 -104.29204015158662 2
vertex 235.27366774887378 -104.07000000000102 2
vertex 235.51871758365985 -103.04587503274628 2
endloop
endfacet
facet normal 0 0 1
outer loop
vertex 235.22053858573287 -104.29204015158662 2
vertex 235.51871758365985 -103.04587503274628 2
vertex 235.53110191817962 -102.99411778020374 2
endloop
endfacet
facet normal 0 0 1
outer loop
vertex 235.22053858573287 -104.29204015158662 2
vertex 235.53110191817962 -102.99411778020374 2
vertex 235.53110191817956 -102.99411778020367 0
endloop
endfacet
facet normal 0 0 1
outer loop
vertex 235.22053858573287 -104.29204015158662 2
vertex 235.53110191817956 -102.99411778020367 0
vertex 235.22053858573287 -104.29204015158663 0
endloop
endfacet
facet normal -0.9969834431429 0.07761452247439149 0
outer loop
vertex 235.11695730000002 -105.62257500000013 2
vertex 235.22053858573287 -104.29204015158662 2
vertex 235.22053858573287 -104.29204015158663 0
endloop
endfacet
facet normal -0.9969834431429 0.07761452247439149 0
outer loop
vertex 235.11695730000002 -105.62257500000013 2
vertex 235.22053858573287 -104.29204015158663 0
vertex 235.11695730000002 -105.62257500000013 0
endloop
endfacet
facet normal 0 0 -1
outer loop
vertex 235.19765979999994 -196.2466874 2
vertex 235.1218083358219 -111.07 2
vertex 235.11695730000002 -105.62257500000013 2
endloop
endfacet
facet normal 0 0 -1
outer loop
vertex 235.19765979999994 -196.2466874 2
vertex 235.11695730000002 -105.62257500000013 2
vertex 235.11695730000002 -105.62257500000013 0
endloop
endfacet
facet normal 0 0 -1
outer loop
vertex 235.19765979999994 -196.2466874 2
vertex 235.11695730000002 -105.62257500000013 0
vertex 235.13868367211828 -130.01999999999995 0
endloop
endfacet
facet normal 0 0 -1
outer loop
vertex 235.19765979999994 -196.2466874 2
vertex 235.13868367211828 -130.01999999999995 0
vertex 235.13870163874614 -130.04017545557608 0
endloop
endfacet
facet normal 0 0 -1
outer loop
vertex 235.19765979999994 -196.2466874 2
vertex 235.13870163874614 -130.04017545557608 0
vertex 235.13875484818226 -130.09992649086945 0
endloop
endfacet
facet normal 0 0 -1
outer loop
vertex 235.19765979999994 -196.2466874 2
vertex 235.13875484818226 -130.09992649086945 0
vertex 235.13884125561785 -130.19695690706746 0
endloop
endfacet
facet normal 0 0 -1
outer loop
vertex 235.19765979999994 -196.2466874 2
vertex 235.13884125561785 -130.19695690706746 0
vertex 235.13895754046365 -130.32753787974747 0
endloop
endfacet
facet normal 0 0 -1
outer loop
vertex 235.19765979999994 -196.2466874 2
vertex 235.13895754046365 -130.32753787974747 0
vertex 235.13909923395823 -130.48665125534927 0
endloop
endfacet
facet normal 0 0 -1
outer loop
vertex 235.19765979999994 -196.2466874 2
vertex 235.13909923395823 -130.48665125534927 0
vertex 235.13926089090003 -130.6681823960087 0
endloop
endfacet
facet normal 0 0 -1
outer loop
vertex 235.19765979999994 -196.2466874 2
vertex 235.13926089090003 -130.6681823960087 0
vertex 235.13943629890346 -130.8651551618836 0
endloop
endfacet
facet normal 0 0 -1
outer loop
vertex 235.19765979999994 -196.2466874 2
vertex 235.13943629890346 -130.8651551618836 0
vertex 235.13961871713735 -131.07000000000676 0
endloop
endfacet
facet normal 0 0 -1
outer loop
vertex 235.19765979999994 -196.2466874 2
vertex 235.13961871713735 -131.07000000000676 0
vertex 235.13980113537121 -131.27484483812958 0
endloop
endfacet
facet normal 0 0 -1
outer loop
vertex 235.19765979999994 -196.2466874 2
vertex 235.13980113537121 -131.27484483812958 0
vertex 235.13997654337464 -131.47181760398075 0
endloop
endfacet
facet normal 0 0 -1
outer loop
vertex 235.19765979999994 -196.2466874 2
vertex 235.13997654337464 -131.47181760398075 0
vertex 235.14013820031644 -131.65334874465864 0
endloop
endfacet
facet normal 0 0 -1
outer loop
vertex 235.19765979999994 -196.2466874 2
vertex 235.14013820031644 -131.65334874465864 0
vertex 235.14027989381105 -131.81246212025414 0
endloop
endfacet
facet normal 0 0 -1
outer loop
vertex 235.19765979999994 -196.2466874 2
vertex 235.14027989381105 -131.81246212025414 0
vertex 235.14039617865683 -131.9430430929175 0
endloop
endfacet
facet normal 0 0 -1
outer loop
vertex 235.19765979999994 -196.2466874 2
vertex 235.14039617865683 -131.9430430929175 0
vertex 235.14048258609242 -132.0400735091323 0
endloop
endfacet
facet normal 0 0 -1
outer loop
vertex 235.19765979999994 -196.2466874 2
vertex 235.14048258609242 -132.0400735091323 0
vertex 235.14053579552856 -132.09982454442374 0
endloop
endfacet
facet normal 0 0 -1
outer loop
vertex 235.19765979999994 -196.2466874 2
vertex 235.14053579552856 -132.09982454442374 0
vertex 235.1405537621564 -132.12000000000023 0
endloop
endfacet
facet normal 0 0 -1
outer loop
vertex 235.19765979999994 -196.2466874 2
vertex 235.1405537621564 -132.12000000000023 0
vertex 235.14886230504007 -141.44999999999612 0
endloop
endfacet
facet normal 0 0 -1
outer loop
vertex 235.19765979999994 -196.2466874 2
vertex 235.14886230504007 -141.44999999999612 0
vertex 235.1488802716679 -141.47017545557492 0
endloop
endfacet
facet normal 0 0 -1
outer loop
vertex 235.19765979999994 -196.2466874 2
vertex 235.1488802716679 -141.47017545557492 0
vertex 235.14893348110402 -141.52992649084146 0
endloop
endfacet
facet normal 0 0 -1
outer loop
vertex 235.19765979999994 -196.2466874 2
vertex 235.14893348110402 -141.52992649084146 0
vertex 235.14901988853967 -141.62695690712644 0
endloop
endfacet
facet normal 0 0 -1
outer loop
vertex 235.19765979999994 -196.2466874 2
vertex 235.14901988853967 -141.62695690712644 0
vertex 235.1491361733854 -141.75753787970075 0
endloop
endfacet
facet normal 0 0 -1
outer loop
vertex 235.19765979999994 -196.2466874 2
vertex 235.1491361733854 -141.75753787970075 0
vertex 235.14927786688006 -141.91665125539149 0
endloop
endfacet
facet normal 0 0 -1
outer loop
vertex 235.19765979999994 -196.2466874 2
vertex 235.14927786688006 -141.91665125539149 0
vertex 235.14943952382177 -142.0981823959731 0
endloop
endfacet
facet normal 0 0 -1
outer loop
vertex 235.19765979999994 -196.2466874 2
vertex 235.14943952382177 -142.0981823959731 0
vertex 235.14961493182523 -142.29515516183608 0
endloop
endfacet
facet normal 0 0 -1
outer loop
vertex 235.19765979999994 -196.2466874 2
vertex 235.14961493182523 -142.29515516183608 0
vertex 235.14979735005915 -142.50000000004107 0
endloop
endfacet
facet normal 0 0 -1
outer loop
vertex 235.19765979999994 -196.2466874 2
vertex 235.14979735005915 -142.50000000004107 0
vertex 235.14997976829295 -142.7048448380752 0
endloop
endfacet
facet normal 0 0 -1
outer loop
vertex 235.19765979999994 -196.2466874 2
vertex 235.14997976829295 -142.7048448380752 0
vertex 235.15015517629644 -142.9018176039926 0
endloop
endfacet
facet normal 0 0 -1
outer loop
vertex 235.19765979999994 -196.2466874 2
vertex 235.15015517629644 -142.9018176039926 0
vertex 235.15031683323826 -143.08334874469773 0
endloop
endfacet
facet normal 0 0 -1
outer loop
vertex 235.19765979999994 -196.2466874 2
vertex 235.15031683323826 -143.08334874469773 0
vertex 235.15045852673282 -143.24246212024138 0
endloop
endfacet
facet normal 0 0 -1
outer loop
vertex 235.19765979999994 -196.2466874 2
vertex 235.15045852673282 -143.24246212024138 0
vertex 235.15057481157862 -143.3730430929286 0
endloop
endfacet
facet normal 0 0 -1
outer loop
vertex 235.19765979999994 -196.2466874 2
vertex 235.15057481157862 -143.3730430929286 0
vertex 235.1506612190142 -143.47007350913023 0
endloop
endfacet
facet normal 0 0 -1
outer loop
vertex 235.19765979999994 -196.2466874 2
vertex 235.1506612190142 -143.47007350913023 0
vertex 235.15071442845033 -143.52982454442193 0
endloop
endfacet
facet normal 0 0 -1
outer loop
vertex 235.19765979999994 -196.2466874 2
vertex 235.15071442845033 -143.52982454442193 0
vertex 235.1507323950782 -143.5499999999971 0
endloop
endfacet
facet normal 0 0 -1
outer loop
vertex 235.19765979999994 -196.2466874 2
vertex 235.1507323950782 -143.5499999999971 0
vertex 235.17252339661763 -168.0200000000003 0
endloop
endfacet
facet normal 0 0 -1
outer loop
vertex 235.19765979999994 -196.2466874 2
vertex 235.17252339661763 -168.0200000000003 0
vertex 235.1725413632455 -168.04017545557852 0
endloop
endfacet
facet normal 0 0 -1
outer loop
vertex 235.19765979999994 -196.2466874 2
vertex 235.1725413632455 -168.04017545557852 0
vertex 235.17259457268162 -168.09992649085646 0
endloop
endfacet
facet normal 0 0 -1
outer loop
vertex 235.19765979999994 -196.2466874 2
vertex 235.17259457268162 -168.09992649085646 0
vertex 235.1726809801172 -168.1969569070844 0
endloop
endfacet
facet normal 0 0 -1
outer loop
vertex 235.19765979999994 -196.2466874 2
vertex 235.1726809801172 -168.1969569070844 0
vertex 235.172797264963 -168.32753787975102 0
endloop
endfacet
facet normal 0 0 -1
outer loop
vertex 235.19765979999994 -196.2466874 2
vertex 235.172797264963 -168.32753787975102 0
vertex 235.17293895845756 -168.48665125530596 0
endloop
endfacet
facet normal 0 0 -1
outer loop
vertex 235.19765979999994 -196.2466874 2
vertex 235.17293895845756 -168.48665125530596 0
vertex 235.1731006153994 -168.66818239602262 0
endloop
endfacet
facet normal 0 0 -1
outer loop
vertex 235.19765979999994 -196.2466874 2
vertex 235.1731006153994 -168.66818239602262 0
vertex 235.17327602340285 -168.86515516189786 0
endloop
endfacet
facet normal 0 0 -1
outer loop
vertex 235.19765979999994 -196.2466874 2
vertex 235.17327602340285 -168.86515516189786 0
vertex 235.1734584416367 -169.07000000000218 0
endloop
endfacet
facet normal 0 0 -1
outer loop
vertex 235.19765979999994 -196.2466874 2
vertex 235.1734584416367 -169.07000000000218 0
vertex 235.17364085987055 -169.27484483809866 0
endloop
endfacet
facet normal 0 0 -1
outer loop
vertex 235.19765979999994 -196.2466874 2
vertex 235.17364085987055 -169.27484483809866 0
vertex 235.17381626787403 -169.47181760401247 0
endloop
endfacet
facet normal 0 0 -1
outer loop
vertex 235.19765979999994 -196.2466874 2
vertex 235.17381626787403 -169.47181760401247 0
vertex 235.17397792481583 -169.65334874468024 0
endloop
endfacet
facet normal 0 0 -1
outer loop
vertex 235.19765979999994 -196.2466874 2
vertex 235.17397792481583 -169.65334874468024 0
vertex 235.17411961831039 -169.81246212023746 0
endloop
endfacet
facet normal 0 0 -1
outer loop
vertex 235.19765979999994 -196.2466874 2
vertex 235.17411961831039 -169.81246212023746 0
vertex 235.1742359031562 -169.94304309291553 0
endloop
endfacet
facet normal 0 0 -1
outer loop
vertex 235.19765979999994 -196.2466874 2
vertex 235.1742359031562 -169.94304309291553 0
vertex 235.17432231059178 -170.04007350913304 0
endloop
endfacet
facet normal 0 0 -1
outer loop
vertex 235.19765979999994 -196.2466874 2
vertex 235.17432231059178 -170.04007350913304 0
vertex 235.17437552002792 -170.09982454442533 0
endloop
endfacet
facet normal 0 0 -1
outer loop
vertex 235.19765979999994 -196.2466874 2
vertex 235.17437552002792 -170.09982454442533 0
vertex 235.17439348665576 -170.12000000000006 0
endloop
endfacet
facet normal 0 0 -1
outer loop
vertex 235.19765979999994 -196.2466874 2
vertex 235.17439348665576 -170.12000000000006 0
vertex 235.18270202953943 -179.45000000000024 0
endloop
endfacet
facet normal 0 0 -1
outer loop
vertex 235.19765979999994 -196.2466874 2
vertex 235.18270202953943 -179.45000000000024 0
vertex 235.1827199961673 -179.47017545558495 0
endloop
endfacet
facet normal 0 0 -1
outer loop
vertex 235.19765979999994 -196.2466874 2
vertex 235.1827199961673 -179.47017545558495 0
vertex 235.1827732056034 -179.5299264908647 0
endloop
endfacet
facet normal 0 0 -1
outer loop
vertex 235.19765979999994 -196.2466874 2
vertex 235.1827732056034 -179.5299264908647 0
vertex 235.182859613039 -179.62695690709006 0
endloop
endfacet
facet normal 0 0 -1
outer loop
vertex 235.19765979999994 -196.2466874 2
vertex 235.182859613039 -179.62695690709006 0
vertex 235.18297589788475 -179.7575378797133 0
endloop
endfacet
facet normal 0 0 -1
outer loop
vertex 235.19765979999994 -196.2466874 2
vertex 235.18297589788475 -179.7575378797133 0
vertex 235.18311759137939 -179.9166512553478 0
endloop
endfacet
facet normal 0 0 -1
outer loop
vertex 235.19765979999994 -196.2466874 2
vertex 235.18311759137939 -179.9166512553478 0
vertex 235.1832792483212 -180.09818239605994 0
endloop
endfacet
facet normal 0 0 -1
outer loop
vertex 235.19765979999994 -196.2466874 2
vertex 235.1832792483212 -180.09818239605994 0
vertex 235.18345465632456 -180.29515516180777 0
endloop
endfacet
facet normal 0 0 -1
outer loop
vertex 235.19765979999994 -196.2466874 2
vertex 235.18345465632456 -180.29515516180777 0
vertex 235.18363707455853 -180.50000000004107 0
endloop
endfacet
facet normal 0 0 -1
outer loop
vertex 235.19765979999994 -196.2466874 2
vertex 235.18363707455853 -180.50000000004107 0
vertex 235.18381949279237 -180.70484483813473 0
endloop
endfacet
facet normal 0 0 -1
outer loop
vertex 235.19765979999994 -196.2466874 2
vertex 235.18381949279237 -180.70484483813473 0
vertex 235.18399490079582 -180.90181760400583 0
endloop
endfacet
facet normal 0 0 -1
outer loop
vertex 235.19765979999994 -196.2466874 2
vertex 235.18399490079582 -180.90181760400583 0
vertex 235.1841565577376 -181.08334874465083 0
endloop
endfacet
facet normal 0 0 -1
outer loop
vertex 235.19765979999994 -196.2466874 2
vertex 235.1841565577376 -181.08334874465083 0
vertex 235.18429825123215 -181.24246212022743 0
endloop
endfacet
facet normal 0 0 -1
outer loop
vertex 235.19765979999994 -196.2466874 2
vertex 235.18429825123215 -181.24246212022743 0
vertex 235.18441453607798 -181.37304309293614 0
endloop
endfacet
facet normal 0 0 -1
outer loop
vertex 235.19765979999994 -196.2466874 2
vertex 235.18441453607798 -181.37304309293614 0
vertex 235.18450094351357 -181.4700735091359 0
endloop
endfacet
facet normal 0 0 -1
outer loop
vertex 235.19765979999994 -196.2466874 2
vertex 235.18450094351357 -181.4700735091359 0
vertex 235.1845541529497 -181.52982454442252 0
endloop
endfacet
facet normal 0 0 -1
outer loop
vertex 235.19765979999994 -196.2466874 2
vertex 235.1845541529497 -181.52982454442252 0
vertex 235.18457211957755 -181.55 0
endloop
endfacet
facet normal 0 0 -1
outer loop
vertex 235.19765979999994 -196.2466874 2
vertex 235.18457211957755 -181.55 0
vertex 235.19765979991095 -196.2466874 0
endloop
endfacet
facet normal -0.3420201419394278 0.9396926212904588 0
outer loop
vertex 221.45791969999925 -201.24754390000032 2
vertex 235.19765979999994 -196.2466874 2
vertex 235.19765979991095 -196.2466874 0
endloop
endfacet
facet normal -0.3420201419394278 0.9396926212904588 0
outer loop
vertex 221.45791969999925 -201.24754390000032 2
vertex 235.19765979991095 -196.2466874 0
vertex 221.4579196999995 -201.247544 0
endloop
endfacet
facet normal -0.4226154270486139 0.9063091088698809 0
outer loop
vertex 220.90498629325018 -201.5053788765395 2
vertex 221.45791969999925 -201.24754390000032 2
vertex 221.4579196999995 -201.247544 0
endloop
endfacet
facet normal -0.4226154270486139 0.9063091088698809 0
outer loop
vertex 220.90498629325018 -201.5053788765395 2
vertex 221.4579196999995 -201.247544 0
vertex 220.9049862932499 -201.5053789265396 0
endloop
endfacet
facet normal -0.5735789642539891 0.8191502742264822 0
outer loop
vertex 220.40523086118836 -201.85531369573127 2
vertex 220.90498629325018 -201.5053788765395 2
vertex 220.9049862932499 -201.5053789265396 0
endloop
endfacet
facet normal -0.5735789642539891 0.8191502742264822 0
outer loop
vertex 220.40523086118836 -201.85531369573127 2
vertex 220.9049862932499 -201.5053789265396 0
vertex 220.4052308611887 -201.85531374573108 0
endloop
endfacet
facet normal -0.7071089331264655 0.7071046292400804 0
outer loop
vertex 219.97383336232053 -202.28671382035736 2
vertex 220.40523086118836 -201.85531369573127 2
vertex 220.4052308611887 -201.85531374573108 0
endloop
endfacet
facet normal -0.7071089331264655 0.7071046292400804 0
outer loop
vertex 219.97383336232053 -202.28671382035736 2
vertex 220.4052308611887 -201.85531374573108 0
vertex 219.97383336232056 -202.2867138703573 0
endloop
endfacet
facet normal -0.8191537653654245 0.5735739783913207 0
outer loop
vertex 219.62390158495433 -202.78647138232785 2
vertex 219.97383336232053 -202.28671382035736 2
vertex 219.97383336232056 -202.2867138703573 0
endloop
endfacet
facet normal -0.8191537653654245 0.5735739783913207 0
outer loop
vertex 219.62390158495433 -202.78647138232785 2
vertex 219.97383336232056 -202.2867138703573 0
vertex 219.62390158495415 -202.78647143232777 0
endloop
endfacet
facet normal 0 0 -1
outer loop
vertex 219.3660680238827 -203.3394015084213 2
vertex 219.41361503670822 -203.23743582293133 2
vertex 219.4651424151041 -203.12693415000993 2
endloop
endfacet
facet normal 0 0 -1
outer loop
vertex 219.3660680238827 -203.3394015084213 2
vertex 219.4651424151041 -203.12693415000993 2
vertex 219.62390158495433 -202.78647138232785 2
endloop
endfacet
facet normal 0 0 -1
outer loop
vertex 219.3660680238827 -203.3394015084213 2
vertex 219.62390158495433 -202.78647138232785 2
vertex 219.62390158495415 -202.78647143232777 0
endloop
endfacet
facet normal 0 0 -1
outer loop
vertex 219.3660680238827 -203.3394015084213 2
vertex 219.62390158495415 -202.78647143232777 0
vertex 219.36606802388275 -203.3394015584216 0
endloop
endfacet
facet normal 0 0 -1
outer loop
vertex 219.20816681756494 -203.9287037047529 2
vertex 219.2462771109505 -203.78647249500673 2
vertex 219.30366589424605 -203.5722921424336 2
endloop
endfacet
facet normal 0 0 -1
outer loop
vertex 219.20816681756494 -203.9287037047529 2
vertex 219.30366589424605 -203.5722921424336 2
vertex 219.35320503341768 -203.38740740216454 2
endloop
endfacet
facet normal 0 0 -1
outer loop
vertex 219.20816681756494 -203.9287037047529 2
vertex 219.35320503341768 -203.38740740216454 2
vertex 219.3660680238827 -203.3394015084213 2
endloop
endfacet
facet normal 0 0 -1
outer loop
vertex 219.20816681756494 -203.9287037047529 2
vertex 219.3660680238827 -203.3394015084213 2
vertex 219.36606802388275 -203.3394015584216 0
endloop
endfacet
facet normal 0 0 -1
outer loop
vertex 219.20816681756494 -203.9287037047529 2
vertex 219.36606802388275 -203.3394015584216 0
vertex 219.20816681756492 -203.92870375475283 0
endloop
endfacet
facet normal 0 0 -1
outer loop
vertex 219.1549961468773 -204.53646735918807 2
vertex 219.17778359887123 -204.27599697354134 2
vertex 219.19987867066644 -204.02344079161662 2
endloop
endfacet
facet normal 0 0 -1
outer loop
vertex 219.1549961468773 -204.53646735918807 2
vertex 219.19987867066644 -204.02344079161662 2
vertex 219.20816681756494 -203.9287037047529 2
endloop
endfacet
facet normal 0 0 -1
outer loop
vertex 219.1549961468773 -204.53646735918807 2
vertex 219.20816681756494 -203.9287037047529 2
vertex 219.20816681756492 -203.92870375475283 0
endloop
endfacet
facet normal 0 0 -1
outer loop
vertex 219.1549961468773 -204.53646735918807 2
vertex 219.20816681756492 -203.92870375475283 0
vertex 219.1549957119123 -204.53647238102508 0
endloop
endfacet
facet normal 0 0 1
outer loop
vertex 219.20817028327556 -205.14424070408708 2
vertex 219.19988113118146 -205.04949830001243 2
vertex 219.17778423049162 -204.796937801022 2
endloop
endfacet
facet normal 0 0 1
outer loop
vertex 219.20817028327556 -205.14424070408708 2
vertex 219.17778423049162 -204.796937801022 2
vertex 219.1549961468773 -204.53646735918807 2
endloop
endfacet
facet normal 0 0 1
outer loop
vertex 219.20817028327556 -205.14424070408708 2
vertex 219.1549961468773 -204.53646735918807 2
vertex 219.1549957119123 -204.53647238102508 0
endloop
endfacet
facet normal 0 0 1
outer loop
vertex 219.20817028327556 -205.14424070408708 2
vertex 219.1549957119123 -204.53647238102508 0
vertex 219.20817028327556 -205.14424070408685 0
endloop
endfacet
facet normal -0.9659251049221835 -0.2588217372653783 0
outer loop
vertex 219.36607485000005 -205.73354199999977 2
vertex 219.20817028327556 -205.14424070408708 2
vertex 219.20817028327556 -205.14424070408685 0
endloop
endfacet
facet normal -0.9659251049221835 -0.2588217372653783 0
outer loop
vertex 219.36607485000005 -205.73354199999977 2
vertex 219.20817028327556 -205.14424070408685 0
vertex 219.36607484999988 -205.73354199999997 0
endloop
endfacet
facet normal 0 0 1
outer loop
vertex 225.8815499000003 -223.63468300000036 2
vertex 225.8640758190856 -223.58667330235397 2
vertex 225.79678291267797 -223.40178735006006 2
endloop
endfacet
facet normal 0 0 1
outer loop
vertex 225.8815499000003 -223.63468300000036 2
vertex 225.79678291267797 -223.40178735006006 2
vertex 225.71882720430105 -223.18760555662243 2
endloop
endfacet
facet normal 0 0 1
outer loop
vertex 225.8815499000003 -223.63468300000036 2
vertex 225.71882720430105 -223.18760555662243 2
vertex 225.6325773287328 -222.95063570005115 2
endloop
endfacet
facet normal 0 0 1
outer loop
vertex 225.8815499000003 -223.63468300000036 2
vertex 225.6325773287328 -222.95063570005115 2
vertex 219.36607485000005 -205.73354199999977 2
endloop
endfacet
facet normal 0 0 1
outer loop
vertex 225.8815499000003 -223.63468300000036 2
vertex 219.36607485000005 -205.73354199999977 2
vertex 219.36607484999988 -205.73354199999997 0
endloop
endfacet
facet normal 0 0 1
outer loop
vertex 225.8815499000003 -223.63468300000036 2
vertex 219.36607484999988 -205.73354199999997 0
vertex 220.4603348392897 -208.74 0
endloop
endfacet
facet normal 0 0 1
outer loop
vertex 225.8815499000003 -223.63468300000036 2
vertex 220.4603348392897 -208.74 0
vertex 221.63217454032429 -211.95960679999993 0
endloop
endfacet
facet normal 0 0 1
outer loop
vertex 225.8815499000003 -223.63468300000036 2
vertex 221.63217454032429 -211.95960679999993 0
vertex 221.6915542142975 -212.12275130000032 0
endloop
endfacet
facet normal 0 0 1
outer loop
vertex 225.8815499000003 -223.63468300000036 2
vertex 221.6915542142975 -212.12275130000032 0
vertex 221.6988974711914 -212.14292675557581 0
endloop
endfacet
facet normal 0 0 1
outer loop
vertex 225.8815499000003 -223.63468300000036 2
vertex 221.6988974711914 -212.14292675557581 0
vertex 221.72064504463478 -212.2026777908752 0
endloop
endfacet
facet normal 0 0 1
outer loop
vertex 225.8815499000003 -223.63468300000036 2
vertex 221.72064504463478 -212.2026777908752 0
vertex 221.75596118755644 -212.29970820706603 0
endloop
endfacet
facet normal 0 0 1
outer loop
vertex 225.8815499000003 -223.63468300000036 2
vertex 221.75596118755644 -212.29970820706603 0
vertex 221.80348872042492 -212.4302891797669 0
endloop
endfacet
facet normal 0 0 1
outer loop
vertex 225.8815499000003 -223.63468300000036 2
vertex 221.80348872042492 -212.4302891797669 0
vertex 221.8614011867735 -212.58940255533867 0
endloop
endfacet
facet normal 0 0 1
outer loop
vertex 225.8815499000003 -223.63468300000036 2
vertex 221.8614011867735 -212.58940255533867 0
vertex 221.92747304299866 -212.7709336959916 0
endloop
endfacet
facet normal 0 0 1
outer loop
vertex 225.8815499000003 -223.63468300000036 2
vertex 221.92747304299866 -212.7709336959916 0
vertex 221.99916518475175 -212.96790646188353 0
endloop
endfacet
facet normal 0 0 1
outer loop
vertex 225.8815499000003 -223.63468300000036 2
vertex 221.99916518475175 -212.96790646188353 0
vertex 222.07372252320175 -213.1727513000057 0
endloop
endfacet
facet normal 0 0 1
outer loop
vertex 225.8815499000003 -223.63468300000036 2
vertex 222.07372252320175 -213.1727513000057 0
vertex 222.14827986164678 -213.37759613811423 0
endloop
endfacet
facet normal 0 0 1
outer loop
vertex 225.8815499000003 -223.63468300000036 2
vertex 222.14827986164678 -213.37759613811423 0
vertex 222.21997200340235 -213.57456890401298 0
endloop
endfacet
facet normal 0 0 1
outer loop
vertex 225.8815499000003 -223.63468300000036 2
vertex 222.21997200340235 -213.57456890401298 0
vertex 222.28604385961884 -213.756100044642 0
endloop
endfacet
facet normal 0 0 1
outer loop
vertex 225.8815499000003 -223.63468300000036 2
vertex 222.28604385961884 -213.756100044642 0
vertex 222.3439563259832 -213.91521342025723 0
endloop
endfacet
facet normal 0 0 1
outer loop
vertex 225.8815499000003 -223.63468300000036 2
vertex 222.3439563259832 -213.91521342025723 0
vertex 222.39148385883496 -214.0457943929121 0
endloop
endfacet
facet normal 0 0 1
outer loop
vertex 225.8815499000003 -223.63468300000036 2
vertex 222.39148385883496 -214.0457943929121 0
vertex 222.42680000176983 -214.14282480913923 0
endloop
endfacet
facet normal 0 0 1
outer loop
vertex 225.8815499000003 -223.63468300000036 2
vertex 222.42680000176983 -214.14282480913923 0
vertex 222.4485475752077 -214.20257584442354 0
endloop
endfacet
facet normal 0 0 1
outer loop
vertex 225.8815499000003 -223.63468300000036 2
vertex 222.4485475752077 -214.20257584442354 0
vertex 222.45589083210209 -214.2227513000003 0
endloop
endfacet
facet normal 0 0 1
outer loop
vertex 225.8815499000003 -223.63468300000036 2
vertex 222.45589083210209 -214.2227513000003 0
vertex 224.29050504932295 -219.26331820000024 0
endloop
endfacet
facet normal 0 0 1
outer loop
vertex 225.8815499000003 -223.63468300000036 2
vertex 224.29050504932295 -219.26331820000024 0
vertex 225.88154990000012 -223.6346830000002 0
endloop
endfacet
facet normal 0 0 1
outer loop
vertex 226.10929955278587 -224.1344461025943 2
vertex 226.01959948832754 -223.93761250935597 2
vertex 226.00921362684068 -223.91482226446954 2
endloop
endfacet
facet normal 0 0 1
outer loop
vertex 226.10929955278587 -224.1344461025943 2
vertex 226.00921362684068 -223.91482226446954 2
vertex 225.97837340613438 -223.847147937873 2
endloop
endfacet
facet normal 0 0 1
outer loop
vertex 226.10929955278587 -224.1344461025943 2
vertex 225.97837340613438 -223.847147937873 2
vertex 225.92801588676892 -223.7366457710894 2
endloop
endfacet
facet normal 0 0 1
outer loop
vertex 226.10929955278587 -224.1344461025943 2
vertex 225.92801588676892 -223.7366457710894 2
vertex 225.8815499000003 -223.63468300000036 2
endloop
endfacet
facet normal 0 0 1
outer loop
vertex 226.10929955278587 -224.1344461025943 2
vertex 225.8815499000003 -223.63468300000036 2
vertex 225.88154990000012 -223.6346830000002 0
endloop
endfacet
facet normal 0 0 1
outer loop
vertex 226.10929955278587 -224.1344461025943 2
vertex 225.88154990000012 -223.6346830000002 0
vertex 226.10929955278593 -224.13444610259447 0
endloop
endfacet
facet normal -0.8338867962188854 -0.5519355135265379 0
outer loop
vertex 226.41243066554216 -224.59242901229197 2
vertex 226.10929955278587 -224.1344461025943 2
vertex 226.10929955278593 -224.13444610259447 0
endloop
endfacet
facet normal -0.8338867962188854 -0.5519355135265379 0
outer loop
vertex 226.41243066554216 -224.59242901229197 2
vertex 226.10929955278593 -224.13444610259447 0
vertex 226.41243066554216 -224.59242901229194 0
endloop
endfacet
facet normal -0.7372783244351182 -0.6755891298105268 0
outer loop
vertex 226.78347416549195 -224.99735312646845 2
vertex 226.41243066554216 -224.59242901229197 2
vertex 226.41243066554216 -224.59242901229194 0
endloop
endfacet
facet normal -0.7372783244351182 -0.6755891298105268 0
outer loop
vertex 226.78347416549195 -224.99735312646845 2
vertex 226.41243066554216 -224.59242901229194 0
vertex 226.78347416549198 -224.99735312646823 0
endloop
endfacet
facet normal -0.6225155435005519 -0.7826074355002082 0
outer loop
vertex 227.21329369505753 -225.33924783116615 2
vertex 226.78347416549195 -224.99735312646845 2
vertex 226.78347416549198 -224.99735312646823 0
endloop
endfacet
facet normal -0.6225155435005519 -0.7826074355002082 0
outer loop
vertex 227.21329369505753 -225.33924783116615 2
vertex 226.78347416549198 -224.99735312646823 0
vertex 227.21329369505747 -225.33924783116618 0
endloop
endfacet
facet normal -0.4924243048407806 -0.8703552745873803 0
outer loop
vertex 227.6913056301714 -225.6096945116503 2
vertex 227.21329369505753 -225.33924783116615 2
vertex 227.21329369505747 -225.33924783116618 0
endloop
endfacet
facet normal -0.4924243048407806 -0.8703552745873803 0
outer loop
vertex 227.6913056301714 -225.6096945116503 2
vertex 227.21329369505747 -225.33924783116618 0
vertex 227.69130563017148 -225.60969451165033 0
endloop
endfacet
facet normal -0.350207898836203 -0.9366719957342229 0
outer loop
vertex 228.2057396852303 -225.8020338474398 2
vertex 227.6913056301714 -225.6096945116503 2
vertex 227.69130563017148 -225.60969451165033 0
endloop
endfacet
facet normal -0.350207898836203 -0.9366719957342229 0
outer loop
vertex 228.2057396852303 -225.8020338474398 2
vertex 227.69130563017148 -225.60969451165033 0
vertex 228.20573968523038 -225.80203384743973 0
endloop
endfacet
facet normal -0.19936817887847225 -0.9799246548845892 0
outer loop
vertex 228.74392873770594 -225.91152978750972 2
vertex 228.2057396852303 -225.8020338474398 2
vertex 228.20573968523038 -225.80203384743973 0
endloop
endfacet
facet normal -0.19936817887847225 -0.9799246548845892 0
outer loop
vertex 228.74392873770594 -225.91152978750972 2
vertex 228.20573968523038 -225.80203384743973 0
vertex 228.74392873770594 -225.91152978750972 0
endloop
endfacet
facet normal -0.04361933378538653 -0.9990482239212074 0
outer loop
vertex 229.29262073594208 -225.93548616803608 2
vertex 228.74392873770594 -225.91152978750972 2
vertex 228.74392873770594 -225.91152978750972 0
endloop
endfacet
facet normal -0.04361933378538653 -0.9990482239212074 0
outer loop
vertex 229.29262073594208 -225.93548616803608 2
vertex 228.74392873770594 -225.91152978750972 0
vertex 229.292620735942 -225.93548616803608 0
endloop
endfacet
facet normal 0.11320356820613135 -0.9935718152933888 0
outer loop
vertex 229.838305009905 -225.87331310115178 2
vertex 229.29262073594208 -225.93548616803608 2
vertex 229.292620735942 -225.93548616803608 0
endloop
endfacet
facet normal 0.11320356820613135 -0.9935718152933888 0
outer loop
vertex 229.838305009905 -225.87331310115178 2
vertex 229.292620735942 -225.93548616803608 0
vertex 229.8383050099051 -225.87331310115178 0
endloop
endfacet
facet normal 0.2672390119121809 -0.963630276876044 0
outer loop
vertex 230.36754495000002 -225.72654150000017 2
vertex 229.838305009905 -225.87331310115178 2
vertex 229.8383050099051 -225.87331310115178 0
endloop
endfacet
facet normal 0.2672390119121809 -0.963630276876044 0
outer loop
vertex 230.36754495000002 -225.72654150000017 2
vertex 229.8383050099051 -225.87331310115178 0
vertex 230.3675449499995 -225.7265415000001 0
endloop
endfacet
facet normal 0 0 1
outer loop
vertex 248.125090874747 -219.26331820000016 2
vertex 235.5311226978995 -223.84715139998195 2
vertex 235.34518784629847 -223.91482620539946 2
endloop
endfacet
facet normal 0 0 1
outer loop
vertex 248.125090874747 -219.26331820000016 2
vertex 235.34518784629847 -223.91482620539946 2
vertex 235.28258304058753 -223.93761250935597 2
endloop
endfacet
facet normal 0 0 1
outer loop
vertex 248.125090874747 -219.26331820000016 2
vertex 235.28258304058753 -223.93761250935597 2
vertex 230.36754495000002 -225.72654150000017 2
endloop
endfacet
facet normal 0 0 1
outer loop
vertex 248.125090874747 -219.26331820000016 2
vertex 230.36754495000002 -225.72654150000017 2
vertex 230.3675449499995 -225.7265415000001 0
endloop
endfacet
facet normal 0 0 1
outer loop
vertex 248.125090874747 -219.26331820000016 2
vertex 230.3675449499995 -225.7265415000001 0
vertex 248.12509059999886 -219.26331820000024 0
endloop
endfacet
facet normal 0.2588190461439117 -0.9659258260100277 -3.555498534015529e-8
outer loop
vertex 275.38291278581823 -211.95960679999993 2
vertex 248.125090874747 -219.26331820000016 2
vertex 248.12509059999886 -219.26331820000024 0
endloop
endfacet
facet normal 0.2588190461439117 -0.9659258260100277 -3.555498534015529e-8
outer loop
vertex 275.38291278581823 -211.95960679999993 2
vertex 248.12509059999886 -219.26331820000024 0
vertex 266.9367425570385 -214.2227513000003 0
endloop
endfacet
facet normal 0.2588190461439117 -0.9659258260100277 -3.555498534015529e-8
outer loop
vertex 275.38291278581823 -211.95960679999993 2
vertex 266.9367425570385 -214.2227513000003 0
vertex 267.0120383830665 -214.20257584442354 0
endloop
endfacet
facet normal 0.2588190461439117 -0.9659258260100277 -3.555498534015529e-8
outer loop
vertex 275.38291278581823 -211.95960679999993 2
vertex 267.0120383830665 -214.20257584442354 0
vertex 267.2350322847725 -214.14282480913923 0
endloop
endfacet
facet normal 0.2588190461439117 -0.9659258260100277 -3.555498534015529e-8
outer loop
vertex 275.38291278581823 -211.95960679999993 2
vertex 267.2350322847725 -214.14282480913923 0
vertex 267.5971547316171 -214.0457943929121 0
endloop
endfacet
facet normal 0.2588190461439117 -0.9659258260100277 -3.555498534015529e-8
outer loop
vertex 275.38291278581823 -211.95960679999993 2
vertex 267.5971547316171 -214.0457943929121 0
vertex 268.0844895609187 -213.91521342025723 0
endloop
endfacet
facet normal 0.2588190461439117 -0.9659258260100277 -3.555498534015529e-8
outer loop
vertex 275.38291278581823 -211.95960679999993 2
vertex 268.0844895609187 -213.91521342025723 0
vertex 268.6783087687906 -213.756100044642 0
endloop
endfacet
facet normal 0.2588190461439117 -0.9659258260100277 -3.555498534015529e-8
outer loop
vertex 275.38291278581823 -211.95960679999993 2
vertex 268.6783087687906 -213.756100044642 0
vertex 269.3557922155191 -213.57456890401298 0
endloop
endfacet
facet normal 0.2588190461439117 -0.9659258260100277 -3.555498534015529e-8
outer loop
vertex 275.38291278581823 -211.95960679999993 2
vertex 269.3557922155191 -213.57456890401298 0
vertex 270.09090459287944 -213.37759613811423 0
endloop
endfacet
facet normal 0.2588190461439117 -0.9659258260100277 -3.555498534015529e-8
outer loop
vertex 275.38291278581823 -211.95960679999993 2
vertex 270.09090459287944 -213.37759613811423 0
vertex 270.85539594398 -213.1727513000057 0
endloop
endfacet
facet normal 0.2588190461439117 -0.9659258260100277 -3.555498534015529e-8
outer loop
vertex 275.38291278581823 -211.95960679999993 2
vertex 270.85539594398 -213.1727513000057 0
vertex 271.6198872951315 -212.96790646188353 0
endloop
endfacet
facet normal 0.2588190461439117 -0.9659258260100277 -3.555498534015529e-8
outer loop
vertex 275.38291278581823 -211.95960679999993 2
vertex 271.6198872951315 -212.96790646188353 0
vertex 272.35499967246636 -212.7709336959916 0
endloop
endfacet
facet normal 0.2588190461439117 -0.9659258260100277 -3.555498534015529e-8
outer loop
vertex 275.38291278581823 -211.95960679999993 2
vertex 272.35499967246636 -212.7709336959916 0
vertex 273.0324831192841 -212.58940255533867 0
endloop
endfacet
facet normal 0.2588190461439117 -0.9659258260100277 -3.555498534015529e-8
outer loop
vertex 275.38291278581823 -211.95960679999993 2
vertex 273.0324831192841 -212.58940255533867 0
vertex 273.6263023269938 -212.4302891797669 0
endloop
endfacet
facet normal 0.2588190461439117 -0.9659258260100277 -3.555498534015529e-8
outer loop
vertex 275.38291278581823 -211.95960679999993 2
vertex 273.6263023269938 -212.4302891797669 0
vertex 274.1136371564672 -212.29970820706603 0
endloop
endfacet
facet normal 0.2588190461439117 -0.9659258260100277 -3.555498534015529e-8
outer loop
vertex 275.38291278581823 -211.95960679999993 2
vertex 274.1136371564672 -212.29970820706603 0
vertex 274.4757596031762 -212.2026777908752 0
endloop
endfacet
facet normal 0.2588190461439117 -0.9659258260100277 -3.555498534015529e-8
outer loop
vertex 275.38291278581823 -211.95960679999993 2
vertex 274.4757596031762 -212.2026777908752 0
vertex 274.6987535049385 -212.14292675557581 0
endloop
endfacet
facet normal 0.2588190461439117 -0.9659258260100277 -3.555498534015529e-8
outer loop
vertex 275.38291278581823 -211.95960679999993 2
vertex 274.6987535049385 -212.14292675557581 0
vertex 274.77404933096176 -212.12275130000032 0
endloop
endfacet
facet normal 0.2588190461439117 -0.9659258260100277 -3.555498534015529e-8
outer loop
vertex 275.38291278581823 -211.95960679999993 2
vertex 274.77404933096176 -212.12275130000032 0
vertex 275.3829129000005 -211.95960679999993 0
endloop
endfacet
facet normal 0.17364817684750733 -0.9848077531566944 0
outer loop
vertex 293.64221049999986 -208.74 2
vertex 275.38291278581823 -211.95960679999993 2
vertex 275.3829129000005 -211.95960679999993 0
endloop
endfacet
facet normal 0.17364817684750733 -0.9848077531566944 0
outer loop
vertex 293.64221049999986 -208.74 2
vertex 275.3829129000005 -211.95960679999993 0
vertex 293.64221049999975 -208.74 0
endloop
endfacet
facet normal 0 0 1
outer loop
vertex 159.08999930897875 -223.91482226446874 5
vertex 159.34255625065134 -223.84714793787728 5
vertex 159.5795248021522 -223.73664577108323 5
endloop
endfacet
facet normal 0 0 1
outer loop
vertex 159.08999930897875 -223.91482226446874 5
vertex 159.5795248021522 -223.73664577108323 5
vertex 159.79370482430645 -223.58667330235494 5
endloop
endfacet
facet normal 0 0 1
outer loop
vertex 159.08999930897875 -223.91482226446874 5
vertex 159.79370482430645 -223.58667330235494 5
vertex 159.97858859295366 -223.4017873500563 5
endloop
endfacet
facet normal 0 0 1
outer loop
vertex 159.08999930897875 -223.91482226446874 5
vertex 159.97858859295366 -223.4017873500563 5
vertex 160.12855853201884 -223.18760555661123 5
endloop
endfacet
facet normal 0 0 1
outer loop
vertex 159.08999930897875 -223.91482226446874 5
vertex 160.12855853201884 -223.18760555661123 5
vertex 160.23905789999995 -222.9506357000001 5
endloop
endfacet
facet normal 0 0 1
outer loop
vertex 159.08999930897875 -223.91482226446874 5
vertex 160.23905789999995 -222.9506357000001 5
vertex 160.65903634886146 -221.79675609999998 5
endloop
endfacet
facet normal 0 0 1
outer loop
vertex 159.08999930897875 -223.91482226446874 5
vertex 160.65903634886146 -221.79675609999998 5
vertex 158.5306898560408 -221.79675609999998 5
endloop
endfacet
facet normal 0 0 1
outer loop
vertex 159.08999930897875 -223.91482226446874 5
vertex 158.5306898560408 -221.79675609999998 5
vertex 152.68308106648627 -221.79675609999998 5
endloop
endfacet
facet normal 0 0 1
outer loop
vertex 159.08999930897875 -223.91482226446874 5
vertex 152.68308106648627 -221.79675609999998 5
vertex 158.31649579999927 -223.84715139999977 5
endloop
endfacet
facet normal 0 0 1
outer loop
vertex 159.08999930897875 -223.91482226446874 5
vertex 158.31649579999927 -223.84715139999977 5
vertex 158.569055865555 -223.91482620540143 5
endloop
endfacet
facet normal 0 0 1
outer loop
vertex 159.08999930897875 -223.91482226446874 5
vertex 158.569055865555 -223.91482620540143 5
vertex 158.8295277596601 -223.93761250935663 5
endloop
endfacet
facet normal 0 0 1
outer loop
vertex 229.43094413444484 -223.91482620540143 5
vertex 229.68350420000047 -223.84715139999977 5
vertex 235.3169189335136 -221.79675609999998 5
endloop
endfacet
facet normal 0 0 1
outer loop
vertex 229.43094413444484 -223.91482620540143 5
vertex 235.3169189335136 -221.79675609999998 5
vertex 229.46931020000002 -221.79675609999998 5
endloop
endfacet
facet normal 0 0 1
outer loop
vertex 229.43094413444484 -223.91482620540143 5
vertex 229.46931020000002 -221.79675609999998 5
vertex 227.3409636511386 -221.79675609999998 5
endloop
endfacet
facet normal 0 0 1
outer loop
vertex 229.43094413444484 -223.91482620540143 5
vertex 227.3409636511386 -221.79675609999998 5
vertex 227.76094210000002 -222.9506357000001 5
endloop
endfacet
facet normal 0 0 1
outer loop
vertex 229.43094413444484 -223.91482620540143 5
vertex 227.76094210000002 -222.9506357000001 5
vertex 227.87144146798116 -223.18760555661123 5
endloop
endfacet
facet normal 0 0 1
outer loop
vertex 229.43094413444484 -223.91482620540143 5
vertex 227.87144146798116 -223.18760555661123 5
vertex 228.02141140704637 -223.4017873500563 5
endloop
endfacet
facet normal 0 0 1
outer loop
vertex 229.43094413444484 -223.91482620540143 5
vertex 228.02141140704637 -223.4017873500563 5
vertex 228.2062951756934 -223.58667330235494 5
endloop
endfacet
facet normal 0 0 1
outer loop
vertex 229.43094413444484 -223.91482620540143 5
vertex 228.2062951756934 -223.58667330235494 5
vertex 228.42047519784802 -223.73664577108323 5
endloop
endfacet
facet normal 0 0 1
outer loop
vertex 229.43094413444484 -223.91482620540143 5
vertex 228.42047519784802 -223.73664577108323 5
vertex 228.65744374934897 -223.84714793787728 5
endloop
endfacet
facet normal 0 0 1
outer loop
vertex 229.43094413444484 -223.91482620540143 5
vertex 228.65744374934897 -223.84714793787728 5
vertex 228.91000069102105 -223.91482226446874 5
endloop
endfacet
facet normal 0 0 1
outer loop
vertex 229.43094413444484 -223.91482620540143 5
vertex 228.91000069102105 -223.91482226446874 5
vertex 229.17047224033996 -223.93761250935663 5
endloop
endfacet
facet normal 0 0 1
outer loop
vertex 158.5306898560408 -221.79675609999998 5
vertex 146.324501783032 -217.35406700000004 5
vertex 140.4768932000001 -217.35406700000004 5
endloop
endfacet
facet normal 0 0 1
outer loop
vertex 158.5306898560408 -221.79675609999998 5
vertex 140.4768932000001 -217.35406700000004 5
vertex 152.68308106648627 -221.79675609999998 5
endloop
endfacet
facet normal 0 0 1
outer loop
vertex 235.3169189335136 -221.79675609999998 5
vertex 247.52310679999977 -217.35406700000004 5
vertex 241.67549812532468 -217.35406700000004 5
endloop
endfacet
facet normal 0 0 1
outer loop
vertex 235.3169189335136 -221.79675609999998 5
vertex 241.67549812532468 -217.35406700000004 5
vertex 229.46931020000002 -221.79675609999998 5
endloop
endfacet
facet normal 0 0 1
outer loop
vertex 160.65903634886146 -221.79675609999998 5
vertex 164.1343183440155 -212.2485114 5
vertex 163.0701444 -212.2485114 5
endloop
endfacet
facet normal 0 0 1
outer loop
vertex 160.65903634886146 -221.79675609999998 5
vertex 163.0701444 -212.2485114 5
vertex 162.0059666928498 -212.2485114 5
endloop
endfacet
facet normal 0 0 1
outer loop
vertex 160.65903634886146 -221.79675609999998 5
vertex 162.0059666928498 -212.2485114 5
vertex 158.5306898560408 -221.79675609999998 5
endloop
endfacet
facet normal 0 0 1
outer loop
vertex 229.46931020000002 -221.79675609999998 5
vertex 225.99403333605179 -212.2485114 5
vertex 224.9298556 -212.2485114 5
endloop
endfacet
facet normal 0 0 1
outer loop
vertex 229.46931020000002 -221.79675609999998 5
vertex 224.9298556 -212.2485114 5
vertex 223.86568165598453 -212.2485114 5
endloop
endfacet
facet normal 0 0 1
outer loop
vertex 229.46931020000002 -221.79675609999998 5
vertex 223.86568165598453 -212.2485114 5
vertex 227.3409636511386 -221.79675609999998 5
endloop
endfacet
facet normal 0 0 1
outer loop
vertex 163.0701444 -212.2485114 5
vertex 162.1304518276681 -211.90649130000008 5
vertex 162.0059666928498 -212.2485114 5
endloop
endfacet
facet normal 0 0 1
outer loop
vertex 225.99403333605179 -212.2485114 5
vertex 225.86954820000003 -211.90649130000008 5
vertex 224.9298556 -212.2485114 5
endloop
endfacet
facet normal 0 0 1
outer loop
vertex 146.324501783032 -217.35406700000004 5
vertex 141.16152789999998 -215.4748982 5
vertex 141.07860578248537 -215.44673049284148 5
endloop
endfacet
facet normal 0 0 1
outer loop
vertex 146.324501783032 -217.35406700000004 5
vertex 141.07860578248537 -215.44673049284148 5
vertex 140.99452895000064 -215.42221910000018 5
endloop
endfacet
facet normal 0 0 1
outer loop
vertex 146.324501783032 -217.35406700000004 5
vertex 140.99452895000064 -215.42221910000018 5
vertex 120.7777811625394 -210.0051546 5
endloop
endfacet
facet normal 0 0 1
outer loop
vertex 146.324501783032 -217.35406700000004 5
vertex 120.7777811625394 -210.0051546 5
vertex 113.05037870000001 -210.0051546 5
endloop
endfacet
facet normal 0 0 1
outer loop
vertex 146.324501783032 -217.35406700000004 5
vertex 113.05037870000001 -210.0051546 5
vertex 140.4768932000001 -217.35406700000004 5
endloop
endfacet
facet normal 0 0 1
outer loop
vertex 247.52310679999977 -217.35406700000004 5
vertex 274.9496213867793 -210.0051546 5
vertex 267.22221937383574 -210.0051546 5
endloop
endfacet
facet normal 0 0 1
outer loop
vertex 247.52310679999977 -217.35406700000004 5
vertex 267.22221937383574 -210.0051546 5
vertex 247.00546824999822 -215.42221910000018 5
endloop
endfacet
facet normal 0 0 1
outer loop
vertex 247.52310679999977 -217.35406700000004 5
vertex 247.00546824999822 -215.42221910000018 5
vertex 246.9216959225716 -215.44663551143597 5
endloop
endfacet
facet normal 0 0 1
outer loop
vertex 247.52310679999977 -217.35406700000004 5
vertex 246.9216959225716 -215.44663551143597 5
vertex 246.83906650000029 -215.4746817999999 5
endloop
endfacet
facet normal 0 0 1
outer loop
vertex 247.52310679999977 -217.35406700000004 5
vertex 246.83906650000029 -215.4746817999999 5
vertex 241.67549812532468 -217.35406700000004 5
endloop
endfacet
facet normal 0 0 1
outer loop
vertex 164.1343183440155 -212.2485114 5
vertex 165.50240094484855 -208.48974089999996 5
vertex 164.43822500000002 -208.48974089999996 5
endloop
endfacet
facet normal 0 0 1
outer loop
vertex 164.1343183440155 -212.2485114 5
vertex 164.43822500000002 -208.48974089999996 5
vertex 163.0701444 -212.2485114 5
endloop
endfacet
facet normal 0 0 1
outer loop
vertex 224.9298556 -212.2485114 5
vertex 223.561775 -208.48974089999996 5
vertex 222.49759905515145 -208.48974089999996 5
endloop
endfacet
facet normal 0 0 1
outer loop
vertex 224.9298556 -212.2485114 5
vertex 222.49759905515145 -208.48974089999996 5
vertex 223.86568165598453 -212.2485114 5
endloop
endfacet
facet normal 0 0 1
outer loop
vertex 120.7777811625394 -210.0051546 5
vertex 113.5680167999994 -208.07330289999982 5
vertex 113.48326035709269 -208.05256306093878 5
endloop
endfacet
facet normal 0 0 1
outer loop
vertex 120.7777811625394 -210.0051546 5
vertex 113.48326035709269 -208.05256306093878 5
vertex 113.3976783999978 -208.0355414499996 5
endloop
endfacet
facet normal 0 0 1
outer loop
vertex 120.7777811625394 -210.0051546 5
vertex 113.3976783999978 -208.0355414499996 5
vertex 106.05031016050812 -206.74000099743935 5
endloop
endfacet
facet normal 0 0 1
outer loop
vertex 120.7777811625394 -210.0051546 5
vertex 106.05031016050812 -206.74000099743935 5
vertex 94.53276709999997 -206.74000099743935 5
endloop
endfacet
facet normal 0 0 1
outer loop
vertex 120.7777811625394 -210.0051546 5
vertex 94.53276709999997 -206.74000099743935 5
vertex 113.05037870000001 -210.0051546 5
endloop
endfacet
facet normal 0 0 1
outer loop
vertex 274.9496213867793 -210.0051546 5
vertex 293.4672272432404 -206.74000099743935 5
vertex 281.9496955553157 -206.74000099743935 5
endloop
endfacet
facet normal 0 0 1
outer loop
vertex 274.9496213867793 -210.0051546 5
vertex 281.9496955553157 -206.74000099743935 5
vertex 274.6023266499993 -208.0355414499996 5
endloop
endfacet
facet normal 0 0 1
outer loop
vertex 274.9496213867793 -210.0051546 5
vertex 274.6023266499993 -208.0355414499996 5
vertex 274.5167446929091 -208.05256306093878 5
endloop
endfacet
facet normal 0 0 1
outer loop
vertex 274.9496213867793 -210.0051546 5
vertex 274.5167446929091 -208.05256306093878 5
vertex 274.4319833000003 -208.07330289999982 5
endloop
endfacet
facet normal 0 0 1
outer loop
vertex 274.9496213867793 -210.0051546 5
vertex 274.4319833000003 -208.07330289999982 5
vertex 267.22221937383574 -210.0051546 5
endloop
endfacet
facet normal 0 0 1
outer loop
vertex 165.50240094484855 -208.48974089999996 5
vertex 166.7545487 -205.0494982999994 5
vertex 166.81193646264083 -204.835304297313 5
endloop
endfacet
facet normal 0 0 1
outer loop
vertex 165.50240094484855 -208.48974089999996 5
vertex 166.81193646264083 -204.835304297313 5
vertex 164.7041534 -204.835304297313 5
endloop
endfacet
facet normal 0 0 1
outer loop
vertex 165.50240094484855 -208.48974089999996 5
vertex 164.7041534 -204.835304297313 5
vertex 163.49853239999996 -208.14772079385443 5
endloop
endfacet
facet normal 0 0 1
outer loop
vertex 165.50240094484855 -208.48974089999996 5
vertex 163.49853239999996 -208.14772079385443 5
vertex 164.43822500000002 -208.48974089999996 5
endloop
endfacet
facet normal 0 0 1
outer loop
vertex 223.561775 -208.48974089999996 5
vertex 224.50146761688518 -208.14772079385443 5
vertex 223.29584660738269 -204.835304297313 5
endloop
endfacet
facet normal 0 0 1
outer loop
vertex 223.561775 -208.48974089999996 5
vertex 223.29584660738269 -204.835304297313 5
vertex 221.18806353735917 -204.835304297313 5
endloop
endfacet
facet normal 0 0 1
outer loop
vertex 223.561775 -208.48974089999996 5
vertex 221.18806353735917 -204.835304297313 5
vertex 221.24545129999981 -205.0494982999994 5
endloop
endfacet
facet normal 0 0 1
outer loop
vertex 223.561775 -208.48974089999996 5
vertex 221.24545129999981 -205.0494982999994 5
vertex 222.49759905515145 -208.48974089999996 5
endloop
endfacet
facet normal 0 0 1
outer loop
vertex 293.4672272432404 -206.74000099743935 5
vertex 357.2946583499999 -206.74000099743935 5
vertex 358.4223524995071 -206.64143066615773 5
endloop
endfacet
facet normal 0 0 1
outer loop
vertex 293.4672272432404 -206.74000099743935 5
vertex 358.4223524995071 -206.64143066615773 5
vertex 359.51584475797455 -206.34871136288453 5
endloop
endfacet
facet normal 0 0 1
outer loop
vertex 293.4672272432404 -206.74000099743935 5
vertex 359.51584475797455 -206.34871136288453 5
vertex 360.5419703486852 -205.87071954085545 5
endloop
endfacet
facet normal 0 0 1
outer loop
vertex 293.4672272432404 -206.74000099743935 5
vertex 360.5419703486852 -205.87071954085545 5
vertex 361.46960767398963 -205.22195232332658 5
endloop
endfacet
facet normal 0 0 1
outer loop
vertex 293.4672272432404 -206.74000099743935 5
vertex 361.46960767398963 -205.22195232332658 5
vertex 361.95224978184586 -204.74000225 5
endloop
endfacet
facet normal 0 0 1
outer loop
vertex 293.4672272432404 -206.74000099743935 5
vertex 361.95224978184586 -204.74000225 5
vertex 300.99073412476247 -204.74000225 5
endloop
endfacet
facet normal 0 0 1
outer loop
vertex 293.4672272432404 -206.74000099743935 5
vertex 300.99073412476247 -204.74000225 5
vertex 293.4672332500009 -204.74000225 5
endloop
endfacet
facet normal 0 0 1
outer loop
vertex 293.4672272432404 -206.74000099743935 5
vertex 293.4672332500009 -204.74000225 5
vertex 293.2929200340913 -204.7476104565509 5
endloop
endfacet
facet normal 0 0 1
outer loop
vertex 293.4672272432404 -206.74000099743935 5
vertex 293.2929200340913 -204.7476104565509 5
vertex 293.1199365000001 -204.77038450000006 5
endloop
endfacet
facet normal 0 0 1
outer loop
vertex 293.4672272432404 -206.74000099743935 5
vertex 293.1199365000001 -204.77038450000006 5
vertex 281.9496955553157 -206.74000099743935 5
endloop
endfacet
facet normal 0 0 1
outer loop
vertex 94.53276709999997 -206.74000099743935 5
vertex 106.05031016050812 -206.74000099743935 5
vertex 94.88006350000025 -204.77038450000006 5
endloop
endfacet
facet normal 0 0 1
outer loop
vertex 94.53276709999997 -206.74000099743935 5
vertex 94.88006350000025 -204.77038450000006 5
vertex 94.70707996590819 -204.7476104565509 5
endloop
endfacet
facet normal 0 0 1
outer loop
vertex 94.53276709999997 -206.74000099743935 5
vertex 94.70707996590819 -204.7476104565509 5
vertex 94.53276674999987 -204.74000225 5
endloop
endfacet
facet normal 0 0 1
outer loop
vertex 94.53276709999997 -206.74000099743935 5
vertex 94.53276674999987 -204.74000225 5
vertex 30.705336700000345 -204.73999983581393 5
endloop
endfacet
facet normal 0 0 1
outer loop
vertex 94.53276709999997 -206.74000099743935 5
vertex 30.705336700000345 -204.73999983581393 5
vertex 26.04774780050164 -204.73999983581393 5
endloop
endfacet
facet normal 0 0 1
outer loop
vertex 94.53276709999997 -206.74000099743935 5
vertex 26.04774780050164 -204.73999983581393 5
vertex 26.530392326010883 -205.22195232332658 5
endloop
endfacet
facet normal 0 0 1
outer loop
vertex 94.53276709999997 -206.74000099743935 5
vertex 26.530392326010883 -205.22195232332658 5
vertex 27.45802965131486 -205.87071954085545 5
endloop
endfacet
facet normal 0 0 1
outer loop
vertex 94.53276709999997 -206.74000099743935 5
vertex 27.45802965131486 -205.87071954085545 5
vertex 28.484155242025224 -206.34871136288453 5
endloop
endfacet
facet normal 0 0 1
outer loop
vertex 94.53276709999997 -206.74000099743935 5
vertex 28.484155242025224 -206.34871136288453 5
vertex 29.5776475004931 -206.64143066615773 5
endloop
endfacet
facet normal 0 0 1
outer loop
vertex 94.53276709999997 -206.74000099743935 5
vertex 29.5776475004931 -206.64143066615773 5
vertex 30.70534164999961 -206.74000205837757 5
endloop
endfacet
facet normal 0 0 1
outer loop
vertex 361.95224978184586 -204.74000225 5
vertex 357.2946633000004 -204.73999983581393 5
vertex 300.99073412476247 -204.74000225 5
endloop
endfacet
facet normal 0 0 1
outer loop
vertex 30.705336700000345 -204.73999983581393 5
vertex 29.924629444751947 -204.6717551880935 5
vertex 25.97940515994893 -204.6717551880935 5
endloop
endfacet
facet normal 0 0 1
outer loop
vertex 30.705336700000345 -204.73999983581393 5
vertex 25.97940515994893 -204.6717551880935 5
vertex 26.04774780050164 -204.73999983581393 5
endloop
endfacet
facet normal 0 0 1
outer loop
vertex 361.95224978184586 -204.74000225 5
vertex 362.0205948400512 -204.6717551880935 5
vertex 358.0753721439083 -204.6717551880935 5
endloop
endfacet
facet normal 0 0 1
outer loop
vertex 361.95224978184586 -204.74000225 5
vertex 358.0753721439083 -204.6717551880935 5
vertex 357.2946633000004 -204.73999983581393 5
endloop
endfacet
facet normal 0 0 1
outer loop
vertex 29.924629444751947 -204.6717551880935 5
vertex 29.167595517241356 -204.46910379983643 5
vertex 25.776462783545984 -204.46910379983643 5
endloop
endfacet
facet normal 0 0 1
outer loop
vertex 29.924629444751947 -204.6717551880935 5
vertex 25.776462783545984 -204.46910379983643 5
vertex 25.97940515994893 -204.6717551880935 5
endloop
endfacet
facet normal 0 0 1
outer loop
vertex 362.0205948400512 -204.6717551880935 5
vertex 362.22353721645396 -204.46910379983643 5
vertex 358.8324044827593 -204.46910379983643 5
endloop
endfacet
facet normal 0 0 1
outer loop
vertex 362.0205948400512 -204.6717551880935 5
vertex 358.8324044827593 -204.46910379983643 5
vertex 358.0753721439083 -204.6717551880935 5
endloop
endfacet
facet normal 0 0 1
outer loop
vertex 29.167595517241356 -204.46910379983643 5
vertex 28.457201490518305 -204.1381870821798 5
vertex 25.530218277200294 -204.1381870821798 5
endloop
endfacet
facet normal 0 0 1
outer loop
vertex 29.167595517241356 -204.46910379983643 5
vertex 25.530218277200294 -204.1381870821798 5
vertex 25.72937779064287 -204.4220863195693 5
endloop
endfacet
facet normal 0 0 1
outer loop
vertex 29.167595517241356 -204.46910379983643 5
vertex 25.72937779064287 -204.4220863195693 5
vertex 25.776462783545984 -204.46910379983643 5
endloop
endfacet
facet normal 0 0 1
outer loop
vertex 362.22353721645396 -204.46910379983643 5
vertex 362.27062220935704 -204.4220863195693 5
vertex 362.46978172279967 -204.1381870821798 5
endloop
endfacet
facet normal 0 0 1
outer loop
vertex 362.22353721645396 -204.46910379983643 5
vertex 362.46978172279967 -204.1381870821798 5
vertex 359.5427985094811 -204.1381870821798 5
endloop
endfacet
facet normal 0 0 1
outer loop
vertex 362.22353721645396 -204.46910379983643 5
vertex 359.5427985094811 -204.1381870821798 5
vertex 358.8324044827593 -204.46910379983643 5
endloop
endfacet
facet normal 0 0 1
outer loop
vertex 28.457201490518305 -204.1381870821798 5
vertex 27.814991432030713 -203.68904146213592 5
vertex 25.215135982596983 -203.68904146213592 5
endloop
endfacet
facet normal 0 0 1
outer loop
vertex 28.457201490518305 -204.1381870821798 5
vertex 25.215135982596983 -203.68904146213592 5
vertex 25.530218277200294 -204.1381870821798 5
endloop
endfacet
facet normal 0 0 1
outer loop
vertex 362.46978172279967 -204.1381870821798 5
vertex 362.78486401740304 -203.68904146213592 5
vertex 360.1850085679695 -203.68904146213592 5
endloop
endfacet
facet normal 0 0 1
outer loop
vertex 362.46978172279967 -204.1381870821798 5
vertex 360.1850085679695 -203.68904146213592 5
vertex 359.5427985094811 -204.1381870821798 5
endloop
endfacet
facet normal 0 0 1
outer loop
vertex 27.814991432030713 -203.68904146213592 5
vertex 27.26044303521004 -203.13528915034712 5
vertex 24.91091235847289 -203.13528915034712 5
endloop
endfacet
facet normal 0 0 1
outer loop
vertex 27.814991432030713 -203.68904146213592 5
vertex 24.91091235847289 -203.13528915034712 5
vertex 25.079280198194226 -203.4953808484891 5
endloop
endfacet
facet normal 0 0 1
outer loop
vertex 27.814991432030713 -203.68904146213592 5
vertex 25.079280198194226 -203.4953808484891 5
vertex 25.215135982596983 -203.68904146213592 5
endloop
endfacet
facet normal 0 0 1
outer loop
vertex 362.78486401740304 -203.68904146213592 5
vertex 362.92071980180583 -203.4953808484891 5
vertex 363.08908764152716 -203.13528915034712 5
endloop
endfacet
facet normal 0 0 1
outer loop
vertex 362.78486401740304 -203.68904146213592 5
vertex 363.08908764152716 -203.13528915034712 5
vertex 360.7395569647901 -203.13528915034712 5
endloop
endfacet
facet normal 0 0 1
outer loop
vertex 362.78486401740304 -203.68904146213592 5
vertex 360.7395569647901 -203.13528915034712 5
vertex 360.1850085679695 -203.68904146213592 5
endloop
endfacet
facet normal 0 0 1
outer loop
vertex 27.26044303521004 -203.13528915034712 5
vertex 26.810375288678706 -202.49372499084325 5
vertex 24.61093662413726 -202.49372499084325 5
endloop
endfacet
facet normal 0 0 1
outer loop
vertex 27.26044303521004 -203.13528915034712 5
vertex 24.61093662413726 -202.49372499084325 5
vertex 24.91091235847289 -203.13528915034712 5
endloop
endfacet
facet normal 0 0 1
outer loop
vertex 363.08908764152716 -203.13528915034712 5
vertex 363.3890633758628 -202.49372499084325 5
vertex 361.18962471132136 -202.49372499084325 5
endloop
endfacet
facet normal 0 0 1
outer loop
vertex 363.08908764152716 -203.13528915034712 5
vertex 361.18962471132136 -202.49372499084325 5
vertex 360.7395569647901 -203.13528915034712 5
endloop
endfacet
facet normal 0 0 1
outer loop
vertex 26.810375288678706 -202.49372499084325 5
vertex 26.47843837040399 -201.78380708748102 5
vertex 24.415088051547183 -201.78380708748102 5
endloop
endfacet
facet normal 0 0 1
outer loop
vertex 26.810375288678706 -202.49372499084325 5
vertex 24.415088051547183 -201.78380708748102 5
vertex 24.599816507181515 -202.46994217219594 5
endloop
endfacet
facet normal 0 0 1
outer loop
vertex 26.810375288678706 -202.49372499084325 5
vertex 24.599816507181515 -202.46994217219594 5
vertex 24.61093662413726 -202.49372499084325 5
endloop
endfacet
facet normal 0 0 1
outer loop
vertex 363.3890633758628 -202.49372499084325 5
vertex 363.40018349281854 -202.46994217219594 5
vertex 363.5849119484529 -201.78380708748102 5
endloop
endfacet
facet normal 0 0 1
outer loop
vertex 363.3890633758628 -202.49372499084325 5
vertex 363.5849119484529 -201.78380708748102 5
vertex 361.5215616295959 -201.78380708748102 5
endloop
endfacet
facet normal 0 0 1
outer loop
vertex 363.3890633758628 -202.49372499084325 5
vertex 361.5215616295959 -201.78380708748102 5
vertex 361.18962471132136 -202.49372499084325 5
endloop
endfacet
facet normal 0 0 1
outer loop
vertex 26.47843837040399 -201.78380708748102 5
vertex 26.274699649228243 -201.02706665594494 5
vertex 24.274447683919675 -201.02706665594494 5
endloop
endfacet
facet normal 0 0 1
outer loop
vertex 26.47843837040399 -201.78380708748102 5
vertex 24.274447683919675 -201.02706665594494 5
vertex 24.305528481511715 -201.37687105475405 5
endloop
endfacet
facet normal 0 0 1
outer loop
vertex 26.47843837040399 -201.78380708748102 5
vertex 24.305528481511715 -201.37687105475405 5
vertex 24.415088051547183 -201.78380708748102 5
endloop
endfacet
facet normal 0 0 1
outer loop
vertex 363.5849119484529 -201.78380708748102 5
vertex 363.6944715184884 -201.37687105475405 5
vertex 363.72555231608044 -201.02706665594494 5
endloop
endfacet
facet normal 0 0 1
outer loop
vertex 363.5849119484529 -201.78380708748102 5
vertex 363.72555231608044 -201.02706665594494 5
vertex 361.72530035077176 -201.02706665594494 5
endloop
endfacet
facet normal 0 0 1
outer loop
vertex 363.5849119484529 -201.78380708748102 5
vertex 361.72530035077176 -201.02706665594494 5
vertex 361.5215616295959 -201.78380708748102 5
endloop
endfacet
facet normal 0 0 1
outer loop
vertex 26.274699649228243 -201.02706665594494 5
vertex 26.20533834999999 -200.246455 5
vertex 24.205339193830458 -200.246455 5
endloop
endfacet
facet normal 0 0 1
outer loop
vertex 26.274699649228243 -201.02706665594494 5
vertex 24.205339193830458 -200.246455 5
vertex 24.20534330000001 -200.24931899999982 5
endloop
endfacet
facet normal 0 0 1
outer loop
vertex 26.274699649228243 -201.02706665594494 5
vertex 24.20534330000001 -200.24931899999982 5
vertex 24.274447683919675 -201.02706665594494 5
endloop
endfacet
facet normal 0 0 1
outer loop
vertex 363.72555231608044 -201.02706665594494 5
vertex 363.7946567000001 -200.24931899999982 5
vertex 363.79466080616965 -200.246455 5
endloop
endfacet
facet normal 0 0 1
outer loop
vertex 363.72555231608044 -201.02706665594494 5
vertex 363.79466080616965 -200.246455 5
vertex 361.79466165 -200.246455 5
endloop
endfacet
facet normal 0 0 1
outer loop
vertex 363.72555231608044 -201.02706665594494 5
vertex 361.79466165 -200.246455 5
vertex 361.72530035077176 -201.02706665594494 5
endloop
endfacet
facet normal 0 0 1
outer loop
vertex 166.81193646264083 -204.835304297313 5
vertex 166.82221577650773 -204.79693780103042 5
vertex 166.84500349892352 -204.53646735918016 5
endloop
endfacet
facet normal 0 0 1
outer loop
vertex 166.81193646264083 -204.835304297313 5
vertex 166.84500349892352 -204.53646735918016 5
vertex 166.82221513375902 -204.27599697356248 5
endloop
endfacet
facet normal 0 0 1
outer loop
vertex 166.81193646264083 -204.835304297313 5
vertex 166.82221513375902 -204.27599697356248 5
vertex 166.7545430840319 -204.0234407915833 5
endloop
endfacet
facet normal 0 0 1
outer loop
vertex 166.81193646264083 -204.835304297313 5
vertex 166.7545430840319 -204.0234407915833 5
vertex 166.6440435012522 -203.78647249501958 5
endloop
endfacet
facet normal 0 0 1
outer loop
vertex 166.81193646264083 -204.835304297313 5
vertex 166.6440435012522 -203.78647249501958 5
vertex 166.49407381119494 -203.57229214243222 5
endloop
endfacet
facet normal 0 0 1
outer loop
vertex 166.81193646264083 -204.835304297313 5
vertex 166.49407381119494 -203.57229214243222 5
vertex 166.30919070167897 -203.3874074021574 5
endloop
endfacet
facet normal 0 0 1
outer loop
vertex 166.81193646264083 -204.835304297313 5
vertex 166.30919070167897 -203.3874074021574 5
vertex 166.09501167189856 -203.2374358229408 5
endloop
endfacet
facet normal 0 0 1
outer loop
vertex 166.81193646264083 -204.835304297313 5
vertex 166.09501167189856 -203.2374358229408 5
vertex 165.85804435000014 -203.1269341500001 5
endloop
endfacet
facet normal 0 0 1
outer loop
vertex 166.81193646264083 -204.835304297313 5
vertex 165.85804435000014 -203.1269341500001 5
vertex 150.80109280000008 -197.64664850000003 5
endloop
endfacet
facet normal 0 0 1
outer loop
vertex 166.81193646264083 -204.835304297313 5
vertex 150.80109280000008 -197.64664850000003 5
vertex 148.80122835788487 -197.64664850000003 5
endloop
endfacet
facet normal 0 0 1
outer loop
vertex 166.81193646264083 -204.835304297313 5
vertex 148.80122835788487 -197.64664850000003 5
vertex 148.8241324267278 -197.94935543738768 5
endloop
endfacet
facet normal 0 0 1
outer loop
vertex 166.81193646264083 -204.835304297313 5
vertex 148.8241324267278 -197.94935543738768 5
vertex 148.89325744738002 -198.24678567256268 5
endloop
endfacet
facet normal 0 0 1
outer loop
vertex 166.81193646264083 -204.835304297313 5
vertex 148.89325744738002 -198.24678567256268 5
vertex 149.00685550565228 -198.53022613268354 5
endloop
endfacet
facet normal 0 0 1
outer loop
vertex 166.81193646264083 -204.835304297313 5
vertex 149.00685550565228 -198.53022613268354 5
vertex 149.16227854523027 -198.7930696071022 5
endloop
endfacet
facet normal 0 0 1
outer loop
vertex 166.81193646264083 -204.835304297313 5
vertex 149.16227854523027 -198.7930696071022 5
vertex 149.35590353797863 -199.02918901642687 5
endloop
endfacet
facet normal 0 0 1
outer loop
vertex 166.81193646264083 -204.835304297313 5
vertex 149.35590353797863 -199.02918901642687 5
vertex 149.58321693945462 -199.23308023935178 5
endloop
endfacet
facet normal 0 0 1
outer loop
vertex 166.81193646264083 -204.835304297313 5
vertex 149.58321693945462 -199.23308023935178 5
vertex 149.83891990303076 -199.39999041787524 5
endloop
endfacet
facet normal 0 0 1
outer loop
vertex 166.81193646264083 -204.835304297313 5
vertex 149.83891990303076 -199.39999041787524 5
vertex 150.11705180000058 -199.52602875000002 5
endloop
endfacet
facet normal 0 0 1
outer loop
vertex 166.81193646264083 -204.835304297313 5
vertex 150.11705180000058 -199.52602875000002 5
vertex 164.7041534 -204.835304297313 5
endloop
endfacet
facet normal 0 0 1
outer loop
vertex 223.29584660738269 -204.835304297313 5
vertex 237.8829482 -199.52602875000002 5
vertex 238.16108009696933 -199.39999041787524 5
endloop
endfacet
facet normal 0 0 1
outer loop
vertex 223.29584660738269 -204.835304297313 5
vertex 238.16108009696933 -199.39999041787524 5
vertex 238.41678306054501 -199.23308023935178 5
endloop
endfacet
facet normal 0 0 1
outer loop
vertex 223.29584660738269 -204.835304297313 5
vertex 238.41678306054501 -199.23308023935178 5
vertex 238.6440964620213 -199.02918901642687 5
endloop
endfacet
facet normal 0 0 1
outer loop
vertex 223.29584660738269 -204.835304297313 5
vertex 238.6440964620213 -199.02918901642687 5
vertex 238.8377214547699 -198.7930696071022 5
endloop
endfacet
facet normal 0 0 1
outer loop
vertex 223.29584660738269 -204.835304297313 5
vertex 238.8377214547699 -198.7930696071022 5
vertex 238.99314449434766 -198.53022613268354 5
endloop
endfacet
facet normal 0 0 1
outer loop
vertex 223.29584660738269 -204.835304297313 5
vertex 238.99314449434766 -198.53022613268354 5
vertex 239.10674255261998 -198.24678567256268 5
endloop
endfacet
facet normal 0 0 1
outer loop
vertex 223.29584660738269 -204.835304297313 5
vertex 239.10674255261998 -198.24678567256268 5
vertex 239.17586757327223 -197.94935543738768 5
endloop
endfacet
facet normal 0 0 1
outer loop
vertex 223.29584660738269 -204.835304297313 5
vertex 239.17586757327223 -197.94935543738768 5
vertex 239.19877164211516 -197.64664850000003 5
endloop
endfacet
facet normal 0 0 1
outer loop
vertex 223.29584660738269 -204.835304297313 5
vertex 239.19877164211516 -197.64664850000003 5
vertex 237.19890719999998 -197.64664850000003 5
endloop
endfacet
facet normal 0 0 1
outer loop
vertex 223.29584660738269 -204.835304297313 5
vertex 237.19890719999998 -197.64664850000003 5
vertex 222.1419556499998 -203.1269341500001 5
endloop
endfacet
facet normal 0 0 1
outer loop
vertex 223.29584660738269 -204.835304297313 5
vertex 222.1419556499998 -203.1269341500001 5
vertex 221.9049883281012 -203.2374358229408 5
endloop
endfacet
facet normal 0 0 1
outer loop
vertex 223.29584660738269 -204.835304297313 5
vertex 221.9049883281012 -203.2374358229408 5
vertex 221.69080929832154 -203.3874074021574 5
endloop
endfacet
facet normal 0 0 1
outer loop
vertex 223.29584660738269 -204.835304297313 5
vertex 221.69080929832154 -203.3874074021574 5
vertex 221.50592618880486 -203.57229214243222 5
endloop
endfacet
facet normal 0 0 1
outer loop
vertex 223.29584660738269 -204.835304297313 5
vertex 221.50592618880486 -203.57229214243222 5
vertex 221.35595649874787 -203.78647249501958 5
endloop
endfacet
facet normal 0 0 1
outer loop
vertex 223.29584660738269 -204.835304297313 5
vertex 221.35595649874787 -203.78647249501958 5
vertex 221.24545691596794 -204.0234407915833 5
endloop
endfacet
facet normal 0 0 1
outer loop
vertex 223.29584660738269 -204.835304297313 5
vertex 221.24545691596794 -204.0234407915833 5
vertex 221.177784866241 -204.27599697356248 5
endloop
endfacet
facet normal 0 0 1
outer loop
vertex 223.29584660738269 -204.835304297313 5
vertex 221.177784866241 -204.27599697356248 5
vertex 221.15499650107648 -204.53646735918016 5
endloop
endfacet
facet normal 0 0 1
outer loop
vertex 223.29584660738269 -204.835304297313 5
vertex 221.15499650107648 -204.53646735918016 5
vertex 221.1777842234923 -204.79693780103042 5
endloop
endfacet
facet normal 0 0 1
outer loop
vertex 223.29584660738269 -204.835304297313 5
vertex 221.1777842234923 -204.79693780103042 5
vertex 221.18806353735917 -204.835304297313 5
endloop
endfacet
facet normal 0 0 1
outer loop
vertex 150.80109280000008 -197.64664850000003 5
vertex 150.8781903 -111.07 5
vertex 148.8781895 -111.07 5
endloop
endfacet
facet normal 0 0 1
outer loop
vertex 150.80109280000008 -197.64664850000003 5
vertex 148.8781895 -111.07 5
vertex 148.8010936 -197.6448674999999 5
endloop
endfacet
facet normal 0 0 1
outer loop
vertex 150.80109280000008 -197.64664850000003 5
vertex 148.8010936 -197.6448674999999 5
vertex 148.80122835788487 -197.64664850000003 5
endloop
endfacet
facet normal 0 0 1
outer loop
vertex 239.19877164211516 -197.64664850000003 5
vertex 239.19890640000003 -197.6448674999999 5
vertex 239.1218105 -111.07 5
endloop
endfacet
facet normal 0 0 1
outer loop
vertex 239.19877164211516 -197.64664850000003 5
vertex 239.1218105 -111.07 5
vertex 237.1218097 -111.07 5
endloop
endfacet
facet normal 0 0 1
outer loop
vertex 239.19877164211516 -197.64664850000003 5
vertex 237.1218097 -111.07 5
vertex 237.19890719999998 -197.64664850000003 5
endloop
endfacet
facet normal 0 0 1
outer loop
vertex 26.20533834999999 -200.246455 5
vertex 26.06967820000001 -105.62145159999984 5
vertex 24.069850489556895 -105.62145159999984 5
endloop
endfacet
facet normal 0 0 1
outer loop
vertex 26.20533834999999 -200.246455 5
vertex 24.069850489556895 -105.62145159999984 5
vertex 24.069676799999996 -105.62369500000003 5
endloop
endfacet
facet normal 0 0 1
outer loop
vertex 26.20533834999999 -200.246455 5
vertex 24.069676799999996 -105.62369500000003 5
vertex 24.205339193830458 -200.246455 5
endloop
endfacet
facet normal 0 0 1
outer loop
vertex 363.79466080616965 -200.246455 5
vertex 363.93032320000003 -105.62369500000003 5
vertex 363.93014951044313 -105.62145159999984 5
endloop
endfacet
facet normal 0 0 1
outer loop
vertex 363.79466080616965 -200.246455 5
vertex 363.93014951044313 -105.62145159999984 5
vertex 361.9303218 -105.62145159999984 5
endloop
endfacet
facet normal 0 0 1
outer loop
vertex 363.79466080616965 -200.246455 5
vertex 361.9303218 -105.62145159999984 5
vertex 361.79466165 -200.246455 5
endloop
endfacet
facet normal 0 0 1
outer loop
vertex 26.06967820000001 -105.62145159999984 5
vertex 26.124166201985485 -104.91678325718014 5
vertex 24.124407649321054 -104.91678325718014 5
endloop
endfacet
facet normal 0 0 1
outer loop
vertex 26.06967820000001 -105.62145159999984 5
vertex 24.124407649321054 -104.91678325718014 5
vertex 24.069850489556895 -105.62145159999984 5
endloop
endfacet
facet normal 0 0 1
outer loop
vertex 363.93014951044313 -105.62145159999984 5
vertex 363.87559235067886 -104.91678325718014 5
vertex 361.8758337980146 -104.91678325718014 5
endloop
endfacet
facet normal 0 0 1
outer loop
vertex 363.93014951044313 -105.62145159999984 5
vertex 361.8758337980146 -104.91678325718014 5
vertex 361.9303218 -105.62145159999984 5
endloop
endfacet
facet normal 0 0 1
outer loop
vertex 26.124166201985485 -104.91678325718014 5
vertex 26.288321247698235 -104.22933442072024 5
vertex 24.23843022770637 -104.22933442072024 5
endloop
endfacet
facet normal 0 0 1
outer loop
vertex 26.124166201985485 -104.91678325718014 5
vertex 24.23843022770637 -104.22933442072024 5
vertex 24.148476630287234 -104.6059047399678 5
endloop
endfacet
facet normal 0 0 1
outer loop
vertex 26.124166201985485 -104.91678325718014 5
vertex 24.148476630287234 -104.6059047399678 5
vertex 24.124407649321054 -104.91678325718014 5
endloop
endfacet
facet normal 0 0 1
outer loop
vertex 363.87559235067886 -104.91678325718014 5
vertex 363.8515233697127 -104.6059047399678 5
vertex 363.7615697722936 -104.22933442072024 5
endloop
endfacet
facet normal 0 0 1
outer loop
vertex 363.87559235067886 -104.91678325718014 5
vertex 363.7615697722936 -104.22933442072024 5
vertex 361.71167875230174 -104.22933442072024 5
endloop
endfacet
facet normal 0 0 1
outer loop
vertex 363.87559235067886 -104.91678325718014 5
vertex 361.71167875230174 -104.22933442072024 5
vertex 361.8758337980146 -104.91678325718014 5
endloop
endfacet
facet normal 0 0 1
outer loop
vertex 26.288321247698235 -104.22933442072024 5
vertex 26.55808981360098 -103.57606747479862 5
vertex 24.400912935785065 -103.57606747479862 5
endloop
endfacet
facet normal 0 0 1
outer loop
vertex 26.288321247698235 -104.22933442072024 5
vertex 24.400912935785065 -103.57606747479862 5
vertex 24.385656765812882 -103.6130039342567 5
endloop
endfacet
facet normal 0 0 1
outer loop
vertex 26.288321247698235 -104.22933442072024 5
vertex 24.385656765812882 -103.6130039342567 5
vertex 24.23843022770637 -104.22933442072024 5
endloop
endfacet
facet normal 0 0 1
outer loop
vertex 363.7615697722936 -104.22933442072024 5
vertex 363.61434323418706 -103.6130039342567 5
vertex 363.59908706421487 -103.57606747479862 5
endloop
endfacet
facet normal 0 0 1
outer loop
vertex 363.7615697722936 -104.22933442072024 5
vertex 363.59908706421487 -103.57606747479862 5
vertex 361.441910186399 -103.57606747479862 5
endloop
endfacet
facet normal 0 0 1
outer loop
vertex 363.7615697722936 -104.22933442072024 5
vertex 361.441910186399 -103.57606747479862 5
vertex 361.71167875230174 -104.22933442072024 5
endloop
endfacet
facet normal 0 0 1
outer loop
vertex 150.69675880000003 -104.0699999999994 5
vertex 150.4876837149852 -103.44572685759084 5
vertex 148.32566666325104 -103.44572685759084 5
endloop
endfacet
facet normal 0 0 1
outer loop
vertex 150.69675880000003 -104.0699999999994 5
vertex 148.32566666325104 -103.44572685759084 5
vertex 148.60950774999998 -104.0699999999994 5
endloop
endfacet
facet normal 0 0 1
outer loop
vertex 239.3904923 -104.0699999999994 5
vertex 239.6743333867491 -103.44572685759084 5
vertex 237.51231628501483 -103.44572685759084 5
endloop
endfacet
facet normal 0 0 1
outer loop
vertex 239.3904923 -104.0699999999994 5
vertex 237.51231628501483 -103.44572685759084 5
vertex 237.3032412 -104.0699999999994 5
endloop
endfacet
facet normal 0 0 1
outer loop
vertex 26.55808981360098 -103.57606747479862 5
vertex 26.92681717168565 -102.9730973949582 5
vertex 24.649962632511595 -102.9730973949582 5
endloop
endfacet
facet normal 0 0 1
outer loop
vertex 26.55808981360098 -103.57606747479862 5
vertex 24.649962632511595 -102.9730973949582 5
vertex 24.400912935785065 -103.57606747479862 5
endloop
endfacet
facet normal 0 0 1
outer loop
vertex 363.59908706421487 -103.57606747479862 5
vertex 363.3500373674885 -102.9730973949582 5
vertex 361.0731828283144 -102.9730973949582 5
endloop
endfacet
facet normal 0 0 1
outer loop
vertex 363.59908706421487 -103.57606747479862 5
vertex 361.0731828283144 -102.9730973949582 5
vertex 361.441910186399 -103.57606747479862 5
endloop
endfacet
facet normal 0 0 1
outer loop
vertex 150.4876837149852 -103.44572685759084 5
vertex 150.35376948963597 -103.04587503274958 5
vertex 150.26104563044407 -102.871832563151 5
endloop
endfacet
facet normal 0 0 1
outer loop
vertex 150.4876837149852 -103.44572685759084 5
vertex 150.26104563044407 -102.871832563151 5
vertex 147.95026280382947 -102.871832563151 5
endloop
endfacet
facet normal 0 0 1
outer loop
vertex 150.4876837149852 -103.44572685759084 5
vertex 147.95026280382947 -102.871832563151 5
vertex 148.32566666325104 -103.44572685759084 5
endloop
endfacet
facet normal 0 0 1
outer loop
vertex 239.6743333867491 -103.44572685759084 5
vertex 240.0497372461703 -102.871832563151 5
vertex 237.738954369556 -102.871832563151 5
endloop
endfacet
facet normal 0 0 1
outer loop
vertex 239.6743333867491 -103.44572685759084 5
vertex 237.738954369556 -102.871832563151 5
vertex 237.64623051036415 -103.04587503274958 5
endloop
endfacet
facet normal 0 0 1
outer loop
vertex 239.6743333867491 -103.44572685759084 5
vertex 237.64623051036415 -103.04587503274958 5
vertex 237.51231628501483 -103.44572685759084 5
endloop
endfacet
facet normal 0 0 1
outer loop
vertex 26.92681717168565 -102.9730973949582 5
vertex 27.385407450204074 -102.43529841928833 5
vertex 24.918595425860083 -102.43529841928833 5
endloop
endfacet
facet normal 0 0 1
outer loop
vertex 26.92681717168565 -102.9730973949582 5
vertex 24.918595425860083 -102.43529841928833 5
vertex 24.77536710140504 -102.66948272039767 5
endloop
endfacet
facet normal 0 0 1
outer loop
vertex 26.92681717168565 -102.9730973949582 5
vertex 24.77536710140504 -102.66948272039767 5
vertex 24.649962632511595 -102.9730973949582 5
endloop
endfacet
facet normal 0 0 1
outer loop
vertex 363.3500373674885 -102.9730973949582 5
vertex 363.2246328985951 -102.66948272039767 5
vertex 363.0814045741399 -102.43529841928833 5
endloop
endfacet
facet normal 0 0 1
outer loop
vertex 363.3500373674885 -102.9730973949582 5
vertex 363.0814045741399 -102.43529841928833 5
vertex 360.61459254979576 -102.43529841928833 5
endloop
endfacet
facet normal 0 0 1
outer loop
vertex 363.3500373674885 -102.9730973949582 5
vertex 360.61459254979576 -102.43529841928833 5
vertex 361.0731828283144 -102.9730973949582 5
endloop
endfacet
facet normal 0 0 1
outer loop
vertex 150.26104563044407 -102.871832563151 5
vertex 149.98923527029896 -102.36164514478396 5
vertex 147.49201449013927 -102.36164514478396 5
endloop
endfacet
facet normal 0 0 1
outer loop
vertex 150.26104563044407 -102.871832563151 5
vertex 147.49201449013927 -102.36164514478396 5
vertex 147.95026280382947 -102.871832563151 5
endloop
endfacet
facet normal 0 0 1
outer loop
vertex 240.0497372461703 -102.871832563151 5
vertex 240.50798555986077 -102.36164514478396 5
vertex 238.0107647297011 -102.36164514478396 5
endloop
endfacet
facet normal 0 0 1
outer loop
vertex 240.0497372461703 -102.871832563151 5
vertex 238.0107647297011 -102.36164514478396 5
vertex 237.738954369556 -102.871832563151 5
endloop
endfacet
facet normal 0 0 1
outer loop
vertex 27.385407450204074 -102.43529841928833 5
vertex 27.92254801322876 -101.97593712647365 5
vertex 25.19954315795691 -101.97593712647365 5
endloop
endfacet
facet normal 0 0 1
outer loop
vertex 27.385407450204074 -102.43529841928833 5
vertex 25.19954315795691 -101.97593712647365 5
vertex 24.918595425860083 -102.43529841928833 5
endloop
endfacet
facet normal 0 0 1
outer loop
vertex 363.0814045741399 -102.43529841928833 5
vertex 362.80045684204305 -101.97593712647365 5
vertex 360.07745198677134 -101.97593712647365 5
endloop
endfacet
facet normal 0 0 1
outer loop
vertex 363.0814045741399 -102.43529841928833 5
vertex 360.07745198677134 -101.97593712647365 5
vertex 360.61459254979576 -102.43529841928833 5
endloop
endfacet
facet normal 0 0 1
outer loop
vertex 149.98923527029896 -102.36164514478396 5
vertex 149.8459401046622 -102.09268044976002 5
vertex 149.71845878197388 -101.9270131124284 5
endloop
endfacet
facet normal 0 0 1
outer loop
vertex 149.98923527029896 -102.36164514478396 5
vertex 149.71845878197388 -101.9270131124284 5
vertex 146.96156400676668 -101.9270131124284 5
endloop
endfacet
facet normal 0 0 1
outer loop
vertex 149.98923527029896 -102.36164514478396 5
vertex 146.96156400676668 -101.9270131124284 5
vertex 147.49201449013927 -102.36164514478396 5
endloop
endfacet
facet normal 0 0 1
outer loop
vertex 240.50798555986077 -102.36164514478396 5
vertex 241.03843604323328 -101.9270131124284 5
vertex 238.2815412180262 -101.9270131124284 5
endloop
endfacet
facet normal 0 0 1
outer loop
vertex 240.50798555986077 -102.36164514478396 5
vertex 238.2815412180262 -101.9270131124284 5
vertex 238.15405989533798 -102.09268044976002 5
endloop
endfacet
facet normal 0 0 1
outer loop
vertex 240.50798555986077 -102.36164514478396 5
vertex 238.15405989533798 -102.09268044976002 5
vertex 238.0107647297011 -102.36164514478396 5
endloop
endfacet
facet normal 0 0 1
outer loop
vertex 27.92254801322876 -101.97593712647365 5
vertex 28.52498852398686 -101.60634517204187 5
vertex 25.471963314682394 -101.60634517204187 5
endloop
endfacet
facet normal 0 0 1
outer loop
vertex 27.92254801322876 -101.97593712647365 5
vertex 25.471963314682394 -101.60634517204187 5
vertex 25.307995337767863 -101.7986132763941 5
endloop
endfacet
facet normal 0 0 1
outer loop
vertex 27.92254801322876 -101.97593712647365 5
vertex 25.307995337767863 -101.7986132763941 5
vertex 25.19954315795691 -101.97593712647365 5
endloop
endfacet
facet normal 0 0 1
outer loop
vertex 362.80045684204305 -101.97593712647365 5
vertex 362.6920046622321 -101.7986132763941 5
vertex 362.5280366853176 -101.60634517204187 5
endloop
endfacet
facet normal 0 0 1
outer loop
vertex 362.80045684204305 -101.97593712647365 5
vertex 362.5280366853176 -101.60634517204187 5
vertex 359.47501147601326 -101.60634517204187 5
endloop
endfacet
facet normal 0 0 1
outer loop
vertex 362.80045684204305 -101.97593712647365 5
vertex 359.47501147601326 -101.60634517204187 5
vertex 360.07745198677134 -101.97593712647365 5
endloop
endfacet
facet normal 0 0 1
outer loop
vertex 149.71845878197388 -101.9270131124284 5
vertex 149.44991585421346 -101.57803028997925 5
vertex 146.3712304497879 -101.57803028997925 5
endloop
endfacet
facet normal 0 0 1
outer loop
vertex 149.71845878197388 -101.9270131124284 5
vertex 146.3712304497879 -101.57803028997925 5
vertex 146.96156400676668 -101.9270131124284 5
endloop
endfacet
facet normal 0 0 1
outer loop
vertex 241.03843604323328 -101.9270131124284 5
vertex 241.62876960021205 -101.57803028997925 5
vertex 238.55008414578654 -101.57803028997925 5
endloop
endfacet
facet normal 0 0 1
outer loop
vertex 241.03843604323328 -101.9270131124284 5
vertex 238.55008414578654 -101.57803028997925 5
vertex 238.2815412180262 -101.9270131124284 5
endloop
endfacet
facet normal 0 0 1
outer loop
vertex 28.52498852398686 -101.60634517204187 5
vertex 29.177867807949795 -101.33563975585112 5
vertex 25.70282333996922 -101.33563975585112 5
endloop
endfacet
facet normal 0 0 1
outer loop
vertex 28.52498852398686 -101.60634517204187 5
vertex 25.70282333996922 -101.33563975585112 5
vertex 25.471963314682394 -101.60634517204187 5
endloop
endfacet
facet normal 0 0 1
outer loop
vertex 362.5280366853176 -101.60634517204187 5
vertex 362.2971766600308 -101.33563975585112 5
vertex 358.82213219205016 -101.33563975585112 5
endloop
endfacet
facet normal 0 0 1
outer loop
vertex 362.5280366853176 -101.60634517204187 5
vertex 358.82213219205016 -101.33563975585112 5
vertex 359.47501147601326 -101.60634517204187 5
endloop
endfacet
facet normal 0 0 1
outer loop
vertex 149.44991585421346 -101.57803028997925 5
vertex 149.25351674943457 -101.32280139795887 5
vertex 145.7347236300775 -101.32280139795887 5
endloop
endfacet
facet normal 0 0 1
outer loop
vertex 149.44991585421346 -101.57803028997925 5
vertex 145.7347236300775 -101.32280139795887 5
vertex 146.3712304497879 -101.57803028997925 5
endloop
endfacet
facet normal 0 0 1
outer loop
vertex 241.62876960021205 -101.57803028997925 5
vertex 242.26527641992251 -101.32280139795887 5
vertex 238.7464832505653 -101.32280139795887 5
endloop
endfacet
facet normal 0 0 1
outer loop
vertex 241.62876960021205 -101.57803028997925 5
vertex 238.7464832505653 -101.32280139795887 5
vertex 238.55008414578654 -101.57803028997925 5
endloop
endfacet
facet normal 0 0 1
outer loop
vertex 29.177867807949795 -101.33563975585112 5
vertex 29.865080452530584 -101.17049871639975 5
vertex 25.84365711078957 -101.17049871639975 5
endloop
endfacet
facet normal 0 0 1
outer loop
vertex 29.177867807949795 -101.33563975585112 5
vertex 25.84365711078957 -101.17049871639975 5
vertex 25.70282333996922 -101.33563975585112 5
endloop
endfacet
facet normal 0 0 1
outer loop
vertex 362.2971766600308 -101.33563975585112 5
vertex 362.1563428892104 -101.17049871639975 5
vertex 358.1349195474695 -101.17049871639975 5
endloop
endfacet
facet normal 0 0 1
outer loop
vertex 362.2971766600308 -101.33563975585112 5
vertex 358.1349195474695 -101.17049871639975 5
vertex 358.82213219205016 -101.33563975585112 5
endloop
endfacet
facet normal 0 0 1
outer loop
vertex 149.25351674943457 -101.32280139795887 5
vertex 149.1872867905465 -101.23673278250058 5
vertex 149.11249357229354 -101.16725383080043 5
endloop
endfacet
facet normal 0 0 1
outer loop
vertex 149.25351674943457 -101.32280139795887 5
vertex 149.11249357229354 -101.16725383080043 5
vertex 145.0668256788822 -101.16725383080043 5
endloop
endfacet
facet normal 0 0 1
outer loop
vertex 149.25351674943457 -101.32280139795887 5
vertex 145.0668256788822 -101.16725383080043 5
vertex 145.7347236300775 -101.32280139795887 5
endloop
endfacet
facet normal 0 0 1
outer loop
vertex 242.26527641992251 -101.32280139795887 5
vertex 242.93317437111781 -101.16725383080043 5
vertex 238.88750642770637 -101.16725383080043 5
endloop
endfacet
facet normal 0 0 1
outer loop
vertex 242.26527641992251 -101.32280139795887 5
vertex 238.88750642770637 -101.16725383080043 5
vertex 238.81271320945336 -101.23673278250058 5
endloop
endfacet
facet normal 0 0 1
outer loop
vertex 242.26527641992251 -101.32280139795887 5
vertex 238.81271320945336 -101.23673278250058 5
vertex 238.7464832505653 -101.32280139795887 5
endloop
endfacet
facet normal 0 0 1
outer loop
vertex 149.11249357229354 -101.16725383080043 5
vertex 149.05624298019373 -101.115 5
vertex 144.38304550000015 -101.115 5
endloop
endfacet
facet normal 0 0 1
outer loop
vertex 149.11249357229354 -101.16725383080043 5
vertex 144.38304550000015 -101.115 5
vertex 145.0668256788822 -101.16725383080043 5
endloop
endfacet
facet normal 0 0 1
outer loop
vertex 242.93317437111781 -101.16725383080043 5
vertex 243.61695459999993 -101.115 5
vertex 238.94375701980627 -101.115 5
endloop
endfacet
facet normal 0 0 1
outer loop
vertex 242.93317437111781 -101.16725383080043 5
vertex 238.94375701980627 -101.115 5
vertex 238.88750642770637 -101.16725383080043 5
endloop
endfacet
facet normal 0 0 1
outer loop
vertex 29.865080452530584 -101.17049871639975 5
vertex 30.569674099999922 -101.11499580000002 5
vertex 25.89099049947399 -101.11499580000002 5
endloop
endfacet
facet normal 0 0 1
outer loop
vertex 29.865080452530584 -101.17049871639975 5
vertex 25.89099049947399 -101.11499580000002 5
vertex 25.84365711078957 -101.17049871639975 5
endloop
endfacet
facet normal 0 0 1
outer loop
vertex 362.1563428892104 -101.17049871639975 5
vertex 362.109009500526 -101.11499580000002 5
vertex 357.4303258884166 -101.11499580000002 5
endloop
endfacet
facet normal 0 0 1
outer loop
vertex 362.1563428892104 -101.17049871639975 5
vertex 357.4303258884166 -101.11499580000002 5
vertex 358.1349195474695 -101.17049871639975 5
endloop
endfacet
facet normal 0 0 1
outer loop
vertex 30.569674099999922 -101.11499580000002 5
vertex 33.70000000000002 -101.11499580000002 5
vertex 33.69999999999999 -99.115 5
endloop
endfacet
facet normal 0 0 1
outer loop
vertex 30.569674099999922 -101.11499580000002 5
vertex 33.69999999999999 -99.115 5
vertex 30.569673599999987 -99.115 5
endloop
endfacet
facet normal 0 0 1
outer loop
vertex 30.569674099999922 -101.11499580000002 5
vertex 30.569673599999987 -99.115 5
vertex 29.551992850381424 -99.1951561212405 5
endloop
endfacet
facet normal 0 0 1
outer loop
vertex 30.569674099999922 -101.11499580000002 5
vertex 29.551992850381424 -99.1951561212405 5
vertex 28.559410176899092 -99.43366411475878 5
endloop
endfacet
facet normal 0 0 1
outer loop
vertex 30.569674099999922 -101.11499580000002 5
vertex 28.559410176899092 -99.43366411475878 5
vertex 27.616411070275547 -99.82463612344577 5
endloop
endfacet
facet normal 0 0 1
outer loop
vertex 30.569674099999922 -101.11499580000002 5
vertex 27.616411070275547 -99.82463612344577 5
vertex 26.746254830613736 -100.35842872853473 5
endloop
endfacet
facet normal 0 0 1
outer loop
vertex 30.569674099999922 -101.11499580000002 5
vertex 26.746254830613736 -100.35842872853473 5
vertex 25.970404071158015 -101.02187580684742 5
endloop
endfacet
facet normal 0 0 1
outer loop
vertex 30.569674099999922 -101.11499580000002 5
vertex 25.970404071158015 -101.02187580684742 5
vertex 25.89099049947399 -101.11499580000002 5
endloop
endfacet
facet normal 0 0 1
outer loop
vertex 144.38304550000015 -101.115 5
vertex 149.05624298019373 -101.115 5
vertex 148.39599415615803 -100.50166369456015 5
endloop
endfacet
facet normal 0 0 1
outer loop
vertex 144.38304550000015 -101.115 5
vertex 148.39599415615803 -100.50166369456015 5
vertex 147.49390881905546 -99.90776754044936 5
endloop
endfacet
facet normal 0 0 1
outer loop
vertex 144.38304550000015 -101.115 5
vertex 147.49390881905546 -99.90776754044936 5
vertex 146.5059362472144 -99.47144106340146 5
endloop
endfacet
facet normal 0 0 1
outer loop
vertex 144.38304550000015 -101.115 5
vertex 146.5059362472144 -99.47144106340146 5
vertex 145.45935314965232 -99.20473070143537 5
endloop
endfacet
facet normal 0 0 1
outer loop
vertex 144.38304550000015 -101.115 5
vertex 145.45935314965232 -99.20473070143537 5
vertex 144.38305439999993 -99.115 5
endloop
endfacet
facet normal 0 0 1
outer loop
vertex 144.38304550000015 -101.115 5
vertex 144.38305439999993 -99.115 5
vertex 45.69999999999999 -99.115 5
endloop
endfacet
facet normal 0 0 1
outer loop
vertex 144.38304550000015 -101.115 5
vertex 45.69999999999999 -99.115 5
vertex 45.69999999999999 -101.115 5
endloop
endfacet
facet normal 0 0 1
outer loop
vertex 243.61695459999993 -101.115 5
vertex 342.3 -101.115 5
vertex 342.3 -99.115 5
endloop
endfacet
facet normal 0 0 1
outer loop
vertex 243.61695459999993 -101.115 5
vertex 342.3 -99.115 5
vertex 243.61694560000004 -99.115 5
endloop
endfacet
facet normal 0 0 1
outer loop
vertex 243.61695459999993 -101.115 5
vertex 243.61694560000004 -99.115 5
vertex 242.54064685034763 -99.20473070143537 5
endloop
endfacet
facet normal 0 0 1
outer loop
vertex 243.61695459999993 -101.115 5
vertex 242.54064685034763 -99.20473070143537 5
vertex 241.4940637527856 -99.47144106340146 5
endloop
endfacet
facet normal 0 0 1
outer loop
vertex 243.61695459999993 -101.115 5
vertex 241.4940637527856 -99.47144106340146 5
vertex 240.5060911809445 -99.90776754044936 5
endloop
endfacet
facet normal 0 0 1
outer loop
vertex 243.61695459999993 -101.115 5
vertex 240.5060911809445 -99.90776754044936 5
vertex 239.60400584384197 -100.50166369456015 5
endloop
endfacet
facet normal 0 0 1
outer loop
vertex 243.61695459999993 -101.115 5
vertex 239.60400584384197 -100.50166369456015 5
vertex 238.94375701980627 -101.115 5
endloop
endfacet
facet normal 0 0 1
outer loop
vertex 357.4303258884166 -101.11499580000002 5
vertex 362.109009500526 -101.11499580000002 5
vertex 362.029595928842 -101.02187580684742 5
endloop
endfacet
facet normal 0 0 1
outer loop
vertex 357.4303258884166 -101.11499580000002 5
vertex 362.029595928842 -101.02187580684742 5
vertex 361.2537451693861 -100.35842872853473 5
endloop
endfacet
facet normal 0 0 1
outer loop
vertex 357.4303258884166 -101.11499580000002 5
vertex 361.2537451693861 -100.35842872853473 5
vertex 360.38358892972457 -99.82463612344577 5
endloop
endfacet
facet normal 0 0 1
outer loop
vertex 357.4303258884166 -101.11499580000002 5
vertex 360.38358892972457 -99.82463612344577 5
vertex 359.44058982310105 -99.43366411475878 5
endloop
endfacet
facet normal 0 0 1
outer loop
vertex 357.4303258884166 -101.11499580000002 5
vertex 359.44058982310105 -99.43366411475878 5
vertex 358.44800714961843 -99.1951561212405 5
endloop
endfacet
facet normal 0 0 1
outer loop
vertex 357.4303258884166 -101.11499580000002 5
vertex 358.44800714961843 -99.1951561212405 5
vertex 357.4303263999999 -99.115 5
endloop
endfacet
facet normal 0 0 1
outer loop
vertex 357.4303258884166 -101.11499580000002 5
vertex 357.4303263999999 -99.115 5
vertex 354.3 -99.115 5
endloop
endfacet
facet normal 0 0 1
outer loop
vertex 357.4303258884166 -101.11499580000002 5
vertex 354.3 -99.115 5
vertex 354.3 -101.11499580000002 5
endloop
endfacet
facet normal -0.04360524176354376 0.9990488390918348 0
outer loop
vertex 293.2929200340913 -204.7476104565509 5
vertex 293.4672332500009 -204.74000225 5
vertex 293.46723310855606 -204.74000225616888 2
endloop
endfacet
facet normal -0.04360524176354376 0.9990488390918348 0
outer loop
vertex 293.2929200340913 -204.7476104565509 5
vertex 293.46723310855606 -204.74000225616888 2
vertex 293.2929200342108 -204.74761045654103 2
endloop
endfacet
facet normal -0.13052804655114847 0.991444617244726 0
outer loop
vertex 293.1199365000001 -204.77038450000006 5
vertex 293.2929200340913 -204.7476104565509 5
vertex 293.2929200342108 -204.74761045654103 2
endloop
endfacet
facet normal -0.13052804655114847 0.991444617244726 0
outer loop
vertex 293.1199365000001 -204.77038450000006 5
vertex 293.2929200342108 -204.74761045654103 2
vertex 293.11993649974886 -204.77038450003886 2
endloop
endfacet
facet normal 0 0 1
outer loop
vertex 274.6023266499993 -208.0355414499996 5
vertex 281.9496955553157 -206.74000099743935 5
vertex 293.1199365000001 -204.77038450000006 5
endloop
endfacet
facet normal 0 0 1
outer loop
vertex 274.6023266499993 -208.0355414499996 5
vertex 293.1199365000001 -204.77038450000006 5
vertex 293.11993649974886 -204.77038450003886 2
endloop
endfacet
facet normal 0 0 1
outer loop
vertex 274.6023266499993 -208.0355414499996 5
vertex 293.11993649974886 -204.77038450003886 2
vertex 274.60232665033874 -208.03554144993552 2
endloop
endfacet
facet normal -0.1950715948548808 0.9807890052813466 0
outer loop
vertex 274.5167446929091 -208.05256306093878 5
vertex 274.6023266499993 -208.0355414499996 5
vertex 274.60232665033874 -208.03554144993552 2
endloop
endfacet
facet normal -0.1950715948548808 0.9807890052813466 0
outer loop
vertex 274.5167446929091 -208.05256306093878 5
vertex 274.60232665033874 -208.03554144993552 2
vertex 274.5167446928101 -208.05256306096095 2
endloop
endfacet
facet normal -0.23767354645730035 0.9713450907449985 0
outer loop
vertex 274.4319833000003 -208.07330289999982 5
vertex 274.5167446929091 -208.05256306093878 5
vertex 274.5167446928101 -208.05256306096095 2
endloop
endfacet
facet normal -0.23767354645730035 0.9713450907449985 0
outer loop
vertex 274.4319833000003 -208.07330289999982 5
vertex 274.5167446928101 -208.05256306096095 2
vertex 274.4319833000378 -208.07330289998913 2
endloop
endfacet
facet normal 0 0 1
outer loop
vertex 247.00546824999822 -215.42221910000018 5
vertex 267.22221937383574 -210.0051546 5
vertex 274.4319833000003 -208.07330289999982 5
endloop
endfacet
facet normal 0 0 1
outer loop
vertex 247.00546824999822 -215.42221910000018 5
vertex 274.4319833000003 -208.07330289999982 5
vertex 274.4319833000378 -208.07330289998913 2
endloop
endfacet
facet normal 0 0 1
outer loop
vertex 247.00546824999822 -215.42221910000018 5
vertex 274.4319833000378 -208.07330289998913 2
vertex 274.1542521447689 -208.14772079385554 2
endloop
endfacet
facet normal 0 0 1
outer loop
vertex 247.00546824999822 -215.42221910000018 5
vertex 274.1542521447689 -208.14772079385554 2
vertex 260.1263400281394 -211.90649130000182 2
endloop
endfacet
facet normal 0 0 1
outer loop
vertex 247.00546824999822 -215.42221910000018 5
vertex 260.1263400281394 -211.90649130000182 2
vertex 259.3192473180735 -212.12275130000032 2
endloop
endfacet
facet normal 0 0 1
outer loop
vertex 247.00546824999822 -215.42221910000018 5
vertex 259.3192473180735 -212.12275130000032 2
vertex 259.2439515485491 -212.14292675557581 2
endloop
endfacet
facet normal 0 0 1
outer loop
vertex 247.00546824999822 -215.42221910000018 5
vertex 259.2439515485491 -212.14292675557581 2
vertex 259.0209578141121 -212.20267779087519 2
endloop
endfacet
facet normal 0 0 1
outer loop
vertex 247.00546824999822 -215.42221910000018 5
vertex 259.0209578141121 -212.20267779087519 2
vertex 258.65883563912445 -212.29970820706603 2
endloop
endfacet
facet normal 0 0 1
outer loop
vertex 247.00546824999822 -215.42221910000018 5
vertex 258.65883563912445 -212.29970820706603 2
vertex 258.1715011753265 -212.43028917976693 2
endloop
endfacet
facet normal 0 0 1
outer loop
vertex 247.00546824999822 -215.42221910000018 5
vertex 258.1715011753265 -212.43028917976693 2
vertex 257.57768241319377 -212.5894025553387 2
endloop
endfacet
facet normal 0 0 1
outer loop
vertex 247.00546824999822 -215.42221910000018 5
vertex 257.57768241319377 -212.5894025553387 2
vertex 256.90019947473127 -212.77093369599157 2
endloop
endfacet
facet normal 0 0 1
outer loop
vertex 247.00546824999822 -215.42221910000018 5
vertex 256.90019947473127 -212.77093369599157 2
vertex 256.1650876489939 -212.96790646188347 2
endloop
endfacet
facet normal 0 0 1
outer loop
vertex 247.00546824999822 -215.42221910000018 5
vertex 256.1650876489939 -212.96790646188347 2
vertex 255.40059687148454 -213.17275130000564 2
endloop
endfacet
facet normal 0 0 1
outer loop
vertex 247.00546824999822 -215.42221910000018 5
vertex 255.40059687148454 -213.17275130000564 2
vertex 254.63610609402622 -213.37759613811414 2
endloop
endfacet
facet normal 0 0 1
outer loop
vertex 247.00546824999822 -215.42221910000018 5
vertex 254.63610609402622 -213.37759613811414 2
vertex 253.90099426826262 -213.57456890401306 2
endloop
endfacet
facet normal 0 0 1
outer loop
vertex 247.00546824999822 -215.42221910000018 5
vertex 253.90099426826262 -213.57456890401306 2
vertex 253.22351132988902 -213.75610004464212 2
endloop
endfacet
facet normal 0 0 1
outer loop
vertex 247.00546824999822 -215.42221910000018 5
vertex 253.22351132988902 -213.75610004464212 2
vertex 252.62969256759482 -213.91521342025715 2
endloop
endfacet
facet normal 0 0 1
outer loop
vertex 247.00546824999822 -215.42221910000018 5
vertex 252.62969256759482 -213.91521342025715 2
vertex 252.14235810396843 -214.0457943929121 2
endloop
endfacet
facet normal 0 0 1
outer loop
vertex 247.00546824999822 -215.42221910000018 5
vertex 252.14235810396843 -214.0457943929121 2
vertex 251.7802359288454 -214.1428248091392 2
endloop
endfacet
facet normal 0 0 1
outer loop
vertex 247.00546824999822 -215.42221910000018 5
vertex 251.7802359288454 -214.1428248091392 2
vertex 251.55724219446452 -214.20257584442354 2
endloop
endfacet
facet normal 0 0 1
outer loop
vertex 247.00546824999822 -215.42221910000018 5
vertex 251.55724219446452 -214.20257584442354 2
vertex 251.48194642493533 -214.2227513000003 2
endloop
endfacet
facet normal 0 0 1
outer loop
vertex 247.00546824999822 -215.42221910000018 5
vertex 251.48194642493533 -214.2227513000003 2
vertex 247.00546824989436 -215.42222090002758 2
endloop
endfacet
facet normal -0.27979948725584375 0.9600584601634252 0
outer loop
vertex 246.9216959225716 -215.44663551143597 5
vertex 247.00546824999822 -215.42221910000018 5
vertex 247.00546824989436 -215.42222090002758 2
endloop
endfacet
facet normal -0.27979948725584375 0.9600584601634252 0
outer loop
vertex 246.9216959225716 -215.44663551143597 5
vertex 247.00546824989436 -215.42222090002758 2
vertex 246.92169592268957 -215.44663551139837 2
endloop
endfacet
facet normal -0.32141253352000665 0.946939271176484 0
outer loop
vertex 246.83906650000029 -215.4746817999999 5
vertex 246.9216959225716 -215.44663551143597 5
vertex 246.92169592268957 -215.44663551139837 2
endloop
endfacet
facet normal -0.32141253352000665 0.946939271176484 0
outer loop
vertex 246.83906650000029 -215.4746817999999 5
vertex 246.92169592268957 -215.44663551139837 2
vertex 246.83906650007364 -215.47468179997745 2
endloop
endfacet
facet normal 0 0 -1
outer loop
vertex 229.46931020000002 -221.79675609999998 5
vertex 241.67549812532468 -217.35406700000004 5
vertex 246.83906650000029 -215.4746817999999 5
endloop
endfacet
facet normal 0 0 -1
outer loop
vertex 229.46931020000002 -221.79675609999998 5
vertex 246.83906650000029 -215.4746817999999 5
vertex 246.83906650007364 -215.47468179997745 2
endloop
endfacet
facet normal 0 0 -1
outer loop
vertex 229.46931020000002 -221.79675609999998 5
vertex 246.83906650007364 -215.47468179997745 2
vertex 229.4693101999988 -221.7967561203958 2
endloop
endfacet
facet normal 0.9396926206701997 0.3420201436435757 -1.0967638641385376e-12
outer loop
vertex 223.29584660738269 -204.835304297313 5
vertex 224.50146761688518 -208.14772079385443 5
vertex 224.50146761688208 -208.14772079385554 2
endloop
endfacet
facet normal 0.9396926206701997 0.3420201436435757 -1.0967638641385376e-12
outer loop
vertex 223.29584660738269 -204.835304297313 5
vertex 224.50146761688208 -208.14772079385554 2
vertex 224.47438171858943 -208.07330289998913 2
endloop
endfacet
facet normal 0.9396926206701997 0.3420201436435757 -1.0967638641385376e-12
outer loop
vertex 223.29584660738269 -204.835304297313 5
vertex 224.47438171858943 -208.07330289998913 2
vertex 224.46683303451175 -208.05256306096095 2
endloop
endfacet
facet normal 0.9396926206701997 0.3420201436435757 -1.0967638641385376e-12
outer loop
vertex 223.29584660738269 -204.835304297313 5
vertex 224.46683303451175 -208.05256306096095 2
vertex 224.46063767475272 -208.03554144993552 2
endloop
endfacet
facet normal 0.9396926206701997 0.3420201436435757 -1.0967638641385376e-12
outer loop
vertex 223.29584660738269 -204.835304297313 5
vertex 224.46063767475272 -208.03554144993552 2
vertex 223.29584660737984 -204.83530429731474 2
endloop
endfacet
facet normal 0 0 1
outer loop
vertex 225.86954820000003 -211.90649130000008 5
vertex 225.99403333605179 -212.2485114 5
vertex 229.46931020000002 -221.79675609999998 5
endloop
endfacet
facet normal 0 0 1
outer loop
vertex 225.86954820000003 -211.90649130000008 5
vertex 229.46931020000002 -221.79675609999998 5
vertex 229.4693101999988 -221.7967561203958 2
endloop
endfacet
facet normal 0 0 1
outer loop
vertex 225.86954820000003 -211.90649130000008 5
vertex 229.4693101999988 -221.7967561203958 2
vertex 227.16826333354763 -215.47468179997745 2
endloop
endfacet
facet normal 0 0 1
outer loop
vertex 225.86954820000003 -211.90649130000008 5
vertex 227.16826333354763 -215.47468179997745 2
vertex 227.15805531931244 -215.44663551139837 2
endloop
endfacet
facet normal 0 0 1
outer loop
vertex 225.86954820000003 -211.90649130000008 5
vertex 227.15805531931244 -215.44663551139837 2
vertex 227.14916912748293 -215.42222090002758 2
endloop
endfacet
facet normal 0 0 1
outer loop
vertex 225.86954820000003 -211.90649130000008 5
vertex 227.14916912748293 -215.42222090002758 2
vertex 226.71259789570598 -214.2227513000003 2
endloop
endfacet
facet normal 0 0 1
outer loop
vertex 225.86954820000003 -211.90649130000008 5
vertex 226.71259789570598 -214.2227513000003 2
vertex 226.70525463040553 -214.20257584442354 2
endloop
endfacet
facet normal 0 0 1
outer loop
vertex 225.86954820000003 -211.90649130000008 5
vertex 226.70525463040553 -214.20257584442354 2
vertex 226.68350703207255 -214.1428248091392 2
endloop
endfacet
facet normal 0 0 1
outer loop
vertex 225.86954820000003 -211.90649130000008 5
vertex 226.68350703207255 -214.1428248091392 2
vertex 226.64819084871021 -214.0457943929121 2
endloop
endfacet
facet normal 0 0 1
outer loop
vertex 225.86954820000003 -211.90649130000008 5
vertex 226.64819084871021 -214.0457943929121 2
vertex 226.6006632614522 -213.91521342025715 2
endloop
endfacet
facet normal 0 0 1
outer loop
vertex 225.86954820000003 -211.90649130000008 5
vertex 226.6006632614522 -213.91521342025715 2
vertex 226.54275072879375 -213.75610004464212 2
endloop
endfacet
facet normal 0 0 1
outer loop
vertex 225.86954820000003 -211.90649130000008 5
vertex 226.54275072879375 -213.75610004464212 2
vertex 226.47667879694276 -213.57456890401306 2
endloop
endfacet
facet normal 0 0 1
outer loop
vertex 225.86954820000003 -211.90649130000008 5
vertex 226.47667879694276 -213.57456890401306 2
vertex 226.40498657311898 -213.37759613811414 2
endloop
endfacet
facet normal 0 0 1
outer loop
vertex 225.86954820000003 -211.90649130000008 5
vertex 226.40498657311898 -213.37759613811414 2
vertex 226.33042914932585 -213.17275130000564 2
endloop
endfacet
facet normal 0 0 1
outer loop
vertex 225.86954820000003 -211.90649130000008 5
vertex 226.33042914932585 -213.17275130000564 2
vertex 226.25587172552778 -212.96790646188347 2
endloop
endfacet
facet normal 0 0 1
outer loop
vertex 225.86954820000003 -211.90649130000008 5
vertex 226.25587172552778 -212.96790646188347 2
vertex 226.18417950170652 -212.77093369599157 2
endloop
endfacet
facet normal 0 0 1
outer loop
vertex 225.86954820000003 -211.90649130000008 5
vertex 226.18417950170652 -212.77093369599157 2
vertex 226.1181075698469 -212.5894025553387 2
endloop
endfacet
facet normal 0 0 1
outer loop
vertex 225.86954820000003 -211.90649130000008 5
vertex 226.1181075698469 -212.5894025553387 2
vertex 226.06019503720415 -212.43028917976693 2
endloop
endfacet
facet normal 0 0 1
outer loop
vertex 225.86954820000003 -211.90649130000008 5
vertex 226.06019503720415 -212.43028917976693 2
vertex 226.01266744992944 -212.29970820706603 2
endloop
endfacet
facet normal 0 0 1
outer loop
vertex 225.86954820000003 -211.90649130000008 5
vertex 226.01266744992944 -212.29970820706603 2
vertex 225.9773512665803 -212.20267779087519 2
endloop
endfacet
facet normal 0 0 1
outer loop
vertex 225.86954820000003 -211.90649130000008 5
vertex 225.9773512665803 -212.20267779087519 2
vertex 225.95560366824185 -212.14292675557581 2
endloop
endfacet
facet normal 0 0 1
outer loop
vertex 225.86954820000003 -211.90649130000008 5
vertex 225.95560366824185 -212.14292675557581 2
vertex 225.94826040294186 -212.12275130000032 2
endloop
endfacet
facet normal 0 0 1
outer loop
vertex 225.86954820000003 -211.90649130000008 5
vertex 225.94826040294186 -212.12275130000032 2
vertex 225.8695481999971 -211.90649130000182 2
endloop
endfacet
facet normal -0.34202011174852504 0.9396926322790482 0
outer loop
vertex 224.9298556 -212.2485114 5
vertex 225.86954820000003 -211.90649130000008 5
vertex 225.8695481999971 -211.90649130000182 2
endloop
endfacet
facet normal -0.34202011174852504 0.9396926322790482 0
outer loop
vertex 224.9298556 -212.2485114 5
vertex 225.8695481999971 -211.90649130000182 2
vertex 224.92985560000275 -212.24851139999967 2
endloop
endfacet
facet normal 0.9396926191337776 0.3420201478648609 9.024632836498119e-13
outer loop
vertex 223.561775 -208.48974089999996 5
vertex 224.9298556 -212.2485114 5
vertex 224.92985560000275 -212.24851139999967 2
endloop
endfacet
facet normal 0.9396926191337776 0.3420201478648609 9.024632836498119e-13
outer loop
vertex 223.561775 -208.48974089999996 5
vertex 224.92985560000275 -212.24851139999967 2
vertex 224.80537046221178 -211.90649130000182 2
endloop
endfacet
facet normal 0.9396926191337776 0.3420201478648609 9.024632836498119e-13
outer loop
vertex 223.561775 -208.48974089999996 5
vertex 224.80537046221178 -211.90649130000182 2
vertex 223.56177500000254 -208.48974089999908 2
endloop
endfacet
facet normal 0.3420201117484954 -0.9396926322790592 0
outer loop
vertex 224.50146761688518 -208.14772079385443 5
vertex 223.561775 -208.48974089999996 5
vertex 223.56177500000254 -208.48974089999908 2
endloop
endfacet
facet normal 0.3420201117484954 -0.9396926322790592 0
outer loop
vertex 224.50146761688518 -208.14772079385443 5
vertex 223.56177500000254 -208.48974089999908 2
vertex 224.50146761688208 -208.14772079385554 2
endloop
endfacet
facet normal 0.34202041428486213 -0.939692522164783 2.19098877322197e-13
outer loop
vertex 237.8829482 -199.52602875000002 5
vertex 223.29584660738269 -204.835304297313 5
vertex 223.29584660737984 -204.83530429731474 2
endloop
endfacet
facet normal 0.34202041428486213 -0.939692522164783 2.19098877322197e-13
outer loop
vertex 237.8829482 -199.52602875000002 5
vertex 223.29584660737984 -204.83530429731474 2
vertex 223.47421212444453 -204.77038450003886 2
endloop
endfacet
facet normal 0.34202041428486213 -0.939692522164783 2.19098877322197e-13
outer loop
vertex 237.8829482 -199.52602875000002 5
vertex 223.47421212444453 -204.77038450003886 2
vertex 223.5367832385668 -204.74761045654103 2
endloop
endfacet
facet normal 0.34202041428486213 -0.939692522164783 2.19098877322197e-13
outer loop
vertex 237.8829482 -199.52602875000002 5
vertex 223.5367832385668 -204.74761045654103 2
vertex 223.55768657853787 -204.74000225616888 2
endloop
endfacet
facet normal 0.34202041428486213 -0.939692522164783 2.19098877322197e-13
outer loop
vertex 237.8829482 -199.52602875000002 5
vertex 223.55768657853787 -204.74000225616888 2
vertex 237.88294820001101 -199.52602874999673 2
endloop
endfacet
facet normal 0.4127570477886591 -0.9108411604120615 0
outer loop
vertex 238.16108009696933 -199.39999041787524 5
vertex 237.8829482 -199.52602875000002 5
vertex 237.88294820001101 -199.52602874999673 2
endloop
endfacet
facet normal 0.4127570477886591 -0.9108411604120615 0
outer loop
vertex 238.16108009696933 -199.39999041787524 5
vertex 237.88294820001101 -199.52602874999673 2
vertex 238.1610800969611 -199.39999041788064 2
endloop
endfacet
facet normal 0.5466063488144653 -0.8373896938915114 0
outer loop
vertex 238.41678306054501 -199.23308023935178 5
vertex 238.16108009696933 -199.39999041787524 5
vertex 238.1610800969611 -199.39999041788064 2
endloop
endfacet
facet normal 0.5466063488144653 -0.8373896938915114 0
outer loop
vertex 238.41678306054501 -199.23308023935178 5
vertex 238.1610800969611 -199.39999041788064 2
vertex 238.41678306054317 -199.233080239353 2
endloop
endfacet
facet normal 0.6677138440804173 -0.7444180427846655 0
outer loop
vertex 238.6440964620213 -199.02918901642687 5
vertex 238.41678306054501 -199.23308023935178 5
vertex 238.41678306054317 -199.233080239353 2
endloop
endfacet
facet normal 0.6677138440804173 -0.7444180427846655 0
outer loop
vertex 238.6440964620213 -199.02918901642687 5
vertex 238.41678306054317 -199.233080239353 2
vertex 238.6440964620233 -199.02918901642465 2
endloop
endfacet
facet normal 0.7732564266392303 -0.6340934463161787 0
outer loop
vertex 238.8377214547699 -198.7930696071022 5
vertex 238.6440964620213 -199.02918901642687 5
vertex 238.6440964620233 -199.02918901642465 2
endloop
endfacet
facet normal 0.7732564266392303 -0.6340934463161787 0
outer loop
vertex 238.8377214547699 -198.7930696071022 5
vertex 238.6440964620233 -199.02918901642465 2
vertex 238.8377214547765 -198.79306960709437 2
endloop
endfacet
facet normal 0.8607738193841892 -0.5089876539394205 0
outer loop
vertex 238.99314449434766 -198.53022613268354 5
vertex 238.8377214547699 -198.7930696071022 5
vertex 238.8377214547765 -198.79306960709437 2
endloop
endfacet
facet normal 0.8607738193841892 -0.5089876539394205 0
outer loop
vertex 238.99314449434766 -198.53022613268354 5
vertex 238.8377214547765 -198.79306960709437 2
vertex 238.99314449434186 -198.53022613269658 2
endloop
endfacet
facet normal 0.9282259259619705 -0.3720169759191673 0
outer loop
vertex 239.10674255261998 -198.24678567256268 5
vertex 238.99314449434766 -198.53022613268354 5
vertex 238.99314449434186 -198.53022613269658 2
endloop
endfacet
facet normal 0.9282259259619705 -0.3720169759191673 0
outer loop
vertex 239.10674255261998 -198.24678567256268 5
vertex 238.99314449434186 -198.53022613269658 2
vertex 239.1067425526322 -198.24678567253073 2
endloop
endfacet
facet normal 0.9740403869552582 -0.22637430194271382 0
outer loop
vertex 239.17586757327223 -197.94935543738768 5
vertex 239.10674255261998 -198.24678567256268 5
vertex 239.1067425526322 -198.24678567253073 2
endloop
endfacet
facet normal 0.9740403869552582 -0.22637430194271382 0
outer loop
vertex 239.17586757327223 -197.94935543738768 5
vertex 239.1067425526322 -198.24678567253073 2
vertex 239.1758675732672 -197.94935543742992 2
endloop
endfacet
facet normal 0 0 1
outer loop
vertex 239.19890640000003 -197.6448674999999 5
vertex 239.19877164211516 -197.64664850000003 5
vertex 239.17586757327223 -197.94935543738768 5
endloop
endfacet
facet normal 0 0 1
outer loop
vertex 239.19890640000003 -197.6448674999999 5
vertex 239.17586757327223 -197.94935543738768 5
vertex 239.1758675732672 -197.94935543742992 2
endloop
endfacet
facet normal 0 0 1
outer loop
vertex 239.19890640000003 -197.6448674999999 5
vertex 239.1758675732672 -197.94935543742992 2
vertex 239.1989063999971 -197.6448675000142 2
endloop
endfacet
facet normal 0.9999996034950255 0.0008905109722646674 -9.80052864080675e-13
outer loop
vertex 239.1218105 -111.07 5
vertex 239.19890640000003 -197.6448674999999 5
vertex 239.1989063999971 -197.6448675000142 2
endloop
endfacet
facet normal 0.9999996034950255 0.0008905109722646674 -9.80052864080675e-13
outer loop
vertex 239.1218105 -111.07 5
vertex 239.1989063999971 -197.6448675000142 2
vertex 239.18457373820883 -181.54999999999998 2
endloop
endfacet
facet normal 0.9999996034950255 0.0008905109722646674 -9.80052864080675e-13
outer loop
vertex 239.1218105 -111.07 5
vertex 239.18457373820883 -181.54999999999998 2
vertex 239.18455577173717 -181.52982454442252 2
endloop
endfacet
facet normal 0.9999996034950255 0.0008905109722646674 -9.80052864080675e-13
outer loop
vertex 239.1218105 -111.07 5
vertex 239.18455577173717 -181.52982454442252 2
vertex 239.18450256276353 -181.47007350913586 2
endloop
endfacet
facet normal 0.9999996034950255 0.0008905109722646674 -9.80052864080675e-13
outer loop
vertex 239.1218105 -111.07 5
vertex 239.18450256276353 -181.47007350913586 2
vertex 239.184416156079 -181.37304309293623 2
endloop
endfacet
facet normal 0.9999996034950255 0.0008905109722646674 -9.80052864080675e-13
outer loop
vertex 239.1218105 -111.07 5
vertex 239.184416156079 -181.37304309293623 2
vertex 239.18429987224394 -181.24246212022734 2
endloop
endfacet
facet normal 0.9999996034950255 0.0008905109722646674 -9.80052864080675e-13
outer loop
vertex 239.1218105 -111.07 5
vertex 239.18429987224394 -181.24246212022734 2
vertex 239.18415817998098 -181.08334874465086 2
endloop
endfacet
facet normal 0.9999996034950255 0.0008905109722646674 -9.80052864080675e-13
outer loop
vertex 239.1218105 -111.07 5
vertex 239.18415817998098 -181.08334874465086 2
vertex 239.18399652444432 -180.90181760400586 2
endloop
endfacet
facet normal 0.9999996034950255 0.0008905109722646674 -9.80052864080675e-13
outer loop
vertex 239.1218105 -111.07 5
vertex 239.18399652444432 -180.90181760400586 2
vertex 239.18382111796555 -180.70484483813468 2
endloop
endfacet
facet normal 0.9999996034950255 0.0008905109722646674 -9.80052864080675e-13
outer loop
vertex 239.1218105 -111.07 5
vertex 239.18382111796555 -180.70484483813468 2
vertex 239.18363870131728 -180.50000000004133 2
endloop
endfacet
facet normal 0.9999996034950255 0.0008905109722646674 -9.80052864080675e-13
outer loop
vertex 239.1218105 -111.07 5
vertex 239.18363870131728 -180.50000000004133 2
vertex 239.18345628466892 -180.29515516180734 2
endloop
endfacet
facet normal 0.9999996034950255 0.0008905109722646674 -9.80052864080675e-13
outer loop
vertex 239.1218105 -111.07 5
vertex 239.18345628466892 -180.29515516180734 2
vertex 239.18328087819023 -180.0981823960601 2
endloop
endfacet
facet normal 0.9999996034950255 0.0008905109722646674 -9.80052864080675e-13
outer loop
vertex 239.1218105 -111.07 5
vertex 239.18328087819023 -180.0981823960601 2
vertex 239.18311922265354 -179.91665125534803 2
endloop
endfacet
facet normal 0.9999996034950255 0.0008905109722646674 -9.80052864080675e-13
outer loop
vertex 239.1218105 -111.07 5
vertex 239.18311922265354 -179.91665125534803 2
vertex 239.18297753039053 -179.75753787971325 2
endloop
endfacet
facet normal 0.9999996034950255 0.0008905109722646674 -9.80052864080675e-13
outer loop
vertex 239.1218105 -111.07 5
vertex 239.18297753039053 -179.75753787971325 2
vertex 239.18286124655552 -179.62695690709012 2
endloop
endfacet
facet normal 0.9999996034950255 0.0008905109722646674 -9.80052864080675e-13
outer loop
vertex 239.1218105 -111.07 5
vertex 239.18286124655552 -179.62695690709012 2
vertex 239.18277483987097 -179.52992649086463 2
endloop
endfacet
facet normal 0.9999996034950255 0.0008905109722646674 -9.80052864080675e-13
outer loop
vertex 239.1218105 -111.07 5
vertex 239.18277483987097 -179.52992649086463 2
vertex 239.18272163089736 -179.47017545558492 2
endloop
endfacet
facet normal 0.9999996034950255 0.0008905109722646674 -9.80052864080675e-13
outer loop
vertex 239.1218105 -111.07 5
vertex 239.18272163089736 -179.47017545558492 2
vertex 239.18270366442567 -179.45000000000022 2
endloop
endfacet
facet normal 0.9999996034950255 0.0008905109722646674 -9.80052864080675e-13
outer loop
vertex 239.1218105 -111.07 5
vertex 239.18270366442567 -179.45000000000022 2
vertex 239.17439519376046 -170.12000000000006 2
endloop
endfacet
facet normal 0.9999996034950255 0.0008905109722646674 -9.80052864080675e-13
outer loop
vertex 239.1218105 -111.07 5
vertex 239.17439519376046 -170.12000000000006 2
vertex 239.17437722728877 -170.09982454442533 2
endloop
endfacet
facet normal 0.9999996034950255 0.0008905109722646674 -9.80052864080675e-13
outer loop
vertex 239.1218105 -111.07 5
vertex 239.17437722728877 -170.09982454442533 2
vertex 239.17432401831513 -170.040073509133 2
endloop
endfacet
facet normal 0.9999996034950255 0.0008905109722646674 -9.80052864080675e-13
outer loop
vertex 239.1218105 -111.07 5
vertex 239.17432401831513 -170.040073509133 2
vertex 239.17423761163062 -169.94304309291553 2
endloop
endfacet
facet normal 0.9999996034950255 0.0008905109722646674 -9.80052864080675e-13
outer loop
vertex 239.1218105 -111.07 5
vertex 239.17423761163062 -169.94304309291553 2
vertex 239.17412132779558 -169.8124621202374 2
endloop
endfacet
facet normal 0.9999996034950255 0.0008905109722646674 -9.80052864080675e-13
outer loop
vertex 239.1218105 -111.07 5
vertex 239.17412132779558 -169.8124621202374 2
vertex 239.17397963553262 -169.6533487446802 2
endloop
endfacet
facet normal 0.9999996034950255 0.0008905109722646674 -9.80052864080675e-13
outer loop
vertex 239.1218105 -111.07 5
vertex 239.17397963553262 -169.6533487446802 2
vertex 239.17381797999596 -169.4718176040124 2
endloop
endfacet
facet normal 0.9999996034950255 0.0008905109722646674 -9.80052864080675e-13
outer loop
vertex 239.1218105 -111.07 5
vertex 239.17381797999596 -169.4718176040124 2
vertex 239.17364257351713 -169.27484483809886 2
endloop
endfacet
facet normal 0.9999996034950255 0.0008905109722646674 -9.80052864080675e-13
outer loop
vertex 239.1218105 -111.07 5
vertex 239.17364257351713 -169.27484483809886 2
vertex 239.17346015686886 -169.0700000000022 2
endloop
endfacet
facet normal 0.9999996034950255 0.0008905109722646674 -9.80052864080675e-13
outer loop
vertex 239.1218105 -111.07 5
vertex 239.17346015686886 -169.0700000000022 2
vertex 239.1732777402206 -168.8651551618977 2
endloop
endfacet
facet normal 0.9999996034950255 0.0008905109722646674 -9.80052864080675e-13
outer loop
vertex 239.1218105 -111.07 5
vertex 239.1732777402206 -168.8651551618977 2
vertex 239.1731023337418 -168.66818239602256 2
endloop
endfacet
facet normal 0.9999996034950255 0.0008905109722646674 -9.80052864080675e-13
outer loop
vertex 239.1218105 -111.07 5
vertex 239.1731023337418 -168.66818239602256 2
vertex 239.1729406782051 -168.48665125530601 2
endloop
endfacet
facet normal 0.9999996034950255 0.0008905109722646674 -9.80052864080675e-13
outer loop
vertex 239.1218105 -111.07 5
vertex 239.1729406782051 -168.48665125530601 2
vertex 239.17279898594217 -168.327537879751 2
endloop
endfacet
facet normal 0.9999996034950255 0.0008905109722646674 -9.80052864080675e-13
outer loop
vertex 239.1218105 -111.07 5
vertex 239.17279898594217 -168.327537879751 2
vertex 239.17268270210712 -168.1969569070842 2
endloop
endfacet
facet normal 0.9999996034950255 0.0008905109722646674 -9.80052864080675e-13
outer loop
vertex 239.1218105 -111.07 5
vertex 239.17268270210712 -168.1969569070842 2
vertex 239.17259629542258 -168.09992649085655 2
endloop
endfacet
facet normal 0.9999996034950255 0.0008905109722646674 -9.80052864080675e-13
outer loop
vertex 239.1218105 -111.07 5
vertex 239.17259629542258 -168.09992649085655 2
vertex 239.17254308644897 -168.04017545557855 2
endloop
endfacet
facet normal 0.9999996034950255 0.0008905109722646674 -9.80052864080675e-13
outer loop
vertex 239.1218105 -111.07 5
vertex 239.17254308644897 -168.04017545557855 2
vertex 239.17252511997728 -168.0200000000003 2
endloop
endfacet
facet normal 0.9999996034950255 0.0008905109722646674 -9.80052864080675e-13
outer loop
vertex 239.1218105 -111.07 5
vertex 239.17252511997728 -168.0200000000003 2
vertex 239.15073430784673 -143.54999999999708 2
endloop
endfacet
facet normal 0.9999996034950255 0.0008905109722646674 -9.80052864080675e-13
outer loop
vertex 239.1218105 -111.07 5
vertex 239.15073430784673 -143.54999999999708 2
vertex 239.15071634137504 -143.52982454442193 2
endloop
endfacet
facet normal 0.9999996034950255 0.0008905109722646674 -9.80052864080675e-13
outer loop
vertex 239.1218105 -111.07 5
vertex 239.15071634137504 -143.52982454442193 2
vertex 239.1506631324014 -143.47007350913017 2
endloop
endfacet
facet normal 0.9999996034950255 0.0008905109722646674 -9.80052864080675e-13
outer loop
vertex 239.1218105 -111.07 5
vertex 239.1506631324014 -143.47007350913017 2
vertex 239.1505767257169 -143.3730430929287 2
endloop
endfacet
facet normal 0.9999996034950255 0.0008905109722646674 -9.80052864080675e-13
outer loop
vertex 239.1218105 -111.07 5
vertex 239.1505767257169 -143.3730430929287 2
vertex 239.15046044188185 -143.24246212024138 2
endloop
endfacet
facet normal 0.9999996034950255 0.0008905109722646674 -9.80052864080675e-13
outer loop
vertex 239.1218105 -111.07 5
vertex 239.15046044188185 -143.24246212024138 2
vertex 239.15031874961892 -143.0833487446979 2
endloop
endfacet
facet normal 0.9999996034950255 0.0008905109722646674 -9.80052864080675e-13
outer loop
vertex 239.1218105 -111.07 5
vertex 239.15031874961892 -143.0833487446979 2
vertex 239.1501570940822 -142.90181760399255 2
endloop
endfacet
facet normal 0.9999996034950255 0.0008905109722646674 -9.80052864080675e-13
outer loop
vertex 239.1218105 -111.07 5
vertex 239.1501570940822 -142.90181760399255 2
vertex 239.14998168760337 -142.7048448380755 2
endloop
endfacet
facet normal 0.9999996034950255 0.0008905109722646674 -9.80052864080675e-13
outer loop
vertex 239.1218105 -111.07 5
vertex 239.14998168760337 -142.7048448380755 2
vertex 239.14979927095519 -142.50000000004104 2
endloop
endfacet
facet normal 0.9999996034950255 0.0008905109722646674 -9.80052864080675e-13
outer loop
vertex 239.1218105 -111.07 5
vertex 239.14979927095519 -142.50000000004104 2
vertex 239.14961685430683 -142.29515516183594 2
endloop
endfacet
facet normal 0.9999996034950255 0.0008905109722646674 -9.80052864080675e-13
outer loop
vertex 239.1218105 -111.07 5
vertex 239.14961685430683 -142.29515516183594 2
vertex 239.14944144782805 -142.09818239597317 2
endloop
endfacet
facet normal 0.9999996034950255 0.0008905109722646674 -9.80052864080675e-13
outer loop
vertex 239.1218105 -111.07 5
vertex 239.14944144782805 -142.09818239597317 2
vertex 239.14927979229145 -141.91665125539157 2
endloop
endfacet
facet normal 0.9999996034950255 0.0008905109722646674 -9.80052864080675e-13
outer loop
vertex 239.1218105 -111.07 5
vertex 239.14927979229145 -141.91665125539157 2
vertex 239.1491381000284 -141.75753787970075 2
endloop
endfacet
facet normal 0.9999996034950255 0.0008905109722646674 -9.80052864080675e-13
outer loop
vertex 239.1218105 -111.07 5
vertex 239.1491381000284 -141.75753787970075 2
vertex 239.14902181619345 -141.62695690712653 2
endloop
endfacet
facet normal 0.9999996034950255 0.0008905109722646674 -9.80052864080675e-13
outer loop
vertex 239.1218105 -111.07 5
vertex 239.14902181619345 -141.62695690712653 2
vertex 239.14893540950885 -141.5299264908414 2
endloop
endfacet
facet normal 0.9999996034950255 0.0008905109722646674 -9.80052864080675e-13
outer loop
vertex 239.1218105 -111.07 5
vertex 239.14893540950885 -141.5299264908414 2
vertex 239.14888220053524 -141.47017545557495 2
endloop
endfacet
facet normal 0.9999996034950255 0.0008905109722646674 -9.80052864080675e-13
outer loop
vertex 239.1218105 -111.07 5
vertex 239.14888220053524 -141.47017545557495 2
vertex 239.14886423406355 -141.44999999999612 2
endloop
endfacet
facet normal 0.9999996034950255 0.0008905109722646674 -9.80052864080675e-13
outer loop
vertex 239.1218105 -111.07 5
vertex 239.14886423406355 -141.44999999999612 2
vertex 239.14055576339834 -132.12000000000023 2
endloop
endfacet
facet normal 0.9999996034950255 0.0008905109722646674 -9.80052864080675e-13
outer loop
vertex 239.1218105 -111.07 5
vertex 239.14055576339834 -132.12000000000023 2
vertex 239.14053779692665 -132.0998245444237 2
endloop
endfacet
facet normal 0.9999996034950255 0.0008905109722646674 -9.80052864080675e-13
outer loop
vertex 239.1218105 -111.07 5
vertex 239.14053779692665 -132.0998245444237 2
vertex 239.14048458795304 -132.0400735091323 2
endloop
endfacet
facet normal 0.9999996034950255 0.0008905109722646674 -9.80052864080675e-13
outer loop
vertex 239.1218105 -111.07 5
vertex 239.14048458795304 -132.0400735091323 2
vertex 239.1403981812685 -131.9430430929175 2
endloop
endfacet
facet normal 0.9999996034950255 0.0008905109722646674 -9.80052864080675e-13
outer loop
vertex 239.1218105 -111.07 5
vertex 239.1403981812685 -131.9430430929175 2
vertex 239.14028189743345 -131.81246212025417 2
endloop
endfacet
facet normal 0.9999996034950255 0.0008905109722646674 -9.80052864080675e-13
outer loop
vertex 239.1218105 -111.07 5
vertex 239.14028189743345 -131.81246212025417 2
vertex 239.14014020517047 -131.6533487446587 2
endloop
endfacet
facet normal 0.9999996034950255 0.0008905109722646674 -9.80052864080675e-13
outer loop
vertex 239.1218105 -111.07 5
vertex 239.14014020517047 -131.6533487446587 2
vertex 239.1399785496338 -131.47181760398067 2
endloop
endfacet
facet normal 0.9999996034950255 0.0008905109722646674 -9.80052864080675e-13
outer loop
vertex 239.1218105 -111.07 5
vertex 239.1399785496338 -131.47181760398067 2
vertex 239.13980314315504 -131.27484483812947 2
endloop
endfacet
facet normal 0.9999996034950255 0.0008905109722646674 -9.80052864080675e-13
outer loop
vertex 239.1218105 -111.07 5
vertex 239.13980314315504 -131.27484483812947 2
vertex 239.13962072650676 -131.0700000000067 2
endloop
endfacet
facet normal 0.9999996034950255 0.0008905109722646674 -9.80052864080675e-13
outer loop
vertex 239.1218105 -111.07 5
vertex 239.13962072650676 -131.0700000000067 2
vertex 239.1394383098585 -130.86515516188382 2
endloop
endfacet
facet normal 0.9999996034950255 0.0008905109722646674 -9.80052864080675e-13
outer loop
vertex 239.1218105 -111.07 5
vertex 239.1394383098585 -130.86515516188382 2
vertex 239.1392629033797 -130.66818239600866 2
endloop
endfacet
facet normal 0.9999996034950255 0.0008905109722646674 -9.80052864080675e-13
outer loop
vertex 239.1218105 -111.07 5
vertex 239.1392629033797 -130.66818239600866 2
vertex 239.13910124784303 -130.4866512553492 2
endloop
endfacet
facet normal 0.9999996034950255 0.0008905109722646674 -9.80052864080675e-13
outer loop
vertex 239.1218105 -111.07 5
vertex 239.13910124784303 -130.4866512553492 2
vertex 239.13895955558004 -130.3275378797475 2
endloop
endfacet
facet normal 0.9999996034950255 0.0008905109722646674 -9.80052864080675e-13
outer loop
vertex 239.1218105 -111.07 5
vertex 239.13895955558004 -130.3275378797475 2
vertex 239.138843271745 -130.1969569070674 2
endloop
endfacet
facet normal 0.9999996034950255 0.0008905109722646674 -9.80052864080675e-13
outer loop
vertex 239.1218105 -111.07 5
vertex 239.138843271745 -130.1969569070674 2
vertex 239.1387568650605 -130.0999264908695 2
endloop
endfacet
facet normal 0.9999996034950255 0.0008905109722646674 -9.80052864080675e-13
outer loop
vertex 239.1218105 -111.07 5
vertex 239.1387568650605 -130.0999264908695 2
vertex 239.13870365608685 -130.04017545557608 2
endloop
endfacet
facet normal 0.9999996034950255 0.0008905109722646674 -9.80052864080675e-13
outer loop
vertex 239.1218105 -111.07 5
vertex 239.13870365608685 -130.04017545557608 2
vertex 239.13868568961516 -130.01999999999995 2
endloop
endfacet
facet normal 0.9999996034950255 0.0008905109722646674 -9.80052864080675e-13
outer loop
vertex 239.1218105 -111.07 5
vertex 239.13868568961516 -130.01999999999995 2
vertex 239.12181050000038 -111.07 2
endloop
endfacet
facet normal 0 1 0
outer loop
vertex 150.8781903 -111.07 5
vertex 150.87819030000023 -111.07 2
vertex 148.87818949999857 -111.07 2
endloop
endfacet
facet normal 0 1 0
outer loop
vertex 150.8781903 -111.07 5
vertex 148.87818949999857 -111.07 2
vertex 148.8781895 -111.07 5
endloop
endfacet
facet normal 0 1 0
outer loop
vertex 239.1218105 -111.07 5
vertex 239.12181050000038 -111.07 2
vertex 237.12180970000136 -111.07 2
endloop
endfacet
facet normal 0 1 0
outer loop
vertex 239.1218105 -111.07 5
vertex 237.12180970000136 -111.07 2
vertex 237.1218097 -111.07 5
endloop
endfacet
facet normal -0.9999996034948814 -0.0008905111339627103 -4.547480867070505e-13
outer loop
vertex 237.19890719999998 -197.64664850000003 5
vertex 237.1218097 -111.07 5
vertex 237.12180970000136 -111.07 2
endloop
endfacet
facet normal -0.9999996034948814 -0.0008905111339627103 -4.547480867070505e-13
outer loop
vertex 237.19890719999998 -197.64664850000003 5
vertex 237.12180970000136 -111.07 2
vertex 237.19766051856135 -196.2466874 2
endloop
endfacet
facet normal -0.9999996034948814 -0.0008905111339627103 -4.547480867070505e-13
outer loop
vertex 237.19890719999998 -197.64664850000003 5
vertex 237.19766051856135 -196.2466874 2
vertex 237.19890720000234 -197.64664849999994 2
endloop
endfacet
facet normal -0.34202033438825324 0.9396925512447928 0
outer loop
vertex 222.1419556499998 -203.1269341500001 5
vertex 237.19890719999998 -197.64664850000003 5
vertex 237.19890720000234 -197.64664849999994 2
endloop
endfacet
facet normal -0.34202033438825324 0.9396925512447928 0
outer loop
vertex 222.1419556499998 -203.1269341500001 5
vertex 237.19890720000234 -197.64664849999994 2
vertex 222.14195564997476 -203.12693415000993 2
endloop
endfacet
facet normal -0.42262453218935886 0.9063048630520117 0
outer loop
vertex 221.9049883281012 -203.2374358229408 5
vertex 222.1419556499998 -203.1269341500001 5
vertex 222.14195564997476 -203.12693415000993 2
endloop
endfacet
facet normal -0.42262453218935886 0.9063048630520117 0
outer loop
vertex 221.9049883281012 -203.2374358229408 5
vertex 222.14195564997476 -203.12693415000993 2
vertex 221.90498832811758 -203.23743582293133 2
endloop
endfacet
facet normal -0.573581076390664 0.8191487952786888 0
outer loop
vertex 221.69080929832154 -203.3874074021574 5
vertex 221.9049883281012 -203.2374358229408 5
vertex 221.90498832811758 -203.23743582293133 2
endloop
endfacet
facet normal -0.573581076390664 0.8191487952786888 0
outer loop
vertex 221.69080929832154 -203.3874074021574 5
vertex 221.90498832811758 -203.23743582293133 2
vertex 221.69080929831424 -203.38740740216454 2
endloop
endfacet
facet normal -0.7071098996772023 0.7071036626821396 0
outer loop
vertex 221.50592618880486 -203.57229214243222 5
vertex 221.69080929832154 -203.3874074021574 5
vertex 221.69080929831424 -203.38740740216454 2
endloop
endfacet
facet normal -0.7071098996772023 0.7071036626821396 0
outer loop
vertex 221.50592618880486 -203.57229214243222 5
vertex 221.69080929831424 -203.38740740216454 2
vertex 221.5059261888033 -203.5722921424336 2
endloop
endfacet
facet normal -0.8191538544860892 0.5735738511129869 0
outer loop
vertex 221.35595649874787 -203.78647249501958 5
vertex 221.50592618880486 -203.57229214243222 5
vertex 221.5059261888033 -203.5722921424336 2
endloop
endfacet
facet normal -0.8191538544860892 0.5735738511129869 0
outer loop
vertex 221.35595649874787 -203.78647249501958 5
vertex 221.5059261888033 -203.5722921424336 2
vertex 221.35595649875629 -203.78647249500673 2
endloop
endfacet
facet normal -0.9063085907524124 0.42261653816240596 0
outer loop
vertex 221.24545691596794 -204.0234407915833 5
vertex 221.35595649874787 -203.78647249501958 5
vertex 221.35595649875629 -203.78647249500673 2
endloop
endfacet
facet normal -0.9063085907524124 0.42261653816240596 0
outer loop
vertex 221.24545691596794 -204.0234407915833 5
vertex 221.35595649875629 -203.78647249500673 2
vertex 221.24545691595483 -204.02344079161662 2
endloop
endfacet
facet normal -0.9659259938807331 0.25881841964110264 0
outer loop
vertex 221.177784866241 -204.27599697356248 5
vertex 221.24545691596794 -204.0234407915833 5
vertex 221.24545691595483 -204.02344079161662 2
endloop
endfacet
facet normal -0.9659259938807331 0.25881841964110264 0
outer loop
vertex 221.177784866241 -204.27599697356248 5
vertex 221.24545691595483 -204.02344079161662 2
vertex 221.1777848662425 -204.27599697354134 2
endloop
endfacet
facet normal -0.9961946452135808 0.08715634714573635 0
outer loop
vertex 221.15499650107648 -204.53646735918016 5
vertex 221.177784866241 -204.27599697356248 5
vertex 221.1777848662425 -204.27599697354134 2
endloop
endfacet
facet normal -0.9961946452135808 0.08715634714573635 0
outer loop
vertex 221.15499650107648 -204.53646735918016 5
vertex 221.1777848662425 -204.27599697354134 2
vertex 221.1549965010762 -204.53646735918807 2
endloop
endfacet
facet normal -0.99619486028153 -0.08715388889007154 0
outer loop
vertex 221.1777842234923 -204.79693780103042 5
vertex 221.15499650107648 -204.53646735918016 5
vertex 221.1549965010762 -204.53646735918807 2
endloop
endfacet
facet normal -0.99619486028153 -0.08715388889007154 0
outer loop
vertex 221.1777842234923 -204.79693780103042 5
vertex 221.1549965010762 -204.53646735918807 2
vertex 221.177784223492 -204.796937801022 2
endloop
endfacet
facet normal 0 0 -1
outer loop
vertex 221.24545129999981 -205.0494982999994 5
vertex 221.18806353735917 -204.835304297313 5
vertex 221.1777842234923 -204.79693780103042 5
endloop
endfacet
facet normal 0 0 -1
outer loop
vertex 221.24545129999981 -205.0494982999994 5
vertex 221.1777842234923 -204.79693780103042 5
vertex 221.177784223492 -204.796937801022 2
endloop
endfacet
facet normal 0 0 -1
outer loop
vertex 221.24545129999981 -205.0494982999994 5
vertex 221.177784223492 -204.796937801022 2
vertex 221.2454512999975 -205.04949830001243 2
endloop
endfacet
facet normal -0.9063099710547243 -0.4226135780672277 0
outer loop
vertex 227.87144146798116 -223.18760555661123 5
vertex 227.76094210000002 -222.9506357000001 5
vertex 227.76094210002006 -222.95063570005115 2
endloop
endfacet
facet normal -0.9063099710547243 -0.4226135780672277 0
outer loop
vertex 227.87144146798116 -223.18760555661123 5
vertex 227.76094210002006 -222.95063570005115 2
vertex 227.87144146798258 -223.18760555662243 2
endloop
endfacet
facet normal -0.8191552199659811 -0.5735719009875615 0
outer loop
vertex 228.02141140704637 -223.4017873500563 5
vertex 227.87144146798116 -223.18760555661123 5
vertex 227.87144146798258 -223.18760555662243 2
endloop
endfacet
facet normal -0.8191552199659811 -0.5735719009875615 0
outer loop
vertex 228.02141140704637 -223.4017873500563 5
vertex 227.87144146798258 -223.18760555662243 2
vertex 228.02141140702824 -223.40178735006006 2
endloop
endfacet
facet normal -0.7071109569479995 -0.7071026054004358 0
outer loop
vertex 228.2062951756934 -223.58667330235494 5
vertex 228.02141140704637 -223.4017873500563 5
vertex 228.02141140702824 -223.40178735006006 2
endloop
endfacet
facet normal -0.7071109569479995 -0.7071026054004358 0
outer loop
vertex 228.2062951756934 -223.58667330235494 5
vertex 228.02141140702824 -223.40178735006006 2
vertex 228.2062951756853 -223.58667330235397 2
endloop
endfacet
facet normal -0.5735815758848095 -0.8191484455246794 0
outer loop
vertex 228.42047519784802 -223.73664577108323 5
vertex 228.2062951756934 -223.58667330235494 5
vertex 228.2062951756853 -223.58667330235397 2
endloop
endfacet
facet normal -0.5735815758848095 -0.8191484455246794 0
outer loop
vertex 228.42047519784802 -223.73664577108323 5
vertex 228.2062951756853 -223.58667330235397 2
vertex 228.42047519785734 -223.7366457710894 2
endloop
endfacet
facet normal -0.4226242823486481 -0.9063049795567109 0
outer loop
vertex 228.65744374934897 -223.84714793787728 5
vertex 228.42047519784802 -223.73664577108323 5
vertex 228.42047519785734 -223.7366457710894 2
endloop
endfacet
facet normal -0.4226242823486481 -0.9063049795567109 0
outer loop
vertex 228.65744374934897 -223.84714793787728 5
vertex 228.42047519785734 -223.7366457710894 2
vertex 228.65744374935534 -223.847147937873 2
endloop
endfacet
facet normal -0.2588258179809492 -0.965924011476313 0
outer loop
vertex 228.91000069102105 -223.91482226446874 5
vertex 228.65744374934897 -223.84714793787728 5
vertex 228.65744374935534 -223.847147937873 2
endloop
endfacet
facet normal -0.2588258179809492 -0.965924011476313 0
outer loop
vertex 228.91000069102105 -223.91482226446874 5
vertex 228.65744374935534 -223.847147937873 2
vertex 228.91000069100204 -223.91482226446954 2
endloop
endfacet
facet normal -0.0871630952563009 -0.9961940548032503 0
outer loop
vertex 229.17047224033996 -223.93761250935663 5
vertex 228.91000069102105 -223.91482226446874 5
vertex 228.91000069100204 -223.91482226446954 2
endloop
endfacet
facet normal -0.0871630952563009 -0.9961940548032503 0
outer loop
vertex 229.17047224033996 -223.93761250935663 5
vertex 228.91000069100204 -223.91482226446954 2
vertex 229.17047224036244 -223.93761250935597 2
endloop
endfacet
facet normal 0.08714802284731595 -0.9961953734653679 0
outer loop
vertex 229.43094413444484 -223.91482620540143 5
vertex 229.17047224033996 -223.93761250935663 5
vertex 229.17047224036244 -223.93761250935597 2
endloop
endfacet
facet normal 0.08714802284731595 -0.9961953734653679 0
outer loop
vertex 229.43094413444484 -223.91482620540143 5
vertex 229.17047224036244 -223.93761250935597 2
vertex 229.430944134483 -223.91482620539946 2
endloop
endfacet
facet normal 0.2588245396097483 -0.9659243540235446 0
outer loop
vertex 229.68350420000047 -223.84715139999977 5
vertex 229.43094413444484 -223.91482620540143 5
vertex 229.430944134483 -223.91482620539946 2
endloop
endfacet
facet normal 0.2588245396097483 -0.9659243540235446 0
outer loop
vertex 229.68350420000047 -223.84715139999977 5
vertex 229.430944134483 -223.91482620539946 2
vertex 229.6835042000221 -223.84715139998195 2
endloop
endfacet
facet normal 0 0 -1
outer loop
vertex 247.52310679999977 -217.35406700000004 5
vertex 235.3169189335136 -221.79675609999998 5
vertex 229.68350420000047 -223.84715139999977 5
endloop
endfacet
facet normal 0 0 -1
outer loop
vertex 247.52310679999977 -217.35406700000004 5
vertex 229.68350420000047 -223.84715139999977 5
vertex 229.6835042000221 -223.84715139998195 2
endloop
endfacet
facet normal 0 0 -1
outer loop
vertex 247.52310679999977 -217.35406700000004 5
vertex 229.6835042000221 -223.84715139998195 2
vertex 242.27748229039491 -219.26331820000016 2
endloop
endfacet
facet normal 0 0 -1
outer loop
vertex 247.52310679999977 -217.35406700000004 5
vertex 242.27748229039491 -219.26331820000016 2
vertex 247.52310680002947 -217.35406699998669 2
endloop
endfacet
facet normal 0.2588190439613786 -0.9659258265948364 -1.7386940649620892e-12
outer loop
vertex 274.9496213867793 -210.0051546 5
vertex 247.52310679999977 -217.35406700000004 5
vertex 247.52310680002947 -217.35406699998669 2
endloop
endfacet
facet normal 0.2588190439613786 -0.9659258265948364 -1.7386940649620892e-12
outer loop
vertex 274.9496213867793 -210.0051546 5
vertex 247.52310680002947 -217.35406699998669 2
vertex 267.65550637724346 -211.95960679999993 2
endloop
endfacet
facet normal 0.2588190439613786 -0.9659258265948364 -1.7386940649620892e-12
outer loop
vertex 274.9496213867793 -210.0051546 5
vertex 267.65550637724346 -211.95960679999993 2
vertex 274.9496213000154 -210.00515459999593 2
endloop
endfacet
facet normal 0.17364818137757057 -0.9848077523579221 -5.0234664501526474e-9
outer loop
vertex 293.4672272432404 -206.74000099743935 5
vertex 274.9496213867793 -210.0051546 5
vertex 274.9496213000154 -210.00515459999593 2
endloop
endfacet
facet normal 0.17364818137757057 -0.9848077523579221 -5.0234664501526474e-9
outer loop
vertex 293.4672272432404 -206.74000099743935 5
vertex 274.9496213000154 -210.00515459999593 2
vertex 282.1246694575135 -208.74 2
endloop
endfacet
facet normal 0.17364818137757057 -0.9848077523579221 -5.0234664501526474e-9
outer loop
vertex 293.4672272432404 -206.74000099743935 5
vertex 282.1246694575135 -208.74 2
vertex 293.46723290000085 -206.7399994571124 2
endloop
endfacet
facet normal 7.833591553207953e-9 -1 0
outer loop
vertex 357.2946583499999 -206.74000099743935 5
vertex 293.4672272432404 -206.74000099743935 5
vertex 293.46723290000085 -206.7399994571124 2
endloop
endfacet
facet normal 7.833591553207953e-9 -1 0
outer loop
vertex 357.2946583499999 -206.74000099743935 5
vertex 293.46723290000085 -206.7399994571124 2
vertex 357.2946583500426 -206.7399994571124 2
endloop
endfacet
facet normal 7.833591553207953e-9 -1 0
outer loop
vertex 94.53276709999997 -206.74000099743935 5
vertex 30.70534164999961 -206.74000205837757 5
vertex 30.705341649942742 -206.74000164859874 2
endloop
endfacet
facet normal 7.833591553207953e-9 -1 0
outer loop
vertex 94.53276709999997 -206.74000099743935 5
vertex 30.705341649942742 -206.74000164859874 2
vertex 94.53276709998507 -206.74000164859874 2
endloop
endfacet
facet normal 0.0870754202859984 -0.9962017221336333 0
outer loop
vertex 358.4223524995071 -206.64143066615773 5
vertex 357.2946583499999 -206.74000099743935 5
vertex 357.2946583500426 -206.7399994571124 2
endloop
endfacet
facet normal 0.0870754202859984 -0.9962017221336333 0
outer loop
vertex 358.4223524995071 -206.64143066615773 5
vertex 357.2946583500426 -206.7399994571124 2
vertex 358.42235210109385 -206.64143066615873 2
endloop
endfacet
facet normal 0.25858737863450093 -0.9659878713580917 0
outer loop
vertex 359.51584475797455 -206.34871136288453 5
vertex 358.4223524995071 -206.64143066615773 5
vertex 358.42235210109385 -206.64143066615873 2
endloop
endfacet
facet normal 0.25858737863450093 -0.9659878713580917 0
outer loop
vertex 359.51584475797455 -206.34871136288453 5
vertex 358.42235210109385 -206.64143066615873 2
vertex 359.5158447579883 -206.34871136287248 2
endloop
endfacet
facet normal 0.4222565812541451 -0.9064763535733085 0
outer loop
vertex 360.5419703486852 -205.87071954085545 5
vertex 359.51584475797455 -206.34871136288453 5
vertex 359.5158447579883 -206.34871136287248 2
endloop
endfacet
facet normal 0.4222565812541451 -0.9064763535733085 0
outer loop
vertex 360.5419703486852 -205.87071954085545 5
vertex 359.5158447579883 -206.34871136287248 2
vertex 360.54197034864944 -205.87071954088003 2
endloop
endfacet
facet normal 0.5731190674782238 -0.8194721072085925 0
outer loop
vertex 361.46960767398963 -205.22195232332658 5
vertex 360.5419703486852 -205.87071954085545 5
vertex 360.54197034864944 -205.87071954088003 2
endloop
endfacet
facet normal 0.5731190674782238 -0.8194721072085925 0
outer loop
vertex 361.46960767398963 -205.22195232332658 5
vertex 360.54197034864944 -205.87071954088003 2
vertex 361.4696076740278 -205.22195232332314 2
endloop
endfacet
facet normal 0 0 1
outer loop
vertex 362.27062220935704 -204.4220863195693 5
vertex 362.22353721645396 -204.46910379983643 5
vertex 362.0205948400512 -204.6717551880935 5
endloop
endfacet
facet normal 0 0 1
outer loop
vertex 362.27062220935704 -204.4220863195693 5
vertex 362.0205948400512 -204.6717551880935 5
vertex 361.95224978184586 -204.74000225 5
endloop
endfacet
facet normal 0 0 1
outer loop
vertex 362.27062220935704 -204.4220863195693 5
vertex 361.95224978184586 -204.74000225 5
vertex 361.46960767398963 -205.22195232332658 5
endloop
endfacet
facet normal 0 0 1
outer loop
vertex 362.27062220935704 -204.4220863195693 5
vertex 361.46960767398963 -205.22195232332658 5
vertex 361.4696076740278 -205.22195232332314 2
endloop
endfacet
facet normal 0 0 1
outer loop
vertex 362.27062220935704 -204.4220863195693 5
vertex 361.4696076740278 -205.22195232332314 2
vertex 362.2706222093675 -204.42208631954313 2
endloop
endfacet
facet normal 0 0 1
outer loop
vertex 362.92071980180583 -203.4953808484891 5
vertex 362.78486401740304 -203.68904146213592 5
vertex 362.46978172279967 -204.1381870821798 5
endloop
endfacet
facet normal 0 0 1
outer loop
vertex 362.92071980180583 -203.4953808484891 5
vertex 362.46978172279967 -204.1381870821798 5
vertex 362.27062220935704 -204.4220863195693 5
endloop
endfacet
facet normal 0 0 1
outer loop
vertex 362.92071980180583 -203.4953808484891 5
vertex 362.27062220935704 -204.4220863195693 5
vertex 362.2706222093675 -204.42208631954313 2
endloop
endfacet
facet normal 0 0 1
outer loop
vertex 362.92071980180583 -203.4953808484891 5
vertex 362.2706222093675 -204.42208631954313 2
vertex 362.92071980176854 -203.49538084852648 2
endloop
endfacet
facet normal 0 0 -1
outer loop
vertex 363.40018349281854 -202.46994217219594 5
vertex 363.3890633758628 -202.49372499084325 5
vertex 363.08908764152716 -203.13528915034712 5
endloop
endfacet
facet normal 0 0 -1
outer loop
vertex 363.40018349281854 -202.46994217219594 5
vertex 363.08908764152716 -203.13528915034712 5
vertex 362.92071980180583 -203.4953808484891 5
endloop
endfacet
facet normal 0 0 -1
outer loop
vertex 363.40018349281854 -202.46994217219594 5
vertex 362.92071980180583 -203.4953808484891 5
vertex 362.92071980176854 -203.49538084852648 2
endloop
endfacet
facet normal 0 0 -1
outer loop
vertex 363.40018349281854 -202.46994217219594 5
vertex 362.92071980176854 -203.49538084852648 2
vertex 363.40018349281877 -202.46994217221567 2
endloop
endfacet
facet normal 0 0 1
outer loop
vertex 363.6944715184884 -201.37687105475405 5
vertex 363.5849119484529 -201.78380708748102 5
vertex 363.40018349281854 -202.46994217219594 5
endloop
endfacet
facet normal 0 0 1
outer loop
vertex 363.6944715184884 -201.37687105475405 5
vertex 363.40018349281854 -202.46994217219594 5
vertex 363.40018349281877 -202.46994217221567 2
endloop
endfacet
facet normal 0 0 1
outer loop
vertex 363.6944715184884 -201.37687105475405 5
vertex 363.40018349281877 -202.46994217221567 2
vertex 363.69447151849334 -201.3768710547311 2
endloop
endfacet
facet normal 0 0 -1
outer loop
vertex 363.7946567000001 -200.24931899999982 5
vertex 363.72555231608044 -201.02706665594494 5
vertex 363.6944715184884 -201.37687105475405 5
endloop
endfacet
facet normal 0 0 -1
outer loop
vertex 363.7946567000001 -200.24931899999982 5
vertex 363.6944715184884 -201.37687105475405 5
vertex 363.69447151849334 -201.3768710547311 2
endloop
endfacet
facet normal 0 0 -1
outer loop
vertex 363.7946567000001 -200.24931899999982 5
vertex 363.69447151849334 -201.3768710547311 2
vertex 363.79465669999456 -200.24931900009454 2
endloop
endfacet
facet normal 0 0 -1
outer loop
vertex 363.93032320000003 -105.62369500000003 5
vertex 363.79466080616965 -200.246455 5
vertex 363.7946567000001 -200.24931899999982 5
endloop
endfacet
facet normal 0 0 -1
outer loop
vertex 363.93032320000003 -105.62369500000003 5
vertex 363.7946567000001 -200.24931899999982 5
vertex 363.79465669999456 -200.24931900009454 2
endloop
endfacet
facet normal 0 0 -1
outer loop
vertex 363.93032320000003 -105.62369500000003 5
vertex 363.79465669999456 -200.24931900009454 2
vertex 363.93032319999736 -105.62369499994244 2
endloop
endfacet
facet normal 0 0 1
outer loop
vertex 363.8515233697127 -104.6059047399678 5
vertex 363.87559235067886 -104.91678325718014 5
vertex 363.93014951044313 -105.62145159999984 5
endloop
endfacet
facet normal 0 0 1
outer loop
vertex 363.8515233697127 -104.6059047399678 5
vertex 363.93014951044313 -105.62145159999984 5
vertex 363.93032320000003 -105.62369500000003 5
endloop
endfacet
facet normal 0 0 1
outer loop
vertex 363.8515233697127 -104.6059047399678 5
vertex 363.93032320000003 -105.62369500000003 5
vertex 363.93032319999736 -105.62369499994244 2
endloop
endfacet
facet normal 0 0 1
outer loop
vertex 363.8515233697127 -104.6059047399678 5
vertex 363.93032319999736 -105.62369499994244 2
vertex 363.85152336971424 -104.605904739963 2
endloop
endfacet
facet normal 0 0 -1
outer loop
vertex 363.61434323418706 -103.6130039342567 5
vertex 363.7615697722936 -104.22933442072024 5
vertex 363.8515233697127 -104.6059047399678 5
endloop
endfacet
facet normal 0 0 -1
outer loop
vertex 363.61434323418706 -103.6130039342567 5
vertex 363.8515233697127 -104.6059047399678 5
vertex 363.85152336971424 -104.605904739963 2
endloop
endfacet
facet normal 0 0 -1
outer loop
vertex 363.61434323418706 -103.6130039342567 5
vertex 363.85152336971424 -104.605904739963 2
vertex 363.61434323418854 -103.61300393425294 2
endloop
endfacet
facet normal 0 0 -1
outer loop
vertex 363.2246328985951 -102.66948272039767 5
vertex 363.3500373674885 -102.9730973949582 5
vertex 363.59908706421487 -103.57606747479862 5
endloop
endfacet
facet normal 0 0 -1
outer loop
vertex 363.2246328985951 -102.66948272039767 5
vertex 363.59908706421487 -103.57606747479862 5
vertex 363.61434323418706 -103.6130039342567 5
endloop
endfacet
facet normal 0 0 -1
outer loop
vertex 363.2246328985951 -102.66948272039767 5
vertex 363.61434323418706 -103.6130039342567 5
vertex 363.61434323418854 -103.61300393425294 2
endloop
endfacet
facet normal 0 0 -1
outer loop
vertex 363.2246328985951 -102.66948272039767 5
vertex 363.61434323418854 -103.61300393425294 2
vertex 363.2246328985914 -102.66948272039106 2
endloop
endfacet
facet normal 0 0 1
outer loop
vertex 362.6920046622321 -101.7986132763941 5
vertex 362.80045684204305 -101.97593712647365 5
vertex 363.0814045741399 -102.43529841928833 5
endloop
endfacet
facet normal 0 0 1
outer loop
vertex 362.6920046622321 -101.7986132763941 5
vertex 363.0814045741399 -102.43529841928833 5
vertex 363.2246328985951 -102.66948272039767 5
endloop
endfacet
facet normal 0 0 1
outer loop
vertex 362.6920046622321 -101.7986132763941 5
vertex 363.2246328985951 -102.66948272039767 5
vertex 363.2246328985914 -102.66948272039106 2
endloop
endfacet
facet normal 0 0 1
outer loop
vertex 362.6920046622321 -101.7986132763941 5
vertex 363.2246328985914 -102.66948272039106 2
vertex 362.69200466226965 -101.7986132764016 2
endloop
endfacet
facet normal 0 0 1
outer loop
vertex 362.029595928842 -101.02187580684742 5
vertex 362.109009500526 -101.11499580000002 5
vertex 362.1563428892104 -101.17049871639975 5
endloop
endfacet
facet normal 0 0 1
outer loop
vertex 362.029595928842 -101.02187580684742 5
vertex 362.1563428892104 -101.17049871639975 5
vertex 362.2971766600308 -101.33563975585112 5
endloop
endfacet
facet normal 0 0 1
outer loop
vertex 362.029595928842 -101.02187580684742 5
vertex 362.2971766600308 -101.33563975585112 5
vertex 362.5280366853176 -101.60634517204187 5
endloop
endfacet
facet normal 0 0 1
outer loop
vertex 362.029595928842 -101.02187580684742 5
vertex 362.5280366853176 -101.60634517204187 5
vertex 362.6920046622321 -101.7986132763941 5
endloop
endfacet
facet normal 0 0 1
outer loop
vertex 362.029595928842 -101.02187580684742 5
vertex 362.6920046622321 -101.7986132763941 5
vertex 362.69200466226965 -101.7986132764016 2
endloop
endfacet
facet normal 0 0 1
outer loop
vertex 362.029595928842 -101.02187580684742 5
vertex 362.69200466226965 -101.7986132764016 2
vertex 362.02959592884946 -101.02187580684897 2
endloop
endfacet
facet normal 0.649905554573395 0.7600149802041061 0
outer loop
vertex 361.2537451693861 -100.35842872853473 5
vertex 362.029595928842 -101.02187580684742 5
vertex 362.02959592884946 -101.02187580684897 2
endloop
endfacet
facet normal 0.649905554573395 0.7600149802041061 0
outer loop
vertex 361.2537451693861 -100.35842872853473 5
vertex 362.02959592884946 -101.02187580684897 2
vertex 361.25374516936523 -100.35842872853532 2
endloop
endfacet
facet normal 0.5228974403200064 0.8523956046970124 0
outer loop
vertex 360.38358892972457 -99.82463612344577 5
vertex 361.2537451693861 -100.35842872853473 5
vertex 361.25374516936523 -100.35842872853532 2
endloop
endfacet
facet normal 0.5228974403200064 0.8523956046970124 0
outer loop
vertex 360.38358892972457 -99.82463612344577 5
vertex 361.25374516936523 -100.35842872853532 2
vertex 360.3835891622211 -99.82463612344128 2
endloop
endfacet
facet normal 0.3829919347518074 0.9237516862853715 0
outer loop
vertex 359.44058982310105 -99.43366411475878 5
vertex 360.38358892972457 -99.82463612344577 5
vertex 360.3835891622211 -99.82463612344128 2
endloop
endfacet
facet normal 0.3829919347518074 0.9237516862853715 0
outer loop
vertex 359.44058982310105 -99.43366411475878 5
vertex 360.3835891622211 -99.82463612344128 2
vertex 359.44059010392317 -99.43366411476062 2
endloop
endfacet
facet normal 0.2336398408625655 0.9723232100293169 0
outer loop
vertex 358.44800714961843 -99.1951561212405 5
vertex 359.44058982310105 -99.43366411475878 5
vertex 359.44059010392317 -99.43366411476062 2
endloop
endfacet
facet normal 0.2336398408625655 0.9723232100293169 0
outer loop
vertex 358.44800714961843 -99.1951561212405 5
vertex 359.44059010392317 -99.43366411476062 2
vertex 358.44800714965646 -99.19515612124086 2
endloop
endfacet
facet normal 0.0785203416518101 0.9969125116813827 0
outer loop
vertex 357.4303263999999 -99.115 5
vertex 358.44800714961843 -99.1951561212405 5
vertex 358.44800714965646 -99.19515612124086 2
endloop
endfacet
facet normal 0.0785203416518101 0.9969125116813827 0
outer loop
vertex 357.4303263999999 -99.115 5
vertex 358.44800714965646 -99.19515612124086 2
vertex 357.43032639997585 -99.115 2
endloop
endfacet
facet normal 0 1 0
outer loop
vertex 33.69999999999999 -99.115 5
vertex 33.69999999999999 -99.115 2
vertex 30.569673600002737 -99.115 2
endloop
endfacet
facet normal 0 1 0
outer loop
vertex 33.69999999999999 -99.115 5
vertex 30.569673600002737 -99.115 2
vertex 30.569673599999987 -99.115 5
endloop
endfacet
facet normal 0 1 0
outer loop
vertex 144.38305439999993 -99.115 5
vertex 144.38305440001452 -99.115 2
vertex 45.69999999999999 -99.115 2
endloop
endfacet
facet normal 0 1 0
outer loop
vertex 144.38305439999993 -99.115 5
vertex 45.69999999999999 -99.115 2
vertex 45.69999999999999 -99.115 5
endloop
endfacet
facet normal 0 1 0
outer loop
vertex 342.3 -99.115 5
vertex 342.3 -99.115 2
vertex 243.6169456000164 -99.115 2
endloop
endfacet
facet normal 0 1 0
outer loop
vertex 342.3 -99.115 5
vertex 243.6169456000164 -99.115 2
vertex 243.61694560000004 -99.115 5
endloop
endfacet
facet normal 0 1 0
outer loop
vertex 357.4303263999999 -99.115 5
vertex 357.43032639997585 -99.115 2
vertex 354.3 -99.115 2
endloop
endfacet
facet normal 0 1 0
outer loop
vertex 357.4303263999999 -99.115 5
vertex 354.3 -99.115 2
vertex 354.3 -99.115 5
endloop
endfacet
facet normal -1 0 0
outer loop
vertex 354.3 -99.115 5
vertex 354.3 -99.115 2
vertex 354.3 -101.115 2
endloop
endfacet
facet normal -1 0 0
outer loop
vertex 354.3 -99.115 5
vertex 354.3 -101.115 2
vertex 354.3 -101.11499580000002 5
endloop
endfacet
facet normal 0.0000013417133288839977 -0.9999999999991 0
outer loop
vertex 357.4303258884166 -101.11499580000002 5
vertex 354.3 -101.11499580000002 5
vertex 354.3 -101.115 2
endloop
endfacet
facet normal 0.0000013417133288839977 -0.9999999999991 0
outer loop
vertex 357.4303258884166 -101.11499580000002 5
vertex 354.3 -101.115 2
vertex 357.4303259000256 -101.11499579999989 2
endloop
endfacet
facet normal -0.07852967491121862 -0.9969117765170289 -3.0392663120613406e-10
outer loop
vertex 358.1349195474695 -101.17049871639975 5
vertex 357.4303258884166 -101.11499580000002 5
vertex 357.4303259000256 -101.11499579999989 2
endloop
endfacet
facet normal -0.07852967491121862 -0.9969117765170289 -3.0392663120613406e-10
outer loop
vertex 358.1349195474695 -101.17049871639975 5
vertex 357.4303259000256 -101.11499579999989 2
vertex 357.43037921782553 -101.115 2
endloop
endfacet
facet normal -0.07852967491121862 -0.9969117765170289 -3.0392663120613406e-10
outer loop
vertex 358.1349195474695 -101.17049871639975 5
vertex 357.43037921782553 -101.115 2
vertex 358.13491954746803 -101.1704987164003 2
endloop
endfacet
facet normal -0.23365389056510813 -0.9723198339146376 0
outer loop
vertex 358.82213219205016 -101.33563975585112 5
vertex 358.1349195474695 -101.17049871639975 5
vertex 358.13491954746803 -101.1704987164003 2
endloop
endfacet
facet normal -0.23365389056510813 -0.9723198339146376 0
outer loop
vertex 358.82213219205016 -101.33563975585112 5
vertex 358.13491954746803 -101.1704987164003 2
vertex 358.8221321920627 -101.33563975584939 2
endloop
endfacet
facet normal -0.3830142640505512 -0.9237424281334135 0
outer loop
vertex 359.47501147601326 -101.60634517204187 5
vertex 358.82213219205016 -101.33563975585112 5
vertex 358.8221321920627 -101.33563975584939 2
endloop
endfacet
facet normal -0.3830142640505512 -0.9237424281334135 0
outer loop
vertex 359.47501147601326 -101.60634517204187 5
vertex 358.8221321920627 -101.33563975584939 2
vertex 359.47501147600775 -101.60634517204022 2
endloop
endfacet
facet normal -0.5229263323121107 -0.8523778803879204 0
outer loop
vertex 360.07745198677134 -101.97593712647365 5
vertex 359.47501147601326 -101.60634517204187 5
vertex 359.47501147600775 -101.60634517204022 2
endloop
endfacet
facet normal -0.5229263323121107 -0.8523778803879204 0
outer loop
vertex 360.07745198677134 -101.97593712647365 5
vertex 359.47501147600775 -101.60634517204022 2
vertex 360.0774519867753 -101.97593712647291 2
endloop
endfacet
facet normal -0.6499387045022282 -0.7599866317179305 0
outer loop
vertex 360.61459254979576 -102.43529841928833 5
vertex 360.07745198677134 -101.97593712647365 5
vertex 360.0774519867753 -101.97593712647291 2
endloop
endfacet
facet normal -0.6499387045022282 -0.7599866317179305 0
outer loop
vertex 360.61459254979576 -102.43529841928833 5
vertex 360.0774519867753 -101.97593712647291 2
vertex 360.61459254975546 -102.43529841929022 2
endloop
endfacet
facet normal -0.7609182031590397 -0.648847815825266 0
outer loop
vertex 361.0731828283144 -102.9730973949582 5
vertex 360.61459254979576 -102.43529841928833 5
vertex 360.61459254975546 -102.43529841929022 2
endloop
endfacet
facet normal -0.7609182031590397 -0.648847815825266 0
outer loop
vertex 361.0731828283144 -102.9730973949582 5
vertex 360.61459254975546 -102.43529841929022 2
vertex 361.0731828283153 -102.97309739495697 2
endloop
endfacet
facet normal -0.853127154322897 -0.5217030367526299 0
outer loop
vertex 361.441910186399 -103.57606747479862 5
vertex 361.0731828283144 -102.9730973949582 5
vertex 361.0731828283153 -102.97309739495697 2
endloop
endfacet
facet normal -0.853127154322897 -0.5217030367526299 0
outer loop
vertex 361.441910186399 -103.57606747479862 5
vertex 361.0731828283153 -102.97309739495697 2
vertex 361.44191018641527 -103.57606747480281 2
endloop
endfacet
facet normal -0.924290921258868 -0.3816887382127398 -4.475428830516221e-12
outer loop
vertex 361.71167875230174 -104.22933442072024 5
vertex 361.441910186399 -103.57606747479862 5
vertex 361.44191018641527 -103.57606747480281 2
endloop
endfacet
facet normal -0.924290921258868 -0.3816887382127398 -4.475428830516221e-12
outer loop
vertex 361.71167875230174 -104.22933442072024 5
vertex 361.44191018641527 -103.57606747480281 2
vertex 361.6458811201911 -104.07000000000102 2
endloop
endfacet
facet normal -0.924290921258868 -0.3816887382127398 -4.475428830516221e-12
outer loop
vertex 361.71167875230174 -104.22933442072024 5
vertex 361.6458811201911 -104.07000000000102 2
vertex 361.71167875228986 -104.2293344207098 2
endloop
endfacet
facet normal -0.9726540158455644 -0.23225883289876514 0
outer loop
vertex 361.8758337980146 -104.91678325718014 5
vertex 361.71167875230174 -104.22933442072024 5
vertex 361.71167875228986 -104.2293344207098 2
endloop
endfacet
facet normal -0.9726540158455644 -0.23225883289876514 0
outer loop
vertex 361.8758337980146 -104.91678325718014 5
vertex 361.71167875228986 -104.2293344207098 2
vertex 361.87583379801237 -104.9167832571877 2
endloop
endfacet
facet normal -0.9970238140433775 -0.07709419063974113 0
outer loop
vertex 361.9303218 -105.62145159999984 5
vertex 361.8758337980146 -104.91678325718014 5
vertex 361.87583379801237 -104.9167832571877 2
endloop
endfacet
facet normal -0.9970238140433775 -0.07709419063974113 0
outer loop
vertex 361.9303218 -105.62145159999984 5
vertex 361.87583379801237 -104.9167832571877 2
vertex 361.9303218000026 -105.62145159999646 2
endloop
endfacet
facet normal -0.9999989723100617 0.0014336592413100714 -8.699837206608299e-13
outer loop
vertex 361.79466165 -200.246455 5
vertex 361.9303218 -105.62145159999984 5
vertex 361.9303218000026 -105.62145159999646 2
endloop
endfacet
facet normal -0.9999989723100617 0.0014336592413100714 -8.699837206608299e-13
outer loop
vertex 361.79466165 -200.246455 5
vertex 361.9303218000026 -105.62145159999646 2
vertex 361.92251043020974 -111.07 2
endloop
endfacet
facet normal -0.9999989723100617 0.0014336592413100714 -8.699837206608299e-13
outer loop
vertex 361.79466165 -200.246455 5
vertex 361.92251043020974 -111.07 2
vertex 361.89534255966726 -130.01999999999995 2
endloop
endfacet
facet normal -0.9999989723100617 0.0014336592413100714 -8.699837206608299e-13
outer loop
vertex 361.79466165 -200.246455 5
vertex 361.89534255966726 -130.01999999999995 2
vertex 361.8953136349092 -130.04017545557608 2
endloop
endfacet
facet normal -0.9999989723100617 0.0014336592413100714 -8.699837206608299e-13
outer loop
vertex 361.79466165 -200.246455 5
vertex 361.8953136349092 -130.04017545557608 2
vertex 361.89522797219723 -130.0999264908695 2
endloop
endfacet
facet normal -0.9999989723100617 0.0014336592413100714 -8.699837206608299e-13
outer loop
vertex 361.79466165 -200.246455 5
vertex 361.89522797219723 -130.0999264908695 2
vertex 361.8950888635014 -130.1969569070674 2
endloop
endfacet
facet normal -0.9999989723100617 0.0014336592413100714 -8.699837206608299e-13
outer loop
vertex 361.79466165 -200.246455 5
vertex 361.8950888635014 -130.1969569070674 2
vertex 361.8949016546908 -130.3275378797475 2
endloop
endfacet
facet normal -0.9999989723100617 0.0014336592413100714 -8.699837206608299e-13
outer loop
vertex 361.79466165 -200.246455 5
vertex 361.8949016546908 -130.3275378797475 2
vertex 361.894673540095 -130.4866512553492 2
endloop
endfacet
facet normal -0.9999989723100617 0.0014336592413100714 -8.699837206608299e-13
outer loop
vertex 361.79466165 -200.246455 5
vertex 361.894673540095 -130.4866512553492 2
vertex 361.89441328603016 -130.66818239600866 2
endloop
endfacet
facet normal -0.9999989723100617 0.0014336592413100714 -8.699837206608299e-13
outer loop
vertex 361.79466165 -200.246455 5
vertex 361.89441328603016 -130.66818239600866 2
vertex 361.8941308939139 -130.86515516188382 2
endloop
endfacet
facet normal -0.9999989723100617 0.0014336592413100714 -8.699837206608299e-13
outer loop
vertex 361.79466165 -200.246455 5
vertex 361.8941308939139 -130.86515516188382 2
vertex 361.8938372159169 -131.0700000000067 2
endloop
endfacet
facet normal -0.9999989723100617 0.0014336592413100714 -8.699837206608299e-13
outer loop
vertex 361.79466165 -200.246455 5
vertex 361.8938372159169 -131.0700000000067 2
vertex 361.89354353791987 -131.27484483812947 2
endloop
endfacet
facet normal -0.9999989723100617 0.0014336592413100714 -8.699837206608299e-13
outer loop
vertex 361.79466165 -200.246455 5
vertex 361.89354353791987 -131.27484483812947 2
vertex 361.8932611458036 -131.47181760398067 2
endloop
endfacet
facet normal -0.9999989723100617 0.0014336592413100714 -8.699837206608299e-13
outer loop
vertex 361.79466165 -200.246455 5
vertex 361.8932611458036 -131.47181760398067 2
vertex 361.8930008917387 -131.6533487446587 2
endloop
endfacet
facet normal -0.9999989723100617 0.0014336592413100714 -8.699837206608299e-13
outer loop
vertex 361.79466165 -200.246455 5
vertex 361.8930008917387 -131.6533487446587 2
vertex 361.89277277714297 -131.81246212025417 2
endloop
endfacet
facet normal -0.9999989723100617 0.0014336592413100714 -8.699837206608299e-13
outer loop
vertex 361.79466165 -200.246455 5
vertex 361.89277277714297 -131.81246212025417 2
vertex 361.8925855683324 -131.9430430929175 2
endloop
endfacet
facet normal -0.9999989723100617 0.0014336592413100714 -8.699837206608299e-13
outer loop
vertex 361.79466165 -200.246455 5
vertex 361.8925855683324 -131.9430430929175 2
vertex 361.8924464596365 -132.0400735091323 2
endloop
endfacet
facet normal -0.9999989723100617 0.0014336592413100714 -8.699837206608299e-13
outer loop
vertex 361.79466165 -200.246455 5
vertex 361.8924464596365 -132.0400735091323 2
vertex 361.89236079692455 -132.0998245444237 2
endloop
endfacet
facet normal -0.9999989723100617 0.0014336592413100714 -8.699837206608299e-13
outer loop
vertex 361.79466165 -200.246455 5
vertex 361.89236079692455 -132.0998245444237 2
vertex 361.8923318721665 -132.12000000000023 2
endloop
endfacet
facet normal -0.9999989723100617 0.0014336592413100714 -8.699837206608299e-13
outer loop
vertex 361.79466165 -200.246455 5
vertex 361.8923318721665 -132.12000000000023 2
vertex 361.8789558176989 -141.44999999999612 2
endloop
endfacet
facet normal -0.9999989723100617 0.0014336592413100714 -8.699837206608299e-13
outer loop
vertex 361.79466165 -200.246455 5
vertex 361.8789558176989 -141.44999999999612 2
vertex 361.87892689294085 -141.47017545557495 2
endloop
endfacet
facet normal -0.9999989723100617 0.0014336592413100714 -8.699837206608299e-13
outer loop
vertex 361.79466165 -200.246455 5
vertex 361.87892689294085 -141.47017545557495 2
vertex 361.8788412302289 -141.5299264908414 2
endloop
endfacet
facet normal -0.9999989723100617 0.0014336592413100714 -8.699837206608299e-13
outer loop
vertex 361.79466165 -200.246455 5
vertex 361.8788412302289 -141.5299264908414 2
vertex 361.87870212153297 -141.62695690712653 2
endloop
endfacet
facet normal -0.9999989723100617 0.0014336592413100714 -8.699837206608299e-13
outer loop
vertex 361.79466165 -200.246455 5
vertex 361.87870212153297 -141.62695690712653 2
vertex 361.8785149127225 -141.75753787970075 2
endloop
endfacet
facet normal -0.9999989723100617 0.0014336592413100714 -8.699837206608299e-13
outer loop
vertex 361.79466165 -200.246455 5
vertex 361.8785149127225 -141.75753787970075 2
vertex 361.8782867981266 -141.91665125539157 2
endloop
endfacet
facet normal -0.9999989723100617 0.0014336592413100714 -8.699837206608299e-13
outer loop
vertex 361.79466165 -200.246455 5
vertex 361.8782867981266 -141.91665125539157 2
vertex 361.87802654406187 -142.09818239597317 2
endloop
endfacet
facet normal -0.9999989723100617 0.0014336592413100714 -8.699837206608299e-13
outer loop
vertex 361.79466165 -200.246455 5
vertex 361.87802654406187 -142.09818239597317 2
vertex 361.8777441519456 -142.29515516183594 2
endloop
endfacet
facet normal -0.9999989723100617 0.0014336592413100714 -8.699837206608299e-13
outer loop
vertex 361.79466165 -200.246455 5
vertex 361.8777441519456 -142.29515516183594 2
vertex 361.87745047394844 -142.50000000004104 2
endloop
endfacet
facet normal -0.9999989723100617 0.0014336592413100714 -8.699837206608299e-13
outer loop
vertex 361.79466165 -200.246455 5
vertex 361.87745047394844 -142.50000000004104 2
vertex 361.8771567959516 -142.7048448380755 2
endloop
endfacet
facet normal -0.9999989723100617 0.0014336592413100714 -8.699837206608299e-13
outer loop
vertex 361.79466165 -200.246455 5
vertex 361.8771567959516 -142.7048448380755 2
vertex 361.87687440383525 -142.90181760399255 2
endloop
endfacet
facet normal -0.9999989723100617 0.0014336592413100714 -8.699837206608299e-13
outer loop
vertex 361.79466165 -200.246455 5
vertex 361.87687440383525 -142.90181760399255 2
vertex 361.8766141497703 -143.0833487446979 2
endloop
endfacet
facet normal -0.9999989723100617 0.0014336592413100714 -8.699837206608299e-13
outer loop
vertex 361.79466165 -200.246455 5
vertex 361.8766141497703 -143.0833487446979 2
vertex 361.8763860351746 -143.24246212024138 2
endloop
endfacet
facet normal -0.9999989723100617 0.0014336592413100714 -8.699837206608299e-13
outer loop
vertex 361.79466165 -200.246455 5
vertex 361.8763860351746 -143.24246212024138 2
vertex 361.876198826364 -143.3730430929287 2
endloop
endfacet
facet normal -0.9999989723100617 0.0014336592413100714 -8.699837206608299e-13
outer loop
vertex 361.79466165 -200.246455 5
vertex 361.876198826364 -143.3730430929287 2
vertex 361.87605971766817 -143.47007350913017 2
endloop
endfacet
facet normal -0.9999989723100617 0.0014336592413100714 -8.699837206608299e-13
outer loop
vertex 361.79466165 -200.246455 5
vertex 361.87605971766817 -143.47007350913017 2
vertex 361.8759740549562 -143.52982454442193 2
endloop
endfacet
facet normal -0.9999989723100617 0.0014336592413100714 -8.699837206608299e-13
outer loop
vertex 361.79466165 -200.246455 5
vertex 361.8759740549562 -143.52982454442193 2
vertex 361.87594513019815 -143.54999999999708 2
endloop
endfacet
facet normal -0.9999989723100617 0.0014336592413100714 -8.699837206608299e-13
outer loop
vertex 361.79466165 -200.246455 5
vertex 361.87594513019815 -143.54999999999708 2
vertex 361.8408634525108 -168.0200000000003 2
endloop
endfacet
facet normal -0.9999989723100617 0.0014336592413100714 -8.699837206608299e-13
outer loop
vertex 361.79466165 -200.246455 5
vertex 361.8408634525108 -168.0200000000003 2
vertex 361.84083452775275 -168.04017545557855 2
endloop
endfacet
facet normal -0.9999989723100617 0.0014336592413100714 -8.699837206608299e-13
outer loop
vertex 361.79466165 -200.246455 5
vertex 361.84083452775275 -168.04017545557855 2
vertex 361.84074886504084 -168.09992649085655 2
endloop
endfacet
facet normal -0.9999989723100617 0.0014336592413100714 -8.699837206608299e-13
outer loop
vertex 361.79466165 -200.246455 5
vertex 361.84074886504084 -168.09992649085655 2
vertex 361.8406097563449 -168.1969569070842 2
endloop
endfacet
facet normal -0.9999989723100617 0.0014336592413100714 -8.699837206608299e-13
outer loop
vertex 361.79466165 -200.246455 5
vertex 361.8406097563449 -168.1969569070842 2
vertex 361.84042254753433 -168.327537879751 2
endloop
endfacet
facet normal -0.9999989723100617 0.0014336592413100714 -8.699837206608299e-13
outer loop
vertex 361.79466165 -200.246455 5
vertex 361.84042254753433 -168.327537879751 2
vertex 361.84019443293863 -168.48665125530601 2
endloop
endfacet
facet normal -0.9999989723100617 0.0014336592413100714 -8.699837206608299e-13
outer loop
vertex 361.79466165 -200.246455 5
vertex 361.84019443293863 -168.48665125530601 2
vertex 361.8399341788737 -168.66818239602256 2
endloop
endfacet
facet normal -0.9999989723100617 0.0014336592413100714 -8.699837206608299e-13
outer loop
vertex 361.79466165 -200.246455 5
vertex 361.8399341788737 -168.66818239602256 2
vertex 361.83965178675743 -168.8651551618977 2
endloop
endfacet
facet normal -0.9999989723100617 0.0014336592413100714 -8.699837206608299e-13
outer loop
vertex 361.79466165 -200.246455 5
vertex 361.83965178675743 -168.8651551618977 2
vertex 361.83935810876045 -169.0700000000022 2
endloop
endfacet
facet normal -0.9999989723100617 0.0014336592413100714 -8.699837206608299e-13
outer loop
vertex 361.79466165 -200.246455 5
vertex 361.83935810876045 -169.0700000000022 2
vertex 361.8390644307635 -169.27484483809886 2
endloop
endfacet
facet normal -0.9999989723100617 0.0014336592413100714 -8.699837206608299e-13
outer loop
vertex 361.79466165 -200.246455 5
vertex 361.8390644307635 -169.27484483809886 2
vertex 361.8387820386471 -169.4718176040124 2
endloop
endfacet
facet normal -0.9999989723100617 0.0014336592413100714 -8.699837206608299e-13
outer loop
vertex 361.79466165 -200.246455 5
vertex 361.8387820386471 -169.4718176040124 2
vertex 361.83852178458227 -169.6533487446802 2
endloop
endfacet
facet normal -0.9999989723100617 0.0014336592413100714 -8.699837206608299e-13
outer loop
vertex 361.79466165 -200.246455 5
vertex 361.83852178458227 -169.6533487446802 2
vertex 361.8382936699865 -169.8124621202374 2
endloop
endfacet
facet normal -0.9999989723100617 0.0014336592413100714 -8.699837206608299e-13
outer loop
vertex 361.79466165 -200.246455 5
vertex 361.8382936699865 -169.8124621202374 2
vertex 361.8381064611759 -169.94304309291553 2
endloop
endfacet
facet normal -0.9999989723100617 0.0014336592413100714 -8.699837206608299e-13
outer loop
vertex 361.79466165 -200.246455 5
vertex 361.8381064611759 -169.94304309291553 2
vertex 361.83796735248006 -170.040073509133 2
endloop
endfacet
facet normal -0.9999989723100617 0.0014336592413100714 -8.699837206608299e-13
outer loop
vertex 361.79466165 -200.246455 5
vertex 361.83796735248006 -170.040073509133 2
vertex 361.8378816897681 -170.09982454442533 2
endloop
endfacet
facet normal -0.9999989723100617 0.0014336592413100714 -8.699837206608299e-13
outer loop
vertex 361.79466165 -200.246455 5
vertex 361.8378816897681 -170.09982454442533 2
vertex 361.83785276501004 -170.12000000000006 2
endloop
endfacet
facet normal -0.9999989723100617 0.0014336592413100714 -8.699837206608299e-13
outer loop
vertex 361.79466165 -200.246455 5
vertex 361.83785276501004 -170.12000000000006 2
vertex 361.82447671054246 -179.45000000000022 2
endloop
endfacet
facet normal -0.9999989723100617 0.0014336592413100714 -8.699837206608299e-13
outer loop
vertex 361.79466165 -200.246455 5
vertex 361.82447671054246 -179.45000000000022 2
vertex 361.82444778578434 -179.47017545558492 2
endloop
endfacet
facet normal -0.9999989723100617 0.0014336592413100714 -8.699837206608299e-13
outer loop
vertex 361.79466165 -200.246455 5
vertex 361.82444778578434 -179.47017545558492 2
vertex 361.82436212307243 -179.52992649086463 2
endloop
endfacet
facet normal -0.9999989723100617 0.0014336592413100714 -8.699837206608299e-13
outer loop
vertex 361.79466165 -200.246455 5
vertex 361.82436212307243 -179.52992649086463 2
vertex 361.82422301437657 -179.62695690709012 2
endloop
endfacet
facet normal -0.9999989723100617 0.0014336592413100714 -8.699837206608299e-13
outer loop
vertex 361.79466165 -200.246455 5
vertex 361.82422301437657 -179.62695690709012 2
vertex 361.82403580556604 -179.75753787971325 2
endloop
endfacet
facet normal -0.9999989723100617 0.0014336592413100714 -8.699837206608299e-13
outer loop
vertex 361.79466165 -200.246455 5
vertex 361.82403580556604 -179.75753787971325 2
vertex 361.8238076909702 -179.91665125534803 2
endloop
endfacet
facet normal -0.9999989723100617 0.0014336592413100714 -8.699837206608299e-13
outer loop
vertex 361.79466165 -200.246455 5
vertex 361.8238076909702 -179.91665125534803 2
vertex 361.8235474369053 -180.0981823960601 2
endloop
endfacet
facet normal -0.9999989723100617 0.0014336592413100714 -8.699837206608299e-13
outer loop
vertex 361.79466165 -200.246455 5
vertex 361.8235474369053 -180.0981823960601 2
vertex 361.8232650447892 -180.29515516180734 2
endloop
endfacet
facet normal -0.9999989723100617 0.0014336592413100714 -8.699837206608299e-13
outer loop
vertex 361.79466165 -200.246455 5
vertex 361.8232650447892 -180.29515516180734 2
vertex 361.822971366792 -180.50000000004133 2
endloop
endfacet
facet normal -0.9999989723100617 0.0014336592413100714 -8.699837206608299e-13
outer loop
vertex 361.79466165 -200.246455 5
vertex 361.822971366792 -180.50000000004133 2
vertex 361.822677688795 -180.70484483813468 2
endloop
endfacet
facet normal -0.9999989723100617 0.0014336592413100714 -8.699837206608299e-13
outer loop
vertex 361.79466165 -200.246455 5
vertex 361.822677688795 -180.70484483813468 2
vertex 361.82239529667874 -180.90181760400586 2
endloop
endfacet
facet normal -0.9999989723100617 0.0014336592413100714 -8.699837206608299e-13
outer loop
vertex 361.79466165 -200.246455 5
vertex 361.82239529667874 -180.90181760400586 2
vertex 361.8221350426139 -181.08334874465086 2
endloop
endfacet
facet normal -0.9999989723100617 0.0014336592413100714 -8.699837206608299e-13
outer loop
vertex 361.79466165 -200.246455 5
vertex 361.8221350426139 -181.08334874465086 2
vertex 361.82190692801817 -181.24246212022734 2
endloop
endfacet
facet normal -0.9999989723100617 0.0014336592413100714 -8.699837206608299e-13
outer loop
vertex 361.79466165 -200.246455 5
vertex 361.82190692801817 -181.24246212022734 2
vertex 361.8217197192075 -181.37304309293623 2
endloop
endfacet
facet normal -0.9999989723100617 0.0014336592413100714 -8.699837206608299e-13
outer loop
vertex 361.79466165 -200.246455 5
vertex 361.8217197192075 -181.37304309293623 2
vertex 361.8215806105117 -181.47007350913586 2
endloop
endfacet
facet normal -0.9999989723100617 0.0014336592413100714 -8.699837206608299e-13
outer loop
vertex 361.79466165 -200.246455 5
vertex 361.8215806105117 -181.47007350913586 2
vertex 361.82149494779975 -181.52982454442252 2
endloop
endfacet
facet normal -0.9999989723100617 0.0014336592413100714 -8.699837206608299e-13
outer loop
vertex 361.79466165 -200.246455 5
vertex 361.82149494779975 -181.52982454442252 2
vertex 361.8214660230417 -181.54999999999998 2
endloop
endfacet
facet normal -0.9999989723100617 0.0014336592413100714 -8.699837206608299e-13
outer loop
vertex 361.79466165 -200.246455 5
vertex 361.8214660230417 -181.54999999999998 2
vertex 361.7983914437995 -197.6448675000142 2
endloop
endfacet
facet normal -0.9999989723100617 0.0014336592413100714 -8.699837206608299e-13
outer loop
vertex 361.79466165 -200.246455 5
vertex 361.7983914437995 -197.6448675000142 2
vertex 361.79795491140555 -197.94935543742992 2
endloop
endfacet
facet normal -0.9999989723100617 0.0014336592413100714 -8.699837206608299e-13
outer loop
vertex 361.79466165 -200.246455 5
vertex 361.79795491140555 -197.94935543742992 2
vertex 361.7975284973621 -198.24678567253073 2
endloop
endfacet
facet normal -0.9999989723100617 0.0014336592413100714 -8.699837206608299e-13
outer loop
vertex 361.79466165 -200.246455 5
vertex 361.7975284973621 -198.24678567253073 2
vertex 361.79712213990945 -198.53022613269658 2
endloop
endfacet
facet normal -0.9999989723100617 0.0014336592413100714 -8.699837206608299e-13
outer loop
vertex 361.79466165 -200.246455 5
vertex 361.79712213990945 -198.53022613269658 2
vertex 361.7967453115461 -198.79306960709437 2
endloop
endfacet
facet normal -0.9999989723100617 0.0014336592413100714 -8.699837206608299e-13
outer loop
vertex 361.79466165 -200.246455 5
vertex 361.7967453115461 -198.79306960709437 2
vertex 361.796406796425 -199.02918901642465 2
endloop
endfacet
facet normal -0.9999989723100617 0.0014336592413100714 -8.699837206608299e-13
outer loop
vertex 361.79466165 -200.246455 5
vertex 361.796406796425 -199.02918901642465 2
vertex 361.7961144855886 -199.233080239353 2
endloop
endfacet
facet normal -0.9999989723100617 0.0014336592413100714 -8.699837206608299e-13
outer loop
vertex 361.79466165 -200.246455 5
vertex 361.7961144855886 -199.233080239353 2
vertex 361.79587519302277 -199.39999041788064 2
endloop
endfacet
facet normal -0.9999989723100617 0.0014336592413100714 -8.699837206608299e-13
outer loop
vertex 361.79466165 -200.246455 5
vertex 361.79587519302277 -199.39999041788064 2
vertex 361.7956944968175 -199.52602874999673 2
endloop
endfacet
facet normal -0.9999989723100617 0.0014336592413100714 -8.699837206608299e-13
outer loop
vertex 361.79466165 -200.246455 5
vertex 361.7956944968175 -199.52602874999673 2
vertex 361.7946616500051 -200.24645499998462 2
endloop
endfacet
facet normal -0.99607561144644 0.08850636294414443 0
outer loop
vertex 361.72530035077176 -201.02706665594494 5
vertex 361.79466165 -200.246455 5
vertex 361.7946616500051 -200.24645499998462 2
endloop
endfacet
facet normal -0.99607561144644 0.08850636294414443 0
outer loop
vertex 361.72530035077176 -201.02706665594494 5
vertex 361.7946616500051 -200.24645499998462 2
vertex 361.7253003507764 -201.02706665593394 2
endloop
endfacet
facet normal -0.9656154661642944 0.2599745593405487 0
outer loop
vertex 361.5215616295959 -201.78380708748102 5
vertex 361.72530035077176 -201.02706665594494 5
vertex 361.7253003507764 -201.02706665593394 2
endloop
endfacet
facet normal -0.9656154661642944 0.2599745593405487 0
outer loop
vertex 361.5215616295959 -201.78380708748102 5
vertex 361.7253003507764 -201.02706665593394 2
vertex 361.5215616296006 -201.7838070875193 2
endloop
endfacet
facet normal -0.9058690121814655 0.4235579449961669 0
outer loop
vertex 361.18962471132136 -202.49372499084325 5
vertex 361.5215616295959 -201.78380708748102 5
vertex 361.5215616296006 -201.7838070875193 2
endloop
endfacet
facet normal -0.9058690121814655 0.4235579449961669 0
outer loop
vertex 361.18962471132136 -202.49372499084325 5
vertex 361.5215616296006 -201.7838070875193 2
vertex 361.1896247113182 -202.49372499082088 2
endloop
endfacet
facet normal -0.8186483094290511 0.5742951727717697 0
outer loop
vertex 360.7395569647901 -203.13528915034712 5
vertex 361.18962471132136 -202.49372499084325 5
vertex 361.1896247113182 -202.49372499082088 2
endloop
endfacet
facet normal -0.8186483094290511 0.5742951727717697 0
outer loop
vertex 360.7395569647901 -203.13528915034712 5
vertex 361.1896247113182 -202.49372499082088 2
vertex 360.73955696479396 -203.13528915035408 2
endloop
endfacet
facet normal -0.7065986888028231 0.7076145087419643 0
outer loop
vertex 360.1850085679695 -203.68904146213592 5
vertex 360.7395569647901 -203.13528915034712 5
vertex 360.73955696479396 -203.13528915035408 2
endloop
endfacet
facet normal -0.7065986888028231 0.7076145087419643 0
outer loop
vertex 360.1850085679695 -203.68904146213592 5
vertex 360.73955696479396 -203.13528915035408 2
vertex 360.18500856799324 -203.6890414621519 2
endloop
endfacet
facet normal -0.5731185214911003 0.8194724890585743 0
outer loop
vertex 359.5427985094811 -204.1381870821798 5
vertex 360.1850085679695 -203.68904146213592 5
vertex 360.18500856799324 -203.6890414621519 2
endloop
endfacet
facet normal -0.5731185214911003 0.8194724890585743 0
outer loop
vertex 359.5427985094811 -204.1381870821798 5
vertex 360.18500856799324 -203.6890414621519 2
vertex 359.5427985094786 -204.13818708214765 2
endloop
endfacet
facet normal -0.42225614922250615 0.9064765548230029 0
outer loop
vertex 358.8324044827593 -204.46910379983643 5
vertex 359.5427985094811 -204.1381870821798 5
vertex 359.5427985094786 -204.13818708214765 2
endloop
endfacet
facet normal -0.42225614922250615 0.9064765548230029 0
outer loop
vertex 358.8324044827593 -204.46910379983643 5
vertex 359.5427985094786 -204.13818708214765 2
vertex 358.8324044827388 -204.46910379984186 2
endloop
endfacet
facet normal -0.2585871014497338 0.965987945558238 0
outer loop
vertex 358.0753721439083 -204.6717551880935 5
vertex 358.8324044827593 -204.46910379983643 5
vertex 358.8324044827388 -204.46910379984186 2
endloop
endfacet
facet normal -0.2585871014497338 0.965987945558238 0
outer loop
vertex 358.0753721439083 -204.6717551880935 5
vertex 358.8324044827388 -204.46910379984186 2
vertex 358.0753721438995 -204.67175518809447 2
endloop
endfacet
facet normal -0.08708183773785555 0.9962011611799084 0
outer loop
vertex 357.2946633000004 -204.73999983581393 5
vertex 358.0753721439083 -204.6717551880935 5
vertex 358.0753721438995 -204.67175518809447 2
endloop
endfacet
facet normal -0.08708183773785555 0.9962011611799084 0
outer loop
vertex 357.2946633000004 -204.73999983581393 5
vertex 358.0753721438995 -204.67175518809447 2
vertex 357.2946632999992 -204.73999983581402 2
endloop
endfacet
facet normal 0 0 1
outer loop
vertex 293.4672332500009 -204.74000225 5
vertex 300.99073412476247 -204.74000225 5
vertex 357.2946633000004 -204.73999983581393 5
endloop
endfacet
facet normal 0 0 1
outer loop
vertex 293.4672332500009 -204.74000225 5
vertex 357.2946633000004 -204.73999983581393 5
vertex 357.2946632999992 -204.73999983581402 2
endloop
endfacet
facet normal 0 0 1
outer loop
vertex 293.4672332500009 -204.74000225 5
vertex 357.2946632999992 -204.73999983581402 2
vertex 300.99073412474286 -204.74000225616888 2
endloop
endfacet
facet normal 0 0 1
outer loop
vertex 293.4672332500009 -204.74000225 5
vertex 300.99073412474286 -204.74000225616888 2
vertex 293.46723310855606 -204.74000225616888 2
endloop
endfacet
facet normal 3.525130409798294e-8 0.9999999999999994 0
outer loop
vertex 30.705336700000345 -204.73999983581393 5
vertex 94.53276674999987 -204.74000225 5
vertex 94.53276674992561 -204.74000225616888 2
endloop
endfacet
facet normal 3.525130409798294e-8 0.9999999999999994 0
outer loop
vertex 30.705336700000345 -204.73999983581393 5
vertex 94.53276674992561 -204.74000225616888 2
vertex 30.705336699999926 -204.73999983581402 2
endloop
endfacet
facet normal 0.08708183773785555 0.9962011611799084 0
outer loop
vertex 29.924629444751947 -204.6717551880935 5
vertex 30.705336700000345 -204.73999983581393 5
vertex 30.705336699999926 -204.73999983581402 2
endloop
endfacet
facet normal 0.08708183773785555 0.9962011611799084 0
outer loop
vertex 29.924629444751947 -204.6717551880935 5
vertex 30.705336699999926 -204.73999983581402 2
vertex 29.92462785610124 -204.67175518809447 2
endloop
endfacet
facet normal 0.2585871014497338 0.965987945558238 0
outer loop
vertex 29.167595517241356 -204.46910379983643 5
vertex 29.924629444751947 -204.6717551880935 5
vertex 29.92462785610124 -204.67175518809447 2
endloop
endfacet
facet normal 0.2585871014497338 0.965987945558238 0
outer loop
vertex 29.167595517241356 -204.46910379983643 5
vertex 29.92462785610124 -204.67175518809447 2
vertex 29.16759551726781 -204.46910379984186 2
endloop
endfacet
facet normal 0.42225614922250615 0.9064765548230029 0
outer loop
vertex 28.457201490518305 -204.1381870821798 5
vertex 29.167595517241356 -204.46910379983643 5
vertex 29.16759551726781 -204.46910379984186 2
endloop
endfacet
facet normal 0.42225614922250615 0.9064765548230029 0
outer loop
vertex 28.457201490518305 -204.1381870821798 5
vertex 29.16759551726781 -204.46910379984186 2
vertex 28.457201490464186 -204.13818708214765 2
endloop
endfacet
facet normal 0.5731185214910516 0.8194724890586083 0
outer loop
vertex 27.814991432030713 -203.68904146213592 5
vertex 28.457201490518305 -204.1381870821798 5
vertex 28.457201490464186 -204.13818708214765 2
endloop
endfacet
facet normal 0.5731185214910516 0.8194724890586083 0
outer loop
vertex 27.814991432030713 -203.68904146213592 5
vertex 28.457201490464186 -204.13818708214765 2
vertex 27.814991432045325 -203.6890414621519 2
endloop
endfacet
facet normal 0.7065986888027946 0.7076145087419927 0
outer loop
vertex 27.26044303521004 -203.13528915034712 5
vertex 27.814991432030713 -203.68904146213592 5
vertex 27.814991432045325 -203.6890414621519 2
endloop
endfacet
facet normal 0.7065986888027946 0.7076145087419927 0
outer loop
vertex 27.26044303521004 -203.13528915034712 5
vertex 27.814991432045325 -203.6890414621519 2
vertex 27.26044303521564 -203.13528915035408 2
endloop
endfacet
facet normal 0.8186483094290985 0.5742951727717021 0
outer loop
vertex 26.810375288678706 -202.49372499084325 5
vertex 27.26044303521004 -203.13528915034712 5
vertex 27.26044303521564 -203.13528915035408 2
endloop
endfacet
facet normal 0.8186483094290985 0.5742951727717021 0
outer loop
vertex 26.810375288678706 -202.49372499084325 5
vertex 27.26044303521564 -203.13528915035408 2
vertex 26.81037528866377 -202.49372499082088 2
endloop
endfacet
facet normal 0.9058690121814708 0.42355794499615557 0
outer loop
vertex 26.47843837040399 -201.78380708748102 5
vertex 26.810375288678706 -202.49372499084325 5
vertex 26.81037528866377 -202.49372499082088 2
endloop
endfacet
facet normal 0.9058690121814708 0.42355794499615557 0
outer loop
vertex 26.47843837040399 -201.78380708748102 5
vertex 26.81037528866377 -202.49372499082088 2
vertex 26.47843837041741 -201.7838070875193 2
endloop
endfacet
facet normal 0.9656154661642724 0.25997455934063046 0
outer loop
vertex 26.274699649228243 -201.02706665594494 5
vertex 26.47843837040399 -201.78380708748102 5
vertex 26.47843837041741 -201.7838070875193 2
endloop
endfacet
facet normal 0.9656154661642724 0.25997455934063046 0
outer loop
vertex 26.274699649228243 -201.02706665594494 5
vertex 26.47843837041741 -201.7838070875193 2
vertex 26.274699649223997 -201.02706665593394 2
endloop
endfacet
facet normal 0.9960756114464403 0.08850636294414294 0
outer loop
vertex 26.20533834999999 -200.246455 5
vertex 26.274699649228243 -201.02706665594494 5
vertex 26.274699649223997 -201.02706665593394 2
endloop
endfacet
facet normal 0.9960756114464403 0.08850636294414294 0
outer loop
vertex 26.20533834999999 -200.246455 5
vertex 26.274699649223997 -201.02706665593394 2
vertex 26.205338350000734 -200.24645499998462 2
endloop
endfacet
facet normal 0.9999989723100617 0.001433659241310109 2.548564840327576e-13
outer loop
vertex 26.06967820000001 -105.62145159999984 5
vertex 26.20533834999999 -200.246455 5
vertex 26.205338350000734 -200.24645499998462 2
endloop
endfacet
facet normal 0.9999989723100617 0.001433659241310109 2.548564840327576e-13
outer loop
vertex 26.06967820000001 -105.62145159999984 5
vertex 26.205338350000734 -200.24645499998462 2
vertex 26.204305503188294 -199.52602874999673 2
endloop
endfacet
facet normal 0.9999989723100617 0.001433659241310109 2.548564840327576e-13
outer loop
vertex 26.06967820000001 -105.62145159999984 5
vertex 26.204305503188294 -199.52602874999673 2
vertex 26.204124806982996 -199.39999041788064 2
endloop
endfacet
facet normal 0.9999989723100617 0.001433659241310109 2.548564840327576e-13
outer loop
vertex 26.06967820000001 -105.62145159999984 5
vertex 26.204124806982996 -199.39999041788064 2
vertex 26.20388551441716 -199.233080239353 2
endloop
endfacet
facet normal 0.9999989723100617 0.001433659241310109 2.548564840327576e-13
outer loop
vertex 26.06967820000001 -105.62145159999984 5
vertex 26.20388551441716 -199.233080239353 2
vertex 26.203593203580777 -199.02918901642465 2
endloop
endfacet
facet normal 0.9999989723100617 0.001433659241310109 2.548564840327576e-13
outer loop
vertex 26.06967820000001 -105.62145159999984 5
vertex 26.203593203580777 -199.02918901642465 2
vertex 26.203254688459644 -198.79306960709437 2
endloop
endfacet
facet normal 0.9999989723100617 0.001433659241310109 2.548564840327576e-13
outer loop
vertex 26.06967820000001 -105.62145159999984 5
vertex 26.203254688459644 -198.79306960709437 2
vertex 26.202877860096287 -198.53022613269658 2
endloop
endfacet
facet normal 0.9999989723100617 0.001433659241310109 2.548564840327576e-13
outer loop
vertex 26.06967820000001 -105.62145159999984 5
vertex 26.202877860096287 -198.53022613269658 2
vertex 26.202471502643593 -198.24678567253073 2
endloop
endfacet
facet normal 0.9999989723100617 0.001433659241310109 2.548564840327576e-13
outer loop
vertex 26.06967820000001 -105.62145159999984 5
vertex 26.202471502643593 -198.24678567253073 2
vertex 26.20204508860017 -197.94935543742992 2
endloop
endfacet
facet normal 0.9999989723100617 0.001433659241310109 2.548564840327576e-13
outer loop
vertex 26.06967820000001 -105.62145159999984 5
vertex 26.20204508860017 -197.94935543742992 2
vertex 26.2016085562062 -197.6448675000142 2
endloop
endfacet
facet normal 0.9999989723100617 0.001433659241310109 2.548564840327576e-13
outer loop
vertex 26.06967820000001 -105.62145159999984 5
vertex 26.2016085562062 -197.6448675000142 2
vertex 26.178533976963553 -181.54999999999998 2
endloop
endfacet
facet normal 0.9999989723100617 0.001433659241310109 2.548564840327576e-13
outer loop
vertex 26.06967820000001 -105.62145159999984 5
vertex 26.178533976963553 -181.54999999999998 2
vertex 26.178505052205495 -181.52982454442252 2
endloop
endfacet
facet normal 0.9999989723100617 0.001433659241310109 2.548564840327576e-13
outer loop
vertex 26.06967820000001 -105.62145159999984 5
vertex 26.178505052205495 -181.52982454442252 2
vertex 26.17841938949354 -181.47007350913586 2
endloop
endfacet
facet normal 0.9999989723100617 0.001433659241310109 2.548564840327576e-13
outer loop
vertex 26.06967820000001 -105.62145159999984 5
vertex 26.17841938949354 -181.47007350913586 2
vertex 26.178280280797708 -181.37304309293623 2
endloop
endfacet
facet normal 0.9999989723100617 0.001433659241310109 2.548564840327576e-13
outer loop
vertex 26.06967820000001 -105.62145159999984 5
vertex 26.178280280797708 -181.37304309293623 2
vertex 26.17809307198705 -181.24246212022734 2
endloop
endfacet
facet normal 0.9999989723100617 0.001433659241310109 2.548564840327576e-13
outer loop
vertex 26.06967820000001 -105.62145159999984 5
vertex 26.17809307198705 -181.24246212022734 2
vertex 26.177864957391307 -181.08334874465086 2
endloop
endfacet
facet normal 0.9999989723100617 0.001433659241310109 2.548564840327576e-13
outer loop
vertex 26.06967820000001 -105.62145159999984 5
vertex 26.177864957391307 -181.08334874465086 2
vertex 26.177604703326477 -180.90181760400586 2
endloop
endfacet
facet normal 0.9999989723100617 0.001433659241310109 2.548564840327576e-13
outer loop
vertex 26.06967820000001 -105.62145159999984 5
vertex 26.177604703326477 -180.90181760400586 2
vertex 26.177322311210187 -180.70484483813468 2
endloop
endfacet
facet normal 0.9999989723100617 0.001433659241310109 2.548564840327576e-13
outer loop
vertex 26.06967820000001 -105.62145159999984 5
vertex 26.177322311210187 -180.70484483813468 2
vertex 26.177028633213208 -180.50000000004133 2
endloop
endfacet
facet normal 0.9999989723100617 0.001433659241310109 2.548564840327576e-13
outer loop
vertex 26.06967820000001 -105.62145159999984 5
vertex 26.177028633213208 -180.50000000004133 2
vertex 26.176734955216027 -180.29515516180734 2
endloop
endfacet
facet normal 0.9999989723100617 0.001433659241310109 2.548564840327576e-13
outer loop
vertex 26.06967820000001 -105.62145159999984 5
vertex 26.176734955216027 -180.29515516180734 2
vertex 26.176452563099915 -180.0981823960601 2
endloop
endfacet
facet normal 0.9999989723100617 0.001433659241310109 2.548564840327576e-13
outer loop
vertex 26.06967820000001 -105.62145159999984 5
vertex 26.176452563099915 -180.0981823960601 2
vertex 26.176192309034988 -179.91665125534803 2
endloop
endfacet
facet normal 0.9999989723100617 0.001433659241310109 2.548564840327576e-13
outer loop
vertex 26.06967820000001 -105.62145159999984 5
vertex 26.176192309034988 -179.91665125534803 2
vertex 26.17596419443916 -179.75753787971325 2
endloop
endfacet
facet normal 0.9999989723100617 0.001433659241310109 2.548564840327576e-13
outer loop
vertex 26.06967820000001 -105.62145159999984 5
vertex 26.17596419443916 -179.75753787971325 2
vertex 26.175776985628627 -179.62695690709012 2
endloop
endfacet
facet normal 0.9999989723100617 0.001433659241310109 2.548564840327576e-13
outer loop
vertex 26.06967820000001 -105.62145159999984 5
vertex 26.175776985628627 -179.62695690709012 2
vertex 26.175637876932758 -179.52992649086463 2
endloop
endfacet
facet normal 0.9999989723100617 0.001433659241310109 2.548564840327576e-13
outer loop
vertex 26.06967820000001 -105.62145159999984 5
vertex 26.175637876932758 -179.52992649086463 2
vertex 26.175552214220815 -179.47017545558492 2
endloop
endfacet
facet normal 0.9999989723100617 0.001433659241310109 2.548564840327576e-13
outer loop
vertex 26.06967820000001 -105.62145159999984 5
vertex 26.175552214220815 -179.47017545558492 2
vertex 26.175523289462742 -179.45000000000022 2
endloop
endfacet
facet normal 0.9999989723100617 0.001433659241310109 2.548564840327576e-13
outer loop
vertex 26.06967820000001 -105.62145159999984 5
vertex 26.175523289462742 -179.45000000000022 2
vertex 26.16214723499484 -170.12000000000006 2
endloop
endfacet
facet normal 0.9999989723100617 0.001433659241310109 2.548564840327576e-13
outer loop
vertex 26.06967820000001 -105.62145159999984 5
vertex 26.16214723499484 -170.12000000000006 2
vertex 26.16211831023678 -170.09982454442533 2
endloop
endfacet
facet normal 0.9999989723100617 0.001433659241310109 2.548564840327576e-13
outer loop
vertex 26.06967820000001 -105.62145159999984 5
vertex 26.16211831023678 -170.09982454442533 2
vertex 26.16203264752482 -170.040073509133 2
endloop
endfacet
facet normal 0.9999989723100617 0.001433659241310109 2.548564840327576e-13
outer loop
vertex 26.06967820000001 -105.62145159999984 5
vertex 26.16203264752482 -170.040073509133 2
vertex 26.161893538828963 -169.94304309291553 2
endloop
endfacet
facet normal 0.9999989723100617 0.001433659241310109 2.548564840327576e-13
outer loop
vertex 26.06967820000001 -105.62145159999984 5
vertex 26.161893538828963 -169.94304309291553 2
vertex 26.16170633001835 -169.8124621202374 2
endloop
endfacet
facet normal 0.9999989723100617 0.001433659241310109 2.548564840327576e-13
outer loop
vertex 26.06967820000001 -105.62145159999984 5
vertex 26.16170633001835 -169.8124621202374 2
vertex 26.161478215422633 -169.6533487446802 2
endloop
endfacet
facet normal 0.9999989723100617 0.001433659241310109 2.548564840327576e-13
outer loop
vertex 26.06967820000001 -105.62145159999984 5
vertex 26.161478215422633 -169.6533487446802 2
vertex 26.16121796135777 -169.4718176040124 2
endloop
endfacet
facet normal 0.9999989723100617 0.001433659241310109 2.548564840327576e-13
outer loop
vertex 26.06967820000001 -105.62145159999984 5
vertex 26.16121796135777 -169.4718176040124 2
vertex 26.16093556924142 -169.27484483809886 2
endloop
endfacet
facet normal 0.9999989723100617 0.001433659241310109 2.548564840327576e-13
outer loop
vertex 26.06967820000001 -105.62145159999984 5
vertex 26.16093556924142 -169.27484483809886 2
vertex 26.160641891244435 -169.0700000000022 2
endloop
endfacet
facet normal 0.9999989723100617 0.001433659241310109 2.548564840327576e-13
outer loop
vertex 26.06967820000001 -105.62145159999984 5
vertex 26.160641891244435 -169.0700000000022 2
vertex 26.160348213247442 -168.8651551618977 2
endloop
endfacet
facet normal 0.9999989723100617 0.001433659241310109 2.548564840327576e-13
outer loop
vertex 26.06967820000001 -105.62145159999984 5
vertex 26.160348213247442 -168.8651551618977 2
vertex 26.160065821131145 -168.66818239602256 2
endloop
endfacet
facet normal 0.9999989723100617 0.001433659241310109 2.548564840327576e-13
outer loop
vertex 26.06967820000001 -105.62145159999984 5
vertex 26.160065821131145 -168.66818239602256 2
vertex 26.15980556706621 -168.48665125530601 2
endloop
endfacet
facet normal 0.9999989723100617 0.001433659241310109 2.548564840327576e-13
outer loop
vertex 26.06967820000001 -105.62145159999984 5
vertex 26.15980556706621 -168.48665125530601 2
vertex 26.159577452470497 -168.327537879751 2
endloop
endfacet
facet normal 0.9999989723100617 0.001433659241310109 2.548564840327576e-13
outer loop
vertex 26.06967820000001 -105.62145159999984 5
vertex 26.159577452470497 -168.327537879751 2
vertex 26.159390243659903 -168.1969569070842 2
endloop
endfacet
facet normal 0.9999989723100617 0.001433659241310109 2.548564840327576e-13
outer loop
vertex 26.06967820000001 -105.62145159999984 5
vertex 26.159390243659903 -168.1969569070842 2
vertex 26.15925113496403 -168.09992649085655 2
endloop
endfacet
facet normal 0.9999989723100617 0.001433659241310109 2.548564840327576e-13
outer loop
vertex 26.06967820000001 -105.62145159999984 5
vertex 26.15925113496403 -168.09992649085655 2
vertex 26.159165472252088 -168.04017545557855 2
endloop
endfacet
facet normal 0.9999989723100617 0.001433659241310109 2.548564840327576e-13
outer loop
vertex 26.06967820000001 -105.62145159999984 5
vertex 26.159165472252088 -168.04017545557855 2
vertex 26.159136547494025 -168.0200000000003 2
endloop
endfacet
facet normal 0.9999989723100617 0.001433659241310109 2.548564840327576e-13
outer loop
vertex 26.06967820000001 -105.62145159999984 5
vertex 26.159136547494025 -168.0200000000003 2
vertex 26.124054869805967 -143.54999999999708 2
endloop
endfacet
facet normal 0.9999989723100617 0.001433659241310109 2.548564840327576e-13
outer loop
vertex 26.06967820000001 -105.62145159999984 5
vertex 26.124054869805967 -143.54999999999708 2
vertex 26.124025945047908 -143.52982454442193 2
endloop
endfacet
facet normal 0.9999989723100617 0.001433659241310109 2.548564840327576e-13
outer loop
vertex 26.06967820000001 -105.62145159999984 5
vertex 26.124025945047908 -143.52982454442193 2
vertex 26.123940282335948 -143.47007350913017 2
endloop
endfacet
facet normal 0.9999989723100617 0.001433659241310109 2.548564840327576e-13
outer loop
vertex 26.06967820000001 -105.62145159999984 5
vertex 26.123940282335948 -143.47007350913017 2
vertex 26.12380117364011 -143.3730430929287 2
endloop
endfacet
facet normal 0.9999989723100617 0.001433659241310109 2.548564840327576e-13
outer loop
vertex 26.06967820000001 -105.62145159999984 5
vertex 26.12380117364011 -143.3730430929287 2
vertex 26.123613964829488 -143.24246212024138 2
endloop
endfacet
facet normal 0.9999989723100617 0.001433659241310109 2.548564840327576e-13
outer loop
vertex 26.06967820000001 -105.62145159999984 5
vertex 26.123613964829488 -143.24246212024138 2
vertex 26.12338585023379 -143.0833487446979 2
endloop
endfacet
facet normal 0.9999989723100617 0.001433659241310109 2.548564840327576e-13
outer loop
vertex 26.06967820000001 -105.62145159999984 5
vertex 26.12338585023379 -143.0833487446979 2
vertex 26.123125596168872 -142.90181760399255 2
endloop
endfacet
facet normal 0.9999989723100617 0.001433659241310109 2.548564840327576e-13
outer loop
vertex 26.06967820000001 -105.62145159999984 5
vertex 26.123125596168872 -142.90181760399255 2
vertex 26.122843204052515 -142.7048448380755 2
endloop
endfacet
facet normal 0.9999989723100617 0.001433659241310109 2.548564840327576e-13
outer loop
vertex 26.06967820000001 -105.62145159999984 5
vertex 26.122843204052515 -142.7048448380755 2
vertex 26.12254952605562 -142.50000000004104 2
endloop
endfacet
facet normal 0.9999989723100617 0.001433659241310109 2.548564840327576e-13
outer loop
vertex 26.06967820000001 -105.62145159999984 5
vertex 26.12254952605562 -142.50000000004104 2
vertex 26.122255848058483 -142.29515516183594 2
endloop
endfacet
facet normal 0.9999989723100617 0.001433659241310109 2.548564840327576e-13
outer loop
vertex 26.06967820000001 -105.62145159999984 5
vertex 26.122255848058483 -142.29515516183594 2
vertex 26.121973455942207 -142.09818239597317 2
endloop
endfacet
facet normal 0.9999989723100617 0.001433659241310109 2.548564840327576e-13
outer loop
vertex 26.06967820000001 -105.62145159999984 5
vertex 26.121973455942207 -142.09818239597317 2
vertex 26.121713201877466 -141.91665125539157 2
endloop
endfacet
facet normal 0.9999989723100617 0.001433659241310109 2.548564840327576e-13
outer loop
vertex 26.06967820000001 -105.62145159999984 5
vertex 26.121713201877466 -141.91665125539157 2
vertex 26.12148508728156 -141.75753787970075 2
endloop
endfacet
facet normal 0.9999989723100617 0.001433659241310109 2.548564840327576e-13
outer loop
vertex 26.06967820000001 -105.62145159999984 5
vertex 26.12148508728156 -141.75753787970075 2
vertex 26.121297878471093 -141.62695690712653 2
endloop
endfacet
facet normal 0.9999989723100617 0.001433659241310109 2.548564840327576e-13
outer loop
vertex 26.06967820000001 -105.62145159999984 5
vertex 26.121297878471093 -141.62695690712653 2
vertex 26.12115876977514 -141.5299264908414 2
endloop
endfacet
facet normal 0.9999989723100617 0.001433659241310109 2.548564840327576e-13
outer loop
vertex 26.06967820000001 -105.62145159999984 5
vertex 26.12115876977514 -141.5299264908414 2
vertex 26.121073107063214 -141.47017545557495 2
endloop
endfacet
facet normal 0.9999989723100617 0.001433659241310109 2.548564840327576e-13
outer loop
vertex 26.06967820000001 -105.62145159999984 5
vertex 26.121073107063214 -141.47017545557495 2
vertex 26.121044182305152 -141.44999999999612 2
endloop
endfacet
facet normal 0.9999989723100617 0.001433659241310109 2.548564840327576e-13
outer loop
vertex 26.06967820000001 -105.62145159999984 5
vertex 26.121044182305152 -141.44999999999612 2
vertex 26.107668127837254 -132.12000000000023 2
endloop
endfacet
facet normal 0.9999989723100617 0.001433659241310109 2.548564840327576e-13
outer loop
vertex 26.06967820000001 -105.62145159999984 5
vertex 26.107668127837254 -132.12000000000023 2
vertex 26.10763920307919 -132.0998245444237 2
endloop
endfacet
facet normal 0.9999989723100617 0.001433659241310109 2.548564840327576e-13
outer loop
vertex 26.06967820000001 -105.62145159999984 5
vertex 26.10763920307919 -132.0998245444237 2
vertex 26.107553540367235 -132.0400735091323 2
endloop
endfacet
facet normal 0.9999989723100617 0.001433659241310109 2.548564840327576e-13
outer loop
vertex 26.06967820000001 -105.62145159999984 5
vertex 26.107553540367235 -132.0400735091323 2
vertex 26.107414431671376 -131.9430430929175 2
endloop
endfacet
facet normal 0.9999989723100617 0.001433659241310109 2.548564840327576e-13
outer loop
vertex 26.06967820000001 -105.62145159999984 5
vertex 26.107414431671376 -131.9430430929175 2
vertex 26.107227222860786 -131.81246212025417 2
endloop
endfacet
facet normal 0.9999989723100617 0.001433659241310109 2.548564840327576e-13
outer loop
vertex 26.06967820000001 -105.62145159999984 5
vertex 26.107227222860786 -131.81246212025417 2
vertex 26.106999108265015 -131.6533487446587 2
endloop
endfacet
facet normal 0.9999989723100617 0.001433659241310109 2.548564840327576e-13
outer loop
vertex 26.06967820000001 -105.62145159999984 5
vertex 26.106999108265015 -131.6533487446587 2
vertex 26.106738854200138 -131.47181760398067 2
endloop
endfacet
facet normal 0.9999989723100617 0.001433659241310109 2.548564840327576e-13
outer loop
vertex 26.06967820000001 -105.62145159999984 5
vertex 26.106738854200138 -131.47181760398067 2
vertex 26.106456462083877 -131.27484483812947 2
endloop
endfacet
facet normal 0.9999989723100617 0.001433659241310109 2.548564840327576e-13
outer loop
vertex 26.06967820000001 -105.62145159999984 5
vertex 26.106456462083877 -131.27484483812947 2
vertex 26.106162784086855 -131.0700000000067 2
endloop
endfacet
facet normal 0.9999989723100617 0.001433659241310109 2.548564840327576e-13
outer loop
vertex 26.06967820000001 -105.62145159999984 5
vertex 26.106162784086855 -131.0700000000067 2
vertex 26.105869106089834 -130.86515516188382 2
endloop
endfacet
facet normal 0.9999989723100617 0.001433659241310109 2.548564840327576e-13
outer loop
vertex 26.06967820000001 -105.62145159999984 5
vertex 26.105869106089834 -130.86515516188382 2
vertex 26.105586713973537 -130.66818239600866 2
endloop
endfacet
facet normal 0.9999989723100617 0.001433659241310109 2.548564840327576e-13
outer loop
vertex 26.06967820000001 -105.62145159999984 5
vertex 26.105586713973537 -130.66818239600866 2
vertex 26.105326459908685 -130.4866512553492 2
endloop
endfacet
facet normal 0.9999989723100617 0.001433659241310109 2.548564840327576e-13
outer loop
vertex 26.06967820000001 -105.62145159999984 5
vertex 26.105326459908685 -130.4866512553492 2
vertex 26.105098345312907 -130.3275378797475 2
endloop
endfacet
facet normal 0.9999989723100617 0.001433659241310109 2.548564840327576e-13
outer loop
vertex 26.06967820000001 -105.62145159999984 5
vertex 26.105098345312907 -130.3275378797475 2
vertex 26.10491113650229 -130.1969569070674 2
endloop
endfacet
facet normal 0.9999989723100617 0.001433659241310109 2.548564840327576e-13
outer loop
vertex 26.06967820000001 -105.62145159999984 5
vertex 26.10491113650229 -130.1969569070674 2
vertex 26.104772027806458 -130.0999264908695 2
endloop
endfacet
facet normal 0.9999989723100617 0.001433659241310109 2.548564840327576e-13
outer loop
vertex 26.06967820000001 -105.62145159999984 5
vertex 26.104772027806458 -130.0999264908695 2
vertex 26.104686365094498 -130.04017545557608 2
endloop
endfacet
facet normal 0.9999989723100617 0.001433659241310109 2.548564840327576e-13
outer loop
vertex 26.06967820000001 -105.62145159999984 5
vertex 26.104686365094498 -130.04017545557608 2
vertex 26.10465744033644 -130.01999999999995 2
endloop
endfacet
facet normal 0.9999989723100617 0.001433659241310109 2.548564840327576e-13
outer loop
vertex 26.06967820000001 -105.62145159999984 5
vertex 26.10465744033644 -130.01999999999995 2
vertex 26.07748956979338 -111.07 2
endloop
endfacet
facet normal 0.9999989723100617 0.001433659241310109 2.548564840327576e-13
outer loop
vertex 26.06967820000001 -105.62145159999984 5
vertex 26.07748956979338 -111.07 2
vertex 26.069678200000293 -105.62145159999646 2
endloop
endfacet
facet normal 0.9970238140433731 -0.07709419063979794 0
outer loop
vertex 26.124166201985485 -104.91678325718014 5
vertex 26.06967820000001 -105.62145159999984 5
vertex 26.069678200000293 -105.62145159999646 2
endloop
endfacet
facet normal 0.9970238140433731 -0.07709419063979794 0
outer loop
vertex 26.124166201985485 -104.91678325718014 5
vertex 26.069678200000293 -105.62145159999646 2
vertex 26.124166201984934 -104.9167832571877 2
endloop
endfacet
facet normal 0.9726540158455645 -0.23225883289876476 0
outer loop
vertex 26.288321247698235 -104.22933442072024 5
vertex 26.124166201985485 -104.91678325718014 5
vertex 26.124166201984934 -104.9167832571877 2
endloop
endfacet
facet normal 0.9726540158455645 -0.23225883289876476 0
outer loop
vertex 26.288321247698235 -104.22933442072024 5
vertex 26.124166201984934 -104.9167832571877 2
vertex 26.288321247701955 -104.2293344207098 2
endloop
endfacet
facet normal 0.9242909212588571 -0.38168873821276544 -1.810770304352269e-13
outer loop
vertex 26.55808981360098 -103.57606747479862 5
vertex 26.288321247698235 -104.22933442072024 5
vertex 26.288321247701955 -104.2293344207098 2
endloop
endfacet
facet normal 0.9242909212588571 -0.38168873821276544 -1.810770304352269e-13
outer loop
vertex 26.55808981360098 -103.57606747479862 5
vertex 26.288321247701955 -104.2293344207098 2
vertex 26.354118879806112 -104.07000000000102 2
endloop
endfacet
facet normal 0.9242909212588571 -0.38168873821276544 -1.810770304352269e-13
outer loop
vertex 26.55808981360098 -103.57606747479862 5
vertex 26.354118879806112 -104.07000000000102 2
vertex 26.558089813598674 -103.57606747480281 2
endloop
endfacet
facet normal 0.853127154322864 -0.5217030367526839 0
outer loop
vertex 26.92681717168565 -102.9730973949582 5
vertex 26.55808981360098 -103.57606747479862 5
vertex 26.558089813598674 -103.57606747480281 2
endloop
endfacet
facet normal 0.853127154322864 -0.5217030367526839 0
outer loop
vertex 26.92681717168565 -102.9730973949582 5
vertex 26.558089813598674 -103.57606747480281 2
vertex 26.926817171686668 -102.97309739495697 2
endloop
endfacet
facet normal 0.7609182031590428 -0.6488478158252625 0
outer loop
vertex 27.385407450204074 -102.43529841928833 5
vertex 26.92681717168565 -102.9730973949582 5
vertex 26.926817171686668 -102.97309739495697 2
endloop
endfacet
facet normal 0.7609182031590428 -0.6488478158252625 0
outer loop
vertex 27.385407450204074 -102.43529841928833 5
vertex 26.926817171686668 -102.97309739495697 2
vertex 27.385407450202447 -102.43529841929022 2
endloop
endfacet
facet normal 0.6499387045022048 -0.7599866317179507 0
outer loop
vertex 27.92254801322876 -101.97593712647365 5
vertex 27.385407450204074 -102.43529841928833 5
vertex 27.385407450202447 -102.43529841929022 2
endloop
endfacet
facet normal 0.6499387045022048 -0.7599866317179507 0
outer loop
vertex 27.92254801322876 -101.97593712647365 5
vertex 27.385407450202447 -102.43529841929022 2
vertex 27.922548013230173 -101.97593712647291 2
endloop
endfacet
facet normal 0.5229263323121378 -0.8523778803879039 0
outer loop
vertex 28.52498852398686 -101.60634517204187 5
vertex 27.92254801322876 -101.97593712647365 5
vertex 27.922548013230173 -101.97593712647291 2
endloop
endfacet
facet normal 0.5229263323121378 -0.8523778803879039 0
outer loop
vertex 28.52498852398686 -101.60634517204187 5
vertex 27.922548013230173 -101.97593712647291 2
vertex 28.524988523989755 -101.60634517204022 2
endloop
endfacet
facet normal 0.38301426405054456 -0.9237424281334163 0
outer loop
vertex 29.177867807949795 -101.33563975585112 5
vertex 28.52498852398686 -101.60634517204187 5
vertex 28.524988523989755 -101.60634517204022 2
endloop
endfacet
facet normal 0.38301426405054456 -0.9237424281334163 0
outer loop
vertex 29.177867807949795 -101.33563975585112 5
vertex 28.524988523989755 -101.60634517204022 2
vertex 29.177867807952914 -101.33563975584939 2
endloop
endfacet
facet normal 0.23365389056510785 -0.9723198339146377 0
outer loop
vertex 29.865080452530584 -101.17049871639975 5
vertex 29.177867807949795 -101.33563975585112 5
vertex 29.177867807952914 -101.33563975584939 2
endloop
endfacet
facet normal 0.23365389056510785 -0.9723198339146377 0
outer loop
vertex 29.865080452530584 -101.17049871639975 5
vertex 29.177867807952914 -101.33563975584939 2
vertex 29.86508045252424 -101.1704987164003 2
endloop
endfacet
facet normal 0.07852967619429313 -0.9969117764159573 1.80775955346662e-14
outer loop
vertex 30.569674099999922 -101.11499580000002 5
vertex 29.865080452530584 -101.17049871639975 5
vertex 29.86508045252424 -101.1704987164003 2
endloop
endfacet
facet normal 0.07852967619429313 -0.9969117764159573 1.80775955346662e-14
outer loop
vertex 30.569674099999922 -101.11499580000002 5
vertex 29.86508045252424 -101.1704987164003 2
vertex 30.569620782202275 -101.115 2
endloop
endfacet
facet normal 0.07852967619429313 -0.9969117764159573 1.80775955346662e-14
outer loop
vertex 30.569674099999922 -101.11499580000002 5
vertex 30.569620782202275 -101.115 2
vertex 30.56967410000224 -101.11499579999989 2
endloop
endfacet
facet normal -0.0000013417133288839977 -0.9999999999991 0
outer loop
vertex 33.70000000000002 -101.11499580000002 5
vertex 30.569674099999922 -101.11499580000002 5
vertex 30.56967410000224 -101.11499579999989 2
endloop
endfacet
facet normal -0.0000013417133288839977 -0.9999999999991 0
outer loop
vertex 33.70000000000002 -101.11499580000002 5
vertex 30.56967410000224 -101.11499579999989 2
vertex 33.700000091987526 -101.115 2
endloop
endfacet
facet normal 1 0 0
outer loop
vertex 33.69999999999999 -99.115 2
vertex 33.69999999999999 -99.115 5
vertex 33.70000000000002 -101.11499580000002 5
endloop
endfacet
facet normal 1 0 0
outer loop
vertex 33.69999999999999 -99.115 2
vertex 33.70000000000002 -101.11499580000002 5
vertex 33.700000091987526 -101.115 2
endloop
endfacet
facet normal -0.6499055545734104 0.760014980204093 0
outer loop
vertex 25.970404071158015 -101.02187580684742 5
vertex 26.746254830613736 -100.35842872853473 5
vertex 26.746254830612784 -100.35842872853532 2
endloop
endfacet
facet normal -0.6499055545734104 0.760014980204093 0
outer loop
vertex 25.970404071158015 -101.02187580684742 5
vertex 26.746254830612784 -100.35842872853532 2
vertex 25.970404071155922 -101.02187580684897 2
endloop
endfacet
facet normal 0 0 -1
outer loop
vertex 25.307995337767863 -101.7986132763941 5
vertex 25.471963314682394 -101.60634517204187 5
vertex 25.70282333996922 -101.33563975585112 5
endloop
endfacet
facet normal 0 0 -1
outer loop
vertex 25.307995337767863 -101.7986132763941 5
vertex 25.70282333996922 -101.33563975585112 5
vertex 25.84365711078957 -101.17049871639975 5
endloop
endfacet
facet normal 0 0 -1
outer loop
vertex 25.307995337767863 -101.7986132763941 5
vertex 25.84365711078957 -101.17049871639975 5
vertex 25.89099049947399 -101.11499580000002 5
endloop
endfacet
facet normal 0 0 -1
outer loop
vertex 25.307995337767863 -101.7986132763941 5
vertex 25.89099049947399 -101.11499580000002 5
vertex 25.970404071158015 -101.02187580684742 5
endloop
endfacet
facet normal 0 0 -1
outer loop
vertex 25.307995337767863 -101.7986132763941 5
vertex 25.970404071158015 -101.02187580684742 5
vertex 25.970404071155922 -101.02187580684897 2
endloop
endfacet
facet normal 0 0 -1
outer loop
vertex 25.307995337767863 -101.7986132763941 5
vertex 25.970404071155922 -101.02187580684897 2
vertex 25.307995337760698 -101.7986132764016 2
endloop
endfacet
facet normal 0 0 1
outer loop
vertex 24.77536710140504 -102.66948272039767 5
vertex 24.918595425860083 -102.43529841928833 5
vertex 25.19954315795691 -101.97593712647365 5
endloop
endfacet
facet normal 0 0 1
outer loop
vertex 24.77536710140504 -102.66948272039767 5
vertex 25.19954315795691 -101.97593712647365 5
vertex 25.307995337767863 -101.7986132763941 5
endloop
endfacet
facet normal 0 0 1
outer loop
vertex 24.77536710140504 -102.66948272039767 5
vertex 25.307995337767863 -101.7986132763941 5
vertex 25.307995337760698 -101.7986132764016 2
endloop
endfacet
facet normal 0 0 1
outer loop
vertex 24.77536710140504 -102.66948272039767 5
vertex 25.307995337760698 -101.7986132764016 2
vertex 24.77536710140646 -102.66948272039106 2
endloop
endfacet
facet normal 0 0 1
outer loop
vertex 24.385656765812882 -103.6130039342567 5
vertex 24.400912935785065 -103.57606747479862 5
vertex 24.649962632511595 -102.9730973949582 5
endloop
endfacet
facet normal 0 0 1
outer loop
vertex 24.385656765812882 -103.6130039342567 5
vertex 24.649962632511595 -102.9730973949582 5
vertex 24.77536710140504 -102.66948272039767 5
endloop
endfacet
facet normal 0 0 1
outer loop
vertex 24.385656765812882 -103.6130039342567 5
vertex 24.77536710140504 -102.66948272039767 5
vertex 24.77536710140646 -102.66948272039106 2
endloop
endfacet
facet normal 0 0 1
outer loop
vertex 24.385656765812882 -103.6130039342567 5
vertex 24.77536710140646 -102.66948272039106 2
vertex 24.385656765813096 -103.61300393425294 2
endloop
endfacet
facet normal 0 0 -1
outer loop
vertex 24.148476630287234 -104.6059047399678 5
vertex 24.23843022770637 -104.22933442072024 5
vertex 24.385656765812882 -103.6130039342567 5
endloop
endfacet
facet normal 0 0 -1
outer loop
vertex 24.148476630287234 -104.6059047399678 5
vertex 24.385656765812882 -103.6130039342567 5
vertex 24.385656765813096 -103.61300393425294 2
endloop
endfacet
facet normal 0 0 -1
outer loop
vertex 24.148476630287234 -104.6059047399678 5
vertex 24.385656765813096 -103.61300393425294 2
vertex 24.148476630287696 -104.605904739963 2
endloop
endfacet
facet normal 0 0 1
outer loop
vertex 24.069676799999996 -105.62369500000003 5
vertex 24.069850489556895 -105.62145159999984 5
vertex 24.124407649321054 -104.91678325718014 5
endloop
endfacet
facet normal 0 0 1
outer loop
vertex 24.069676799999996 -105.62369500000003 5
vertex 24.124407649321054 -104.91678325718014 5
vertex 24.148476630287234 -104.6059047399678 5
endloop
endfacet
facet normal 0 0 1
outer loop
vertex 24.069676799999996 -105.62369500000003 5
vertex 24.148476630287234 -104.6059047399678 5
vertex 24.148476630287696 -104.605904739963 2
endloop
endfacet
facet normal 0 0 1
outer loop
vertex 24.069676799999996 -105.62369500000003 5
vertex 24.148476630287696 -104.605904739963 2
vertex 24.069676799999847 -105.62369499994244 2
endloop
endfacet
facet normal 0 0 -1
outer loop
vertex 24.305528481511715 -201.37687105475405 5
vertex 24.274447683919675 -201.02706665594494 5
vertex 24.20534330000001 -200.24931899999982 5
endloop
endfacet
facet normal 0 0 -1
outer loop
vertex 24.305528481511715 -201.37687105475405 5
vertex 24.20534330000001 -200.24931899999982 5
vertex 24.205343299999708 -200.24931900009454 2
endloop
endfacet
facet normal 0 0 -1
outer loop
vertex 24.305528481511715 -201.37687105475405 5
vertex 24.205343299999708 -200.24931900009454 2
vertex 24.305528481507828 -201.3768710547311 2
endloop
endfacet
facet normal 0 0 1
outer loop
vertex 24.599816507181515 -202.46994217219594 5
vertex 24.415088051547183 -201.78380708748102 5
vertex 24.305528481511715 -201.37687105475405 5
endloop
endfacet
facet normal 0 0 1
outer loop
vertex 24.599816507181515 -202.46994217219594 5
vertex 24.305528481511715 -201.37687105475405 5
vertex 24.305528481507828 -201.3768710547311 2
endloop
endfacet
facet normal 0 0 1
outer loop
vertex 24.599816507181515 -202.46994217219594 5
vertex 24.305528481507828 -201.3768710547311 2
vertex 24.599816507190862 -202.46994217221567 2
endloop
endfacet
facet normal 0 0 1
outer loop
vertex 25.079280198194226 -203.4953808484891 5
vertex 24.91091235847289 -203.13528915034712 5
vertex 24.61093662413726 -202.49372499084325 5
endloop
endfacet
facet normal 0 0 1
outer loop
vertex 25.079280198194226 -203.4953808484891 5
vertex 24.61093662413726 -202.49372499084325 5
vertex 24.599816507181515 -202.46994217219594 5
endloop
endfacet
facet normal 0 0 1
outer loop
vertex 25.079280198194226 -203.4953808484891 5
vertex 24.599816507181515 -202.46994217219594 5
vertex 24.599816507190862 -202.46994217221567 2
endloop
endfacet
facet normal 0 0 1
outer loop
vertex 25.079280198194226 -203.4953808484891 5
vertex 24.599816507190862 -202.46994217221567 2
vertex 25.079280198211798 -203.49538084852648 2
endloop
endfacet
facet normal 0 0 1
outer loop
vertex 25.72937779064287 -204.4220863195693 5
vertex 25.530218277200294 -204.1381870821798 5
vertex 25.215135982596983 -203.68904146213592 5
endloop
endfacet
facet normal 0 0 1
outer loop
vertex 25.72937779064287 -204.4220863195693 5
vertex 25.215135982596983 -203.68904146213592 5
vertex 25.079280198194226 -203.4953808484891 5
endloop
endfacet
facet normal 0 0 1
outer loop
vertex 25.72937779064287 -204.4220863195693 5
vertex 25.079280198194226 -203.4953808484891 5
vertex 25.079280198211798 -203.49538084852648 2
endloop
endfacet
facet normal 0 0 1
outer loop
vertex 25.72937779064287 -204.4220863195693 5
vertex 25.079280198211798 -203.49538084852648 2
vertex 25.72937779061583 -204.42208631954313 2
endloop
endfacet
facet normal -0.5731190674782172 -0.8194721072085973 0
outer loop
vertex 27.45802965131486 -205.87071954085545 5
vertex 26.530392326010883 -205.22195232332658 5
vertex 26.530392326006613 -205.22195232332314 2
endloop
endfacet
facet normal -0.5731190674782172 -0.8194721072085973 0
outer loop
vertex 27.45802965131486 -205.87071954085545 5
vertex 26.530392326006613 -205.22195232332314 2
vertex 27.458029651350724 -205.87071954088003 2
endloop
endfacet
facet normal -0.4222565812541451 -0.9064763535733085 0
outer loop
vertex 28.484155242025224 -206.34871136288453 5
vertex 27.45802965131486 -205.87071954085545 5
vertex 27.458029651350724 -205.87071954088003 2
endloop
endfacet
facet normal -0.4222565812541451 -0.9064763535733085 0
outer loop
vertex 28.484155242025224 -206.34871136288453 5
vertex 27.458029651350724 -205.87071954088003 2
vertex 28.484155241982503 -206.34871136287248 2
endloop
endfacet
facet normal -0.25858737863447273 -0.9659878713580995 0
outer loop
vertex 29.5776475004931 -206.64143066615773 5
vertex 28.484155242025224 -206.34871136288453 5
vertex 28.484155241982503 -206.34871136287248 2
endloop
endfacet
facet normal -0.25858737863447273 -0.9659878713580995 0
outer loop
vertex 29.5776475004931 -206.64143066615773 5
vertex 28.484155241982503 -206.34871136287248 2
vertex 29.577647500499033 -206.64143066615873 2
endloop
endfacet
facet normal -0.08707766321259655 -0.9962015260826667 0
outer loop
vertex 30.70534164999961 -206.74000205837757 5
vertex 29.5776475004931 -206.64143066615773 5
vertex 29.577647500499033 -206.64143066615873 2
endloop
endfacet
facet normal -0.08707766321259655 -0.9962015260826667 0
outer loop
vertex 30.70534164999961 -206.74000205837757 5
vertex 29.577647500499033 -206.64143066615873 2
vertex 30.705341649942742 -206.74000164859874 2
endloop
endfacet
facet normal -0.17364812914182537 -0.9848077615684687 2.1375646747755357e-7
outer loop
vertex 113.05037870000001 -210.0051546 5
vertex 94.53276709999997 -206.74000099743935 5
vertex 94.53276709998507 -206.74000164859874 2
endloop
endfacet
facet normal -0.17364812914182537 -0.9848077615684687 2.1375646747755357e-7
outer loop
vertex 113.05037870000001 -210.0051546 5
vertex 94.53276709998507 -206.74000164859874 2
vertex 105.87532691974977 -208.74 2
endloop
endfacet
facet normal -0.17364812914182537 -0.9848077615684687 2.1375646747755357e-7
outer loop
vertex 113.05037870000001 -210.0051546 5
vertex 105.87532691974977 -208.74 2
vertex 113.0503786999925 -210.00515459999593 2
endloop
endfacet
facet normal 0 0 1
outer loop
vertex 158.31649579999927 -223.84715139999977 5
vertex 152.68308106648627 -221.79675609999998 5
vertex 140.4768932000001 -217.35406700000004 5
endloop
endfacet
facet normal 0 0 1
outer loop
vertex 158.31649579999927 -223.84715139999977 5
vertex 140.4768932000001 -217.35406700000004 5
vertex 140.47689319995007 -217.35406699998669 2
endloop
endfacet
facet normal 0 0 1
outer loop
vertex 158.31649579999927 -223.84715139999977 5
vertex 140.47689319995007 -217.35406699998669 2
vertex 145.7225177095913 -219.26331820000016 2
endloop
endfacet
facet normal 0 0 1
outer loop
vertex 158.31649579999927 -223.84715139999977 5
vertex 145.7225177095913 -219.26331820000016 2
vertex 158.3164957999347 -223.84715139998195 2
endloop
endfacet
facet normal -0.25882453960972 -0.9659243540235521 0
outer loop
vertex 158.569055865555 -223.91482620540143 5
vertex 158.31649579999927 -223.84715139999977 5
vertex 158.3164957999347 -223.84715139998195 2
endloop
endfacet
facet normal -0.25882453960972 -0.9659243540235521 0
outer loop
vertex 158.569055865555 -223.91482620540143 5
vertex 158.3164957999347 -223.84715139998195 2
vertex 158.56905586554961 -223.91482620539946 2
endloop
endfacet
facet normal -0.08714802284731595 -0.9961953734653679 0
outer loop
vertex 158.8295277596601 -223.93761250935663 5
vertex 158.569055865555 -223.91482620540143 5
vertex 158.56905586554961 -223.91482620539946 2
endloop
endfacet
facet normal -0.08714802284731595 -0.9961953734653679 0
outer loop
vertex 158.8295277596601 -223.93761250935663 5
vertex 158.56905586554961 -223.91482620539946 2
vertex 158.82952775966953 -223.93761250935597 2
endloop
endfacet
facet normal 0.08716309525624417 -0.9961940548032552 0
outer loop
vertex 159.08999930897875 -223.91482226446874 5
vertex 158.8295277596601 -223.93761250935663 5
vertex 158.82952775966953 -223.93761250935597 2
endloop
endfacet
facet normal 0.08716309525624417 -0.9961940548032552 0
outer loop
vertex 159.08999930897875 -223.91482226446874 5
vertex 158.82952775966953 -223.93761250935597 2
vertex 159.0899993089717 -223.91482226446954 2
endloop
endfacet
facet normal 0.25882581798094745 -0.9659240114763136 0
outer loop
vertex 159.34255625065134 -223.84714793787728 5
vertex 159.08999930897875 -223.91482226446874 5
vertex 159.0899993089717 -223.91482226446954 2
endloop
endfacet
facet normal 0.25882581798094745 -0.9659240114763136 0
outer loop
vertex 159.34255625065134 -223.84714793787728 5
vertex 159.0899993089717 -223.91482226446954 2
vertex 159.3425562506632 -223.847147937873 2
endloop
endfacet
facet normal 0.4226242823486392 -0.9063049795567152 0
outer loop
vertex 159.5795248021522 -223.73664577108323 5
vertex 159.34255625065134 -223.84714793787728 5
vertex 159.3425562506632 -223.847147937873 2
endloop
endfacet
facet normal 0.4226242823486392 -0.9063049795567152 0
outer loop
vertex 159.5795248021522 -223.73664577108323 5
vertex 159.3425562506632 -223.847147937873 2
vertex 159.57952480214166 -223.7366457710894 2
endloop
endfacet
facet normal 0.5735815758848093 -0.8191484455246796 0
outer loop
vertex 159.79370482430645 -223.58667330235494 5
vertex 159.5795248021522 -223.73664577108323 5
vertex 159.57952480214166 -223.7366457710894 2
endloop
endfacet
facet normal 0.5735815758848093 -0.8191484455246796 0
outer loop
vertex 159.79370482430645 -223.58667330235494 5
vertex 159.57952480214166 -223.7366457710894 2
vertex 159.7937048243061 -223.58667330235397 2
endloop
endfacet
facet normal 0.7071109569479854 -0.7071026054004501 0
outer loop
vertex 159.97858859295366 -223.4017873500563 5
vertex 159.79370482430645 -223.58667330235494 5
vertex 159.7937048243061 -223.58667330235397 2
endloop
endfacet
facet normal 0.7071109569479854 -0.7071026054004501 0
outer loop
vertex 159.97858859295366 -223.4017873500563 5
vertex 159.7937048243061 -223.58667330235397 2
vertex 159.97858859294863 -223.40178735006006 2
endloop
endfacet
facet normal 0.8191552199659452 -0.5735719009876131 0
outer loop
vertex 160.12855853201884 -223.18760555661123 5
vertex 159.97858859295366 -223.4017873500563 5
vertex 159.97858859294863 -223.40178735006006 2
endloop
endfacet
facet normal 0.8191552199659452 -0.5735719009876131 0
outer loop
vertex 160.12855853201884 -223.18760555661123 5
vertex 159.97858859294863 -223.40178735006006 2
vertex 160.12855853200864 -223.18760555662243 2
endloop
endfacet
facet normal 0.9063099710547109 -0.4226135780672565 0
outer loop
vertex 160.23905789999995 -222.9506357000001 5
vertex 160.12855853201884 -223.18760555661123 5
vertex 160.12855853200864 -223.18760555662243 2
endloop
endfacet
facet normal 0.9063099710547109 -0.4226135780672565 0
outer loop
vertex 160.23905789999995 -222.9506357000001 5
vertex 160.12855853200864 -223.18760555662243 2
vertex 160.23905789997912 -222.95063570005115 2
endloop
endfacet
facet normal 0 0 -1
outer loop
vertex 166.7545487 -205.0494982999994 5
vertex 165.50240094484855 -208.48974089999996 5
vertex 164.1343183440155 -212.2485114 5
endloop
endfacet
facet normal 0 0 -1
outer loop
vertex 166.7545487 -205.0494982999994 5
vertex 164.1343183440155 -212.2485114 5
vertex 160.65903634886146 -221.79675609999998 5
endloop
endfacet
facet normal 0 0 -1
outer loop
vertex 166.7545487 -205.0494982999994 5
vertex 160.65903634886146 -221.79675609999998 5
vertex 160.23905789999995 -222.9506357000001 5
endloop
endfacet
facet normal 0 0 -1
outer loop
vertex 166.7545487 -205.0494982999994 5
vertex 160.23905789999995 -222.9506357000001 5
vertex 160.23905789997912 -222.95063570005115 2
endloop
endfacet
facet normal 0 0 -1
outer loop
vertex 166.7545487 -205.0494982999994 5
vertex 160.23905789997912 -222.95063570005115 2
vertex 166.75454875792735 -205.04949830001243 2
endloop
endfacet
facet normal 0 0 -1
outer loop
vertex 166.82221577650773 -204.79693780103042 5
vertex 166.81193646264083 -204.835304297313 5
vertex 166.7545487 -205.0494982999994 5
endloop
endfacet
facet normal 0 0 -1
outer loop
vertex 166.82221577650773 -204.79693780103042 5
vertex 166.7545487 -205.0494982999994 5
vertex 166.75454875792735 -205.04949830001243 2
endloop
endfacet
facet normal 0 0 -1
outer loop
vertex 166.82221577650773 -204.79693780103042 5
vertex 166.75454875792735 -205.04949830001243 2
vertex 166.82221579184434 -204.796937801022 2
endloop
endfacet
facet normal 0.9961946452135833 0.08715634714570798 0
outer loop
vertex 166.82221513375902 -204.27599697356248 5
vertex 166.84500349892352 -204.53646735918016 5
vertex 166.84500350470208 -204.53646735918807 2
endloop
endfacet
facet normal 0.9961946452135833 0.08715634714570798 0
outer loop
vertex 166.82221513375902 -204.27599697356248 5
vertex 166.84500350470208 -204.53646735918807 2
vertex 166.8222151337563 -204.27599697354134 2
endloop
endfacet
facet normal 0.965925993880741 0.2588184196410735 0
outer loop
vertex 166.7545430840319 -204.0234407915833 5
vertex 166.82221513375902 -204.27599697356248 5
vertex 166.8222151337563 -204.27599697354134 2
endloop
endfacet
facet normal 0.965925993880741 0.2588184196410735 0
outer loop
vertex 166.7545430840319 -204.0234407915833 5
vertex 166.8222151337563 -204.27599697354134 2
vertex 166.75454308404454 -204.02344079161662 2
endloop
endfacet
facet normal 0.9063085907523982 0.4226165381624365 0
outer loop
vertex 166.6440435012522 -203.78647249501958 5
vertex 166.7545430840319 -204.0234407915833 5
vertex 166.75454308404454 -204.02344079161662 2
endloop
endfacet
facet normal 0.9063085907523982 0.4226165381624365 0
outer loop
vertex 166.6440435012522 -203.78647249501958 5
vertex 166.75454308404454 -204.02344079161662 2
vertex 166.64404350123036 -203.78647249500673 2
endloop
endfacet
facet normal 0.8191538544861027 0.5735738511129679 0
outer loop
vertex 166.49407381119494 -203.57229214243222 5
vertex 166.6440435012522 -203.78647249501958 5
vertex 166.64404350123036 -203.78647249500673 2
endloop
endfacet
facet normal 0.8191538544861027 0.5735738511129679 0
outer loop
vertex 166.49407381119494 -203.57229214243222 5
vertex 166.64404350123036 -203.78647249500673 2
vertex 166.49407381121273 -203.5722921424336 2
endloop
endfacet
facet normal 0.7071098996772306 0.7071036626821111 0
outer loop
vertex 166.30919070167897 -203.3874074021574 5
vertex 166.49407381119494 -203.57229214243222 5
vertex 166.49407381121273 -203.5722921424336 2
endloop
endfacet
facet normal 0.7071098996772306 0.7071036626821111 0
outer loop
vertex 166.30919070167897 -203.3874074021574 5
vertex 166.49407381121273 -203.5722921424336 2
vertex 166.30919070169273 -203.38740740216454 2
endloop
endfacet
facet normal 0.5735810763906803 0.8191487952786775 0
outer loop
vertex 166.09501167189856 -203.2374358229408 5
vertex 166.30919070167897 -203.3874074021574 5
vertex 166.30919070169273 -203.38740740216454 2
endloop
endfacet
facet normal 0.5735810763906803 0.8191487952786775 0
outer loop
vertex 166.09501167189856 -203.2374358229408 5
vertex 166.30919070169273 -203.38740740216454 2
vertex 166.09501167187318 -203.23743582293133 2
endloop
endfacet
facet normal 0.42262453218933277 0.9063048630520238 0
outer loop
vertex 165.85804435000014 -203.1269341500001 5
vertex 166.09501167189856 -203.2374358229408 5
vertex 166.09501167187318 -203.23743582293133 2
endloop
endfacet
facet normal 0.42262453218933277 0.9063048630520238 0
outer loop
vertex 165.85804435000014 -203.1269341500001 5
vertex 166.09501167187318 -203.23743582293133 2
vertex 165.8580443500336 -203.12693415000993 2
endloop
endfacet
facet normal 0.342020334388251 0.9396925512447937 0
outer loop
vertex 150.80109280000008 -197.64664850000003 5
vertex 165.85804435000014 -203.1269341500001 5
vertex 165.8580443500336 -203.12693415000993 2
endloop
endfacet
facet normal 0.342020334388251 0.9396925512447937 0
outer loop
vertex 150.80109280000008 -197.64664850000003 5
vertex 165.8580443500336 -203.12693415000993 2
vertex 150.80109279999678 -197.64664849999994 2
endloop
endfacet
facet normal 0.9999996034948814 -0.0008905111339620538 -1.0989979102879479e-12
outer loop
vertex 150.8781903 -111.07 5
vertex 150.80109280000008 -197.64664850000003 5
vertex 150.80109279999678 -197.64664849999994 2
endloop
endfacet
facet normal 0.9999996034948814 -0.0008905111339620538 -1.0989979102879479e-12
outer loop
vertex 150.8781903 -111.07 5
vertex 150.80109279999678 -197.64664849999994 2
vertex 150.80233948143783 -196.2466874 2
endloop
endfacet
facet normal 0.9999996034948814 -0.0008905111339620538 -1.0989979102879479e-12
outer loop
vertex 150.8781903 -111.07 5
vertex 150.80233948143783 -196.2466874 2
vertex 150.87819030000023 -111.07 2
endloop
endfacet
facet normal 0 0 1
outer loop
vertex 148.8241324267278 -197.94935543738768 5
vertex 148.80122835788487 -197.64664850000003 5
vertex 148.8010936 -197.6448674999999 5
endloop
endfacet
facet normal 0 0 1
outer loop
vertex 148.8241324267278 -197.94935543738768 5
vertex 148.8010936 -197.6448674999999 5
vertex 148.80109359999744 -197.6448675000142 2
endloop
endfacet
facet normal 0 0 1
outer loop
vertex 148.8241324267278 -197.94935543738768 5
vertex 148.80109359999744 -197.6448675000142 2
vertex 148.82413242673 -197.94935543742992 2
endloop
endfacet
facet normal -0.9740403869552519 -0.2263743019427408 0
outer loop
vertex 148.89325744738002 -198.24678567256268 5
vertex 148.8241324267278 -197.94935543738768 5
vertex 148.82413242673 -197.94935543742992 2
endloop
endfacet
facet normal -0.9740403869552519 -0.2263743019427408 0
outer loop
vertex 148.89325744738002 -198.24678567256268 5
vertex 148.82413242673 -197.94935543742992 2
vertex 148.89325744737533 -198.24678567253073 2
endloop
endfacet
facet normal -0.9282259259619736 -0.37201697591916 0
outer loop
vertex 149.00685550565228 -198.53022613268354 5
vertex 148.89325744738002 -198.24678567256268 5
vertex 148.89325744737533 -198.24678567253073 2
endloop
endfacet
facet normal -0.9282259259619736 -0.37201697591916 0
outer loop
vertex 149.00685550565228 -198.53022613268354 5
vertex 148.89325744737533 -198.24678567253073 2
vertex 149.00685550565348 -198.53022613269658 2
endloop
endfacet
facet normal -0.8607738193841764 -0.5089876539394423 0
outer loop
vertex 149.16227854523027 -198.7930696071022 5
vertex 149.00685550565228 -198.53022613268354 5
vertex 149.00685550565348 -198.53022613269658 2
endloop
endfacet
facet normal -0.8607738193841764 -0.5089876539394423 0
outer loop
vertex 149.16227854523027 -198.7930696071022 5
vertex 149.00685550565348 -198.53022613269658 2
vertex 149.16227854524334 -198.79306960709437 2
endloop
endfacet
facet normal -0.7732564266392052 -0.6340934463162092 0
outer loop
vertex 149.35590353797863 -199.02918901642687 5
vertex 149.16227854523027 -198.7930696071022 5
vertex 149.16227854524334 -198.79306960709437 2
endloop
endfacet
facet normal -0.7732564266392052 -0.6340934463162092 0
outer loop
vertex 149.35590353797863 -199.02918901642687 5
vertex 149.16227854524334 -198.79306960709437 2
vertex 149.3559035379706 -199.02918901642465 2
endloop
endfacet
facet normal -0.6677138440804021 -0.7444180427846794 0
outer loop
vertex 149.58321693945462 -199.23308023935178 5
vertex 149.35590353797863 -199.02918901642687 5
vertex 149.3559035379706 -199.02918901642465 2
endloop
endfacet
facet normal -0.6677138440804021 -0.7444180427846794 0
outer loop
vertex 149.58321693945462 -199.23308023935178 5
vertex 149.3559035379706 -199.02918901642465 2
vertex 149.58321693945 -199.233080239353 2
endloop
endfacet
facet normal -0.5466063488144652 -0.8373896938915113 0
outer loop
vertex 149.83891990303076 -199.39999041787524 5
vertex 149.58321693945462 -199.23308023935178 5
vertex 149.58321693945 -199.233080239353 2
endloop
endfacet
facet normal -0.5466063488144652 -0.8373896938915113 0
outer loop
vertex 149.83891990303076 -199.39999041787524 5
vertex 149.58321693945 -199.233080239353 2
vertex 149.83891990302476 -199.39999041788064 2
endloop
endfacet
facet normal -0.412757047788688 -0.9108411604120482 0
outer loop
vertex 150.11705180000058 -199.52602875000002 5
vertex 149.83891990303076 -199.39999041787524 5
vertex 149.83891990302476 -199.39999041788064 2
endloop
endfacet
facet normal -0.412757047788688 -0.9108411604120482 0
outer loop
vertex 150.11705180000058 -199.52602875000002 5
vertex 149.83891990302476 -199.39999041788064 2
vertex 150.1170518000161 -199.52602874999673 2
endloop
endfacet
facet normal -0.3420204141320228 -0.9396925222204121 -2.801902354698344e-12
outer loop
vertex 164.7041534 -204.835304297313 5
vertex 150.11705180000058 -199.52602875000002 5
vertex 150.1170518000161 -199.52602874999673 2
endloop
endfacet
facet normal -0.3420204141320228 -0.9396925222204121 -2.801902354698344e-12
outer loop
vertex 164.7041534 -204.835304297313 5
vertex 150.1170518000161 -199.52602874999673 2
vertex 164.4423201778654 -204.74000486897577 2
endloop
endfacet
facet normal -0.3420204141320228 -0.9396925222204121 -2.801902354698344e-12
outer loop
vertex 164.7041534 -204.835304297313 5
vertex 164.4423201778654 -204.74000486897577 2
vertex 164.4632163735001 -204.74761045654103 2
endloop
endfacet
facet normal -0.3420204141320228 -0.9396925222204121 -2.801902354698344e-12
outer loop
vertex 164.7041534 -204.835304297313 5
vertex 164.4632163735001 -204.74761045654103 2
vertex 164.52578759028526 -204.77038450003886 2
endloop
endfacet
facet normal -0.3420204141320228 -0.9396925222204121 -2.801902354698344e-12
outer loop
vertex 164.7041534 -204.835304297313 5
vertex 164.52578759028526 -204.77038450003886 2
vertex 164.7041534000012 -204.83530429731474 2
endloop
endfacet
facet normal 0 0 1
outer loop
vertex 158.5306898560408 -221.79675609999998 5
vertex 162.0059666928498 -212.2485114 5
vertex 162.1304518276681 -211.90649130000008 5
endloop
endfacet
facet normal 0 0 1
outer loop
vertex 158.5306898560408 -221.79675609999998 5
vertex 162.1304518276681 -211.90649130000008 5
vertex 162.13045183133502 -211.90649130000182 2
endloop
endfacet
facet normal 0 0 1
outer loop
vertex 158.5306898560408 -221.79675609999998 5
vertex 162.13045183133502 -211.90649130000182 2
vertex 162.05173962909288 -212.12275130000032 2
endloop
endfacet
facet normal 0 0 1
outer loop
vertex 158.5306898560408 -221.79675609999998 5
vertex 162.05173962909288 -212.12275130000032 2
vertex 162.04439636385845 -212.14292675557581 2
endloop
endfacet
facet normal 0 0 1
outer loop
vertex 158.5306898560408 -221.79675609999998 5
vertex 162.04439636385845 -212.14292675557581 2
vertex 162.02264876571414 -212.20267779087519 2
endloop
endfacet
facet normal 0 0 1
outer loop
vertex 158.5306898560408 -221.79675609999998 5
vertex 162.02264876571414 -212.20267779087519 2
vertex 161.98733258268027 -212.29970820706603 2
endloop
endfacet
facet normal 0 0 1
outer loop
vertex 158.5306898560408 -221.79675609999998 5
vertex 161.98733258268027 -212.29970820706603 2
vertex 161.9398049958298 -212.43028917976693 2
endloop
endfacet
facet normal 0 0 1
outer loop
vertex 158.5306898560408 -221.79675609999998 5
vertex 161.9398049958298 -212.43028917976693 2
vertex 161.88189246370402 -212.5894025553387 2
endloop
endfacet
facet normal 0 0 1
outer loop
vertex 158.5306898560408 -221.79675609999998 5
vertex 161.88189246370402 -212.5894025553387 2
vertex 161.8158205324342 -212.77093369599157 2
endloop
endfacet
facet normal 0 0 1
outer loop
vertex 158.5306898560408 -221.79675609999998 5
vertex 161.8158205324342 -212.77093369599157 2
vertex 161.74412830925291 -212.96790646188347 2
endloop
endfacet
facet normal 0 0 1
outer loop
vertex 158.5306898560408 -221.79675609999998 5
vertex 161.74412830925291 -212.96790646188347 2
vertex 161.6695708861204 -213.17275130000564 2
endloop
endfacet
facet normal 0 0 1
outer loop
vertex 158.5306898560408 -221.79675609999998 5
vertex 161.6695708861204 -213.17275130000564 2
vertex 161.59501346299282 -213.37759613811414 2
endloop
endfacet
facet normal 0 0 1
outer loop
vertex 158.5306898560408 -221.79675609999998 5
vertex 161.59501346299282 -213.37759613811414 2
vertex 161.523321239809 -213.57456890401306 2
endloop
endfacet
facet normal 0 0 1
outer loop
vertex 158.5306898560408 -221.79675609999998 5
vertex 161.523321239809 -213.57456890401306 2
vertex 161.45724930854783 -213.75610004464212 2
endloop
endfacet
facet normal 0 0 1
outer loop
vertex 158.5306898560408 -221.79675609999998 5
vertex 161.45724930854783 -213.75610004464212 2
vertex 161.3993367764063 -213.91521342025715 2
endloop
endfacet
facet normal 0 0 1
outer loop
vertex 158.5306898560408 -221.79675609999998 5
vertex 161.3993367764063 -213.91521342025715 2
vertex 161.35180918957258 -214.0457943929121 2
endloop
endfacet
facet normal 0 0 1
outer loop
vertex 158.5306898560408 -221.79675609999998 5
vertex 161.35180918957258 -214.0457943929121 2
vertex 161.31649300652552 -214.1428248091392 2
endloop
endfacet
facet normal 0 0 1
outer loop
vertex 158.5306898560408 -221.79675609999998 5
vertex 161.31649300652552 -214.1428248091392 2
vertex 161.29474540838666 -214.20257584442354 2
endloop
endfacet
facet normal 0 0 1
outer loop
vertex 158.5306898560408 -221.79675609999998 5
vertex 161.29474540838666 -214.20257584442354 2
vertex 161.28740214315175 -214.2227513000003 2
endloop
endfacet
facet normal 0 0 1
outer loop
vertex 158.5306898560408 -221.79675609999998 5
vertex 161.28740214315175 -214.2227513000003 2
vertex 160.85083091527193 -215.42222090002758 2
endloop
endfacet
facet normal 0 0 1
outer loop
vertex 158.5306898560408 -221.79675609999998 5
vertex 160.85083091527193 -215.42222090002758 2
vertex 160.84191015310918 -215.44673049282707 2
endloop
endfacet
facet normal 0 0 1
outer loop
vertex 158.5306898560408 -221.79675609999998 5
vertex 160.84191015310918 -215.44673049282707 2
vertex 160.83165794619418 -215.47489820004733 2
endloop
endfacet
facet normal 0 0 1
outer loop
vertex 158.5306898560408 -221.79675609999998 5
vertex 160.83165794619418 -215.47489820004733 2
vertex 158.53068985604367 -221.7967561203958 2
endloop
endfacet
facet normal -0.9396926215365914 0.3420201412631839 -5.715837565016359e-13
outer loop
vertex 163.49853239999996 -208.14772079385443 5
vertex 164.7041534 -204.835304297313 5
vertex 164.7041534000012 -204.83530429731474 2
endloop
endfacet
facet normal -0.9396926215365914 0.3420201412631839 -5.715837565016359e-13
outer loop
vertex 163.49853239999996 -208.14772079385443 5
vertex 164.7041534000012 -204.83530429731474 2
vertex 163.53936249427883 -208.03554144993552 2
endloop
endfacet
facet normal -0.9396926215365914 0.3420201412631839 -5.715837565016359e-13
outer loop
vertex 163.49853239999996 -208.14772079385443 5
vertex 163.53936249427883 -208.03554144993552 2
vertex 163.53316713351535 -208.05256306096095 2
endloop
endfacet
facet normal -0.9396926215365914 0.3420201412631839 -5.715837565016359e-13
outer loop
vertex 163.49853239999996 -208.14772079385443 5
vertex 163.53316713351535 -208.05256306096095 2
vertex 163.52561844821383 -208.07330289998913 2
endloop
endfacet
facet normal -0.9396926215365914 0.3420201412631839 -5.715837565016359e-13
outer loop
vertex 163.49853239999996 -208.14772079385443 5
vertex 163.52561844821383 -208.07330289998913 2
vertex 163.49853240000246 -208.14772079385554 2
endloop
endfacet
facet normal -0.34202011174852504 -0.9396926322790482 0
outer loop
vertex 164.43822500000002 -208.48974089999996 5
vertex 163.49853239999996 -208.14772079385443 5
vertex 163.49853240000246 -208.14772079385554 2
endloop
endfacet
facet normal -0.34202011174852504 -0.9396926322790482 0
outer loop
vertex 164.43822500000002 -208.48974089999996 5
vertex 163.49853240000246 -208.14772079385554 2
vertex 164.4382250000002 -208.48974089999908 2
endloop
endfacet
facet normal -0.9396926191337753 0.3420201478648672 4.707345595024022e-14
outer loop
vertex 163.0701444 -212.2485114 5
vertex 164.43822500000002 -208.48974089999996 5
vertex 164.4382250000002 -208.48974089999908 2
endloop
endfacet
facet normal -0.9396926191337753 0.3420201478648672 4.707345595024022e-14
outer loop
vertex 163.0701444 -212.2485114 5
vertex 164.4382250000002 -208.48974089999908 2
vertex 163.19462953779015 -211.90649130000182 2
endloop
endfacet
facet normal -0.9396926191337753 0.3420201478648672 4.707345595024022e-14
outer loop
vertex 163.0701444 -212.2485114 5
vertex 163.19462953779015 -211.90649130000182 2
vertex 163.07014439999918 -212.24851139999967 2
endloop
endfacet
facet normal 0.34202011174852504 0.9396926322790482 0
outer loop
vertex 162.1304518276681 -211.90649130000008 5
vertex 163.0701444 -212.2485114 5
vertex 163.07014439999918 -212.24851139999967 2
endloop
endfacet
facet normal 0.34202011174852504 0.9396926322790482 0
outer loop
vertex 162.1304518276681 -211.90649130000008 5
vertex 163.07014439999918 -212.24851139999967 2
vertex 162.13045183133502 -211.90649130000182 2
endloop
endfacet
facet normal 0 0 -1
outer loop
vertex 141.16152789999998 -215.4748982 5
vertex 146.324501783032 -217.35406700000004 5
vertex 158.5306898560408 -221.79675609999998 5
endloop
endfacet
facet normal 0 0 -1
outer loop
vertex 141.16152789999998 -215.4748982 5
vertex 158.5306898560408 -221.79675609999998 5
vertex 158.53068985604367 -221.7967561203958 2
endloop
endfacet
facet normal 0 0 -1
outer loop
vertex 141.16152789999998 -215.4748982 5
vertex 158.53068985604367 -221.7967561203958 2
vertex 141.16152790013476 -215.47489820004733 2
endloop
endfacet
facet normal 0.3216385144459936 0.9468625380829967 0
outer loop
vertex 141.07860578248537 -215.44673049284148 5
vertex 141.16152789999998 -215.4748982 5
vertex 141.16152790013476 -215.47489820004733 2
endloop
endfacet
facet normal 0.3216385144459936 0.9468625380829967 0
outer loop
vertex 141.07860578248537 -215.44673049284148 5
vertex 141.16152790013476 -215.47489820004733 2
vertex 141.07860578243847 -215.44673049282707 2
endloop
endfacet
facet normal 0.2798840664331116 0.9600338063614561 0
outer loop
vertex 140.99452895000064 -215.42221910000018 5
vertex 141.07860578248537 -215.44673049284148 5
vertex 141.07860578243847 -215.44673049282707 2
endloop
endfacet
facet normal 0.2798840664331116 0.9600338063614561 0
outer loop
vertex 140.99452895000064 -215.42221910000018 5
vertex 141.07860578243847 -215.44673049282707 2
vertex 140.99453512429946 -215.42222090002758 2
endloop
endfacet
facet normal 0 0 1
outer loop
vertex 113.5680167999994 -208.07330289999982 5
vertex 120.7777811625394 -210.0051546 5
vertex 140.99452895000064 -215.42221910000018 5
endloop
endfacet
facet normal 0 0 1
outer loop
vertex 113.5680167999994 -208.07330289999982 5
vertex 140.99452895000064 -215.42221910000018 5
vertex 140.99453512429946 -215.42222090002758 2
endloop
endfacet
facet normal 0 0 1
outer loop
vertex 113.5680167999994 -208.07330289999982 5
vertex 140.99453512429946 -215.42222090002758 2
vertex 136.51805650900192 -214.2227513000003 2
endloop
endfacet
facet normal 0 0 1
outer loop
vertex 113.5680167999994 -208.07330289999982 5
vertex 136.51805650900192 -214.2227513000003 2
vertex 136.44276073206746 -214.20257584442354 2
endloop
endfacet
facet normal 0 0 1
outer loop
vertex 113.5680167999994 -208.07330289999982 5
vertex 136.44276073206746 -214.20257584442354 2
vertex 136.2197669757554 -214.1428248091392 2
endloop
endfacet
facet normal 0 0 1
outer loop
vertex 113.5680167999994 -208.07330289999982 5
vertex 136.2197669757554 -214.1428248091392 2
vertex 135.85764476501808 -214.0457943929121 2
endloop
endfacet
facet normal 0 0 1
outer loop
vertex 113.5680167999994 -208.07330289999982 5
vertex 135.85764476501808 -214.0457943929121 2
vertex 135.37031025346292 -213.91521342025715 2
endloop
endfacet
facet normal 0 0 1
outer loop
vertex 113.5680167999994 -208.07330289999982 5
vertex 135.37031025346292 -213.91521342025715 2
vertex 134.7764914327673 -213.75610004464212 2
endloop
endfacet
facet normal 0 0 1
outer loop
vertex 113.5680167999994 -208.07330289999982 5
vertex 134.7764914327673 -213.75610004464212 2
vertex 134.099008427764 -213.57456890401306 2
endloop
endfacet
facet normal 0 0 1
outer loop
vertex 113.5680167999994 -208.07330289999982 5
vertex 134.099008427764 -213.57456890401306 2
vertex 133.363896529703 -213.37759613811414 2
endloop
endfacet
facet normal 0 0 1
outer loop
vertex 113.5680167999994 -208.07330289999982 5
vertex 133.363896529703 -213.37759613811414 2
vertex 132.59940567705786 -213.17275130000564 2
endloop
endfacet
facet normal 0 0 1
outer loop
vertex 113.5680167999994 -208.07330289999982 5
vertex 132.59940567705786 -213.17275130000564 2
vertex 131.8349148243617 -212.96790646188347 2
endloop
endfacet
facet normal 0 0 1
outer loop
vertex 113.5680167999994 -208.07330289999982 5
vertex 131.8349148243617 -212.96790646188347 2
vertex 131.0998029263269 -212.77093369599157 2
endloop
endfacet
facet normal 0 0 1
outer loop
vertex 113.5680167999994 -208.07330289999982 5
vertex 131.0998029263269 -212.77093369599157 2
vertex 130.42231992123473 -212.5894025553387 2
endloop
endfacet
facet normal 0 0 1
outer loop
vertex 113.5680167999994 -208.07330289999982 5
vertex 130.42231992123473 -212.5894025553387 2
vertex 129.82850110070055 -212.43028917976693 2
endloop
endfacet
facet normal 0 0 1
outer loop
vertex 113.5680167999994 -208.07330289999982 5
vertex 129.82850110070055 -212.43028917976693 2
vertex 129.34116658897386 -212.29970820706603 2
endloop
endfacet
facet normal 0 0 1
outer loop
vertex 113.5680167999994 -208.07330289999982 5
vertex 129.34116658897386 -212.29970820706603 2
vertex 128.97904437837187 -212.20267779087519 2
endloop
endfacet
facet normal 0 0 1
outer loop
vertex 113.5680167999994 -208.07330289999982 5
vertex 128.97904437837187 -212.20267779087519 2
vertex 128.7560506220037 -212.14292675557581 2
endloop
endfacet
facet normal 0 0 1
outer loop
vertex 113.5680167999994 -208.07330289999982 5
vertex 128.7560506220037 -212.14292675557581 2
vertex 128.680754845074 -212.12275130000032 2
endloop
endfacet
facet normal 0 0 1
outer loop
vertex 113.5680167999994 -208.07330289999982 5
vertex 128.680754845074 -212.12275130000032 2
vertex 127.87366205563147 -211.90649130000182 2
endloop
endfacet
facet normal 0 0 1
outer loop
vertex 113.5680167999994 -208.07330289999982 5
vertex 127.87366205563147 -211.90649130000182 2
vertex 113.84574744783073 -208.14772079385554 2
endloop
endfacet
facet normal 0 0 1
outer loop
vertex 113.5680167999994 -208.07330289999982 5
vertex 113.84574744783073 -208.14772079385554 2
vertex 113.56801624324046 -208.07330289998913 2
endloop
endfacet
facet normal 0.23768664304850476 0.9713418861123683 0
outer loop
vertex 113.48326035709269 -208.05256306093878 5
vertex 113.5680167999994 -208.07330289999982 5
vertex 113.56801624324046 -208.07330289998913 2
endloop
endfacet
facet normal 0.23768664304850476 0.9713418861123683 0
outer loop
vertex 113.48326035709269 -208.05256306093878 5
vertex 113.56801624324046 -208.07330289998913 2
vertex 113.48326034484911 -208.05256306096095 2
endloop
endfacet
facet normal 0.19507159485496556 0.9807890052813297 0
outer loop
vertex 113.3976783999978 -208.0355414499996 5
vertex 113.48326035709269 -208.05256306093878 5
vertex 113.48326034484911 -208.05256306096095 2
endloop
endfacet
facet normal 0.19507159485496556 0.9807890052813297 0
outer loop
vertex 113.3976783999978 -208.0355414499996 5
vertex 113.48326034484911 -208.05256306096095 2
vertex 113.3976783873663 -208.03554144993552 2
endloop
endfacet
facet normal 0.13052804655114847 0.991444617244726 0
outer loop
vertex 94.70707996590819 -204.7476104565509 5
vertex 94.88006350000025 -204.77038450000006 5
vertex 94.88006348467725 -204.77038450003886 2
endloop
endfacet
facet normal 0.13052804655114847 0.991444617244726 0
outer loop
vertex 94.70707996590819 -204.7476104565509 5
vertex 94.88006348467725 -204.77038450003886 2
vertex 94.7070799540276 -204.74761045654103 2
endloop
endfacet
facet normal 0.04360524176348691 0.9990488390918373 0
outer loop
vertex 94.53276674999987 -204.74000225 5
vertex 94.70707996590819 -204.7476104565509 5
vertex 94.7070799540276 -204.74761045654103 2
endloop
endfacet
facet normal 0.04360524176348691 0.9990488390918373 0
outer loop
vertex 94.53276674999987 -204.74000225 5
vertex 94.7070799540276 -204.74761045654103 2
vertex 94.53276674992561 -204.74000225616888 2
endloop
endfacet
facet normal 0 -1 0
outer loop
vertex 144.38304550000123 -101.115 2
vertex 144.38304550000015 -101.115 5
vertex 45.69999999999999 -101.115 5
endloop
endfacet
facet normal 0 -1 0
outer loop
vertex 144.38304550000123 -101.115 2
vertex 45.69999999999999 -101.115 5
vertex 45.69999999999999 -101.115 2
endloop
endfacet
facet normal 0 -1 0
outer loop
vertex 342.3 -101.115 2
vertex 342.3 -101.115 5
vertex 243.61695459999993 -101.115 5
endloop
endfacet
facet normal 0 -1 0
outer loop
vertex 342.3 -101.115 2
vertex 243.61695459999993 -101.115 5
vertex 243.61695459998683 -101.115 2
endloop
endfacet
facet normal -0.2268212360357326 -0.9739364080283798 0
outer loop
vertex 145.7347236300775 -101.32280139795887 5
vertex 145.0668256788822 -101.16725383080043 5
vertex 145.0668256788645 -101.167253830799 2
endloop
endfacet
facet normal -0.2268212360357326 -0.9739364080283798 0
outer loop
vertex 145.7347236300775 -101.32280139795887 5
vertex 145.0668256788645 -101.167253830799 2
vertex 145.73472363008182 -101.32280139796258 2
endloop
endfacet
facet normal -0.3721776805490999 -0.9281615021649477 0
outer loop
vertex 146.3712304497879 -101.57803028997925 5
vertex 145.7347236300775 -101.32280139795887 5
vertex 145.73472363008182 -101.32280139796258 2
endloop
endfacet
facet normal -0.3721776805490999 -0.9281615021649477 0
outer loop
vertex 146.3712304497879 -101.57803028997925 5
vertex 145.73472363008182 -101.32280139796258 2
vertex 146.37123044980655 -101.57803028998867 2
endloop
endfacet
facet normal -0.5088907309140114 -0.8608311239667182 0
outer loop
vertex 146.96156400676668 -101.9270131124284 5
vertex 146.3712304497879 -101.57803028997925 5
vertex 146.37123044980655 -101.57803028998867 2
endloop
endfacet
facet normal -0.5088907309140114 -0.8608311239667182 0
outer loop
vertex 146.96156400676668 -101.9270131124284 5
vertex 146.37123044980655 -101.57803028998867 2
vertex 146.96156400675156 -101.92701311241788 2
endloop
endfacet
facet normal -0.6337853854005054 -0.7735089432273764 0
outer loop
vertex 147.49201449013927 -102.36164514478396 5
vertex 146.96156400676668 -101.9270131124284 5
vertex 146.96156400675156 -101.92701311241788 2
endloop
endfacet
facet normal -0.6337853854005054 -0.7735089432273764 0
outer loop
vertex 147.49201449013927 -102.36164514478396 5
vertex 146.96156400675156 -101.92701311241788 2
vertex 147.49201449015393 -102.36164514479795 2
endloop
endfacet
facet normal -0.7439611107897539 -0.6682229161234111 0
outer loop
vertex 147.95026280382947 -102.871832563151 5
vertex 147.49201449013927 -102.36164514478396 5
vertex 147.49201449015393 -102.36164514479795 2
endloop
endfacet
facet normal -0.7439611107897539 -0.6682229161234111 0
outer loop
vertex 147.95026280382947 -102.871832563151 5
vertex 147.49201449015393 -102.36164514479795 2
vertex 147.95026280384417 -102.87183256316473 2
endloop
endfacet
facet normal -0.8368592038872442 -0.5474181882886318 0
outer loop
vertex 148.32566666325104 -103.44572685759084 5
vertex 147.95026280382947 -102.871832563151 5
vertex 147.95026280384417 -102.87183256316473 2
endloop
endfacet
facet normal -0.8368592038872442 -0.5474181882886318 0
outer loop
vertex 148.32566666325104 -103.44572685759084 5
vertex 147.95026280384417 -102.87183256316473 2
vertex 148.3256666632376 -103.44572685756206 2
endloop
endfacet
facet normal -0.9103222144312919 -0.4139003091481197 0
outer loop
vertex 148.60950774999998 -104.0699999999994 5
vertex 148.32566666325104 -103.44572685759084 5
vertex 148.3256666632376 -103.44572685756206 2
endloop
endfacet
facet normal -0.9103222144312919 -0.4139003091481197 0
outer loop
vertex 148.60950774999998 -104.0699999999994 5
vertex 148.3256666632376 -103.44572685756206 2
vertex 148.60950775000023 -104.07000000000102 2
endloop
endfacet
facet normal 0 -1 0
outer loop
vertex 150.69675880000221 -104.07000000000102 2
vertex 150.69675880000003 -104.0699999999994 5
vertex 148.60950774999998 -104.0699999999994 5
endloop
endfacet
facet normal 0 -1 0
outer loop
vertex 150.69675880000221 -104.07000000000102 2
vertex 148.60950774999998 -104.0699999999994 5
vertex 148.60950775000023 -104.07000000000102 2
endloop
endfacet
facet normal 0 -1 0
outer loop
vertex 239.3904922999989 -104.07000000000102 2
vertex 239.3904923 -104.0699999999994 5
vertex 237.3032412 -104.0699999999994 5
endloop
endfacet
facet normal 0 -1 0
outer loop
vertex 239.3904922999989 -104.07000000000102 2
vertex 237.3032412 -104.0699999999994 5
vertex 237.30324119999983 -104.07000000000102 2
endloop
endfacet
facet normal 0 0 1
outer loop
vertex 150.35376948963597 -103.04587503274958 5
vertex 150.4876837149852 -103.44572685759084 5
vertex 150.69675880000003 -104.0699999999994 5
endloop
endfacet
facet normal 0 0 1
outer loop
vertex 150.35376948963597 -103.04587503274958 5
vertex 150.69675880000003 -104.0699999999994 5
vertex 150.69675880000221 -104.07000000000102 2
endloop
endfacet
facet normal 0 0 1
outer loop
vertex 150.35376948963597 -103.04587503274958 5
vertex 150.69675880000221 -104.07000000000102 2
vertex 150.35376948963665 -103.04587503274628 2
endloop
endfacet
facet normal 0 0 1
outer loop
vertex 149.8459401046622 -102.09268044976002 5
vertex 149.98923527029896 -102.36164514478396 5
vertex 150.26104563044407 -102.871832563151 5
endloop
endfacet
facet normal 0 0 1
outer loop
vertex 149.8459401046622 -102.09268044976002 5
vertex 150.26104563044407 -102.871832563151 5
vertex 150.35376948963597 -103.04587503274958 5
endloop
endfacet
facet normal 0 0 1
outer loop
vertex 149.8459401046622 -102.09268044976002 5
vertex 150.35376948963597 -103.04587503274958 5
vertex 150.35376948963665 -103.04587503274628 2
endloop
endfacet
facet normal 0 0 1
outer loop
vertex 149.8459401046622 -102.09268044976002 5
vertex 150.35376948963665 -103.04587503274628 2
vertex 149.8459401046743 -102.09268044977824 2
endloop
endfacet
facet normal 0 0 1
outer loop
vertex 149.1872867905465 -101.23673278250058 5
vertex 149.25351674943457 -101.32280139795887 5
vertex 149.44991585421346 -101.57803028997925 5
endloop
endfacet
facet normal 0 0 1
outer loop
vertex 149.1872867905465 -101.23673278250058 5
vertex 149.44991585421346 -101.57803028997925 5
vertex 149.71845878197388 -101.9270131124284 5
endloop
endfacet
facet normal 0 0 1
outer loop
vertex 149.1872867905465 -101.23673278250058 5
vertex 149.71845878197388 -101.9270131124284 5
vertex 149.8459401046622 -102.09268044976002 5
endloop
endfacet
facet normal 0 0 1
outer loop
vertex 149.1872867905465 -101.23673278250058 5
vertex 149.8459401046622 -102.09268044976002 5
vertex 149.8459401046743 -102.09268044977824 2
endloop
endfacet
facet normal 0 0 1
outer loop
vertex 149.1872867905465 -101.23673278250058 5
vertex 149.8459401046743 -102.09268044977824 2
vertex 149.1872867905565 -101.23673278251569 2
endloop
endfacet
facet normal 0.5498872054715723 0.8352389246548948 0
outer loop
vertex 147.49390881905546 -99.90776754044936 5
vertex 148.39599415615803 -100.50166369456015 5
vertex 148.39599415613304 -100.50166369454286 2
endloop
endfacet
facet normal 0.5498872054715723 0.8352389246548948 0
outer loop
vertex 147.49390881905546 -99.90776754044936 5
vertex 148.39599415613304 -100.50166369454286 2
vertex 147.49390881905123 -99.90776754044569 2
endloop
endfacet
facet normal 0.4039937714301586 0.9147617354511703 0
outer loop
vertex 146.5059362472144 -99.47144106340146 5
vertex 147.49390881905546 -99.90776754044936 5
vertex 147.49390881905123 -99.90776754044569 2
endloop
endfacet
facet normal 0.4039937714301586 0.9147617354511703 0
outer loop
vertex 146.5059362472144 -99.47144106340146 5
vertex 147.49390881905123 -99.90776754044569 2
vertex 146.50593624722282 -99.47144106340339 2
endloop
endfacet
facet normal 0.2469465656524789 0.9690290984859258 0
outer loop
vertex 145.45935314965232 -99.20473070143537 5
vertex 146.5059362472144 -99.47144106340146 5
vertex 146.50593624722282 -99.47144106340339 2
endloop
endfacet
facet normal 0.2469465656524789 0.9690290984859258 0
outer loop
vertex 145.45935314965232 -99.20473070143537 5
vertex 146.50593624722282 -99.47144106340339 2
vertex 145.45935314964657 -99.20473070143366 2
endloop
endfacet
facet normal 0.08308146856273878 0.9965427585314435 0
outer loop
vertex 144.38305439999993 -99.115 5
vertex 145.45935314965232 -99.20473070143537 5
vertex 145.45935314964657 -99.20473070143366 2
endloop
endfacet
facet normal 0.08308146856273878 0.9965427585314435 0
outer loop
vertex 144.38305439999993 -99.115 5
vertex 145.45935314964657 -99.20473070143366 2
vertex 144.38305440001452 -99.115 2
endloop
endfacet
facet normal -1 0 0
outer loop
vertex 45.69999999999999 -99.115 5
vertex 45.69999999999999 -99.115 2
vertex 45.69999999999999 -101.115 2
endloop
endfacet
facet normal -1 0 0
outer loop
vertex 45.69999999999999 -99.115 5
vertex 45.69999999999999 -101.115 2
vertex 45.69999999999999 -101.115 5
endloop
endfacet
facet normal 1 0 0
outer loop
vertex 342.3 -99.115 2
vertex 342.3 -99.115 5
vertex 342.3 -101.115 5
endloop
endfacet
facet normal 1 0 0
outer loop
vertex 342.3 -99.115 2
vertex 342.3 -101.115 5
vertex 342.3 -101.115 2
endloop
endfacet
facet normal -0.08308146856273878 0.9965427585314435 0
outer loop
vertex 242.54064685034763 -99.20473070143537 5
vertex 243.61694560000004 -99.115 5
vertex 243.6169456000164 -99.115 2
endloop
endfacet
facet normal -0.08308146856273878 0.9965427585314435 0
outer loop
vertex 242.54064685034763 -99.20473070143537 5
vertex 243.6169456000164 -99.115 2
vertex 242.54064685032893 -99.20473070143366 2
endloop
endfacet
facet normal -0.2469465656524789 0.9690290984859258 0
outer loop
vertex 241.4940637527856 -99.47144106340146 5
vertex 242.54064685034763 -99.20473070143537 5
vertex 242.54064685032893 -99.20473070143366 2
endloop
endfacet
facet normal -0.2469465656524789 0.9690290984859258 0
outer loop
vertex 241.4940637527856 -99.47144106340146 5
vertex 242.54064685032893 -99.20473070143366 2
vertex 241.4940637527988 -99.47144106340339 2
endloop
endfacet
facet normal -0.40399377143014936 0.9147617354511743 0
outer loop
vertex 240.5060911809445 -99.90776754044936 5
vertex 241.4940637527856 -99.47144106340146 5
vertex 241.4940637527988 -99.47144106340339 2
endloop
endfacet
facet normal -0.40399377143014936 0.9147617354511743 0
outer loop
vertex 240.5060911809445 -99.90776754044936 5
vertex 241.4940637527988 -99.47144106340339 2
vertex 240.50609118094025 -99.90776754044569 2
endloop
endfacet
facet normal -0.5498872054715526 0.8352389246549077 0
outer loop
vertex 239.60400584384197 -100.50166369456015 5
vertex 240.5060911809445 -99.90776754044936 5
vertex 240.50609118094025 -99.90776754044569 2
endloop
endfacet
facet normal -0.5498872054715526 0.8352389246549077 0
outer loop
vertex 239.60400584384197 -100.50166369456015 5
vertex 240.50609118094025 -99.90776754044569 2
vertex 239.60400584383498 -100.50166369454286 2
endloop
endfacet
facet normal 0 0 -1
outer loop
vertex 238.81271320945336 -101.23673278250058 5
vertex 238.88750642770637 -101.16725383080043 5
vertex 238.94375701980627 -101.115 5
endloop
endfacet
facet normal 0 0 -1
outer loop
vertex 238.81271320945336 -101.23673278250058 5
vertex 238.94375701980627 -101.115 5
vertex 239.60400584384197 -100.50166369456015 5
endloop
endfacet
facet normal 0 0 -1
outer loop
vertex 238.81271320945336 -101.23673278250058 5
vertex 239.60400584384197 -100.50166369456015 5
vertex 239.60400584383498 -100.50166369454286 2
endloop
endfacet
facet normal 0 0 -1
outer loop
vertex 238.81271320945336 -101.23673278250058 5
vertex 239.60400584383498 -100.50166369454286 2
vertex 238.8127132094652 -101.23673278251569 2
endloop
endfacet
facet normal 0 0 -1
outer loop
vertex 238.15405989533798 -102.09268044976002 5
vertex 238.2815412180262 -101.9270131124284 5
vertex 238.55008414578654 -101.57803028997925 5
endloop
endfacet
facet normal 0 0 -1
outer loop
vertex 238.15405989533798 -102.09268044976002 5
vertex 238.55008414578654 -101.57803028997925 5
vertex 238.7464832505653 -101.32280139795887 5
endloop
endfacet
facet normal 0 0 -1
outer loop
vertex 238.15405989533798 -102.09268044976002 5
vertex 238.7464832505653 -101.32280139795887 5
vertex 238.81271320945336 -101.23673278250058 5
endloop
endfacet
facet normal 0 0 -1
outer loop
vertex 238.15405989533798 -102.09268044976002 5
vertex 238.81271320945336 -101.23673278250058 5
vertex 238.8127132094652 -101.23673278251569 2
endloop
endfacet
facet normal 0 0 -1
outer loop
vertex 238.15405989533798 -102.09268044976002 5
vertex 238.8127132094652 -101.23673278251569 2
vertex 238.15405989533247 -102.09268044977824 2
endloop
endfacet
facet normal 0 0 -1
outer loop
vertex 237.64623051036415 -103.04587503274958 5
vertex 237.738954369556 -102.871832563151 5
vertex 238.0107647297011 -102.36164514478396 5
endloop
endfacet
facet normal 0 0 -1
outer loop
vertex 237.64623051036415 -103.04587503274958 5
vertex 238.0107647297011 -102.36164514478396 5
vertex 238.15405989533798 -102.09268044976002 5
endloop
endfacet
facet normal 0 0 -1
outer loop
vertex 237.64623051036415 -103.04587503274958 5
vertex 238.15405989533798 -102.09268044976002 5
vertex 238.15405989533247 -102.09268044977824 2
endloop
endfacet
facet normal 0 0 -1
outer loop
vertex 237.64623051036415 -103.04587503274958 5
vertex 238.15405989533247 -102.09268044977824 2
vertex 237.64623051036588 -103.04587503274628 2
endloop
endfacet
facet normal 0 0 -1
outer loop
vertex 237.3032412 -104.0699999999994 5
vertex 237.51231628501483 -103.44572685759084 5
vertex 237.64623051036415 -103.04587503274958 5
endloop
endfacet
facet normal 0 0 -1
outer loop
vertex 237.3032412 -104.0699999999994 5
vertex 237.64623051036415 -103.04587503274958 5
vertex 237.64623051036588 -103.04587503274628 2
endloop
endfacet
facet normal 0 0 -1
outer loop
vertex 237.3032412 -104.0699999999994 5
vertex 237.64623051036588 -103.04587503274628 2
vertex 237.30324119999983 -104.07000000000102 2
endloop
endfacet
facet normal 0.9103222144311366 -0.4139003091484612 0
outer loop
vertex 239.6743333867491 -103.44572685759084 5
vertex 239.3904923 -104.0699999999994 5
vertex 239.3904922999989 -104.07000000000102 2
endloop
endfacet
facet normal 0.9103222144311366 -0.4139003091484612 0
outer loop
vertex 239.6743333867491 -103.44572685759084 5
vertex 239.3904922999989 -104.07000000000102 2
vertex 239.6743333867467 -103.44572685756206 2
endloop
endfacet
facet normal 0.836859203887255 -0.5474181882886153 0
outer loop
vertex 240.0497372461703 -102.871832563151 5
vertex 239.6743333867491 -103.44572685759084 5
vertex 239.6743333867467 -103.44572685756206 2
endloop
endfacet
facet normal 0.836859203887255 -0.5474181882886153 0
outer loop
vertex 240.0497372461703 -102.871832563151 5
vertex 239.6743333867467 -103.44572685756206 2
vertex 240.04973724617582 -102.87183256316473 2
endloop
endfacet
facet normal 0.7439611107897675 -0.6682229161233962 0
outer loop
vertex 240.50798555986077 -102.36164514478396 5
vertex 240.0497372461703 -102.871832563151 5
vertex 240.04973724617582 -102.87183256316473 2
endloop
endfacet
facet normal 0.7439611107897675 -0.6682229161233962 0
outer loop
vertex 240.50798555986077 -102.36164514478396 5
vertex 240.04973724617582 -102.87183256316473 2
vertex 240.50798555986037 -102.36164514479795 2
endloop
endfacet
facet normal 0.6337853854005058 -0.7735089432273762 0
outer loop
vertex 241.03843604323328 -101.9270131124284 5
vertex 240.50798555986077 -102.36164514478396 5
vertex 240.50798555986037 -102.36164514479795 2
endloop
endfacet
facet normal 0.6337853854005058 -0.7735089432273762 0
outer loop
vertex 241.03843604323328 -101.9270131124284 5
vertex 240.50798555986037 -102.36164514479795 2
vertex 241.03843604323527 -101.92701311241788 2
endloop
endfacet
facet normal 0.5088907309140057 -0.8608311239667216 0
outer loop
vertex 241.62876960021205 -101.57803028997925 5
vertex 241.03843604323328 -101.9270131124284 5
vertex 241.03843604323527 -101.92701311241788 2
endloop
endfacet
facet normal 0.5088907309140057 -0.8608311239667216 0
outer loop
vertex 241.62876960021205 -101.57803028997925 5
vertex 241.03843604323527 -101.92701311241788 2
vertex 241.62876960019423 -101.57803028998867 2
endloop
endfacet
facet normal 0.37217768054910294 -0.9281615021649465 0
outer loop
vertex 242.26527641992251 -101.32280139795887 5
vertex 241.62876960021205 -101.57803028997925 5
vertex 241.62876960019423 -101.57803028998867 2
endloop
endfacet
facet normal 0.37217768054910294 -0.9281615021649465 0
outer loop
vertex 242.26527641992251 -101.32280139795887 5
vertex 241.62876960019423 -101.57803028998867 2
vertex 242.2652764199144 -101.32280139796258 2
endloop
endfacet
facet normal 0.22682123603570403 -0.9739364080283863 0
outer loop
vertex 242.93317437111781 -101.16725383080043 5
vertex 242.26527641992251 -101.32280139795887 5
vertex 242.2652764199144 -101.32280139796258 2
endloop
endfacet
facet normal 0.22682123603570403 -0.9739364080283863 0
outer loop
vertex 242.93317437111781 -101.16725383080043 5
vertex 242.2652764199144 -101.32280139796258 2
vertex 242.93317437114277 -101.167253830799 2
endloop
endfacet
facet normal 0.07619687707614274 -0.9970927920328395 0
outer loop
vertex 243.61695459999993 -101.115 5
vertex 242.93317437111781 -101.16725383080043 5
vertex 242.93317437114277 -101.167253830799 2
endloop
endfacet
facet normal 0.07619687707614274 -0.9970927920328395 0
outer loop
vertex 243.61695459999993 -101.115 5
vertex 242.93317437114277 -101.167253830799 2
vertex 243.61695459998683 -101.115 2
endloop
endfacet
facet normal 0 0 1
outer loop
vertex 227.76094210000002 -222.9506357000001 5
vertex 227.3409636511386 -221.79675609999998 5
vertex 223.86568165598453 -212.2485114 5
endloop
endfacet
facet normal 0 0 1
outer loop
vertex 227.76094210000002 -222.9506357000001 5
vertex 223.86568165598453 -212.2485114 5
vertex 222.49759905515145 -208.48974089999996 5
endloop
endfacet
facet normal 0 0 1
outer loop
vertex 227.76094210000002 -222.9506357000001 5
vertex 222.49759905515145 -208.48974089999996 5
vertex 221.24545129999981 -205.0494982999994 5
endloop
endfacet
facet normal 0 0 1
outer loop
vertex 227.76094210000002 -222.9506357000001 5
vertex 221.24545129999981 -205.0494982999994 5
vertex 221.2454512999975 -205.04949830001243 2
endloop
endfacet
facet normal 0 0 1
outer loop
vertex 227.76094210000002 -222.9506357000001 5
vertex 221.2454512999975 -205.04949830001243 2
vertex 227.76094210002006 -222.95063570005115 2
endloop
endfacet
facet normal -0.07852034165181017 0.9969125116813827 0
outer loop
vertex 29.551992850381424 -99.1951561212405 5
vertex 30.569673599999987 -99.115 5
vertex 30.569673600002737 -99.115 2
endloop
endfacet
facet normal -0.07852034165181017 0.9969125116813827 0
outer loop
vertex 29.551992850381424 -99.1951561212405 5
vertex 30.569673600002737 -99.115 2
vertex 29.551992850379687 -99.19515612124086 2
endloop
endfacet
facet normal -0.2336398408625515 0.9723232100293203 0
outer loop
vertex 28.559410176899092 -99.43366411475878 5
vertex 29.551992850381424 -99.1951561212405 5
vertex 29.551992850379687 -99.19515612124086 2
endloop
endfacet
facet normal -0.2336398408625515 0.9723232100293203 0
outer loop
vertex 28.559410176899092 -99.43366411475878 5
vertex 29.551992850379687 -99.19515612124086 2
vertex 28.559410176891102 -99.43366411476062 2
endloop
endfacet
facet normal -0.3829919347518134 0.923751686285369 0
outer loop
vertex 27.616411070275547 -99.82463612344577 5
vertex 28.559410176899092 -99.43366411475878 5
vertex 28.559410176891102 -99.43366411476062 2
endloop
endfacet
facet normal -0.3829919347518134 0.923751686285369 0
outer loop
vertex 27.616411070275547 -99.82463612344577 5
vertex 28.559410176891102 -99.43366411476062 2
vertex 27.616411070282833 -99.82463612344128 2
endloop
endfacet
facet normal -0.5228974403199795 0.852395604697029 0
outer loop
vertex 26.746254830613736 -100.35842872853473 5
vertex 27.616411070275547 -99.82463612344577 5
vertex 27.616411070282833 -99.82463612344128 2
endloop
endfacet
facet normal -0.5228974403199795 0.852395604697029 0
outer loop
vertex 26.746254830613736 -100.35842872853473 5
vertex 27.616411070282833 -99.82463612344128 2
vertex 26.746254830612784 -100.35842872853532 2
endloop
endfacet
facet normal 0 0 -1
outer loop
vertex 24.20534330000001 -200.24931899999982 5
vertex 24.205339193830458 -200.246455 5
vertex 24.069676799999996 -105.62369500000003 5
endloop
endfacet
facet normal 0 0 -1
outer loop
vertex 24.20534330000001 -200.24931899999982 5
vertex 24.069676799999996 -105.62369500000003 5
vertex 24.069676799999847 -105.62369499994244 2
endloop
endfacet
facet normal 0 0 -1
outer loop
vertex 24.20534330000001 -200.24931899999982 5
vertex 24.069676799999847 -105.62369499994244 2
vertex 24.205343299999708 -200.24931900009454 2
endloop
endfacet
facet normal 0 0 -1
outer loop
vertex 26.530392326010883 -205.22195232332658 5
vertex 26.04774780050164 -204.73999983581393 5
vertex 25.97940515994893 -204.6717551880935 5
endloop
endfacet
facet normal 0 0 -1
outer loop
vertex 26.530392326010883 -205.22195232332658 5
vertex 25.97940515994893 -204.6717551880935 5
vertex 25.776462783545984 -204.46910379983643 5
endloop
endfacet
facet normal 0 0 -1
outer loop
vertex 26.530392326010883 -205.22195232332658 5
vertex 25.776462783545984 -204.46910379983643 5
vertex 25.72937779064287 -204.4220863195693 5
endloop
endfacet
facet normal 0 0 -1
outer loop
vertex 26.530392326010883 -205.22195232332658 5
vertex 25.72937779064287 -204.4220863195693 5
vertex 25.72937779061583 -204.42208631954313 2
endloop
endfacet
facet normal 0 0 -1
outer loop
vertex 26.530392326010883 -205.22195232332658 5
vertex 25.72937779061583 -204.42208631954313 2
vertex 26.530392326006613 -205.22195232332314 2
endloop
endfacet
facet normal -0.2588190447254433 -0.9659258263901059 -6.613110049756544e-13
outer loop
vertex 140.4768932000001 -217.35406700000004 5
vertex 113.05037870000001 -210.0051546 5
vertex 113.0503786999925 -210.00515459999593 2
endloop
endfacet
facet normal -0.2588190447254433 -0.9659258263901059 -6.613110049756544e-13
outer loop
vertex 140.4768932000001 -217.35406700000004 5
vertex 113.0503786999925 -210.00515459999593 2
vertex 120.34449362275521 -211.95960679999993 2
endloop
endfacet
facet normal -0.2588190447254433 -0.9659258263901059 -6.613110049756544e-13
outer loop
vertex 140.4768932000001 -217.35406700000004 5
vertex 120.34449362275521 -211.95960679999993 2
vertex 140.47689319995007 -217.35406699998669 2
endloop
endfacet
facet normal 0.99619486028153 -0.08715388889007154 0
outer loop
vertex 166.84500349892352 -204.53646735918016 5
vertex 166.82221577650773 -204.79693780103042 5
vertex 166.82221579184434 -204.796937801022 2
endloop
endfacet
facet normal 0.99619486028153 -0.08715388889007154 0
outer loop
vertex 166.84500349892352 -204.53646735918016 5
vertex 166.82221579184434 -204.796937801022 2
vertex 166.84500350470208 -204.53646735918807 2
endloop
endfacet
facet normal -0.9999996034950255 0.0008905109722643391 4.736956943255549e-13
outer loop
vertex 148.8010936 -197.6448674999999 5
vertex 148.8781895 -111.07 5
vertex 148.87818949999857 -111.07 2
endloop
endfacet
facet normal -0.9999996034950255 0.0008905109722643391 4.736956943255549e-13
outer loop
vertex 148.8010936 -197.6448674999999 5
vertex 148.87818949999857 -111.07 2
vertex 148.8613143103828 -130.01999999999995 2
endloop
endfacet
facet normal -0.9999996034950255 0.0008905109722643391 4.736956943255549e-13
outer loop
vertex 148.8010936 -197.6448674999999 5
vertex 148.8613143103828 -130.01999999999995 2
vertex 148.8612963439111 -130.04017545557608 2
endloop
endfacet
facet normal -0.9999996034950255 0.0008905109722643391 4.736956943255549e-13
outer loop
vertex 148.8010936 -197.6448674999999 5
vertex 148.8612963439111 -130.04017545557608 2
vertex 148.8612431349375 -130.0999264908695 2
endloop
endfacet
facet normal -0.9999996034950255 0.0008905109722643391 4.736956943255549e-13
outer loop
vertex 148.8010936 -197.6448674999999 5
vertex 148.8612431349375 -130.0999264908695 2
vertex 148.86115672825295 -130.1969569070674 2
endloop
endfacet
facet normal -0.9999996034950255 0.0008905109722643391 4.736956943255549e-13
outer loop
vertex 148.8010936 -197.6448674999999 5
vertex 148.86115672825295 -130.1969569070674 2
vertex 148.8610404444179 -130.3275378797475 2
endloop
endfacet
facet normal -0.9999996034950255 0.0008905109722643391 4.736956943255549e-13
outer loop
vertex 148.8010936 -197.6448674999999 5
vertex 148.8610404444179 -130.3275378797475 2
vertex 148.86089875215492 -130.4866512553492 2
endloop
endfacet
facet normal -0.9999996034950255 0.0008905109722643391 4.736956943255549e-13
outer loop
vertex 148.8010936 -197.6448674999999 5
vertex 148.86089875215492 -130.4866512553492 2
vertex 148.86073709661827 -130.66818239600866 2
endloop
endfacet
facet normal -0.9999996034950255 0.0008905109722643391 4.736956943255549e-13
outer loop
vertex 148.8010936 -197.6448674999999 5
vertex 148.86073709661827 -130.66818239600866 2
vertex 148.86056169013946 -130.86515516188382 2
endloop
endfacet
facet normal -0.9999996034950255 0.0008905109722643391 4.736956943255549e-13
outer loop
vertex 148.8010936 -197.6448674999999 5
vertex 148.86056169013946 -130.86515516188382 2
vertex 148.86037927349116 -131.0700000000067 2
endloop
endfacet
facet normal -0.9999996034950255 0.0008905109722643391 4.736956943255549e-13
outer loop
vertex 148.8010936 -197.6448674999999 5
vertex 148.86037927349116 -131.0700000000067 2
vertex 148.86019685684286 -131.27484483812947 2
endloop
endfacet
facet normal -0.9999996034950255 0.0008905109722643391 4.736956943255549e-13
outer loop
vertex 148.8010936 -197.6448674999999 5
vertex 148.86019685684286 -131.27484483812947 2
vertex 148.8600214503641 -131.47181760398067 2
endloop
endfacet
facet normal -0.9999996034950255 0.0008905109722643391 4.736956943255549e-13
outer loop
vertex 148.8010936 -197.6448674999999 5
vertex 148.8600214503641 -131.47181760398067 2
vertex 148.8598597948274 -131.6533487446587 2
endloop
endfacet
facet normal -0.9999996034950255 0.0008905109722643391 4.736956943255549e-13
outer loop
vertex 148.8010936 -197.6448674999999 5
vertex 148.8598597948274 -131.6533487446587 2
vertex 148.85971810256441 -131.81246212025417 2
endloop
endfacet
facet normal -0.9999996034950255 0.0008905109722643391 4.736956943255549e-13
outer loop
vertex 148.8010936 -197.6448674999999 5
vertex 148.85971810256441 -131.81246212025417 2
vertex 148.8596018187294 -131.9430430929175 2
endloop
endfacet
facet normal -0.9999996034950255 0.0008905109722643391 4.736956943255549e-13
outer loop
vertex 148.8010936 -197.6448674999999 5
vertex 148.8596018187294 -131.9430430929175 2
vertex 148.85951541204486 -132.0400735091323 2
endloop
endfacet
facet normal -0.9999996034950255 0.0008905109722643391 4.736956943255549e-13
outer loop
vertex 148.8010936 -197.6448674999999 5
vertex 148.85951541204486 -132.0400735091323 2
vertex 148.85946220307122 -132.0998245444237 2
endloop
endfacet
facet normal -0.9999996034950255 0.0008905109722643391 4.736956943255549e-13
outer loop
vertex 148.8010936 -197.6448674999999 5
vertex 148.85946220307122 -132.0998245444237 2
vertex 148.85944423659953 -132.12000000000023 2
endloop
endfacet
facet normal -0.9999996034950255 0.0008905109722643391 4.736956943255549e-13
outer loop
vertex 148.8010936 -197.6448674999999 5
vertex 148.85944423659953 -132.12000000000023 2
vertex 148.85113576593383 -141.44999999999612 2
endloop
endfacet
facet normal -0.9999996034950255 0.0008905109722643391 4.736956943255549e-13
outer loop
vertex 148.8010936 -197.6448674999999 5
vertex 148.85113576593383 -141.44999999999612 2
vertex 148.85111779946214 -141.47017545557495 2
endloop
endfacet
facet normal -0.9999996034950255 0.0008905109722643391 4.736956943255549e-13
outer loop
vertex 148.8010936 -197.6448674999999 5
vertex 148.85111779946214 -141.47017545557495 2
vertex 148.85106459048853 -141.5299264908414 2
endloop
endfacet
facet normal -0.9999996034950255 0.0008905109722643391 4.736956943255549e-13
outer loop
vertex 148.8010936 -197.6448674999999 5
vertex 148.85106459048853 -141.5299264908414 2
vertex 148.85097818380393 -141.62695690712653 2
endloop
endfacet
facet normal -0.9999996034950255 0.0008905109722643391 4.736956943255549e-13
outer loop
vertex 148.8010936 -197.6448674999999 5
vertex 148.85097818380393 -141.62695690712653 2
vertex 148.85086189996898 -141.75753787970075 2
endloop
endfacet
facet normal -0.9999996034950255 0.0008905109722643391 4.736956943255549e-13
outer loop
vertex 148.8010936 -197.6448674999999 5
vertex 148.85086189996898 -141.75753787970075 2
vertex 148.8507202077059 -141.91665125539157 2
endloop
endfacet
facet normal -0.9999996034950255 0.0008905109722643391 4.736956943255549e-13
outer loop
vertex 148.8010936 -197.6448674999999 5
vertex 148.8507202077059 -141.91665125539157 2
vertex 148.8505585521693 -142.09818239597317 2
endloop
endfacet
facet normal -0.9999996034950255 0.0008905109722643391 4.736956943255549e-13
outer loop
vertex 148.8010936 -197.6448674999999 5
vertex 148.8505585521693 -142.09818239597317 2
vertex 148.85038314569053 -142.29515516183594 2
endloop
endfacet
facet normal -0.9999996034950255 0.0008905109722643391 4.736956943255549e-13
outer loop
vertex 148.8010936 -197.6448674999999 5
vertex 148.85038314569053 -142.29515516183594 2
vertex 148.85020072904217 -142.50000000004104 2
endloop
endfacet
facet normal -0.9999996034950255 0.0008905109722643391 4.736956943255549e-13
outer loop
vertex 148.8010936 -197.6448674999999 5
vertex 148.85020072904217 -142.50000000004104 2
vertex 148.85001831239396 -142.7048448380755 2
endloop
endfacet
facet normal -0.9999996034950255 0.0008905109722643391 4.736956943255549e-13
outer loop
vertex 148.8010936 -197.6448674999999 5
vertex 148.85001831239396 -142.7048448380755 2
vertex 148.8498429059151 -142.90181760399255 2
endloop
endfacet
facet normal -0.9999996034950255 0.0008905109722643391 4.736956943255549e-13
outer loop
vertex 148.8010936 -197.6448674999999 5
vertex 148.8498429059151 -142.90181760399255 2
vertex 148.8496812503784 -143.0833487446979 2
endloop
endfacet
facet normal -0.9999996034950255 0.0008905109722643391 4.736956943255549e-13
outer loop
vertex 148.8010936 -197.6448674999999 5
vertex 148.8496812503784 -143.0833487446979 2
vertex 148.84953955811545 -143.24246212024138 2
endloop
endfacet
facet normal -0.9999996034950255 0.0008905109722643391 4.736956943255549e-13
outer loop
vertex 148.8010936 -197.6448674999999 5
vertex 148.84953955811545 -143.24246212024138 2
vertex 148.8494232742804 -143.3730430929287 2
endloop
endfacet
facet normal -0.9999996034950255 0.0008905109722643391 4.736956943255549e-13
outer loop
vertex 148.8010936 -197.6448674999999 5
vertex 148.8494232742804 -143.3730430929287 2
vertex 148.84933686759587 -143.47007350913017 2
endloop
endfacet
facet normal -0.9999996034950255 0.0008905109722643391 4.736956943255549e-13
outer loop
vertex 148.8010936 -197.6448674999999 5
vertex 148.84933686759587 -143.47007350913017 2
vertex 148.84928365862226 -143.52982454442193 2
endloop
endfacet
facet normal -0.9999996034950255 0.0008905109722643391 4.736956943255549e-13
outer loop
vertex 148.8010936 -197.6448674999999 5
vertex 148.84928365862226 -143.52982454442193 2
vertex 148.84926569215057 -143.54999999999708 2
endloop
endfacet
facet normal -0.9999996034950255 0.0008905109722643391 4.736956943255549e-13
outer loop
vertex 148.8010936 -197.6448674999999 5
vertex 148.84926569215057 -143.54999999999708 2
vertex 148.82747488001877 -168.0200000000003 2
endloop
endfacet
facet normal -0.9999996034950255 0.0008905109722643391 4.736956943255549e-13
outer loop
vertex 148.8010936 -197.6448674999999 5
vertex 148.82747488001877 -168.0200000000003 2
vertex 148.82745691354708 -168.04017545557855 2
endloop
endfacet
facet normal -0.9999996034950255 0.0008905109722643391 4.736956943255549e-13
outer loop
vertex 148.8010936 -197.6448674999999 5
vertex 148.82745691354708 -168.04017545557855 2
vertex 148.82740370457347 -168.09992649085655 2
endloop
endfacet
facet normal -0.9999996034950255 0.0008905109722643391 4.736956943255549e-13
outer loop
vertex 148.8010936 -197.6448674999999 5
vertex 148.82740370457347 -168.09992649085655 2
vertex 148.82731729788892 -168.1969569070842 2
endloop
endfacet
facet normal -0.9999996034950255 0.0008905109722643391 4.736956943255549e-13
outer loop
vertex 148.8010936 -197.6448674999999 5
vertex 148.82731729788892 -168.1969569070842 2
vertex 148.82720101405388 -168.327537879751 2
endloop
endfacet
facet normal -0.9999996034950255 0.0008905109722643391 4.736956943255549e-13
outer loop
vertex 148.8010936 -197.6448674999999 5
vertex 148.82720101405388 -168.327537879751 2
vertex 148.82705932179093 -168.48665125530601 2
endloop
endfacet
facet normal -0.9999996034950255 0.0008905109722643391 4.736956943255549e-13
outer loop
vertex 148.8010936 -197.6448674999999 5
vertex 148.82705932179093 -168.48665125530601 2
vertex 148.8268976662542 -168.66818239602256 2
endloop
endfacet
facet normal -0.9999996034950255 0.0008905109722643391 4.736956943255549e-13
outer loop
vertex 148.8010936 -197.6448674999999 5
vertex 148.8268976662542 -168.66818239602256 2
vertex 148.8267222597754 -168.8651551618977 2
endloop
endfacet
facet normal -0.9999996034950255 0.0008905109722643391 4.736956943255549e-13
outer loop
vertex 148.8010936 -197.6448674999999 5
vertex 148.8267222597754 -168.8651551618977 2
vertex 148.82653984312714 -169.0700000000022 2
endloop
endfacet
facet normal -0.9999996034950255 0.0008905109722643391 4.736956943255549e-13
outer loop
vertex 148.8010936 -197.6448674999999 5
vertex 148.82653984312714 -169.0700000000022 2
vertex 148.82635742647886 -169.27484483809886 2
endloop
endfacet
facet normal -0.9999996034950255 0.0008905109722643391 4.736956943255549e-13
outer loop
vertex 148.8010936 -197.6448674999999 5
vertex 148.82635742647886 -169.27484483809886 2
vertex 148.82618202000003 -169.4718176040124 2
endloop
endfacet
facet normal -0.9999996034950255 0.0008905109722643391 4.736956943255549e-13
outer loop
vertex 148.8010936 -197.6448674999999 5
vertex 148.82618202000003 -169.4718176040124 2
vertex 148.82602036446335 -169.6533487446802 2
endloop
endfacet
facet normal -0.9999996034950255 0.0008905109722643391 4.736956943255549e-13
outer loop
vertex 148.8010936 -197.6448674999999 5
vertex 148.82602036446335 -169.6533487446802 2
vertex 148.82587867220042 -169.8124621202374 2
endloop
endfacet
facet normal -0.9999996034950255 0.0008905109722643391 4.736956943255549e-13
outer loop
vertex 148.8010936 -197.6448674999999 5
vertex 148.82587867220042 -169.8124621202374 2
vertex 148.82576238836535 -169.94304309291553 2
endloop
endfacet
facet normal -0.9999996034950255 0.0008905109722643391 4.736956943255549e-13
outer loop
vertex 148.8010936 -197.6448674999999 5
vertex 148.82576238836535 -169.94304309291553 2
vertex 148.8256759816808 -170.040073509133 2
endloop
endfacet
facet normal -0.9999996034950255 0.0008905109722643391 4.736956943255549e-13
outer loop
vertex 148.8010936 -197.6448674999999 5
vertex 148.8256759816808 -170.040073509133 2
vertex 148.8256227727072 -170.09982454442533 2
endloop
endfacet
facet normal -0.9999996034950255 0.0008905109722643391 4.736956943255549e-13
outer loop
vertex 148.8010936 -197.6448674999999 5
vertex 148.8256227727072 -170.09982454442533 2
vertex 148.8256048062355 -170.12000000000006 2
endloop
endfacet
facet normal -0.9999996034950255 0.0008905109722643391 4.736956943255549e-13
outer loop
vertex 148.8010936 -197.6448674999999 5
vertex 148.8256048062355 -170.12000000000006 2
vertex 148.8172963355698 -179.45000000000022 2
endloop
endfacet
facet normal -0.9999996034950255 0.0008905109722643391 4.736956943255549e-13
outer loop
vertex 148.8010936 -197.6448674999999 5
vertex 148.8172963355698 -179.45000000000022 2
vertex 148.81727836909812 -179.47017545558492 2
endloop
endfacet
facet normal -0.9999996034950255 0.0008905109722643391 4.736956943255549e-13
outer loop
vertex 148.8010936 -197.6448674999999 5
vertex 148.81727836909812 -179.47017545558492 2
vertex 148.81722516012448 -179.52992649086463 2
endloop
endfacet
facet normal -0.9999996034950255 0.0008905109722643391 4.736956943255549e-13
outer loop
vertex 148.8010936 -197.6448674999999 5
vertex 148.81722516012448 -179.52992649086463 2
vertex 148.81713875343993 -179.62695690709012 2
endloop
endfacet
facet normal -0.9999996034950255 0.0008905109722643391 4.736956943255549e-13
outer loop
vertex 148.8010936 -197.6448674999999 5
vertex 148.81713875343993 -179.62695690709012 2
vertex 148.81702246960492 -179.75753787971325 2
endloop
endfacet
facet normal -0.9999996034950255 0.0008905109722643391 4.736956943255549e-13
outer loop
vertex 148.8010936 -197.6448674999999 5
vertex 148.81702246960492 -179.75753787971325 2
vertex 148.8168807773419 -179.91665125534803 2
endloop
endfacet
facet normal -0.9999996034950255 0.0008905109722643391 4.736956943255549e-13
outer loop
vertex 148.8010936 -197.6448674999999 5
vertex 148.8168807773419 -179.91665125534803 2
vertex 148.8167191218052 -180.0981823960601 2
endloop
endfacet
facet normal -0.9999996034950255 0.0008905109722643391 4.736956943255549e-13
outer loop
vertex 148.8010936 -197.6448674999999 5
vertex 148.8167191218052 -180.0981823960601 2
vertex 148.8165437153265 -180.29515516180734 2
endloop
endfacet
facet normal -0.9999996034950255 0.0008905109722643391 4.736956943255549e-13
outer loop
vertex 148.8010936 -197.6448674999999 5
vertex 148.8165437153265 -180.29515516180734 2
vertex 148.81636129867812 -180.50000000004133 2
endloop
endfacet
facet normal -0.9999996034950255 0.0008905109722643391 4.736956943255549e-13
outer loop
vertex 148.8010936 -197.6448674999999 5
vertex 148.81636129867812 -180.50000000004133 2
vertex 148.81617888202987 -180.70484483813468 2
endloop
endfacet
facet normal -0.9999996034950255 0.0008905109722643391 4.736956943255549e-13
outer loop
vertex 148.8010936 -197.6448674999999 5
vertex 148.81617888202987 -180.70484483813468 2
vertex 148.81600347555107 -180.90181760400586 2
endloop
endfacet
facet normal -0.9999996034950255 0.0008905109722643391 4.736956943255549e-13
outer loop
vertex 148.8010936 -197.6448674999999 5
vertex 148.81600347555107 -180.90181760400586 2
vertex 148.8158418200144 -181.08334874465086 2
endloop
endfacet
facet normal -0.9999996034950255 0.0008905109722643391 4.736956943255549e-13
outer loop
vertex 148.8010936 -197.6448674999999 5
vertex 148.8158418200144 -181.08334874465086 2
vertex 148.81570012775146 -181.24246212022734 2
endloop
endfacet
facet normal -0.9999996034950255 0.0008905109722643391 4.736956943255549e-13
outer loop
vertex 148.8010936 -197.6448674999999 5
vertex 148.81570012775146 -181.24246212022734 2
vertex 148.81558384391636 -181.37304309293623 2
endloop
endfacet
facet normal -0.9999996034950255 0.0008905109722643391 4.736956943255549e-13
outer loop
vertex 148.8010936 -197.6448674999999 5
vertex 148.81558384391636 -181.37304309293623 2
vertex 148.81549743723184 -181.47007350913586 2
endloop
endfacet
facet normal -0.9999996034950255 0.0008905109722643391 4.736956943255549e-13
outer loop
vertex 148.8010936 -197.6448674999999 5
vertex 148.81549743723184 -181.47007350913586 2
vertex 148.8154442282582 -181.52982454442252 2
endloop
endfacet
facet normal -0.9999996034950255 0.0008905109722643391 4.736956943255549e-13
outer loop
vertex 148.8010936 -197.6448674999999 5
vertex 148.8154442282582 -181.52982454442252 2
vertex 148.8154262617865 -181.54999999999998 2
endloop
endfacet
facet normal -0.9999996034950255 0.0008905109722643391 4.736956943255549e-13
outer loop
vertex 148.8010936 -197.6448674999999 5
vertex 148.8154262617865 -181.54999999999998 2
vertex 148.80109359999744 -197.6448675000142 2
endloop
endfacet
facet normal 0 0 -1
outer loop
vertex 94.88006350000025 -204.77038450000006 5
vertex 106.05031016050812 -206.74000099743935 5
vertex 113.3976783999978 -208.0355414499996 5
endloop
endfacet
facet normal 0 0 -1
outer loop
vertex 94.88006350000025 -204.77038450000006 5
vertex 113.3976783999978 -208.0355414499996 5
vertex 113.3976783873663 -208.03554144993552 2
endloop
endfacet
facet normal 0 0 -1
outer loop
vertex 94.88006350000025 -204.77038450000006 5
vertex 113.3976783873663 -208.03554144993552 2
vertex 94.88006348467725 -204.77038450003886 2
endloop
endfacet
facet normal -0.07619688261553395 -0.9970927916095245 0
outer loop
vertex 145.0668256788822 -101.16725383080043 5
vertex 144.38304550000015 -101.115 5
vertex 144.38304550000123 -101.115 2
endloop
endfacet
facet normal -0.07619688261553395 -0.9970927916095245 0
outer loop
vertex 145.0668256788822 -101.16725383080043 5
vertex 144.38304550000123 -101.115 2
vertex 145.0668256788645 -101.167253830799 2
endloop
endfacet
facet normal 0 0 -1
outer loop
vertex 148.39599415615803 -100.50166369456015 5
vertex 149.05624298019373 -101.115 5
vertex 149.11249357229354 -101.16725383080043 5
endloop
endfacet
facet normal 0 0 -1
outer loop
vertex 148.39599415615803 -100.50166369456015 5
vertex 149.11249357229354 -101.16725383080043 5
vertex 149.1872867905465 -101.23673278250058 5
endloop
endfacet
facet normal 0 0 -1
outer loop
vertex 148.39599415615803 -100.50166369456015 5
vertex 149.1872867905465 -101.23673278250058 5
vertex 149.1872867905565 -101.23673278251569 2
endloop
endfacet
facet normal 0 0 -1
outer loop
vertex 148.39599415615803 -100.50166369456015 5
vertex 149.1872867905565 -101.23673278251569 2
vertex 149.05640959377953 -101.11515482530861 2
endloop
endfacet
facet normal 0 0 -1
outer loop
vertex 148.39599415615803 -100.50166369456015 5
vertex 149.05640959377953 -101.11515482530861 2
vertex 149.05624298018736 -101.115 2
endloop
endfacet
facet normal 0 0 -1
outer loop
vertex 148.39599415615803 -100.50166369456015 5
vertex 149.05624298018736 -101.115 2
vertex 148.39599415613304 -100.50166369454286 2
endloop
endfacet
facet normal -0.9951847266721985 0.09801714032954566 0
outer loop
vertex 140.32505774442498 -213.37759613811414 2
vertex 140.3452331999997 -213.17275130000564 2
vertex 140.3452331999997 -213.1727513000057 0
endloop
endfacet
facet normal -0.9951847266721985 0.09801714032954566 0
outer loop
vertex 140.32505774442498 -213.37759613811414 2
vertex 140.3452331999997 -213.1727513000057 0
vertex 140.32505774442393 -213.37759613811423 0
endloop
endfacet
facet normal -0.9951847266721984 -0.09801714032954582 0
outer loop
vertex 140.3452331999997 -213.17275130000564 2
vertex 140.3250577444226 -212.96790646188347 2
vertex 140.3250577444226 -212.96790646188353 0
endloop
endfacet
facet normal -0.9951847266721984 -0.09801714032954582 0
outer loop
vertex 140.3452331999997 -213.17275130000564 2
vertex 140.3250577444226 -212.96790646188353 0
vertex 140.3452331999997 -213.1727513000057 0
endloop
endfacet
facet normal -0.9569403357321961 -0.2902846772545049 0
outer loop
vertex 140.3250577444226 -212.96790646188347 2
vertex 140.2653067091283 -212.77093369599157 2
vertex 140.2653067091283 -212.7709336959916 0
endloop
endfacet
facet normal -0.9569403357321961 -0.2902846772545049 0
outer loop
vertex 140.3250577444226 -212.96790646188347 2
vertex 140.2653067091283 -212.7709336959916 0
vertex 140.3250577444226 -212.96790646188353 0
endloop
endfacet
facet normal -0.88192126434834 -0.47139673682602595 0
outer loop
vertex 140.2653067091283 -212.77093369599157 2
vertex 140.1682762929275 -212.5894025553387 2
vertex 140.16827629292746 -212.58940255533867 0
endloop
endfacet
facet normal -0.88192126434834 -0.47139673682602595 0
outer loop
vertex 140.2653067091283 -212.77093369599157 2
vertex 140.16827629292746 -212.58940255533867 0
vertex 140.2653067091283 -212.7709336959916 0
endloop
endfacet
facet normal -0.7730104533627206 -0.6343932841636656 0
outer loop
vertex 140.1682762929275 -212.5894025553387 2
vertex 140.0376953202586 -212.43028917976693 2
vertex 140.03769532025854 -212.4302891797669 0
endloop
endfacet
facet normal -0.7730104533627206 -0.6343932841636656 0
outer loop
vertex 140.1682762929275 -212.5894025553387 2
vertex 140.03769532025854 -212.4302891797669 0
vertex 140.16827629292746 -212.58940255533867 0
endloop
endfacet
facet normal -0.6343932841636518 -0.7730104533627319 0
outer loop
vertex 140.0376953202586 -212.43028917976693 2
vertex 139.87858194464783 -212.29970820706603 2
vertex 139.87858194464783 -212.29970820706603 0
endloop
endfacet
facet normal -0.6343932841636518 -0.7730104533627319 0
outer loop
vertex 140.0376953202586 -212.43028917976693 2
vertex 139.87858194464783 -212.29970820706603 0
vertex 140.03769532025854 -212.4302891797669 0
endloop
endfacet
facet normal -0.4713967368260224 -0.8819212643483417 0
outer loop
vertex 139.87858194464783 -212.29970820706603 2
vertex 139.69705080401363 -212.20267779087519 2
vertex 139.69705080401368 -212.2026777908752 0
endloop
endfacet
facet normal -0.4713967368260224 -0.8819212643483417 0
outer loop
vertex 139.87858194464783 -212.29970820706603 2
vertex 139.69705080401368 -212.2026777908752 0
vertex 139.87858194464783 -212.29970820706603 0
endloop
endfacet
facet normal -0.2902846772545339 -0.9569403357321872 0
outer loop
vertex 139.69705080401363 -212.20267779087519 2
vertex 139.500078038105 -212.14292675557581 2
vertex 139.50007803810487 -212.14292675557581 0
endloop
endfacet
facet normal -0.2902846772545339 -0.9569403357321872 0
outer loop
vertex 139.69705080401363 -212.20267779087519 2
vertex 139.50007803810487 -212.14292675557581 0
vertex 139.69705080401368 -212.2026777908752 0
endloop
endfacet
facet normal -0.09801714032954566 -0.9951847266721985 0
outer loop
vertex 139.500078038105 -212.14292675557581 2
vertex 139.2952331999992 -212.12275130000032 2
vertex 139.2952331999993 -212.12275130000032 0
endloop
endfacet
facet normal -0.09801714032954566 -0.9951847266721985 0
outer loop
vertex 139.500078038105 -212.14292675557581 2
vertex 139.2952331999993 -212.12275130000032 0
vertex 139.50007803810487 -212.14292675557581 0
endloop
endfacet
facet normal 0.09801714032954566 -0.9951847266721985 0
outer loop
vertex 139.2952331999992 -212.12275130000032 2
vertex 139.09038836187656 -212.14292675557581 2
vertex 139.09038836189362 -212.14292675557581 0
endloop
endfacet
facet normal 0.09801714032954566 -0.9951847266721985 0
outer loop
vertex 139.2952331999992 -212.12275130000032 2
vertex 139.09038836189362 -212.14292675557581 0
vertex 139.2952331999993 -212.12275130000032 0
endloop
endfacet
facet normal 0.2902846772545339 -0.9569403357321872 0
outer loop
vertex 139.09038836187656 -212.14292675557581 2
vertex 138.8934155960226 -212.20267779087519 2
vertex 138.89341559596792 -212.2026777908752 0
endloop
endfacet
facet normal 0.2902846772545339 -0.9569403357321872 0
outer loop
vertex 139.09038836187656 -212.14292675557581 2
vertex 138.89341559596792 -212.2026777908752 0
vertex 139.09038836189362 -212.14292675557581 0
endloop
endfacet
facet normal 0.47139673682602534 -0.8819212643483402 0
outer loop
vertex 138.8934155960226 -212.20267779087519 2
vertex 138.7118844553261 -212.29970820706603 2
vertex 138.7118844553877 -212.29970820706603 0
endloop
endfacet
facet normal 0.47139673682602534 -0.8819212643483402 0
outer loop
vertex 138.8934155960226 -212.20267779087519 2
vertex 138.7118844553877 -212.29970820706603 0
vertex 138.89341559596792 -212.2026777908752 0
endloop
endfacet
facet normal 0.6343932841636518 -0.7730104533627319 0
outer loop
vertex 138.7118844553261 -212.29970820706603 2
vertex 138.55277107975348 -212.43028917976693 2
vertex 138.55277107971614 -212.4302891797669 0
endloop
endfacet
facet normal 0.6343932841636518 -0.7730104533627319 0
outer loop
vertex 138.7118844553261 -212.29970820706603 2
vertex 138.55277107971614 -212.4302891797669 0
vertex 138.7118844553877 -212.29970820706603 0
endloop
endfacet
facet normal 0.7730104533627319 -0.6343932841636518 0
outer loop
vertex 138.55277107975348 -212.43028917976693 2
vertex 138.42219010708618 -212.5894025553387 2
vertex 138.4221901070842 -212.58940255533867 0
endloop
endfacet
facet normal 0.7730104533627319 -0.6343932841636518 0
outer loop
vertex 138.55277107975348 -212.43028917976693 2
vertex 138.4221901070842 -212.58940255533867 0
vertex 138.55277107971614 -212.4302891797669 0
endloop
endfacet
facet normal 0.8819212643483584 -0.4713967368259914 0
outer loop
vertex 138.42219010708618 -212.5894025553387 2
vertex 138.32515969085748 -212.77093369599157 2
vertex 138.32515969088507 -212.7709336959916 0
endloop
endfacet
facet normal 0.8819212643483584 -0.4713967368259914 0
outer loop
vertex 138.42219010708618 -212.5894025553387 2
vertex 138.32515969088507 -212.7709336959916 0
vertex 138.4221901070842 -212.58940255533867 0
endloop
endfacet
facet normal 0.9569403357321872 -0.2902846772545339 0
outer loop
vertex 138.32515969085748 -212.77093369599157 2
vertex 138.265408655578 -212.96790646188347 2
vertex 138.26540865556362 -212.96790646188353 0
endloop
endfacet
facet normal 0.9569403357321872 -0.2902846772545339 0
outer loop
vertex 138.32515969085748 -212.77093369599157 2
vertex 138.26540865556362 -212.96790646188353 0
vertex 138.32515969088507 -212.7709336959916 0
endloop
endfacet
facet normal 0.9951847266721984 -0.09801714032954582 0
outer loop
vertex 138.265408655578 -212.96790646188347 2
vertex 138.2452332 -213.17275130000564 2
vertex 138.24523320000083 -213.1727513000057 0
endloop
endfacet
facet normal 0.9951847266721984 -0.09801714032954582 0
outer loop
vertex 138.265408655578 -212.96790646188347 2
vertex 138.24523320000083 -213.1727513000057 0
vertex 138.26540865556362 -212.96790646188353 0
endloop
endfacet
facet normal 0.9951847266721984 0.09801714032954582 0
outer loop
vertex 138.2452332 -213.17275130000564 2
vertex 138.26540865557604 -213.37759613811414 2
vertex 138.26540865586264 -213.37759613811423 0
endloop
endfacet
facet normal 0.9951847266721984 0.09801714032954582 0
outer loop
vertex 138.2452332 -213.17275130000564 2
vertex 138.26540865586264 -213.37759613811423 0
vertex 138.24523320000083 -213.1727513000057 0
endloop
endfacet
facet normal 0.9569403357321875 0.29028467725453294 0
outer loop
vertex 138.26540865557604 -213.37759613811414 2
vertex 138.32515969087245 -213.57456890401306 2
vertex 138.3251596908724 -213.57456890401298 0
endloop
endfacet
facet normal 0.9569403357321875 0.29028467725453294 0
outer loop
vertex 138.26540865557604 -213.37759613811414 2
vertex 138.3251596908724 -213.57456890401298 0
vertex 138.26540865586264 -213.37759613811423 0
endloop
endfacet
facet normal 0.8819212643483587 0.4713967368259909 0
outer loop
vertex 138.32515969087245 -213.57456890401306 2
vertex 138.42219010706054 -213.75610004464212 2
vertex 138.42219010706046 -213.756100044642 0
endloop
endfacet
facet normal 0.8819212643483587 0.4713967368259909 0
outer loop
vertex 138.32515969087245 -213.57456890401306 2
vertex 138.42219010706046 -213.756100044642 0
vertex 138.3251596908724 -213.57456890401298 0
endloop
endfacet
facet normal 0.7730104533627332 0.6343932841636499 0
outer loop
vertex 138.42219010706054 -213.75610004464212 2
vertex 138.55277107976494 -213.91521342025715 2
vertex 138.55277107976502 -213.91521342025723 0
endloop
endfacet
facet normal 0.7730104533627332 0.6343932841636499 0
outer loop
vertex 138.42219010706054 -213.75610004464212 2
vertex 138.55277107976502 -213.91521342025723 0
vertex 138.42219010706046 -213.756100044642 0
endloop
endfacet
facet normal 0.6343932841636518 0.7730104533627319 0
outer loop
vertex 138.55277107976494 -213.91521342025715 2
vertex 138.71188445531968 -214.0457943929121 2
vertex 138.71188445531968 -214.0457943929121 0
endloop
endfacet
facet normal 0.6343932841636518 0.7730104533627319 0
outer loop
vertex 138.55277107976494 -213.91521342025715 2
vertex 138.71188445531968 -214.0457943929121 0
vertex 138.55277107976502 -213.91521342025723 0
endloop
endfacet
facet normal 0.4713967368260224 0.8819212643483418 0
outer loop
vertex 138.71188445531968 -214.0457943929121 2
vertex 138.89341559602173 -214.1428248091392 2
vertex 138.89341559602178 -214.14282480913923 0
endloop
endfacet
facet normal 0.4713967368260224 0.8819212643483418 0
outer loop
vertex 138.71188445531968 -214.0457943929121 2
vertex 138.89341559602178 -214.14282480913923 0
vertex 138.71188445531968 -214.0457943929121 0
endloop
endfacet
facet normal 0.2902846772545339 0.9569403357321872 0
outer loop
vertex 138.89341559602173 -214.1428248091392 2
vertex 139.09038836188085 -214.20257584442354 2
vertex 139.09038836188077 -214.20257584442354 0
endloop
endfacet
facet normal 0.2902846772545339 0.9569403357321872 0
outer loop
vertex 138.89341559602173 -214.1428248091392 2
vertex 139.09038836188077 -214.20257584442354 0
vertex 138.89341559602178 -214.14282480913923 0
endloop
endfacet
facet normal 0.09801714032954566 0.9951847266721985 0
outer loop
vertex 139.09038836188085 -214.20257584442354 2
vertex 139.29523319999947 -214.2227513000003 2
vertex 139.29523319999944 -214.2227513000003 0
endloop
endfacet
facet normal 0.09801714032954566 0.9951847266721985 0
outer loop
vertex 139.09038836188085 -214.20257584442354 2
vertex 139.29523319999944 -214.2227513000003 0
vertex 139.09038836188077 -214.20257584442354 0
endloop
endfacet
facet normal -0.09801714032954566 0.9951847266721985 0
outer loop
vertex 139.29523319999947 -214.2227513000003 2
vertex 139.50007803811823 -214.20257584442354 2
vertex 139.50007803810473 -214.20257584442354 0
endloop
endfacet
facet normal -0.09801714032954566 0.9951847266721985 0
outer loop
vertex 139.29523319999947 -214.2227513000003 2
vertex 139.50007803810473 -214.20257584442354 0
vertex 139.29523319999944 -214.2227513000003 0
endloop
endfacet
facet normal -0.2902846772545339 0.9569403357321872 0
outer loop
vertex 139.50007803811823 -214.20257584442354 2
vertex 139.69705080396508 -214.1428248091392 2
vertex 139.69705080398896 -214.14282480913923 0
endloop
endfacet
facet normal -0.2902846772545339 0.9569403357321872 0
outer loop
vertex 139.50007803811823 -214.20257584442354 2
vertex 139.69705080398896 -214.14282480913923 0
vertex 139.50007803810473 -214.20257584442354 0
endloop
endfacet
facet normal -0.47139673682601946 0.8819212643483434 0
outer loop
vertex 139.69705080396508 -214.1428248091392 2
vertex 139.87858194468728 -214.0457943929121 2
vertex 139.878581944675 -214.0457943929121 0
endloop
endfacet
facet normal -0.47139673682601946 0.8819212643483434 0
outer loop
vertex 139.69705080396508 -214.1428248091392 2
vertex 139.878581944675 -214.0457943929121 0
vertex 139.69705080398896 -214.14282480913923 0
endloop
endfacet
facet normal -0.6343932841636518 0.7730104533627319 0
outer loop
vertex 139.87858194468728 -214.0457943929121 2
vertex 140.03769532023082 -213.91521342025715 2
vertex 140.03769532024305 -213.91521342025723 0
endloop
endfacet
facet normal -0.6343932841636518 0.7730104533627319 0
outer loop
vertex 139.87858194468728 -214.0457943929121 2
vertex 140.03769532024305 -213.91521342025723 0
vertex 139.878581944675 -214.0457943929121 0
endloop
endfacet
facet normal -0.7730104533627319 0.6343932841636518 0
outer loop
vertex 140.03769532023082 -213.91521342025715 2
vertex 140.16827629294397 -213.75610004464212 2
vertex 140.16827629291353 -213.756100044642 0
endloop
endfacet
facet normal -0.7730104533627319 0.6343932841636518 0
outer loop
vertex 140.03769532023082 -213.91521342025715 2
vertex 140.16827629291353 -213.756100044642 0
vertex 140.03769532024305 -213.91521342025723 0
endloop
endfacet
facet normal -0.8819212643483402 0.47139673682602534 0
outer loop
vertex 140.16827629294397 -213.75610004464212 2
vertex 140.26530670911322 -213.57456890401306 2
vertex 140.2653067091336 -213.57456890401298 0
endloop
endfacet
facet normal -0.8819212643483402 0.47139673682602534 0
outer loop
vertex 140.16827629294397 -213.75610004464212 2
vertex 140.2653067091336 -213.57456890401298 0
vertex 140.16827629291353 -213.756100044642 0
endloop
endfacet
facet normal -0.9569403357321872 0.2902846772545339 0
outer loop
vertex 140.26530670911322 -213.57456890401306 2
vertex 140.32505774442498 -213.37759613811414 2
vertex 140.32505774442393 -213.37759613811423 0
endloop
endfacet
facet normal -0.9569403357321872 0.2902846772545339 0
outer loop
vertex 140.26530670911322 -213.57456890401306 2
vertex 140.32505774442393 -213.37759613811423 0
vertex 140.2653067091336 -213.57456890401298 0
endloop
endfacet
facet normal -0.9951847266721985 0.09801714032954566 0
outer loop
vertex 249.73459134442476 -213.37759613811414 2
vertex 249.75476679999971 -213.17275130000564 2
vertex 249.75476679999971 -213.1727513000057 0
endloop
endfacet
facet normal -0.9951847266721985 0.09801714032954566 0
outer loop
vertex 249.73459134442476 -213.37759613811414 2
vertex 249.75476679999971 -213.1727513000057 0
vertex 249.7345913444239 -213.37759613811423 0
endloop
endfacet
facet normal -0.9951847266721985 -0.09801714032954566 0
outer loop
vertex 249.75476679999971 -213.17275130000564 2
vertex 249.73459134442263 -212.96790646188347 2
vertex 249.7345913444202 -212.96790646188353 0
endloop
endfacet
facet normal -0.9951847266721985 -0.09801714032954566 0
outer loop
vertex 249.75476679999971 -213.17275130000564 2
vertex 249.7345913444202 -212.96790646188353 0
vertex 249.75476679999971 -213.1727513000057 0
endloop
endfacet
facet normal -0.9569403357321872 -0.2902846772545339 0
outer loop
vertex 249.73459134442263 -212.96790646188347 2
vertex 249.6748403091273 -212.77093369599157 2
vertex 249.6748403091451 -212.7709336959916 0
endloop
endfacet
facet normal -0.9569403357321872 -0.2902846772545339 0
outer loop
vertex 249.73459134442263 -212.96790646188347 2
vertex 249.6748403091451 -212.7709336959916 0
vertex 249.7345913444202 -212.96790646188353 0
endloop
endfacet
facet normal -0.8819212643483418 -0.4713967368260224 0
outer loop
vertex 249.6748403091273 -212.77093369599157 2
vertex 249.57780989293994 -212.5894025553387 2
vertex 249.5778098929147 -212.58940255533867 0
endloop
endfacet
facet normal -0.8819212643483418 -0.4713967368260224 0
outer loop
vertex 249.6748403091273 -212.77093369599157 2
vertex 249.5778098929147 -212.58940255533867 0
vertex 249.6748403091451 -212.7709336959916 0
endloop
endfacet
facet normal -0.7730104533627319 -0.6343932841636518 0
outer loop
vertex 249.57780989293994 -212.5894025553387 2
vertex 249.44722892024902 -212.43028917976693 2
vertex 249.44722892026275 -212.4302891797669 0
endloop
endfacet
facet normal -0.7730104533627319 -0.6343932841636518 0
outer loop
vertex 249.57780989293994 -212.5894025553387 2
vertex 249.44722892026275 -212.4302891797669 0
vertex 249.5778098929147 -212.58940255533867 0
endloop
endfacet
facet normal -0.6343932841636517 -0.7730104533627319 0
outer loop
vertex 249.44722892024902 -212.43028917976693 2
vertex 249.28811554465082 -212.29970820706603 2
vertex 249.28811554462106 -212.29970820706603 0
endloop
endfacet
facet normal -0.6343932841636517 -0.7730104533627319 0
outer loop
vertex 249.44722892024902 -212.43028917976693 2
vertex 249.28811554462106 -212.29970820706603 0
vertex 249.44722892026275 -212.4302891797669 0
endloop
endfacet
facet normal -0.4713967368259664 -0.8819212643483717 0
outer loop
vertex 249.28811554465082 -212.29970820706603 2
vertex 249.1065844039967 -212.20267779087519 2
vertex 249.10658440402304 -212.2026777908752 0
endloop
endfacet
facet normal -0.4713967368259664 -0.8819212643483717 0
outer loop
vertex 249.28811554465082 -212.29970820706603 2
vertex 249.10658440402304 -212.2026777908752 0
vertex 249.28811554462106 -212.29970820706603 0
endloop
endfacet
facet normal -0.2902846772545039 -0.9569403357321963 0
outer loop
vertex 249.1065844039967 -212.20267779087519 2
vertex 248.9096116381156 -212.14292675557581 2
vertex 248.90961163812761 -212.14292675557581 0
endloop
endfacet
facet normal -0.2902846772545039 -0.9569403357321963 0
outer loop
vertex 249.1065844039967 -212.20267779087519 2
vertex 248.90961163812761 -212.14292675557581 0
vertex 249.10658440402304 -212.2026777908752 0
endloop
endfacet
facet normal -0.09801714032954566 -0.9951847266721985 0
outer loop
vertex 248.9096116381156 -212.14292675557581 2
vertex 248.70476680000343 -212.12275130000032 2
vertex 248.70476680000345 -212.12275130000032 0
endloop
endfacet
facet normal -0.09801714032954566 -0.9951847266721985 0
outer loop
vertex 248.9096116381156 -212.14292675557581 2
vertex 248.70476680000345 -212.12275130000032 0
vertex 248.90961163812761 -212.14292675557581 0
endloop
endfacet
facet normal 0.09801714032954566 -0.9951847266721985 0
outer loop
vertex 248.70476680000343 -212.12275130000032 2
vertex 248.49992196186028 -212.14292675557581 2
vertex 248.49992196189777 -212.14292675557581 0
endloop
endfacet
facet normal 0.09801714032954566 -0.9951847266721985 0
outer loop
vertex 248.70476680000343 -212.12275130000032 2
vertex 248.49992196189777 -212.14292675557581 0
vertex 248.70476680000345 -212.12275130000032 0
endloop
endfacet
facet normal 0.2902846772545339 -0.9569403357321872 0
outer loop
vertex 248.49992196186028 -212.14292675557581 2
vertex 248.30294919602343 -212.20267779087519 2
vertex 248.30294919595195 -212.2026777908752 0
endloop
endfacet
facet normal 0.2902846772545339 -0.9569403357321872 0
outer loop
vertex 248.49992196186028 -212.14292675557581 2
vertex 248.30294919595195 -212.2026777908752 0
vertex 248.49992196189777 -212.14292675557581 0
endloop
endfacet
facet normal 0.47139673682602534 -0.8819212643483402 0
outer loop
vertex 248.30294919602343 -212.20267779087519 2
vertex 248.1214180553358 -212.29970820706603 2
vertex 248.12141805538857 -212.29970820706603 0
endloop
endfacet
facet normal 0.47139673682602534 -0.8819212643483402 0
outer loop
vertex 248.30294919602343 -212.20267779087519 2
vertex 248.12141805538857 -212.29970820706603 0
vertex 248.30294919595195 -212.2026777908752 0
endloop
endfacet
facet normal 0.6343932841636518 -0.7730104533627319 0
outer loop
vertex 248.1214180553358 -212.29970820706603 2
vertex 247.96230467975502 -212.43028917976693 2
vertex 247.96230467972555 -212.4302891797669 0
endloop
endfacet
facet normal 0.6343932841636518 -0.7730104533627319 0
outer loop
vertex 248.1214180553358 -212.29970820706603 2
vertex 247.96230467972555 -212.4302891797669 0
vertex 248.12141805538857 -212.29970820706603 0
endloop
endfacet
facet normal 0.7730104533627179 -0.6343932841636688 0
outer loop
vertex 247.96230467975502 -212.43028917976693 2
vertex 247.8317237070785 -212.5894025553387 2
vertex 247.83172370708573 -212.58940255533867 0
endloop
endfacet
facet normal 0.7730104533627179 -0.6343932841636688 0
outer loop
vertex 247.96230467975502 -212.43028917976693 2
vertex 247.83172370708573 -212.58940255533867 0
vertex 247.96230467972555 -212.4302891797669 0
endloop
endfacet
facet normal 0.8819212643483402 -0.47139673682602534 0
outer loop
vertex 247.8317237070785 -212.5894025553387 2
vertex 247.73469329086026 -212.77093369599157 2
vertex 247.73469329087763 -212.7709336959916 0
endloop
endfacet
facet normal 0.8819212643483402 -0.47139673682602534 0
outer loop
vertex 247.8317237070785 -212.5894025553387 2
vertex 247.73469329087763 -212.7709336959916 0
vertex 247.83172370708573 -212.58940255533867 0
endloop
endfacet
facet normal 0.9569403357321872 -0.2902846772545339 0
outer loop
vertex 247.73469329086026 -212.77093369599157 2
vertex 247.6749422555781 -212.96790646188347 2
vertex 247.6749422555663 -212.96790646188353 0
endloop
endfacet
facet normal 0.9569403357321872 -0.2902846772545339 0
outer loop
vertex 247.73469329086026 -212.77093369599157 2
vertex 247.6749422555663 -212.96790646188353 0
vertex 247.73469329087763 -212.7709336959916 0
endloop
endfacet
facet normal 0.9951847266721985 -0.09801714032954566 0
outer loop
vertex 247.6749422555781 -212.96790646188347 2
vertex 247.6547668 -213.17275130000564 2
vertex 247.65476680000089 -213.1727513000057 0
endloop
endfacet
facet normal 0.9951847266721985 -0.09801714032954566 0
outer loop
vertex 247.6749422555781 -212.96790646188347 2
vertex 247.65476680000089 -213.1727513000057 0
vertex 247.6749422555663 -212.96790646188353 0
endloop
endfacet
facet normal 0.9951847266721985 0.09801714032954566 0
outer loop
vertex 247.6547668 -213.17275130000564 2
vertex 247.67494225557417 -213.37759613811414 2
vertex 247.6749422553149 -213.37759613811423 0
endloop
endfacet
facet normal 0.9951847266721985 0.09801714032954566 0
outer loop
vertex 247.6547668 -213.17275130000564 2
vertex 247.6749422553149 -213.37759613811423 0
vertex 247.65476680000089 -213.1727513000057 0
endloop
endfacet
facet normal 0.9569403357321872 0.2902846772545339 0
outer loop
vertex 247.67494225557417 -213.37759613811414 2
vertex 247.73469329087357 -213.57456890401306 2
vertex 247.73469329087067 -213.57456890401298 0
endloop
endfacet
facet normal 0.9569403357321872 0.2902846772545339 0
outer loop
vertex 247.67494225557417 -213.37759613811414 2
vertex 247.73469329087067 -213.57456890401298 0
vertex 247.6749422553149 -213.37759613811423 0
endloop
endfacet
facet normal 0.8819212643483493 0.47139673682600836 0
outer loop
vertex 247.73469329087357 -213.57456890401306 2
vertex 247.83172370709255 -213.75610004464212 2
vertex 247.8317237070616 -213.756100044642 0
endloop
endfacet
facet normal 0.8819212643483493 0.47139673682600836 0
outer loop
vertex 247.73469329087357 -213.57456890401306 2
vertex 247.8317237070616 -213.756100044642 0
vertex 247.73469329087067 -213.57456890401298 0
endloop
endfacet
facet normal 0.7730104533627445 0.6343932841636364 0
outer loop
vertex 247.83172370709255 -213.75610004464212 2
vertex 247.96230467969917 -213.91521342025715 2
vertex 247.9623046797945 -213.91521342025723 0
endloop
endfacet
facet normal 0.7730104533627445 0.6343932841636364 0
outer loop
vertex 247.83172370709255 -213.75610004464212 2
vertex 247.9623046797945 -213.91521342025723 0
vertex 247.8317237070616 -213.756100044642 0
endloop
endfacet
facet normal 0.6343932841636208 0.7730104533627573 0
outer loop
vertex 247.96230467969917 -213.91521342025715 2
vertex 248.12141805539437 -214.0457943929121 2
vertex 248.1214180552606 -214.0457943929121 0
endloop
endfacet
facet normal 0.6343932841636208 0.7730104533627573 0
outer loop
vertex 247.96230467969917 -213.91521342025715 2
vertex 248.1214180552606 -214.0457943929121 0
vertex 247.9623046797945 -213.91521342025723 0
endloop
endfacet
facet normal 0.4713967368260224 0.8819212643483418 0
outer loop
vertex 248.12141805539437 -214.0457943929121 2
vertex 248.30294919600107 -214.1428248091392 2
vertex 248.30294919608707 -214.14282480913923 0
endloop
endfacet
facet normal 0.4713967368260224 0.8819212643483418 0
outer loop
vertex 248.12141805539437 -214.0457943929121 2
vertex 248.30294919608707 -214.14282480913923 0
vertex 248.1214180552606 -214.0457943929121 0
endloop
endfacet
facet normal 0.2902846772545339 0.9569403357321872 0
outer loop
vertex 248.30294919600107 -214.1428248091392 2
vertex 248.49992196187299 -214.20257584442354 2
vertex 248.4999219618631 -214.20257584442354 0
endloop
endfacet
facet normal 0.2902846772545339 0.9569403357321872 0
outer loop
vertex 248.30294919600107 -214.1428248091392 2
vertex 248.4999219618631 -214.20257584442354 0
vertex 248.30294919608707 -214.14282480913923 0
endloop
endfacet
facet normal 0.09801714032954566 0.9951847266721985 0
outer loop
vertex 248.49992196187299 -214.20257584442354 2
vertex 248.70476679999302 -214.2227513000003 2
vertex 248.70476679999314 -214.2227513000003 0
endloop
endfacet
facet normal 0.09801714032954566 0.9951847266721985 0
outer loop
vertex 248.49992196187299 -214.20257584442354 2
vertex 248.70476679999314 -214.2227513000003 0
vertex 248.4999219618631 -214.20257584442354 0
endloop
endfacet
facet normal -0.09801714032954566 0.9951847266721985 0
outer loop
vertex 248.70476679999302 -214.2227513000003 2
vertex 248.9096116381243 -214.20257584442354 2
vertex 248.90961163810184 -214.20257584442354 0
endloop
endfacet
facet normal -0.09801714032954566 0.9951847266721985 0
outer loop
vertex 248.70476679999302 -214.2227513000003 2
vertex 248.90961163810184 -214.20257584442354 0
vertex 248.70476679999314 -214.2227513000003 0
endloop
endfacet
facet normal -0.2902846772545339 0.9569403357321872 0
outer loop
vertex 248.9096116381243 -214.20257584442354 2
vertex 249.10658440396273 -214.1428248091392 2
vertex 249.10658440397992 -214.14282480913923 0
endloop
endfacet
facet normal -0.2902846772545339 0.9569403357321872 0
outer loop
vertex 248.9096116381243 -214.20257584442354 2
vertex 249.10658440397992 -214.14282480913923 0
vertex 248.90961163810184 -214.20257584442354 0
endloop
endfacet
facet normal -0.47139673682602534 0.8819212643483403 0
outer loop
vertex 249.10658440396273 -214.1428248091392 2
vertex 249.28811554468135 -214.0457943929121 2
vertex 249.28811554468126 -214.0457943929121 0
endloop
endfacet
facet normal -0.47139673682602534 0.8819212643483403 0
outer loop
vertex 249.10658440396273 -214.1428248091392 2
vertex 249.28811554468126 -214.0457943929121 0
vertex 249.10658440397992 -214.14282480913923 0
endloop
endfacet
facet normal -0.6343932841636518 0.7730104533627319 0
outer loop
vertex 249.28811554468135 -214.0457943929121 2
vertex 249.4472289202347 -213.91521342025715 2
vertex 249.4472289202468 -213.91521342025723 0
endloop
endfacet
facet normal -0.6343932841636518 0.7730104533627319 0
outer loop
vertex 249.28811554468135 -214.0457943929121 2
vertex 249.4472289202468 -213.91521342025723 0
vertex 249.28811554468126 -214.0457943929121 0
endloop
endfacet
facet normal -0.7730104533627319 0.6343932841636518 0
outer loop
vertex 249.4472289202347 -213.91521342025715 2
vertex 249.57780989294588 -213.75610004464212 2
vertex 249.5778098929134 -213.756100044642 0
endloop
endfacet
facet normal -0.7730104533627319 0.6343932841636518 0
outer loop
vertex 249.4472289202347 -213.91521342025715 2
vertex 249.5778098929134 -213.756100044642 0
vertex 249.4472289202468 -213.91521342025723 0
endloop
endfacet
facet normal -0.8819212643483402 0.47139673682602534 0
outer loop
vertex 249.57780989294588 -213.75610004464212 2
vertex 249.67484030911314 -213.57456890401306 2
vertex 249.67484030913434 -213.57456890401298 0
endloop
endfacet
facet normal -0.8819212643483402 0.47139673682602534 0
outer loop
vertex 249.57780989294588 -213.75610004464212 2
vertex 249.67484030913434 -213.57456890401298 0
vertex 249.5778098929134 -213.756100044642 0
endloop
endfacet
facet normal -0.9569403357321872 0.2902846772545339 0
outer loop
vertex 249.67484030911314 -213.57456890401306 2
vertex 249.73459134442476 -213.37759613811414 2
vertex 249.7345913444239 -213.37759613811423 0
endloop
endfacet
facet normal -0.9569403357321872 0.2902846772545339 0
outer loop
vertex 249.67484030911314 -213.57456890401306 2
vertex 249.7345913444239 -213.37759613811423 0
vertex 249.67484030913434 -213.57456890401298 0
endloop
endfacet
facet normal -0.9951847266721984 0.09801714032954582 0
outer loop
vertex 143.52982454442432 -169.27484483809886 2
vertex 143.54999999999998 -169.0700000000022 2
vertex 143.55 -169.07000000000218 0
endloop
endfacet
facet normal -0.9951847266721984 0.09801714032954582 0
outer loop
vertex 143.52982454442432 -169.27484483809886 2
vertex 143.55 -169.07000000000218 0
vertex 143.52982454442542 -169.27484483809866 0
endloop
endfacet
facet normal -0.9951847266721984 -0.09801714032954582 0
outer loop
vertex 143.54999999999998 -169.0700000000022 2
vertex 143.5298245444246 -168.8651551618977 2
vertex 143.52982454442466 -168.86515516189786 0
endloop
endfacet
facet normal -0.9951847266721984 -0.09801714032954582 0
outer loop
vertex 143.54999999999998 -169.0700000000022 2
vertex 143.52982454442466 -168.86515516189786 0
vertex 143.55 -169.07000000000218 0
endloop
endfacet
facet normal -0.9569403357321915 -0.2902846772545199 0
outer loop
vertex 143.5298245444246 -168.8651551618977 2
vertex 143.4700735091354 -168.66818239602256 2
vertex 143.47007350913543 -168.66818239602262 0
endloop
endfacet
facet normal -0.9569403357321915 -0.2902846772545199 0
outer loop
vertex 143.5298245444246 -168.8651551618977 2
vertex 143.47007350913543 -168.66818239602262 0
vertex 143.52982454442466 -168.86515516189786 0
endloop
endfacet
facet normal -0.8819212643483568 -0.4713967368259944 0
outer loop
vertex 143.4700735091354 -168.66818239602256 2
vertex 143.37304309290056 -168.48665125530601 2
vertex 143.37304309290053 -168.48665125530596 0
endloop
endfacet
facet normal -0.8819212643483568 -0.4713967368259944 0
outer loop
vertex 143.4700735091354 -168.66818239602256 2
vertex 143.37304309290053 -168.48665125530596 0
vertex 143.47007350913543 -168.66818239602262 0
endloop
endfacet
facet normal -0.7730104533627318 -0.6343932841636519 0
outer loop
vertex 143.37304309290056 -168.48665125530601 2
vertex 143.2424621202454 -168.327537879751 2
vertex 143.24246212024542 -168.32753787975102 0
endloop
endfacet
facet normal -0.7730104533627318 -0.6343932841636519 0
outer loop
vertex 143.37304309290056 -168.48665125530601 2
vertex 143.24246212024542 -168.32753787975102 0
vertex 143.37304309290053 -168.48665125530596 0
endloop
endfacet
facet normal -0.6343932841636385 -0.7730104533627428 0
outer loop
vertex 143.2424621202454 -168.327537879751 2
vertex 143.0833487446762 -168.1969569070842 2
vertex 143.08334874466527 -168.1969569070844 0
endloop
endfacet
facet normal -0.6343932841636385 -0.7730104533627428 0
outer loop
vertex 143.2424621202454 -168.327537879751 2
vertex 143.08334874466527 -168.1969569070844 0
vertex 143.24246212024542 -168.32753787975102 0
endloop
endfacet
facet normal -0.47139673682600847 -0.8819212643483494 0
outer loop
vertex 143.0833487446762 -168.1969569070842 2
vertex 142.90181760396263 -168.09992649085655 2
vertex 142.90181760399923 -168.09992649085646 0
endloop
endfacet
facet normal -0.47139673682600847 -0.8819212643483494 0
outer loop
vertex 143.0833487446762 -168.1969569070842 2
vertex 142.90181760399923 -168.09992649085646 0
vertex 143.08334874466527 -168.1969569070844 0
endloop
endfacet
facet normal -0.2902846772545339 -0.9569403357321872 0
outer loop
vertex 142.90181760396263 -168.09992649085655 2
vertex 142.70484483815991 -168.04017545557855 2
vertex 142.7048448381217 -168.04017545557852 0
endloop
endfacet
facet normal -0.2902846772545339 -0.9569403357321872 0
outer loop
vertex 142.90181760396263 -168.09992649085655 2
vertex 142.7048448381217 -168.04017545557852 0
vertex 142.90181760399923 -168.09992649085646 0
endloop
endfacet
facet normal -0.09801714032954581 -0.9951847266721984 0
outer loop
vertex 142.70484483815991 -168.04017545557855 2
vertex 142.49999999999915 -168.0200000000003 2
vertex 142.49999999999912 -168.0200000000003 0
endloop
endfacet
facet normal -0.09801714032954581 -0.9951847266721984 0
outer loop
vertex 142.70484483815991 -168.04017545557855 2
vertex 142.49999999999912 -168.0200000000003 0
vertex 142.7048448381217 -168.04017545557852 0
endloop
endfacet
facet normal 0.09801714032954566 -0.9951847266721985 0
outer loop
vertex 142.49999999999915 -168.0200000000003 2
vertex 142.29515516187584 -168.04017545557855 2
vertex 142.29515516186572 -168.04017545557852 0
endloop
endfacet
facet normal 0.09801714032954566 -0.9951847266721985 0
outer loop
vertex 142.49999999999915 -168.0200000000003 2
vertex 142.29515516186572 -168.04017545557852 0
vertex 142.49999999999912 -168.0200000000003 0
endloop
endfacet
facet normal 0.2902846772545339 -0.9569403357321872 0
outer loop
vertex 142.29515516187584 -168.04017545557855 2
vertex 142.09818239602117 -168.09992649085655 2
vertex 142.0981823960377 -168.09992649085646 0
endloop
endfacet
facet normal 0.2902846772545339 -0.9569403357321872 0
outer loop
vertex 142.29515516187584 -168.04017545557855 2
vertex 142.0981823960377 -168.09992649085646 0
vertex 142.29515516186572 -168.04017545557852 0
endloop
endfacet
facet normal 0.47139673682602534 -0.8819212643483402 0
outer loop
vertex 142.09818239602117 -168.09992649085655 2
vertex 141.91665125533007 -168.1969569070842 2
vertex 141.9166512553179 -168.1969569070844 0
endloop
endfacet
facet normal 0.47139673682602534 -0.8819212643483402 0
outer loop
vertex 142.09818239602117 -168.09992649085655 2
vertex 141.9166512553179 -168.1969569070844 0
vertex 142.0981823960377 -168.09992649085646 0
endloop
endfacet
facet normal 0.6343932841636518 -0.7730104533627319 0
outer loop
vertex 141.91665125533007 -168.1969569070842 2
vertex 141.757537879753 -168.327537879751 2
vertex 141.75753787976103 -168.32753787975102 0
endloop
endfacet
facet normal 0.6343932841636518 -0.7730104533627319 0
outer loop
vertex 141.91665125533007 -168.1969569070842 2
vertex 141.75753787976103 -168.32753787975102 0
vertex 141.9166512553179 -168.1969569070844 0
endloop
endfacet
facet normal 0.7730104533627319 -0.6343932841636518 0
outer loop
vertex 141.757537879753 -168.327537879751 2
vertex 141.62695690708006 -168.48665125530601 2
vertex 141.62695690709802 -168.48665125530596 0
endloop
endfacet
facet normal 0.7730104533627319 -0.6343932841636518 0
outer loop
vertex 141.757537879753 -168.327537879751 2
vertex 141.62695690709802 -168.48665125530596 0
vertex 141.75753787976103 -168.32753787975102 0
endloop
endfacet
facet normal 0.8819212643483402 -0.47139673682602534 0
outer loop
vertex 141.62695690708006 -168.48665125530601 2
vertex 141.52992649086147 -168.66818239602256 2
vertex 141.52992649084533 -168.66818239602262 0
endloop
endfacet
facet normal 0.8819212643483402 -0.47139673682602534 0
outer loop
vertex 141.62695690708006 -168.48665125530601 2
vertex 141.52992649084533 -168.66818239602262 0
vertex 141.62695690709802 -168.48665125530596 0
endloop
endfacet
facet normal 0.9569403357321872 -0.2902846772545339 0
outer loop
vertex 141.52992649086147 -168.66818239602256 2
vertex 141.47017545557762 -168.8651551618977 2
vertex 141.47017545557216 -168.86515516189786 0
endloop
endfacet
facet normal 0.9569403357321872 -0.2902846772545339 0
outer loop
vertex 141.52992649086147 -168.66818239602256 2
vertex 141.47017545557216 -168.86515516189786 0
vertex 141.52992649084533 -168.66818239602262 0
endloop
endfacet
facet normal 0.9951847266721984 -0.09801714032954582 0
outer loop
vertex 141.47017545557762 -168.8651551618977 2
vertex 141.44999999999996 -169.0700000000022 2
vertex 141.45000000000223 -169.07000000000218 0
endloop
endfacet
facet normal 0.9951847266721984 -0.09801714032954582 0
outer loop
vertex 141.47017545557762 -168.8651551618977 2
vertex 141.45000000000223 -169.07000000000218 0
vertex 141.47017545557216 -168.86515516189786 0
endloop
endfacet
facet normal 0.9951847266721984 0.09801714032954581 0
outer loop
vertex 141.44999999999996 -169.0700000000022 2
vertex 141.47017545557628 -169.27484483809886 2
vertex 141.47017545557458 -169.27484483809866 0
endloop
endfacet
facet normal 0.9951847266721984 0.09801714032954581 0
outer loop
vertex 141.44999999999996 -169.0700000000022 2
vertex 141.47017545557458 -169.27484483809866 0
vertex 141.45000000000223 -169.07000000000218 0
endloop
endfacet
facet normal 0.9569403357321875 0.29028467725453294 0
outer loop
vertex 141.47017545557628 -169.27484483809886 2
vertex 141.52992649086997 -169.4718176040124 2
vertex 141.52992649087707 -169.47181760401247 0
endloop
endfacet
facet normal 0.9569403357321875 0.29028467725453294 0
outer loop
vertex 141.47017545557628 -169.27484483809886 2
vertex 141.52992649087707 -169.47181760401247 0
vertex 141.47017545557458 -169.27484483809866 0
endloop
endfacet
facet normal 0.8819212643483455 0.47139673682601535 0
outer loop
vertex 141.52992649086997 -169.4718176040124 2
vertex 141.62695690706212 -169.6533487446802 2
vertex 141.62695690707892 -169.65334874468024 0
endloop
endfacet
facet normal 0.8819212643483455 0.47139673682601535 0
outer loop
vertex 141.52992649086997 -169.4718176040124 2
vertex 141.62695690707892 -169.65334874468024 0
vertex 141.52992649087707 -169.47181760401247 0
endloop
endfacet
facet normal 0.7730104533627318 0.6343932841636518 0
outer loop
vertex 141.62695690706212 -169.6533487446802 2
vertex 141.75753787975594 -169.8124621202374 2
vertex 141.75753787972144 -169.81246212023746 0
endloop
endfacet
facet normal 0.7730104533627318 0.6343932841636518 0
outer loop
vertex 141.62695690706212 -169.6533487446802 2
vertex 141.75753787972144 -169.81246212023746 0
vertex 141.62695690707892 -169.65334874468024 0
endloop
endfacet
facet normal 0.6343932841636208 0.7730104533627572 0
outer loop
vertex 141.75753787975594 -169.8124621202374 2
vertex 141.91665125533424 -169.94304309291553 2
vertex 141.91665125533788 -169.94304309291553 0
endloop
endfacet
facet normal 0.6343932841636208 0.7730104533627572 0
outer loop
vertex 141.75753787975594 -169.8124621202374 2
vertex 141.91665125533788 -169.94304309291553 0
vertex 141.75753787972144 -169.81246212023746 0
endloop
endfacet
facet normal 0.47139673682600836 0.8819212643483493 0
outer loop
vertex 141.91665125533424 -169.94304309291553 2
vertex 142.09818239602043 -170.040073509133 2
vertex 142.0981823960173 -170.04007350913304 0
endloop
endfacet
facet normal 0.47139673682600836 0.8819212643483493 0
outer loop
vertex 141.91665125533424 -169.94304309291553 2
vertex 142.0981823960173 -170.04007350913304 0
vertex 141.91665125533788 -169.94304309291553 0
endloop
endfacet
facet normal 0.29028467725450585 0.9569403357321956 0
outer loop
vertex 142.09818239602043 -170.040073509133 2
vertex 142.2951551618826 -170.09982454442533 2
vertex 142.29515516190315 -170.09982454442533 0
endloop
endfacet
facet normal 0.29028467725450585 0.9569403357321956 0
outer loop
vertex 142.09818239602043 -170.040073509133 2
vertex 142.29515516190315 -170.09982454442533 0
vertex 142.0981823960173 -170.04007350913304 0
endloop
endfacet
facet normal 0.09801714032954566 0.9951847266721985 0
outer loop
vertex 142.2951551618826 -170.09982454442533 2
vertex 142.49999999998343 -170.12000000000006 2
vertex 142.49999999998352 -170.12000000000006 0
endloop
endfacet
facet normal 0.09801714032954566 0.9951847266721985 0
outer loop
vertex 142.2951551618826 -170.09982454442533 2
vertex 142.49999999998352 -170.12000000000006 0
vertex 142.29515516190315 -170.09982454442533 0
endloop
endfacet
facet normal -0.09801714032954566 0.9951847266721985 0
outer loop
vertex 142.49999999998343 -170.12000000000006 2
vertex 142.70484483809608 -170.09982454442533 2
vertex 142.70484483811177 -170.09982454442533 0
endloop
endfacet
facet normal -0.09801714032954566 0.9951847266721985 0
outer loop
vertex 142.49999999998343 -170.12000000000006 2
vertex 142.70484483811177 -170.09982454442533 0
vertex 142.49999999998352 -170.12000000000006 0
endloop
endfacet
facet normal -0.2902846772545339 0.9569403357321872 0
outer loop
vertex 142.70484483809608 -170.09982454442533 2
vertex 142.90181760399457 -170.040073509133 2
vertex 142.901817603984 -170.04007350913304 0
endloop
endfacet
facet normal -0.2902846772545339 0.9569403357321872 0
outer loop
vertex 142.70484483809608 -170.09982454442533 2
vertex 142.901817603984 -170.04007350913304 0
vertex 142.70484483811177 -170.09982454442533 0
endloop
endfacet
facet normal -0.47139673682601946 0.8819212643483434 0
outer loop
vertex 142.90181760399457 -170.040073509133 2
vertex 143.0833487446689 -169.94304309291553 2
vertex 143.0833487446747 -169.94304309291553 0
endloop
endfacet
facet normal -0.47139673682601946 0.8819212643483434 0
outer loop
vertex 142.90181760399457 -170.040073509133 2
vertex 143.0833487446747 -169.94304309291553 0
vertex 142.901817603984 -170.04007350913304 0
endloop
endfacet
facet normal -0.6343932841636518 0.7730104533627319 0
outer loop
vertex 143.0833487446689 -169.94304309291553 2
vertex 143.24246212025625 -169.8124621202374 2
vertex 143.24246212024465 -169.81246212023746 0
endloop
endfacet
facet normal -0.6343932841636518 0.7730104533627319 0
outer loop
vertex 143.0833487446689 -169.94304309291553 2
vertex 143.24246212024465 -169.81246212023746 0
vertex 143.0833487446747 -169.94304309291553 0
endloop
endfacet
facet normal -0.7730104533627319 0.6343932841636518 0
outer loop
vertex 143.24246212025625 -169.8124621202374 2
vertex 143.3730430929057 -169.6533487446802 2
vertex 143.37304309291426 -169.65334874468024 0
endloop
endfacet
facet normal -0.7730104533627319 0.6343932841636518 0
outer loop
vertex 143.24246212025625 -169.8124621202374 2
vertex 143.37304309291426 -169.65334874468024 0
vertex 143.24246212024465 -169.81246212023746 0
endloop
endfacet
facet normal -0.8819212643483434 0.47139673682601946 0
outer loop
vertex 143.3730430929057 -169.6533487446802 2
vertex 143.47007350912148 -169.4718176040124 2
vertex 143.4700735091356 -169.47181760401247 0
endloop
endfacet
facet normal -0.8819212643483434 0.47139673682601946 0
outer loop
vertex 143.3730430929057 -169.6533487446802 2
vertex 143.4700735091356 -169.47181760401247 0
vertex 143.37304309291426 -169.65334874468024 0
endloop
endfacet
facet normal -0.9569403357321872 0.2902846772545339 0
outer loop
vertex 143.47007350912148 -169.4718176040124 2
vertex 143.52982454442432 -169.27484483809886 2
vertex 143.52982454442542 -169.27484483809866 0
endloop
endfacet
facet normal -0.9569403357321872 0.2902846772545339 0
outer loop
vertex 143.47007350912148 -169.4718176040124 2
vertex 143.52982454442542 -169.27484483809866 0
vertex 143.4700735091356 -169.47181760401247 0
endloop
endfacet
facet normal -0.9951847266721984 0.09801714032954582 0
outer loop
vertex 143.52982454442503 -131.27484483812947 2
vertex 143.54999999999993 -131.0700000000067 2
vertex 143.54999999999993 -131.07000000000676 0
endloop
endfacet
facet normal -0.9951847266721984 0.09801714032954582 0
outer loop
vertex 143.52982454442503 -131.27484483812947 2
vertex 143.54999999999993 -131.07000000000676 0
vertex 143.52982454442275 -131.27484483812958 0
endloop
endfacet
facet normal -0.9951847266721984 -0.09801714032954582 0
outer loop
vertex 143.54999999999993 -131.0700000000067 2
vertex 143.52982454442275 -130.86515516188382 2
vertex 143.5298245444227 -130.8651551618836 0
endloop
endfacet
facet normal -0.9951847266721984 -0.09801714032954582 0
outer loop
vertex 143.54999999999993 -131.0700000000067 2
vertex 143.5298245444227 -130.8651551618836 0
vertex 143.54999999999993 -131.07000000000676 0
endloop
endfacet
facet normal -0.9569403357321875 -0.29028467725453294 0
outer loop
vertex 143.52982454442275 -130.86515516188382 2
vertex 143.47007350913353 -130.66818239600866 2
vertex 143.47007350913356 -130.6681823960087 0
endloop
endfacet
facet normal -0.9569403357321875 -0.29028467725453294 0
outer loop
vertex 143.52982454442275 -130.86515516188382 2
vertex 143.47007350913356 -130.6681823960087 0
vertex 143.5298245444227 -130.8651551618836 0
endloop
endfacet
facet normal -0.8819212643483529 -0.47139673682600136 0
outer loop
vertex 143.47007350913353 -130.66818239600866 2
vertex 143.37304309292918 -130.4866512553492 2
vertex 143.37304309292924 -130.48665125534927 0
endloop
endfacet
facet normal -0.8819212643483529 -0.47139673682600136 0
outer loop
vertex 143.47007350913353 -130.66818239600866 2
vertex 143.37304309292924 -130.48665125534927 0
vertex 143.47007350913356 -130.6681823960087 0
endloop
endfacet
facet normal -0.7730104533627332 -0.6343932841636499 0
outer loop
vertex 143.37304309292918 -130.4866512553492 2
vertex 143.24246212023573 -130.3275378797475 2
vertex 143.24246212023567 -130.32753787974747 0
endloop
endfacet
facet normal -0.7730104533627332 -0.6343932841636499 0
outer loop
vertex 143.37304309292918 -130.4866512553492 2
vertex 143.24246212023567 -130.32753787974747 0
vertex 143.37304309292924 -130.48665125534927 0
endloop
endfacet
facet normal -0.6343932841636515 -0.7730104533627321 0
outer loop
vertex 143.24246212023573 -130.3275378797475 2
vertex 143.0833487446503 -130.1969569070674 2
vertex 143.08334874465035 -130.19695690706746 0
endloop
endfacet
facet normal -0.6343932841636515 -0.7730104533627321 0
outer loop
vertex 143.24246212023573 -130.3275378797475 2
vertex 143.08334874465035 -130.19695690706746 0
vertex 143.24246212023567 -130.32753787974747 0
endloop
endfacet
facet normal -0.4713967368260239 -0.8819212643483411 0
outer loop
vertex 143.0833487446503 -130.1969569070674 2
vertex 142.90181760400287 -130.0999264908695 2
vertex 142.90181760400273 -130.09992649086945 0
endloop
endfacet
facet normal -0.4713967368260239 -0.8819212643483411 0
outer loop
vertex 143.0833487446503 -130.1969569070674 2
vertex 142.90181760400273 -130.09992649086945 0
vertex 143.08334874465035 -130.19695690706746 0
endloop
endfacet
facet normal -0.2902846772545049 -0.9569403357321961 0
outer loop
vertex 142.90181760400287 -130.0999264908695 2
vertex 142.70484483811381 -130.04017545557608 2
vertex 142.70484483811387 -130.04017545557608 0
endloop
endfacet
facet normal -0.2902846772545049 -0.9569403357321961 0
outer loop
vertex 142.90181760400287 -130.0999264908695 2
vertex 142.70484483811387 -130.04017545557608 0
vertex 142.90181760400273 -130.09992649086945 0
endloop
endfacet
facet normal -0.09801714032954582 -0.9951847266721984 0
outer loop
vertex 142.70484483811381 -130.04017545557608 2
vertex 142.5000000000017 -130.01999999999995 2
vertex 142.50000000000176 -130.01999999999995 0
endloop
endfacet
facet normal -0.09801714032954582 -0.9951847266721984 0
outer loop
vertex 142.70484483811381 -130.04017545557608 2
vertex 142.50000000000176 -130.01999999999995 0
vertex 142.70484483811387 -130.04017545557608 0
endloop
endfacet
facet normal 0.09801714032954582 -0.9951847266721984 0
outer loop
vertex 142.5000000000017 -130.01999999999995 2
vertex 142.2951551618753 -130.04017545557608 2
vertex 142.2951551618897 -130.04017545557608 0
endloop
endfacet
facet normal 0.09801714032954582 -0.9951847266721984 0
outer loop
vertex 142.5000000000017 -130.01999999999995 2
vertex 142.2951551618897 -130.04017545557608 0
vertex 142.50000000000176 -130.01999999999995 0
endloop
endfacet
facet normal 0.2902846772545339 -0.9569403357321872 0
outer loop
vertex 142.2951551618753 -130.04017545557608 2
vertex 142.09818239602058 -130.0999264908695 2
vertex 142.0981823959866 -130.09992649086945 0
endloop
endfacet
facet normal 0.2902846772545339 -0.9569403357321872 0
outer loop
vertex 142.2951551618753 -130.04017545557608 2
vertex 142.0981823959866 -130.09992649086945 0
vertex 142.2951551618897 -130.04017545557608 0
endloop
endfacet
facet normal 0.47139673682602534 -0.8819212643483402 0
outer loop
vertex 142.09818239602058 -130.0999264908695 2
vertex 141.9166512553302 -130.1969569070674 2
vertex 141.91665125537176 -130.19695690706746 0
endloop
endfacet
facet normal 0.47139673682602534 -0.8819212643483402 0
outer loop
vertex 142.09818239602058 -130.0999264908695 2
vertex 141.91665125537176 -130.19695690706746 0
vertex 142.0981823959866 -130.09992649086945 0
endloop
endfacet
facet normal 0.6343932841636518 -0.7730104533627319 0
outer loop
vertex 141.9166512553302 -130.1969569070674 2
vertex 141.75753787975452 -130.3275378797475 2
vertex 141.75753787974622 -130.32753787974747 0
endloop
endfacet
facet normal 0.6343932841636518 -0.7730104533627319 0
outer loop
vertex 141.9166512553302 -130.1969569070674 2
vertex 141.75753787974622 -130.32753787974747 0
vertex 141.91665125537176 -130.19695690706746 0
endloop
endfacet
facet normal 0.7730104533627319 -0.6343932841636518 0
outer loop
vertex 141.75753787975452 -130.3275378797475 2
vertex 141.62695690708136 -130.4866512553492 2
vertex 141.62695690706127 -130.48665125534927 0
endloop
endfacet
facet normal 0.7730104533627319 -0.6343932841636518 0
outer loop
vertex 141.75753787975452 -130.3275378797475 2
vertex 141.62695690706127 -130.48665125534927 0
vertex 141.75753787974622 -130.32753787974747 0
endloop
endfacet
facet normal 0.8819212643483402 -0.47139673682602534 0
outer loop
vertex 141.62695690708136 -130.4866512553492 2
vertex 141.52992649086207 -130.66818239600866 2
vertex 141.52992649087653 -130.6681823960087 0
endloop
endfacet
facet normal 0.8819212643483402 -0.47139673682602534 0
outer loop
vertex 141.62695690708136 -130.4866512553492 2
vertex 141.52992649087653 -130.6681823960087 0
vertex 141.62695690706127 -130.48665125534927 0
endloop
endfacet
facet normal 0.9569403357321872 -0.2902846772545339 0
outer loop
vertex 141.52992649086207 -130.66818239600866 2
vertex 141.4701754555778 -130.86515516188382 2
vertex 141.47017545557304 -130.8651551618836 0
endloop
endfacet
facet normal 0.9569403357321872 -0.2902846772545339 0
outer loop
vertex 141.52992649086207 -130.66818239600866 2
vertex 141.47017545557304 -130.8651551618836 0
vertex 141.52992649087653 -130.6681823960087 0
endloop
endfacet
facet normal 0.9951847266721984 -0.09801714032954582 0
outer loop
vertex 141.4701754555778 -130.86515516188382 2
vertex 141.45000000000016 -131.0700000000067 2
vertex 141.45000000000059 -131.07000000000676 0
endloop
endfacet
facet normal 0.9951847266721984 -0.09801714032954582 0
outer loop
vertex 141.4701754555778 -130.86515516188382 2
vertex 141.45000000000059 -131.07000000000676 0
vertex 141.47017545557304 -130.8651551618836 0
endloop
endfacet
facet normal 0.9951847266721984 0.09801714032954582 0
outer loop
vertex 141.45000000000016 -131.0700000000067 2
vertex 141.4701754555776 -131.27484483812947 2
vertex 141.4701754555774 -131.27484483812958 0
endloop
endfacet
facet normal 0.9951847266721984 0.09801714032954582 0
outer loop
vertex 141.45000000000016 -131.0700000000067 2
vertex 141.4701754555774 -131.27484483812958 0
vertex 141.45000000000059 -131.07000000000676 0
endloop
endfacet
facet normal 0.9569403357321875 0.29028467725453294 0
outer loop
vertex 141.4701754555776 -131.27484483812947 2
vertex 141.52992649085954 -131.47181760398067 2
vertex 141.52992649085957 -131.47181760398075 0
endloop
endfacet
facet normal 0.9569403357321875 0.29028467725453294 0
outer loop
vertex 141.4701754555776 -131.27484483812947 2
vertex 141.52992649085957 -131.47181760398075 0
vertex 141.4701754555774 -131.27484483812958 0
endloop
endfacet
facet normal 0.8819212643483455 0.47139673682601535 0
outer loop
vertex 141.52992649085954 -131.47181760398067 2
vertex 141.6269569070738 -131.6533487446587 2
vertex 141.62695690707375 -131.65334874465864 0
endloop
endfacet
facet normal 0.8819212643483455 0.47139673682601535 0
outer loop
vertex 141.52992649085954 -131.47181760398067 2
vertex 141.62695690707375 -131.65334874465864 0
vertex 141.52992649085957 -131.47181760398075 0
endloop
endfacet
facet normal 0.7730104533627332 0.6343932841636499 0
outer loop
vertex 141.6269569070738 -131.6533487446587 2
vertex 141.75753787976214 -131.81246212025417 2
vertex 141.75753787976214 -131.81246212025414 0
endloop
endfacet
facet normal 0.7730104533627332 0.6343932841636499 0
outer loop
vertex 141.6269569070738 -131.6533487446587 2
vertex 141.75753787976214 -131.81246212025414 0
vertex 141.62695690707375 -131.65334874465864 0
endloop
endfacet
facet normal 0.6343932841636516 0.7730104533627321 0
outer loop
vertex 141.75753787976214 -131.81246212025417 2
vertex 141.9166512553271 -131.9430430929175 2
vertex 141.9166512553271 -131.9430430929175 0
endloop
endfacet
facet normal 0.6343932841636516 0.7730104533627321 0
outer loop
vertex 141.75753787976214 -131.81246212025417 2
vertex 141.9166512553271 -131.9430430929175 0
vertex 141.75753787976214 -131.81246212025414 0
endloop
endfacet
facet normal 0.47139673682601535 0.8819212643483455 0
outer loop
vertex 141.9166512553271 -131.9430430929175 2
vertex 142.09818239600614 -132.0400735091323 2
vertex 142.09818239600617 -132.0400735091323 0
endloop
endfacet
facet normal 0.47139673682601535 0.8819212643483455 0
outer loop
vertex 141.9166512553271 -131.9430430929175 2
vertex 142.09818239600617 -132.0400735091323 0
vertex 141.9166512553271 -131.9430430929175 0
endloop
endfacet
facet normal 0.2902846772545199 0.9569403357321915 0
outer loop
vertex 142.09818239600614 -132.0400735091323 2
vertex 142.29515516188857 -132.0998245444237 2
vertex 142.2951551618887 -132.09982454442374 0
endloop
endfacet
facet normal 0.2902846772545199 0.9569403357321915 0
outer loop
vertex 142.09818239600614 -132.0400735091323 2
vertex 142.2951551618887 -132.09982454442374 0
vertex 142.09818239600617 -132.0400735091323 0
endloop
endfacet
facet normal 0.09801714032954582 0.9951847266721984 0
outer loop
vertex 142.29515516188857 -132.0998245444237 2
vertex 142.50000000000463 -132.12000000000023 2
vertex 142.5000000000045 -132.12000000000023 0
endloop
endfacet
facet normal 0.09801714032954582 0.9951847266721984 0
outer loop
vertex 142.29515516188857 -132.0998245444237 2
vertex 142.5000000000045 -132.12000000000023 0
vertex 142.2951551618887 -132.09982454442374 0
endloop
endfacet
facet normal -0.09801714032954582 0.9951847266721984 0
outer loop
vertex 142.50000000000463 -132.12000000000023 2
vertex 142.7048448381207 -132.0998245444237 2
vertex 142.70484483810642 -132.09982454442374 0
endloop
endfacet
facet normal -0.09801714032954582 0.9951847266721984 0
outer loop
vertex 142.50000000000463 -132.12000000000023 2
vertex 142.70484483810642 -132.09982454442374 0
vertex 142.5000000000045 -132.12000000000023 0
endloop
endfacet
facet normal -0.2902846772545339 0.9569403357321872 0
outer loop
vertex 142.7048448381207 -132.0998245444237 2
vertex 142.90181760399 -132.0400735091323 2
vertex 142.90181760398383 -132.0400735091323 0
endloop
endfacet
facet normal -0.2902846772545339 0.9569403357321872 0
outer loop
vertex 142.7048448381207 -132.0998245444237 2
vertex 142.90181760398383 -132.0400735091323 0
vertex 142.70484483810642 -132.09982454442374 0
endloop
endfacet
facet normal -0.47139673682601946 0.8819212643483434 0
outer loop
vertex 142.90181760399 -132.0400735091323 2
vertex 143.08334874466453 -131.9430430929175 2
vertex 143.08334874467468 -131.9430430929175 0
endloop
endfacet
facet normal -0.47139673682601946 0.8819212643483434 0
outer loop
vertex 142.90181760399 -132.0400735091323 2
vertex 143.08334874467468 -131.9430430929175 0
vertex 142.90181760398383 -132.0400735091323 0
endloop
endfacet
facet normal -0.6343932841636518 0.7730104533627319 0
outer loop
vertex 143.08334874466453 -131.9430430929175 2
vertex 143.24246212023797 -131.81246212025417 2
vertex 143.24246212024607 -131.81246212025414 0
endloop
endfacet
facet normal -0.6343932841636518 0.7730104533627319 0
outer loop
vertex 143.08334874466453 -131.9430430929175 2
vertex 143.24246212024607 -131.81246212025414 0
vertex 143.08334874467468 -131.9430430929175 0
endloop
endfacet
facet normal -0.7730104533627319 0.6343932841636518 0
outer loop
vertex 143.24246212023797 -131.81246212025417 2
vertex 143.37304309293094 -131.6533487446587 2
vertex 143.3730430929149 -131.65334874465864 0
endloop
endfacet
facet normal -0.7730104533627319 0.6343932841636518 0
outer loop
vertex 143.24246212023797 -131.81246212025417 2
vertex 143.3730430929149 -131.65334874465864 0
vertex 143.24246212024607 -131.81246212025414 0
endloop
endfacet
facet normal -0.8819212643483434 0.47139673682601946 0
outer loop
vertex 143.37304309293094 -131.6533487446587 2
vertex 143.47007350913452 -131.47181760398067 2
vertex 143.4700735091346 -131.47181760398075 0
endloop
endfacet
facet normal -0.8819212643483434 0.47139673682601946 0
outer loop
vertex 143.37304309293094 -131.6533487446587 2
vertex 143.4700735091346 -131.47181760398075 0
vertex 143.3730430929149 -131.65334874465864 0
endloop
endfacet
facet normal -0.956940335732188 0.29028467725453194 0
outer loop
vertex 143.47007350913452 -131.47181760398067 2
vertex 143.52982454442503 -131.27484483812947 2
vertex 143.52982454442275 -131.27484483812958 0
endloop
endfacet
facet normal -0.956940335732188 0.29028467725453194 0
outer loop
vertex 143.47007350913452 -131.47181760398067 2
vertex 143.52982454442275 -131.27484483812958 0
vertex 143.4700735091346 -131.47181760398075 0
endloop
endfacet
facet normal -0.9951847266721985 0.09801714032954566 0
outer loop
vertex 246.52982454442494 -169.27484483809886 2
vertex 246.5500000000001 -169.0700000000022 2
vertex 246.55000000000007 -169.07000000000218 0
endloop
endfacet
facet normal -0.9951847266721985 0.09801714032954566 0
outer loop
vertex 246.52982454442494 -169.27484483809886 2
vertex 246.55000000000007 -169.07000000000218 0
vertex 246.52982454307315 -169.27484483809866 0
endloop
endfacet
facet normal -0.9951847266721985 -0.09801714032954566 0
outer loop
vertex 246.5500000000001 -169.0700000000022 2
vertex 246.52982454442468 -168.8651551618977 2
vertex 246.5298245444208 -168.86515516189786 0
endloop
endfacet
facet normal -0.9951847266721985 -0.09801714032954566 0
outer loop
vertex 246.5500000000001 -169.0700000000022 2
vertex 246.5298245444208 -168.86515516189786 0
vertex 246.55000000000007 -169.07000000000218 0
endloop
endfacet
facet normal -0.956940335732188 -0.29028467725453194 0
outer loop
vertex 246.52982454442468 -168.8651551618977 2
vertex 246.470073509132 -168.66818239602256 2
vertex 246.47007350915234 -168.66818239602262 0
endloop
endfacet
facet normal -0.956940335732188 -0.29028467725453194 0
outer loop
vertex 246.52982454442468 -168.8651551618977 2
vertex 246.47007350915234 -168.66818239602262 0
vertex 246.5298245444208 -168.86515516189786 0
endloop
endfacet
facet normal -0.8819212643483584 -0.4713967368259915 0
outer loop
vertex 246.470073509132 -168.66818239602256 2
vertex 246.3730430929164 -168.48665125530601 2
vertex 246.3730430929147 -168.48665125530596 0
endloop
endfacet
facet normal -0.8819212643483584 -0.4713967368259915 0
outer loop
vertex 246.470073509132 -168.66818239602256 2
vertex 246.3730430929147 -168.48665125530596 0
vertex 246.47007350915234 -168.66818239602262 0
endloop
endfacet
facet normal -0.7730104533627445 -0.6343932841636364 0
outer loop
vertex 246.3730430929164 -168.48665125530601 2
vertex 246.2424621202573 -168.327537879751 2
vertex 246.2424621202407 -168.32753787975102 0
endloop
endfacet
facet normal -0.7730104533627445 -0.6343932841636364 0
outer loop
vertex 246.3730430929164 -168.48665125530601 2
vertex 246.2424621202407 -168.32753787975102 0
vertex 246.3730430929147 -168.48665125530596 0
endloop
endfacet
facet normal -0.63439328416365 -0.7730104533627331 0
outer loop
vertex 246.2424621202573 -168.327537879751 2
vertex 246.08334874467133 -168.1969569070842 2
vertex 246.083348744662 -168.1969569070844 0
endloop
endfacet
facet normal -0.63439328416365 -0.7730104533627331 0
outer loop
vertex 246.2424621202573 -168.327537879751 2
vertex 246.083348744662 -168.1969569070844 0
vertex 246.2424621202407 -168.32753787975102 0
endloop
endfacet
facet normal -0.4713967368259909 -0.8819212643483587 0
outer loop
vertex 246.08334874467133 -168.1969569070842 2
vertex 245.90181760396192 -168.09992649085655 2
vertex 245.90181760398815 -168.09992649085646 0
endloop
endfacet
facet normal -0.4713967368259909 -0.8819212643483587 0
outer loop
vertex 246.08334874467133 -168.1969569070842 2
vertex 245.90181760398815 -168.09992649085646 0
vertex 246.083348744662 -168.1969569070844 0
endloop
endfacet
facet normal -0.29028467725453294 -0.9569403357321875 0
outer loop
vertex 245.90181760396192 -168.09992649085655 2
vertex 245.70484483814064 -168.04017545557855 2
vertex 245.70484483811254 -168.04017545557852 0
endloop
endfacet
facet normal -0.29028467725453294 -0.9569403357321875 0
outer loop
vertex 245.90181760396192 -168.09992649085655 2
vertex 245.70484483811254 -168.04017545557852 0
vertex 245.90181760398815 -168.09992649085646 0
endloop
endfacet
facet normal -0.09801714032954582 -0.9951847266721984 0
outer loop
vertex 245.70484483814064 -168.04017545557855 2
vertex 245.50000000000355 -168.0200000000003 2
vertex 245.50000000000355 -168.0200000000003 0
endloop
endfacet
facet normal -0.09801714032954582 -0.9951847266721984 0
outer loop
vertex 245.70484483814064 -168.04017545557855 2
vertex 245.50000000000355 -168.0200000000003 0
vertex 245.70484483811254 -168.04017545557852 0
endloop
endfacet
facet normal 0.2902846772545339 -0.9569403357321872 0
outer loop
vertex 245.29515516186748 -168.04017545557855 2
vertex 245.09818239602933 -168.09992649085655 2
vertex 245.09818239602953 -168.09992649085646 0
endloop
endfacet
facet normal 0.2902846772545339 -0.9569403357321872 0
outer loop
vertex 245.29515516186748 -168.04017545557855 2
vertex 245.09818239602953 -168.09992649085646 0
vertex 245.29515516186768 -168.04017545557852 0
endloop
endfacet
facet normal 0.4713967368259914 -0.8819212643483584 0
outer loop
vertex 245.09818239602933 -168.09992649085655 2
vertex 244.9166512553262 -168.1969569070842 2
vertex 244.91665125532592 -168.1969569070844 0
endloop
endfacet
facet normal 0.4713967368259914 -0.8819212643483584 0
outer loop
vertex 245.09818239602933 -168.09992649085655 2
vertex 244.91665125532592 -168.1969569070844 0
vertex 245.09818239602953 -168.09992649085646 0
endloop
endfacet
facet normal 0.6343932841636518 -0.7730104533627319 0
outer loop
vertex 244.9166512553262 -168.1969569070842 2
vertex 244.75753787975688 -168.327537879751 2
vertex 244.75753787975697 -168.32753787975102 0
endloop
endfacet
facet normal 0.6343932841636518 -0.7730104533627319 0
outer loop
vertex 244.9166512553262 -168.1969569070842 2
vertex 244.75753787975697 -168.32753787975102 0
vertex 244.91665125532592 -168.1969569070844 0
endloop
endfacet
facet normal 0.7730104533627319 -0.6343932841636518 0
outer loop
vertex 244.75753787975688 -168.327537879751 2
vertex 244.62695690708003 -168.48665125530601 2
vertex 244.6269569071019 -168.48665125530596 0
endloop
endfacet
facet normal 0.7730104533627319 -0.6343932841636518 0
outer loop
vertex 244.75753787975688 -168.327537879751 2
vertex 244.6269569071019 -168.48665125530596 0
vertex 244.75753787975697 -168.32753787975102 0
endloop
endfacet
facet normal 0.8819212643483402 -0.47139673682602534 0
outer loop
vertex 244.62695690708003 -168.48665125530601 2
vertex 244.52992649086084 -168.66818239602256 2
vertex 244.5299264908454 -168.66818239602262 0
endloop
endfacet
facet normal 0.8819212643483402 -0.47139673682602534 0
outer loop
vertex 244.62695690708003 -168.48665125530601 2
vertex 244.5299264908454 -168.66818239602262 0
vertex 244.6269569071019 -168.48665125530596 0
endloop
endfacet
facet normal 0.9569403357321872 -0.2902846772545339 0
outer loop
vertex 244.52992649086084 -168.66818239602256 2
vertex 244.4701754555776 -168.8651551618977 2
vertex 244.4701754555715 -168.86515516189786 0
endloop
endfacet
facet normal 0.9569403357321872 -0.2902846772545339 0
outer loop
vertex 244.52992649086084 -168.66818239602256 2
vertex 244.4701754555715 -168.86515516189786 0
vertex 244.5299264908454 -168.66818239602262 0
endloop
endfacet
facet normal 0.9951847266721985 -0.09801714032954566 0
outer loop
vertex 244.4701754555776 -168.8651551618977 2
vertex 244.45 -169.0700000000022 2
vertex 244.45000000000226 -169.07000000000218 0
endloop
endfacet
facet normal 0.9951847266721985 -0.09801714032954566 0
outer loop
vertex 244.4701754555776 -168.8651551618977 2
vertex 244.45000000000226 -169.07000000000218 0
vertex 244.4701754555715 -168.86515516189786 0
endloop
endfacet
facet normal 0.9951847266721985 0.09801714032954566 0
outer loop
vertex 244.45 -169.0700000000022 2
vertex 244.47017545557458 -169.27484483809886 2
vertex 244.47017545557458 -169.27484483809866 0
endloop
endfacet
facet normal 0.9951847266721985 0.09801714032954566 0
outer loop
vertex 244.45 -169.0700000000022 2
vertex 244.47017545557458 -169.27484483809866 0
vertex 244.45000000000226 -169.07000000000218 0
endloop
endfacet
facet normal 0.9569403357321872 0.2902846772545339 0
outer loop
vertex 244.47017545557458 -169.27484483809886 2
vertex 244.52992649087543 -169.4718176040124 2
vertex 244.52992649087548 -169.47181760401247 0
endloop
endfacet
facet normal 0.9569403357321872 0.2902846772545339 0
outer loop
vertex 244.47017545557458 -169.27484483809886 2
vertex 244.52992649087548 -169.47181760401247 0
vertex 244.47017545557458 -169.27484483809866 0
endloop
endfacet
facet normal 0.8819212643483584 0.4713967368259915 0
outer loop
vertex 244.52992649087543 -169.4718176040124 2
vertex 244.6269569070842 -169.6533487446802 2
vertex 244.62695690708426 -169.65334874468024 0
endloop
endfacet
facet normal 0.8819212643483584 0.4713967368259915 0
outer loop
vertex 244.52992649087543 -169.4718176040124 2
vertex 244.62695690708426 -169.65334874468024 0
vertex 244.52992649087548 -169.47181760401247 0
endloop
endfacet
facet normal 0.7730104533627445 0.6343932841636364 0
outer loop
vertex 244.6269569070842 -169.6533487446802 2
vertex 244.75753787974116 -169.8124621202374 2
vertex 244.75753787974122 -169.81246212023746 0
endloop
endfacet
facet normal 0.7730104533627445 0.6343932841636364 0
outer loop
vertex 244.6269569070842 -169.6533487446802 2
vertex 244.75753787974122 -169.81246212023746 0
vertex 244.62695690708426 -169.65334874468024 0
endloop
endfacet
facet normal 0.6343932841636385 0.7730104533627428 0
outer loop
vertex 244.75753787974116 -169.8124621202374 2
vertex 244.91665125532916 -169.94304309291553 2
vertex 244.91665125532415 -169.94304309291553 0
endloop
endfacet
facet normal 0.6343932841636385 0.7730104533627428 0
outer loop
vertex 244.75753787974116 -169.8124621202374 2
vertex 244.91665125532415 -169.94304309291553 0
vertex 244.75753787974122 -169.81246212023746 0
endloop
endfacet
facet normal 0.4713967368260267 0.8819212643483395 0
outer loop
vertex 244.91665125532916 -169.94304309291553 2
vertex 245.09818239601003 -170.040073509133 2
vertex 245.09818239601097 -170.04007350913304 0
endloop
endfacet
facet normal 0.4713967368260267 0.8819212643483395 0
outer loop
vertex 244.91665125532916 -169.94304309291553 2
vertex 245.09818239601097 -170.04007350913304 0
vertex 244.91665125532415 -169.94304309291553 0
endloop
endfacet
facet normal 0.29028467725453294 0.9569403357321875 0
outer loop
vertex 245.09818239601003 -170.040073509133 2
vertex 245.2951551618787 -170.09982454442533 2
vertex 245.29515516189167 -170.09982454442533 0
endloop
endfacet
facet normal 0.29028467725453294 0.9569403357321875 0
outer loop
vertex 245.09818239601003 -170.040073509133 2
vertex 245.29515516189167 -170.09982454442533 0
vertex 245.09818239601097 -170.04007350913304 0
endloop
endfacet
facet normal 0.09801714032954582 0.9951847266721984 0
outer loop
vertex 245.2951551618787 -170.09982454442533 2
vertex 245.5000000000017 -170.12000000000006 2
vertex 245.50000000000176 -170.12000000000006 0
endloop
endfacet
facet normal 0.09801714032954582 0.9951847266721984 0
outer loop
vertex 245.2951551618787 -170.09982454442533 2
vertex 245.50000000000176 -170.12000000000006 0
vertex 245.29515516189167 -170.09982454442533 0
endloop
endfacet
facet normal -0.2902846772545339 0.9569403357321872 0
outer loop
vertex 245.70484483810148 -170.09982454442533 2
vertex 245.901817603987 -170.040073509133 2
vertex 245.90181760398698 -170.04007350913304 0
endloop
endfacet
facet normal -0.2902846772545339 0.9569403357321872 0
outer loop
vertex 245.70484483810148 -170.09982454442533 2
vertex 245.90181760398698 -170.04007350913304 0
vertex 245.70484483810165 -170.09982454442533 0
endloop
endfacet
facet normal -0.47139673682602534 0.8819212643483402 0
outer loop
vertex 245.901817603987 -170.040073509133 2
vertex 246.0833487446711 -169.94304309291553 2
vertex 246.0833487446711 -169.94304309291553 0
endloop
endfacet
facet normal -0.47139673682602534 0.8819212643483402 0
outer loop
vertex 245.901817603987 -170.040073509133 2
vertex 246.0833487446711 -169.94304309291553 0
vertex 245.90181760398698 -170.04007350913304 0
endloop
endfacet
facet normal -0.6343932841636518 0.7730104533627319 0
outer loop
vertex 246.0833487446711 -169.94304309291553 2
vertex 246.2424621202541 -169.8124621202374 2
vertex 246.2424621202509 -169.81246212023746 0
endloop
endfacet
facet normal -0.6343932841636518 0.7730104533627319 0
outer loop
vertex 246.0833487446711 -169.94304309291553 2
vertex 246.2424621202509 -169.81246212023746 0
vertex 246.0833487446711 -169.94304309291553 0
endloop
endfacet
facet normal -0.7730104533627319 0.6343932841636518 0
outer loop
vertex 246.2424621202541 -169.8124621202374 2
vertex 246.37304309290894 -169.6533487446802 2
vertex 246.37304309291514 -169.65334874468024 0
endloop
endfacet
facet normal -0.7730104533627319 0.6343932841636518 0
outer loop
vertex 246.2424621202541 -169.8124621202374 2
vertex 246.37304309291514 -169.65334874468024 0
vertex 246.2424621202509 -169.81246212023746 0
endloop
endfacet
facet normal -0.8819212643483402 0.47139673682602534 0
outer loop
vertex 246.37304309290894 -169.6533487446802 2
vertex 246.47007350912176 -169.4718176040124 2
vertex 246.47007350913267 -169.47181760401247 0
endloop
endfacet
facet normal -0.8819212643483402 0.47139673682602534 0
outer loop
vertex 246.37304309290894 -169.6533487446802 2
vertex 246.47007350913267 -169.47181760401247 0
vertex 246.37304309291514 -169.65334874468024 0
endloop
endfacet
facet normal -0.9569403357321872 0.2902846772545339 0
outer loop
vertex 246.47007350912176 -169.4718176040124 2
vertex 246.52982454442494 -169.27484483809886 2
vertex 246.52982454307315 -169.27484483809866 0
endloop
endfacet
facet normal -0.9569403357321872 0.2902846772545339 0
outer loop
vertex 246.47007350912176 -169.4718176040124 2
vertex 246.52982454307315 -169.27484483809866 0
vertex 246.47007350913267 -169.47181760401247 0
endloop
endfacet
facet normal -0.9951847266721985 0.09801714032954566 0
outer loop
vertex 246.52982454442414 -131.27484483812947 2
vertex 246.54999999999973 -131.0700000000067 2
vertex 246.55000000000007 -131.07000000000676 0
endloop
endfacet
facet normal -0.9951847266721985 0.09801714032954566 0
outer loop
vertex 246.52982454442414 -131.27484483812947 2
vertex 246.55000000000007 -131.07000000000676 0
vertex 246.52982454023123 -131.27484483812958 0
endloop
endfacet
facet normal -0.9951847266721985 -0.09801714032954566 0
outer loop
vertex 246.54999999999973 -131.0700000000067 2
vertex 246.5298245444229 -130.86515516188382 2
vertex 246.5298245444211 -130.8651551618836 0
endloop
endfacet
facet normal -0.9951847266721985 -0.09801714032954566 0
outer loop
vertex 246.54999999999973 -131.0700000000067 2
vertex 246.5298245444211 -130.8651551618836 0
vertex 246.55000000000007 -131.07000000000676 0
endloop
endfacet
facet normal -0.956940335732188 -0.29028467725453194 0
outer loop
vertex 246.5298245444229 -130.86515516188382 2
vertex 246.47007350913185 -130.66818239600866 2
vertex 246.47007350914157 -130.6681823960087 0
endloop
endfacet
facet normal -0.956940335732188 -0.29028467725453194 0
outer loop
vertex 246.5298245444229 -130.86515516188382 2
vertex 246.47007350914157 -130.6681823960087 0
vertex 246.5298245444211 -130.8651551618836 0
endloop
endfacet
facet normal -0.8819212643483402 -0.47139673682602534 0
outer loop
vertex 246.47007350913185 -130.66818239600866 2
vertex 246.3730430929371 -130.4866512553492 2
vertex 246.3730430929262 -130.48665125534927 0
endloop
endfacet
facet normal -0.8819212643483402 -0.47139673682602534 0
outer loop
vertex 246.47007350913185 -130.66818239600866 2
vertex 246.3730430929262 -130.48665125534927 0
vertex 246.47007350914157 -130.6681823960087 0
endloop
endfacet
facet normal -0.7730104533627445 -0.6343932841636364 0
outer loop
vertex 246.3730430929371 -130.4866512553492 2
vertex 246.24246212023277 -130.3275378797475 2
vertex 246.24246212025767 -130.32753787974747 0
endloop
endfacet
facet normal -0.7730104533627445 -0.6343932841636364 0
outer loop
vertex 246.3730430929371 -130.4866512553492 2
vertex 246.24246212025767 -130.32753787974747 0
vertex 246.3730430929262 -130.48665125534927 0
endloop
endfacet
facet normal -0.6343932841636518 -0.7730104533627319 0
outer loop
vertex 246.24246212023277 -130.3275378797475 2
vertex 246.08334874467144 -130.1969569070674 2
vertex 246.08334874467994 -130.19695690706746 0
endloop
endfacet
facet normal -0.6343932841636518 -0.7730104533627319 0
outer loop
vertex 246.24246212023277 -130.3275378797475 2
vertex 246.08334874467994 -130.19695690706746 0
vertex 246.24246212025767 -130.32753787974747 0
endloop
endfacet
facet normal -0.47139673682602534 -0.8819212643483403 0
outer loop
vertex 246.08334874467144 -130.1969569070674 2
vertex 245.90181760403095 -130.0999264908695 2
vertex 245.90181760394137 -130.09992649086945 0
endloop
endfacet
facet normal -0.47139673682602534 -0.8819212643483403 0
outer loop
vertex 246.08334874467144 -130.1969569070674 2
vertex 245.90181760394137 -130.09992649086945 0
vertex 246.08334874467994 -130.19695690706746 0
endloop
endfacet
facet normal -0.2902846772545049 -0.9569403357321961 0
outer loop
vertex 245.90181760403095 -130.0999264908695 2
vertex 245.70484483805575 -130.04017545557608 2
vertex 245.70484483813794 -130.04017545557608 0
endloop
endfacet
facet normal -0.2902846772545049 -0.9569403357321961 0
outer loop
vertex 245.90181760403095 -130.0999264908695 2
vertex 245.70484483813794 -130.04017545557608 0
vertex 245.90181760394137 -130.09992649086945 0
endloop
endfacet
facet normal -0.09801714032954582 -0.9951847266721984 0
outer loop
vertex 245.70484483805575 -130.04017545557608 2
vertex 245.50000000000585 -130.01999999999995 2
vertex 245.50000000000568 -130.01999999999995 0
endloop
endfacet
facet normal -0.09801714032954582 -0.9951847266721984 0
outer loop
vertex 245.70484483805575 -130.04017545557608 2
vertex 245.50000000000568 -130.01999999999995 0
vertex 245.70484483813794 -130.04017545557608 0
endloop
endfacet
facet normal 0.09801714032954566 -0.9951847266721985 0
outer loop
vertex 245.50000000000585 -130.01999999999995 2
vertex 245.29515516186686 -130.04017545557608 2
vertex 245.29515516189335 -130.04017545557608 0
endloop
endfacet
facet normal 0.09801714032954566 -0.9951847266721985 0
outer loop
vertex 245.50000000000585 -130.01999999999995 2
vertex 245.29515516189335 -130.04017545557608 0
vertex 245.50000000000568 -130.01999999999995 0
endloop
endfacet
facet normal 0.2902846772545319 -0.9569403357321877 0
outer loop
vertex 245.29515516186686 -130.04017545557608 2
vertex 245.09818239601785 -130.0999264908695 2
vertex 245.09818239597914 -130.09992649086945 0
endloop
endfacet
facet normal 0.2902846772545319 -0.9569403357321877 0
outer loop
vertex 245.29515516186686 -130.04017545557608 2
vertex 245.09818239597914 -130.09992649086945 0
vertex 245.29515516189335 -130.04017545557608 0
endloop
endfacet
facet normal 0.47139673682602534 -0.8819212643483402 0
outer loop
vertex 245.09818239601785 -130.0999264908695 2
vertex 244.91665125533393 -130.1969569070674 2
vertex 244.91665125536915 -130.19695690706746 0
endloop
endfacet
facet normal 0.47139673682602534 -0.8819212643483402 0
outer loop
vertex 245.09818239601785 -130.0999264908695 2
vertex 244.91665125536915 -130.19695690706746 0
vertex 245.09818239597914 -130.09992649086945 0
endloop
endfacet
facet normal 0.6343932841636518 -0.7730104533627319 0
outer loop
vertex 244.91665125533393 -130.1969569070674 2
vertex 244.75753787975836 -130.3275378797475 2
vertex 244.75753787974978 -130.32753787974747 0
endloop
endfacet
facet normal 0.6343932841636518 -0.7730104533627319 0
outer loop
vertex 244.91665125533393 -130.1969569070674 2
vertex 244.75753787974978 -130.32753787974747 0
vertex 244.91665125536915 -130.19695690706746 0
endloop
endfacet
facet normal 0.7730104533627319 -0.6343932841636518 0
outer loop
vertex 244.75753787975836 -130.3275378797475 2
vertex 244.6269569070808 -130.4866512553492 2
vertex 244.62695690706485 -130.48665125534927 0
endloop
endfacet
facet normal 0.7730104533627319 -0.6343932841636518 0
outer loop
vertex 244.75753787975836 -130.3275378797475 2
vertex 244.62695690706485 -130.48665125534927 0
vertex 244.75753787974978 -130.32753787974747 0
endloop
endfacet
facet normal 0.8819212643483402 -0.47139673682602534 0
outer loop
vertex 244.6269569070808 -130.4866512553492 2
vertex 244.52992649085945 -130.66818239600866 2
vertex 244.5299264908761 -130.6681823960087 0
endloop
endfacet
facet normal 0.8819212643483402 -0.47139673682602534 0
outer loop
vertex 244.6269569070808 -130.4866512553492 2
vertex 244.5299264908761 -130.6681823960087 0
vertex 244.62695690706485 -130.48665125534927 0
endloop
endfacet
facet normal 0.9569403357321872 -0.2902846772545339 0
outer loop
vertex 244.52992649085945 -130.66818239600866 2
vertex 244.47017545557773 -130.86515516188382 2
vertex 244.47017545557048 -130.8651551618836 0
endloop
endfacet
facet normal 0.9569403357321872 -0.2902846772545339 0
outer loop
vertex 244.52992649085945 -130.66818239600866 2
vertex 244.47017545557048 -130.8651551618836 0
vertex 244.5299264908761 -130.6681823960087 0
endloop
endfacet
facet normal 0.9951847266721985 -0.09801714032954566 0
outer loop
vertex 244.47017545557773 -130.86515516188382 2
vertex 244.4499999999998 -131.0700000000067 2
vertex 244.45000000000044 -131.07000000000676 0
endloop
endfacet
facet normal 0.9951847266721985 -0.09801714032954566 0
outer loop
vertex 244.47017545557773 -130.86515516188382 2
vertex 244.45000000000044 -131.07000000000676 0
vertex 244.47017545557048 -130.8651551618836 0
endloop
endfacet
facet normal 0.9951847266721985 0.09801714032954566 0
outer loop
vertex 244.4499999999998 -131.0700000000067 2
vertex 244.4701754555743 -131.27484483812947 2
vertex 244.47017545557696 -131.27484483812958 0
endloop
endfacet
facet normal 0.9951847266721985 0.09801714032954566 0
outer loop
vertex 244.4499999999998 -131.0700000000067 2
vertex 244.47017545557696 -131.27484483812958 0
vertex 244.45000000000044 -131.07000000000676 0
endloop
endfacet
facet normal 0.9569403357321872 0.2902846772545339 0
outer loop
vertex 244.4701754555743 -131.27484483812947 2
vertex 244.529926490869 -131.47181760398067 2
vertex 244.5299264908564 -131.47181760398075 0
endloop
endfacet
facet normal 0.9569403357321872 0.2902846772545339 0
outer loop
vertex 244.4701754555743 -131.27484483812947 2
vertex 244.5299264908564 -131.47181760398075 0
vertex 244.47017545557696 -131.27484483812958 0
endloop
endfacet
facet normal 0.8819212643483402 0.47139673682602534 0
outer loop
vertex 244.529926490869 -131.47181760398067 2
vertex 244.62695690709066 -131.6533487446587 2
vertex 244.6269569070827 -131.65334874465864 0
endloop
endfacet
facet normal 0.8819212643483402 0.47139673682602534 0
outer loop
vertex 244.529926490869 -131.47181760398067 2
vertex 244.6269569070827 -131.65334874465864 0
vertex 244.5299264908564 -131.47181760398075 0
endloop
endfacet
facet normal 0.7730104533627572 0.6343932841636208 0
outer loop
vertex 244.62695690709066 -131.6533487446587 2
vertex 244.7575378797494 -131.81246212025417 2
vertex 244.75753787977763 -131.81246212025414 0
endloop
endfacet
facet normal 0.7730104533627572 0.6343932841636208 0
outer loop
vertex 244.62695690709066 -131.6533487446587 2
vertex 244.75753787977763 -131.81246212025414 0
vertex 244.6269569070827 -131.65334874465864 0
endloop
endfacet
facet normal 0.6343932841636518 0.7730104533627319 0
outer loop
vertex 244.7575378797494 -131.81246212025417 2
vertex 244.9166512553387 -131.9430430929175 2
vertex 244.91665125531566 -131.9430430929175 0
endloop
endfacet
facet normal 0.6343932841636518 0.7730104533627319 0
outer loop
vertex 244.7575378797494 -131.81246212025417 2
vertex 244.91665125531566 -131.9430430929175 0
vertex 244.75753787977763 -131.81246212025414 0
endloop
endfacet
facet normal 0.47139673682602534 0.8819212643483403 0
outer loop
vertex 244.9166512553387 -131.9430430929175 2
vertex 245.09818239599304 -132.0400735091323 2
vertex 245.09818239601628 -132.0400735091323 0
endloop
endfacet
facet normal 0.47139673682602534 0.8819212643483403 0
outer loop
vertex 244.9166512553387 -131.9430430929175 2
vertex 245.09818239601628 -132.0400735091323 0
vertex 244.91665125531566 -131.9430430929175 0
endloop
endfacet
facet normal 0.2902846772545124 0.9569403357321937 0
outer loop
vertex 245.09818239599304 -132.0400735091323 2
vertex 245.29515516188275 -132.0998245444237 2
vertex 245.29515516187746 -132.09982454442374 0
endloop
endfacet
facet normal 0.2902846772545124 0.9569403357321937 0
outer loop
vertex 245.09818239599304 -132.0400735091323 2
vertex 245.29515516187746 -132.09982454442374 0
vertex 245.09818239601628 -132.0400735091323 0
endloop
endfacet
facet normal 0.09801714032954582 0.9951847266721984 0
outer loop
vertex 245.29515516188275 -132.0998245444237 2
vertex 245.49999999999977 -132.12000000000023 2
vertex 245.4999999999996 -132.12000000000023 0
endloop
endfacet
facet normal 0.09801714032954582 0.9951847266721984 0
outer loop
vertex 245.29515516188275 -132.0998245444237 2
vertex 245.4999999999996 -132.12000000000023 0
vertex 245.29515516187746 -132.09982454442374 0
endloop
endfacet
facet normal -0.09801714032954582 0.9951847266721984 0
outer loop
vertex 245.49999999999977 -132.12000000000023 2
vertex 245.70484483812 -132.0998245444237 2
vertex 245.7048448380975 -132.09982454442374 0
endloop
endfacet
facet normal -0.09801714032954582 0.9951847266721984 0
outer loop
vertex 245.49999999999977 -132.12000000000023 2
vertex 245.7048448380975 -132.09982454442374 0
vertex 245.4999999999996 -132.12000000000023 0
endloop
endfacet
facet normal -0.29028467725453194 0.956940335732188 0
outer loop
vertex 245.70484483812 -132.0998245444237 2
vertex 245.90181760398343 -132.0400735091323 2
vertex 245.9018176040024 -132.0400735091323 0
endloop
endfacet
facet normal -0.29028467725453194 0.956940335732188 0
outer loop
vertex 245.70484483812 -132.0998245444237 2
vertex 245.9018176040024 -132.0400735091323 0
vertex 245.7048448380975 -132.09982454442374 0
endloop
endfacet
facet normal -0.47139673682599736 0.8819212643483552 0
outer loop
vertex 245.90181760398343 -132.0400735091323 2
vertex 246.08334874467707 -131.9430430929175 2
vertex 246.08334874466462 -131.9430430929175 0
endloop
endfacet
facet normal -0.47139673682599736 0.8819212643483552 0
outer loop
vertex 245.90181760398343 -132.0400735091323 2
vertex 246.08334874466462 -131.9430430929175 0
vertex 245.9018176040024 -132.0400735091323 0
endloop
endfacet
facet normal -0.6343932841636518 0.7730104533627319 0
outer loop
vertex 246.08334874467707 -131.9430430929175 2
vertex 246.2424621202319 -131.81246212025417 2
vertex 246.2424621202497 -131.81246212025414 0
endloop
endfacet
facet normal -0.6343932841636518 0.7730104533627319 0
outer loop
vertex 246.08334874467707 -131.9430430929175 2
vertex 246.2424621202497 -131.81246212025414 0
vertex 246.08334874466462 -131.9430430929175 0
endloop
endfacet
facet normal -0.7730104533627319 0.6343932841636518 0
outer loop
vertex 246.2424621202319 -131.81246212025417 2
vertex 246.3730430929325 -131.6533487446587 2
vertex 246.3730430929165 -131.65334874465864 0
endloop
endfacet
facet normal -0.7730104533627319 0.6343932841636518 0
outer loop
vertex 246.2424621202319 -131.81246212025417 2
vertex 246.3730430929165 -131.65334874465864 0
vertex 246.2424621202497 -131.81246212025414 0
endloop
endfacet
facet normal -0.8819212643483402 0.47139673682602534 0
outer loop
vertex 246.3730430929325 -131.6533487446587 2
vertex 246.4700735091346 -131.47181760398067 2
vertex 246.47007350913512 -131.47181760398075 0
endloop
endfacet
facet normal -0.8819212643483402 0.47139673682602534 0
outer loop
vertex 246.3730430929325 -131.6533487446587 2
vertex 246.47007350913512 -131.47181760398075 0
vertex 246.3730430929165 -131.65334874465864 0
endloop
endfacet
facet normal -0.9569403357321872 0.2902846772545339 0
outer loop
vertex 246.4700735091346 -131.47181760398067 2
vertex 246.52982454442414 -131.27484483812947 2
vertex 246.52982454023123 -131.27484483812958 0
endloop
endfacet
facet normal -0.9569403357321872 0.2902846772545339 0
outer loop
vertex 246.4700735091346 -131.47181760398067 2
vertex 246.52982454023123 -131.27484483812958 0
vertex 246.47007350913512 -131.47181760398075 0
endloop
endfacet
facet normal -0.9951847266721984 0.09801714032954582 0
outer loop
vertex 33.52982454442419 -180.70484483813468 2
vertex 33.549999999996494 -180.50000000004133 2
vertex 33.550000000002726 -180.50000000004107 0
endloop
endfacet
facet normal -0.9951847266721984 0.09801714032954582 0
outer loop
vertex 33.52982454442419 -180.70484483813468 2
vertex 33.550000000002726 -180.50000000004107 0
vertex 33.5298245444222 -180.70484483813473 0
endloop
endfacet
facet normal -0.9951847266721956 -0.0980171403295742 0
outer loop
vertex 33.549999999996494 -180.50000000004133 2
vertex 33.52982454441708 -180.29515516180734 2
vertex 33.529824544431506 -180.29515516180777 0
endloop
endfacet
facet normal -0.9951847266721956 -0.0980171403295742 0
outer loop
vertex 33.549999999996494 -180.50000000004133 2
vertex 33.529824544431506 -180.29515516180777 0
vertex 33.550000000002726 -180.50000000004107 0
endloop
endfacet
facet normal -0.9569403357322133 -0.2902846772544479 0
outer loop
vertex 33.52982454441708 -180.29515516180734 2
vertex 33.47007350916137 -180.0981823960601 2
vertex 33.47007350912869 -180.09818239605994 0
endloop
endfacet
facet normal -0.9569403357322133 -0.2902846772544479 0
outer loop
vertex 33.52982454441708 -180.29515516180734 2
vertex 33.47007350912869 -180.09818239605994 0
vertex 33.529824544431506 -180.29515516180777 0
endloop
endfacet
facet normal -0.7730104533627445 -0.6343932841636364 0
outer loop
vertex 33.37304309293064 -179.91665125534803 2
vertex 33.24246212020522 -179.75753787971325 2
vertex 33.242462120239445 -179.7575378797133 0
endloop
endfacet
facet normal -0.7730104533627445 -0.6343932841636364 0
outer loop
vertex 33.37304309293064 -179.91665125534803 2
vertex 33.242462120239445 -179.7575378797133 0
vertex 33.373043092925656 -179.9166512553478 0
endloop
endfacet
facet normal -0.6343932841636448 -0.7730104533627374 0
outer loop
vertex 33.24246212020522 -179.75753787971325 2
vertex 33.083348744722656 -179.62695690709012 2
vertex 33.08334874469458 -179.62695690709006 0
endloop
endfacet
facet normal -0.6343932841636448 -0.7730104533627374 0
outer loop
vertex 33.24246212020522 -179.75753787971325 2
vertex 33.08334874469458 -179.62695690709006 0
vertex 33.242462120239445 -179.7575378797133 0
endloop
endfacet
facet normal -0.47139673682602534 -0.8819212643483402 0
outer loop
vertex 33.083348744722656 -179.62695690709012 2
vertex 32.901817603994985 -179.52992649086463 2
vertex 32.9018176039816 -179.5299264908647 0
endloop
endfacet
facet normal -0.47139673682602534 -0.8819212643483402 0
outer loop
vertex 33.083348744722656 -179.62695690709012 2
vertex 32.9018176039816 -179.5299264908647 0
vertex 33.08334874469458 -179.62695690709006 0
endloop
endfacet
facet normal -0.29028467725447593 -0.9569403357322048 0
outer loop
vertex 32.901817603994985 -179.52992649086463 2
vertex 32.70484483813767 -179.47017545558492 2
vertex 32.70484483809911 -179.47017545558495 0
endloop
endfacet
facet normal -0.29028467725447593 -0.9569403357322048 0
outer loop
vertex 32.901817603994985 -179.52992649086463 2
vertex 32.70484483809911 -179.47017545558495 0
vertex 32.9018176039816 -179.5299264908647 0
endloop
endfacet
facet normal -0.09801714032954566 -0.9951847266721985 0
outer loop
vertex 32.70484483813767 -179.47017545558492 2
vertex 32.50000000000115 -179.45000000000022 2
vertex 32.50000000000107 -179.45000000000024 0
endloop
endfacet
facet normal -0.09801714032954566 -0.9951847266721985 0
outer loop
vertex 32.70484483813767 -179.47017545558492 2
vertex 32.50000000000107 -179.45000000000024 0
vertex 32.70484483809911 -179.47017545558495 0
endloop
endfacet
facet normal 0.09801714032954566 -0.9951847266721985 0
outer loop
vertex 32.50000000000115 -179.45000000000022 2
vertex 32.295155161898066 -179.47017545558492 2
vertex 32.2951551618009 -179.47017545558495 0
endloop
endfacet
facet normal 0.09801714032954566 -0.9951847266721985 0
outer loop
vertex 32.50000000000115 -179.45000000000022 2
vertex 32.2951551618009 -179.47017545558495 0
vertex 32.50000000000107 -179.45000000000024 0
endloop
endfacet
facet normal 0.2902846772545319 -0.9569403357321877 0
outer loop
vertex 32.295155161898066 -179.47017545558492 2
vertex 32.09818239600266 -179.52992649086463 2
vertex 32.09818239602892 -179.5299264908647 0
endloop
endfacet
facet normal 0.2902846772545319 -0.9569403357321877 0
outer loop
vertex 32.295155161898066 -179.47017545558492 2
vertex 32.09818239602892 -179.5299264908647 0
vertex 32.2951551618009 -179.47017545558495 0
endloop
endfacet
facet normal 0.6343932841636364 -0.7730104533627445 0
outer loop
vertex 31.91665125533186 -179.62695690709012 2
vertex 31.757537879755226 -179.75753787971325 2
vertex 31.75753787981553 -179.7575378797133 0
endloop
endfacet
facet normal 0.6343932841636364 -0.7730104533627445 0
outer loop
vertex 31.91665125533186 -179.62695690709012 2
vertex 31.75753787981553 -179.7575378797133 0
vertex 31.916651255314882 -179.62695690709006 0
endloop
endfacet
facet normal 0.7730104533627319 -0.6343932841636518 0
outer loop
vertex 31.757537879755226 -179.75753787971325 2
vertex 31.62695690708216 -179.91665125534803 2
vertex 31.626956907035225 -179.9166512553478 0
endloop
endfacet
facet normal 0.7730104533627319 -0.6343932841636518 0
outer loop
vertex 31.757537879755226 -179.75753787971325 2
vertex 31.626956907035225 -179.9166512553478 0
vertex 31.75753787981553 -179.7575378797133 0
endloop
endfacet
facet normal 0.8819212643483568 -0.4713967368259944 0
outer loop
vertex 31.62695690708216 -179.91665125534803 2
vertex 31.52992649085564 -180.0981823960601 2
vertex 31.529926490849615 -180.09818239605994 0
endloop
endfacet
facet normal 0.8819212643483568 -0.4713967368259944 0
outer loop
vertex 31.62695690708216 -179.91665125534803 2
vertex 31.529926490849615 -180.09818239605994 0
vertex 31.626956907035225 -179.9166512553478 0
endloop
endfacet
facet normal 0.9569403357322048 -0.29028467725447593 0
outer loop
vertex 31.52992649085564 -180.0981823960601 2
vertex 31.470175455582737 -180.29515516180734 2
vertex 31.470175455604952 -180.29515516180777 0
endloop
endfacet
facet normal 0.9569403357322048 -0.29028467725447593 0
outer loop
vertex 31.52992649085564 -180.0981823960601 2
vertex 31.470175455604952 -180.29515516180777 0
vertex 31.529926490849615 -180.09818239605994 0
endloop
endfacet
facet normal 0.9951847266721985 -0.09801714032954578 0
outer loop
vertex 31.470175455582737 -180.29515516180734 2
vertex 31.450000000002497 -180.50000000004133 2
vertex 31.44999999999472 -180.50000000004107 0
endloop
endfacet
facet normal 0.9951847266721985 -0.09801714032954578 0
outer loop
vertex 31.470175455582737 -180.29515516180734 2
vertex 31.44999999999472 -180.50000000004107 0
vertex 31.470175455604952 -180.29515516180777 0
endloop
endfacet
facet normal 0.9951847266721956 0.0980171403295742 0
outer loop
vertex 31.450000000002497 -180.50000000004133 2
vertex 31.470175455580172 -180.70484483813468 2
vertex 31.47017545557688 -180.70484483813473 0
endloop
endfacet
facet normal 0.9951847266721956 0.0980171403295742 0
outer loop
vertex 31.450000000002497 -180.50000000004133 2
vertex 31.47017545557688 -180.70484483813473 0
vertex 31.44999999999472 -180.50000000004107 0
endloop
endfacet
facet normal 0.9569403357322133 0.2902846772544479 0
outer loop
vertex 31.470175455580172 -180.70484483813468 2
vertex 31.52992649086816 -180.90181760400586 2
vertex 31.529926490868142 -180.90181760400583 0
endloop
endfacet
facet normal 0.9569403357322133 0.2902846772544479 0
outer loop
vertex 31.470175455580172 -180.70484483813468 2
vertex 31.529926490868142 -180.90181760400583 0
vertex 31.47017545557688 -180.70484483813473 0
endloop
endfacet
facet normal 0.8819212643483718 0.4713967368259664 0
outer loop
vertex 31.52992649086816 -180.90181760400586 2
vertex 31.626956907064756 -181.08334874465086 2
vertex 31.62695690706474 -181.08334874465083 0
endloop
endfacet
facet normal 0.8819212643483718 0.4713967368259664 0
outer loop
vertex 31.52992649086816 -180.90181760400586 2
vertex 31.62695690706474 -181.08334874465083 0
vertex 31.529926490868142 -180.90181760400583 0
endloop
endfacet
facet normal 0.7730104533627319 0.6343932841636518 0
outer loop
vertex 31.626956907064756 -181.08334874465086 2
vertex 31.75753787973754 -181.24246212022734 2
vertex 31.757537879737608 -181.24246212022743 0
endloop
endfacet
facet normal 0.7730104533627319 0.6343932841636518 0
outer loop
vertex 31.626956907064756 -181.08334874465086 2
vertex 31.757537879737608 -181.24246212022743 0
vertex 31.62695690706474 -181.08334874465083 0
endloop
endfacet
facet normal 0.6343932841636448 0.7730104533627374 0
outer loop
vertex 31.75753787973754 -181.24246212022734 2
vertex 31.916651255358012 -181.37304309293623 2
vertex 31.916651255357888 -181.37304309293614 0
endloop
endfacet
facet normal 0.6343932841636448 0.7730104533627374 0
outer loop
vertex 31.75753787973754 -181.24246212022734 2
vertex 31.916651255357888 -181.37304309293614 0
vertex 31.757537879737608 -181.24246212022743 0
endloop
endfacet
facet normal 0.4713967368259914 0.8819212643483584 0
outer loop
vertex 31.916651255358012 -181.37304309293623 2
vertex 32.09818239600871 -181.47007350913586 2
vertex 32.09818239600877 -181.4700735091359 0
endloop
endfacet
facet normal 0.4713967368259914 0.8819212643483584 0
outer loop
vertex 31.916651255358012 -181.37304309293623 2
vertex 32.09818239600877 -181.4700735091359 0
vertex 31.916651255357888 -181.37304309293614 0
endloop
endfacet
facet normal 0.2902846772545039 0.9569403357321963 0
outer loop
vertex 32.09818239600871 -181.47007350913586 2
vertex 32.2951551618755 -181.52982454442252 2
vertex 32.29515516187545 -181.52982454442252 0
endloop
endfacet
facet normal 0.2902846772545039 0.9569403357321963 0
outer loop
vertex 32.09818239600871 -181.47007350913586 2
vertex 32.29515516187545 -181.52982454442252 0
vertex 32.09818239600877 -181.4700735091359 0
endloop
endfacet
facet normal 0.09801714032954566 0.9951847266721985 0
outer loop
vertex 32.2951551618755 -181.52982454442252 2
vertex 32.50000000000113 -181.54999999999998 2
vertex 32.50000000000133 -181.55 0
endloop
endfacet
facet normal 0.09801714032954566 0.9951847266721985 0
outer loop
vertex 32.2951551618755 -181.52982454442252 2
vertex 32.50000000000133 -181.55 0
vertex 32.29515516187545 -181.52982454442252 0
endloop
endfacet
facet normal -0.09801714032954566 0.9951847266721985 0
outer loop
vertex 32.50000000000113 -181.54999999999998 2
vertex 32.704844838126874 -181.52982454442252 2
vertex 32.704844838087446 -181.52982454442252 0
endloop
endfacet
facet normal -0.09801714032954566 0.9951847266721985 0
outer loop
vertex 32.50000000000113 -181.54999999999998 2
vertex 32.704844838087446 -181.52982454442252 0
vertex 32.50000000000133 -181.55 0
endloop
endfacet
facet normal -0.29028467725447593 0.9569403357322048 0
outer loop
vertex 32.704844838126874 -181.52982454442252 2
vertex 32.90181760395775 -181.47007350913586 2
vertex 32.90181760400909 -181.4700735091359 0
endloop
endfacet
facet normal -0.29028467725447593 0.9569403357322048 0
outer loop
vertex 32.704844838126874 -181.52982454442252 2
vertex 32.90181760400909 -181.4700735091359 0
vertex 32.704844838087446 -181.52982454442252 0
endloop
endfacet
facet normal -0.47139673682602534 0.8819212643483402 0
outer loop
vertex 32.90181760395775 -181.47007350913586 2
vertex 33.083348744652284 -181.37304309293623 2
vertex 33.08334874468022 -181.37304309293614 0
endloop
endfacet
facet normal -0.47139673682602534 0.8819212643483402 0
outer loop
vertex 32.90181760395775 -181.47007350913586 2
vertex 33.08334874468022 -181.37304309293614 0
vertex 32.90181760400909 -181.4700735091359 0
endloop
endfacet
facet normal -0.6343932841636448 0.7730104533627374 0
outer loop
vertex 33.083348744652284 -181.37304309293623 2
vertex 33.2424621202896 -181.24246212022734 2
vertex 33.24246212023533 -181.24246212022743 0
endloop
endfacet
facet normal -0.6343932841636448 0.7730104533627374 0
outer loop
vertex 33.083348744652284 -181.37304309293623 2
vertex 33.24246212023533 -181.24246212022743 0
vertex 33.08334874468022 -181.37304309293614 0
endloop
endfacet
facet normal -0.7730104533627319 0.6343932841636518 0
outer loop
vertex 33.2424621202896 -181.24246212022734 2
vertex 33.37304309292012 -181.08334874465086 2
vertex 33.37304309291968 -181.08334874465083 0
endloop
endfacet
facet normal -0.7730104533627319 0.6343932841636518 0
outer loop
vertex 33.2424621202896 -181.24246212022734 2
vertex 33.37304309291968 -181.08334874465083 0
vertex 33.24246212023533 -181.24246212022743 0
endloop
endfacet
facet normal -0.8819212643483494 0.47139673682600847 0
outer loop
vertex 33.37304309292012 -181.08334874465086 2
vertex 33.4700735091219 -180.90181760400586 2
vertex 33.47007350913713 -180.90181760400583 0
endloop
endfacet
facet normal -0.8819212643483494 0.47139673682600847 0
outer loop
vertex 33.37304309292012 -181.08334874465086 2
vertex 33.47007350913713 -180.90181760400583 0
vertex 33.37304309291968 -181.08334874465083 0
endloop
endfacet
facet normal -0.9569403357322133 0.2902846772544479 0
outer loop
vertex 33.4700735091219 -180.90181760400586 2
vertex 33.52982454442419 -180.70484483813468 2
vertex 33.5298245444222 -180.70484483813473 0
endloop
endfacet
facet normal -0.9569403357322133 0.2902846772544479 0
outer loop
vertex 33.4700735091219 -180.90181760400586 2
vertex 33.5298245444222 -180.70484483813473 0
vertex 33.47007350913713 -180.90181760400583 0
endloop
endfacet
facet normal -0.9951847266721984 0.09801714032954582 0
outer loop
vertex 33.52982454442369 -142.7048448380755 2
vertex 33.54999999999606 -142.50000000004104 2
vertex 33.54999999999963 -142.50000000004107 0
endloop
endfacet
facet normal -0.9951847266721984 0.09801714032954582 0
outer loop
vertex 33.52982454442369 -142.7048448380755 2
vertex 33.54999999999963 -142.50000000004107 0
vertex 33.529824544427605 -142.7048448380752 0
endloop
endfacet
facet normal -0.9951847266721984 -0.09801714032954578 0
outer loop
vertex 33.54999999999606 -142.50000000004104 2
vertex 33.52982454441438 -142.29515516183594 2
vertex 33.52982454442286 -142.29515516183608 0
endloop
endfacet
facet normal -0.9951847266721984 -0.09801714032954578 0
outer loop
vertex 33.54999999999606 -142.50000000004104 2
vertex 33.52982454442286 -142.29515516183608 0
vertex 33.54999999999963 -142.50000000004107 0
endloop
endfacet
facet normal -0.9569403357322133 -0.2902846772544478 0
outer loop
vertex 33.52982454441438 -142.29515516183594 2
vertex 33.47007350913729 -142.09818239597317 2
vertex 33.47007350913043 -142.0981823959731 0
endloop
endfacet
facet normal -0.9569403357322133 -0.2902846772544478 0
outer loop
vertex 33.52982454441438 -142.29515516183594 2
vertex 33.47007350913043 -142.0981823959731 0
vertex 33.52982454442286 -142.29515516183608 0
endloop
endfacet
facet normal -0.881921264348341 -0.4713967368260239 0
outer loop
vertex 33.47007350913729 -142.09818239597317 2
vertex 33.37304309296755 -141.91665125539157 2
vertex 33.37304309292222 -141.91665125539149 0
endloop
endfacet
facet normal -0.881921264348341 -0.4713967368260239 0
outer loop
vertex 33.47007350913729 -142.09818239597317 2
vertex 33.37304309292222 -141.91665125539149 0
vertex 33.47007350913043 -142.0981823959731 0
endloop
endfacet
facet normal -0.7730104533627319 -0.6343932841636518 0
outer loop
vertex 33.37304309296755 -141.91665125539157 2
vertex 33.242462120156475 -141.75753787970075 2
vertex 33.242462120254544 -141.75753787970075 0
endloop
endfacet
facet normal -0.7730104533627319 -0.6343932841636518 0
outer loop
vertex 33.37304309296755 -141.91665125539157 2
vertex 33.242462120254544 -141.75753787970075 0
vertex 33.37304309292222 -141.91665125539149 0
endloop
endfacet
facet normal -0.6343932841636208 -0.7730104533627572 0
outer loop
vertex 33.242462120156475 -141.75753787970075 2
vertex 33.08334874479644 -141.62695690712653 2
vertex 33.08334874466196 -141.62695690712644 0
endloop
endfacet
facet normal -0.6343932841636208 -0.7730104533627572 0
outer loop
vertex 33.242462120156475 -141.75753787970075 2
vertex 33.08334874466196 -141.62695690712644 0
vertex 33.242462120254544 -141.75753787970075 0
endloop
endfacet
facet normal -0.4713967368260224 -0.8819212643483418 0
outer loop
vertex 33.08334874479644 -141.62695690712653 2
vertex 32.901817603853665 -141.5299264908414 2
vertex 32.901817603963565 -141.52992649084146 0
endloop
endfacet
facet normal -0.4713967368260224 -0.8819212643483418 0
outer loop
vertex 33.08334874479644 -141.62695690712653 2
vertex 32.901817603963565 -141.52992649084146 0
vertex 33.08334874466196 -141.62695690712644 0
endloop
endfacet
facet normal -0.2902846772545339 -0.9569403357321872 0
outer loop
vertex 32.901817603853665 -141.5299264908414 2
vertex 32.704844838162444 -141.47017545557495 2
vertex 32.70484483814011 -141.47017545557492 0
endloop
endfacet
facet normal -0.2902846772545339 -0.9569403357321872 0
outer loop
vertex 32.901817603853665 -141.5299264908414 2
vertex 32.70484483814011 -141.47017545557492 0
vertex 32.901817603963565 -141.52992649084146 0
endloop
endfacet
facet normal -0.09801714032954582 -0.9951847266721984 0
outer loop
vertex 32.704844838162444 -141.47017545557495 2
vertex 32.499999999998835 -141.44999999999612 2
vertex 32.499999999998856 -141.44999999999612 0
endloop
endfacet
facet normal -0.09801714032954582 -0.9951847266721984 0
outer loop
vertex 32.704844838162444 -141.47017545557495 2
vertex 32.499999999998856 -141.44999999999612 0
vertex 32.70484483814011 -141.47017545557492 0
endloop
endfacet
facet normal 0.09801714032954581 -0.9951847266721984 0
outer loop
vertex 32.499999999998835 -141.44999999999612 2
vertex 32.29515516188447 -141.47017545557495 2
vertex 32.29515516186041 -141.47017545557492 0
endloop
endfacet
facet normal 0.09801714032954581 -0.9951847266721984 0
outer loop
vertex 32.499999999998835 -141.44999999999612 2
vertex 32.29515516186041 -141.47017545557492 0
vertex 32.499999999998856 -141.44999999999612 0
endloop
endfacet
facet normal 0.29028467725450585 -0.9569403357321956 0
outer loop
vertex 32.29515516188447 -141.47017545557495 2
vertex 32.098182396017044 -141.5299264908414 2
vertex 32.09818239608384 -141.52992649084146 0
endloop
endfacet
facet normal 0.29028467725450585 -0.9569403357321956 0
outer loop
vertex 32.29515516188447 -141.47017545557495 2
vertex 32.09818239608384 -141.52992649084146 0
vertex 32.29515516186041 -141.47017545557492 0
endloop
endfacet
facet normal 0.47139673682602534 -0.8819212643483402 0
outer loop
vertex 32.098182396017044 -141.5299264908414 2
vertex 31.916651255332585 -141.62695690712653 2
vertex 31.91665125520757 -141.62695690712644 0
endloop
endfacet
facet normal 0.47139673682602534 -0.8819212643483402 0
outer loop
vertex 32.098182396017044 -141.5299264908414 2
vertex 31.91665125520757 -141.62695690712644 0
vertex 32.09818239608384 -141.52992649084146 0
endloop
endfacet
facet normal 0.6343932841636364 -0.7730104533627445 0
outer loop
vertex 31.916651255332585 -141.62695690712653 2
vertex 31.757537879753833 -141.75753787970075 2
vertex 31.757537879875095 -141.75753787970075 0
endloop
endfacet
facet normal 0.6343932841636364 -0.7730104533627445 0
outer loop
vertex 31.916651255332585 -141.62695690712653 2
vertex 31.757537879875095 -141.75753787970075 0
vertex 31.91665125520757 -141.62695690712644 0
endloop
endfacet
facet normal 0.7730104533627319 -0.6343932841636518 0
outer loop
vertex 31.757537879753833 -141.75753787970075 2
vertex 31.62695690708236 -141.91665125539157 2
vertex 31.62695690698817 -141.91665125539149 0
endloop
endfacet
facet normal 0.7730104533627319 -0.6343932841636518 0
outer loop
vertex 31.757537879753833 -141.75753787970075 2
vertex 31.62695690698817 -141.91665125539149 0
vertex 31.757537879875095 -141.75753787970075 0
endloop
endfacet
facet normal 0.8819212643483568 -0.4713967368259944 0
outer loop
vertex 31.62695690708236 -141.91665125539157 2
vertex 31.529926490861918 -142.09818239597317 2
vertex 31.52992649091901 -142.0981823959731 0
endloop
endfacet
facet normal 0.8819212643483568 -0.4713967368259944 0
outer loop
vertex 31.62695690708236 -141.91665125539157 2
vertex 31.52992649091901 -142.0981823959731 0
vertex 31.62695690698817 -141.91665125539149 0
endloop
endfacet
facet normal 0.9569403357322133 -0.2902846772544479 0
outer loop
vertex 31.529926490861918 -142.09818239597317 2
vertex 31.470175455574676 -142.29515516183594 2
vertex 31.470175455576673 -142.29515516183608 0
endloop
endfacet
facet normal 0.9569403357322133 -0.2902846772544479 0
outer loop
vertex 31.529926490861918 -142.09818239597317 2
vertex 31.470175455576673 -142.29515516183608 0
vertex 31.52992649091901 -142.0981823959731 0
endloop
endfacet
facet normal 0.9951847266721956 -0.09801714032957423 0
outer loop
vertex 31.470175455574676 -142.29515516183594 2
vertex 31.449999999999967 -142.50000000004104 2
vertex 31.449999999989487 -142.50000000004107 0
endloop
endfacet
facet normal 0.9951847266721956 -0.09801714032957423 0
outer loop
vertex 31.470175455574676 -142.29515516183594 2
vertex 31.449999999989487 -142.50000000004107 0
vertex 31.470175455576673 -142.29515516183608 0
endloop
endfacet
facet normal 0.9951847266721956 0.0980171403295742 0
outer loop
vertex 31.449999999999967 -142.50000000004104 2
vertex 31.4701754555793 -142.7048448380755 2
vertex 31.47017545556847 -142.7048448380752 0
endloop
endfacet
facet normal 0.9951847266721956 0.0980171403295742 0
outer loop
vertex 31.449999999999967 -142.50000000004104 2
vertex 31.47017545556847 -142.7048448380752 0
vertex 31.449999999989487 -142.50000000004107 0
endloop
endfacet
facet normal 0.9569403357322133 0.2902846772544478 0
outer loop
vertex 31.4701754555793 -142.7048448380755 2
vertex 31.529926490863712 -142.90181760399255 2
vertex 31.52992649088076 -142.9018176039926 0
endloop
endfacet
facet normal 0.9569403357322133 0.2902846772544478 0
outer loop
vertex 31.4701754555793 -142.7048448380755 2
vertex 31.52992649088076 -142.9018176039926 0
vertex 31.47017545556847 -142.7048448380752 0
endloop
endfacet
facet normal 0.8819212643483529 0.47139673682600136 0
outer loop
vertex 31.529926490863712 -142.90181760399255 2
vertex 31.62695690706566 -143.0833487446979 2
vertex 31.626956907092666 -143.08334874469773 0
endloop
endfacet
facet normal 0.8819212643483529 0.47139673682600136 0
outer loop
vertex 31.529926490863712 -142.90181760399255 2
vertex 31.626956907092666 -143.08334874469773 0
vertex 31.52992649088076 -142.9018176039926 0
endloop
endfacet
facet normal 0.7730104533627256 0.6343932841636596 0
outer loop
vertex 31.62695690706566 -143.0833487446979 2
vertex 31.75753787976857 -143.24246212024138 2
vertex 31.757537879713944 -143.24246212024138 0
endloop
endfacet
facet normal 0.7730104533627256 0.6343932841636596 0
outer loop
vertex 31.62695690706566 -143.0833487446979 2
vertex 31.757537879713944 -143.24246212024138 0
vertex 31.626956907092666 -143.08334874469773 0
endloop
endfacet
facet normal 0.6343932841636208 0.7730104533627572 0
outer loop
vertex 31.75753787976857 -143.24246212024138 2
vertex 31.916651255315827 -143.3730430929287 2
vertex 31.916651255360104 -143.3730430929286 0
endloop
endfacet
facet normal 0.6343932841636208 0.7730104533627572 0
outer loop
vertex 31.75753787976857 -143.24246212024138 2
vertex 31.916651255360104 -143.3730430929286 0
vertex 31.757537879713944 -143.24246212024138 0
endloop
endfacet
facet normal 0.4713967368260224 0.8819212643483418 0
outer loop
vertex 31.916651255315827 -143.3730430929287 2
vertex 32.09818239602074 -143.47007350913017 2
vertex 32.098182395972735 -143.47007350913023 0
endloop
endfacet
facet normal 0.4713967368260224 0.8819212643483418 0
outer loop
vertex 31.916651255315827 -143.3730430929287 2
vertex 32.098182395972735 -143.47007350913023 0
vertex 31.916651255360104 -143.3730430929286 0
endloop
endfacet
facet normal 0.29028467725450585 0.9569403357321956 0
outer loop
vertex 32.09818239602074 -143.47007350913017 2
vertex 32.29515516189399 -143.52982454442193 2
vertex 32.295155161899594 -143.52982454442193 0
endloop
endfacet
facet normal 0.29028467725450585 0.9569403357321956 0
outer loop
vertex 32.09818239602074 -143.47007350913017 2
vertex 32.295155161899594 -143.52982454442193 0
vertex 32.098182395972735 -143.47007350913023 0
endloop
endfacet
facet normal 0.09801714032954582 0.9951847266721984 0
outer loop
vertex 32.29515516189399 -143.52982454442193 2
vertex 32.49999999999254 -143.54999999999708 2
vertex 32.499999999992795 -143.5499999999971 0
endloop
endfacet
facet normal 0.09801714032954582 0.9951847266721984 0
outer loop
vertex 32.29515516189399 -143.52982454442193 2
vertex 32.499999999992795 -143.5499999999971 0
vertex 32.295155161899594 -143.52982454442193 0
endloop
endfacet
facet normal -0.09801714032954582 0.9951847266721984 0
outer loop
vertex 32.49999999999254 -143.54999999999708 2
vertex 32.70484483809809 -143.52982454442193 2
vertex 32.70484483810989 -143.52982454442193 0
endloop
endfacet
facet normal -0.09801714032954582 0.9951847266721984 0
outer loop
vertex 32.49999999999254 -143.54999999999708 2
vertex 32.70484483810989 -143.52982454442193 0
vertex 32.499999999992795 -143.5499999999971 0
endloop
endfacet
facet normal -0.2902846772545039 0.9569403357321963 0
outer loop
vertex 32.70484483809809 -143.52982454442193 2
vertex 32.90181760399207 -143.47007350913017 2
vertex 32.90181760398907 -143.47007350913023 0
endloop
endfacet
facet normal -0.2902846772545039 0.9569403357321963 0
outer loop
vertex 32.70484483809809 -143.52982454442193 2
vertex 32.90181760398907 -143.47007350913023 0
vertex 32.70484483810989 -143.52982454442193 0
endloop
endfacet
facet normal -0.47139673682602534 0.8819212643483402 0
outer loop
vertex 32.90181760399207 -143.47007350913017 2
vertex 33.08334874464166 -143.3730430929287 2
vertex 33.08334874467319 -143.3730430929286 0
endloop
endfacet
facet normal -0.47139673682602534 0.8819212643483402 0
outer loop
vertex 32.90181760399207 -143.47007350913017 2
vertex 33.08334874467319 -143.3730430929286 0
vertex 32.90181760398907 -143.47007350913023 0
endloop
endfacet
facet normal -0.6343932841636364 0.7730104533627445 0
outer loop
vertex 33.08334874464166 -143.3730430929287 2
vertex 33.242462120258295 -143.24246212024138 2
vertex 33.24246212024123 -143.24246212024138 0
endloop
endfacet
facet normal -0.6343932841636364 0.7730104533627445 0
outer loop
vertex 33.08334874464166 -143.3730430929287 2
vertex 33.24246212024123 -143.24246212024138 0
vertex 33.08334874467319 -143.3730430929286 0
endloop
endfacet
facet normal -0.7730104533627319 0.6343932841636518 0
outer loop
vertex 33.242462120258295 -143.24246212024138 2
vertex 33.37304309288866 -143.0833487446979 2
vertex 33.37304309292391 -143.08334874469773 0
endloop
endfacet
facet normal -0.7730104533627319 0.6343932841636518 0
outer loop
vertex 33.242462120258295 -143.24246212024138 2
vertex 33.37304309292391 -143.08334874469773 0
vertex 33.24246212024123 -143.24246212024138 0
endloop
endfacet
facet normal -0.8819212643483568 0.4713967368259944 0
outer loop
vertex 33.37304309288866 -143.0833487446979 2
vertex 33.47007350913733 -142.90181760399255 2
vertex 33.47007350913413 -142.9018176039926 0
endloop
endfacet
facet normal -0.8819212643483568 0.4713967368259944 0
outer loop
vertex 33.37304309288866 -143.0833487446979 2
vertex 33.47007350913413 -142.9018176039926 0
vertex 33.37304309292391 -143.08334874469773 0
endloop
endfacet
facet normal -0.9569403357322133 0.2902846772544479 0
outer loop
vertex 33.47007350913733 -142.90181760399255 2
vertex 33.52982454442369 -142.7048448380755 2
vertex 33.529824544427605 -142.7048448380752 0
endloop
endfacet
facet normal -0.9569403357322133 0.2902846772544479 0
outer loop
vertex 33.47007350913733 -142.90181760399255 2
vertex 33.529824544427605 -142.7048448380752 0
vertex 33.47007350913413 -142.9018176039926 0
endloop
endfacet
facet normal -0.9951847266721816 0.09801714032971662 0
outer loop
vertex 356.52982454443054 -180.70484483813468 2
vertex 356.55000000000035 -180.50000000004133 2
vertex 356.55000000000035 -180.50000000004107 0
endloop
endfacet
facet normal -0.9951847266721816 0.09801714032971662 0
outer loop
vertex 356.52982454443054 -180.70484483813468 2
vertex 356.55000000000035 -180.50000000004107 0
vertex 356.529824544426 -180.70484483813473 0
endloop
endfacet
facet normal -0.9951847266721816 -0.09801714032971662 0
outer loop
vertex 356.55000000000035 -180.50000000004133 2
vertex 356.5298245444122 -180.29515516180734 2
vertex 356.52982454441224 -180.29515516180777 0
endloop
endfacet
facet normal -0.9951847266721816 -0.09801714032971662 0
outer loop
vertex 356.55000000000035 -180.50000000004133 2
vertex 356.52982454441224 -180.29515516180777 0
vertex 356.55000000000035 -180.50000000004107 0
endloop
endfacet
facet normal -0.9569403357322054 -0.29028467725447393 0
outer loop
vertex 356.5298245444122 -180.29515516180734 2
vertex 356.4700735091618 -180.0981823960601 2
vertex 356.47007350916164 -180.09818239605994 0
endloop
endfacet
facet normal -0.9569403357322054 -0.29028467725447393 0
outer loop
vertex 356.5298245444122 -180.29515516180734 2
vertex 356.47007350916164 -180.09818239605994 0
vertex 356.52982454441224 -180.29515516180777 0
endloop
endfacet
facet normal -0.8819212643483434 -0.47139673682601946 0
outer loop
vertex 356.4700735091618 -180.0981823960601 2
vertex 356.3730430929293 -179.91665125534803 2
vertex 356.37304309292915 -179.9166512553478 0
endloop
endfacet
facet normal -0.8819212643483434 -0.47139673682601946 0
outer loop
vertex 356.4700735091618 -180.0981823960601 2
vertex 356.37304309292915 -179.9166512553478 0
vertex 356.47007350916164 -180.09818239605994 0
endloop
endfacet
facet normal -0.7730104533627374 -0.6343932841636448 0
outer loop
vertex 356.3730430929293 -179.91665125534803 2
vertex 356.2424621202087 -179.75753787971325 2
vertex 356.24246212020876 -179.7575378797133 0
endloop
endfacet
facet normal -0.7730104533627374 -0.6343932841636448 0
outer loop
vertex 356.3730430929293 -179.91665125534803 2
vertex 356.24246212020876 -179.7575378797133 0
vertex 356.37304309292915 -179.9166512553478 0
endloop
endfacet
facet normal -0.6343932841635624 -0.773010453362805 0
outer loop
vertex 356.2424621202087 -179.75753787971325 2
vertex 356.08334874469267 -179.62695690709012 2
vertex 356.0833487446926 -179.62695690709006 0
endloop
endfacet
facet normal -0.6343932841635624 -0.773010453362805 0
outer loop
vertex 356.2424621202087 -179.75753787971325 2
vertex 356.0833487446926 -179.62695690709006 0
vertex 356.24246212020876 -179.7575378797133 0
endloop
endfacet
facet normal -0.47139673682600314 -0.881921264348352 0
outer loop
vertex 356.08334874469267 -179.62695690709012 2
vertex 355.9018176039936 -179.52992649086463 2
vertex 355.90181760399383 -179.5299264908647 0
endloop
endfacet
facet normal -0.47139673682600314 -0.881921264348352 0
outer loop
vertex 356.08334874469267 -179.62695690709012 2
vertex 355.90181760399383 -179.5299264908647 0
vertex 356.0833487446926 -179.62695690709006 0
endloop
endfacet
facet normal -0.2902846772545039 -0.9569403357321963 0
outer loop
vertex 355.9018176039936 -179.52992649086463 2
vertex 355.70484483814977 -179.47017545558492 2
vertex 355.7048448381498 -179.47017545558495 0
endloop
endfacet
facet normal -0.2902846772545039 -0.9569403357321963 0
outer loop
vertex 355.9018176039936 -179.52992649086463 2
vertex 355.7048448381498 -179.47017545558495 0
vertex 355.90181760399383 -179.5299264908647 0
endloop
endfacet
facet normal -0.09801714032957415 -0.9951847266721956 0
outer loop
vertex 355.70484483814977 -179.47017545558492 2
vertex 355.49999999995083 -179.45000000000022 2
vertex 355.49999999995066 -179.45000000000024 0
endloop
endfacet
facet normal -0.09801714032957415 -0.9951847266721956 0
outer loop
vertex 355.70484483814977 -179.47017545558492 2
vertex 355.49999999995066 -179.45000000000024 0
vertex 355.7048448381498 -179.47017545558495 0
endloop
endfacet
facet normal 0.09801714032957415 -0.9951847266721956 0
outer loop
vertex 355.49999999995083 -179.45000000000022 2
vertex 355.29515516188496 -179.47017545558492 2
vertex 355.29515516175155 -179.47017545558495 0
endloop
endfacet
facet normal 0.09801714032957415 -0.9951847266721956 0
outer loop
vertex 355.49999999995083 -179.45000000000022 2
vertex 355.29515516175155 -179.47017545558495 0
vertex 355.49999999995066 -179.45000000000024 0
endloop
endfacet
facet normal 0.2902846772545339 -0.9569403357321872 0
outer loop
vertex 355.29515516188496 -179.47017545558492 2
vertex 355.09818239601145 -179.52992649086463 2
vertex 355.0981823960407 -179.5299264908647 0
endloop
endfacet
facet normal 0.2902846772545339 -0.9569403357321872 0
outer loop
vertex 355.29515516188496 -179.47017545558492 2
vertex 355.0981823960407 -179.5299264908647 0
vertex 355.29515516175155 -179.47017545558495 0
endloop
endfacet
facet normal 0.47139673682602534 -0.8819212643483403 0
outer loop
vertex 355.09818239601145 -179.52992649086463 2
vertex 354.916651255333 -179.62695690709012 2
vertex 354.91665125531244 -179.62695690709006 0
endloop
endfacet
facet normal 0.47139673682602534 -0.8819212643483403 0
outer loop
vertex 355.09818239601145 -179.52992649086463 2
vertex 354.91665125531244 -179.62695690709006 0
vertex 355.0981823960407 -179.5299264908647 0
endloop
endfacet
facet normal 0.63439328416359 -0.7730104533627824 0
outer loop
vertex 354.916651255333 -179.62695690709012 2
vertex 354.7575378797686 -179.75753787971325 2
vertex 354.7575378798167 -179.7575378797133 0
endloop
endfacet
facet normal 0.63439328416359 -0.7730104533627824 0
outer loop
vertex 354.916651255333 -179.62695690709012 2
vertex 354.7575378798167 -179.7575378797133 0
vertex 354.91665125531244 -179.62695690709006 0
endloop
endfacet
facet normal 0.7730104533627319 -0.6343932841636518 0
outer loop
vertex 354.7575378797686 -179.75753787971325 2
vertex 354.62695690708 -179.91665125534803 2
vertex 354.62695690704845 -179.9166512553478 0
endloop
endfacet
facet normal 0.7730104533627319 -0.6343932841636518 0
outer loop
vertex 354.7575378797686 -179.75753787971325 2
vertex 354.62695690704845 -179.9166512553478 0
vertex 354.7575378798167 -179.7575378797133 0
endloop
endfacet
facet normal 0.8819212643483402 -0.47139673682602534 0
outer loop
vertex 354.62695690708 -179.91665125534803 2
vertex 354.5299264908558 -180.0981823960601 2
vertex 354.5299264908474 -180.09818239605994 0
endloop
endfacet
facet normal 0.8819212643483402 -0.47139673682602534 0
outer loop
vertex 354.62695690708 -179.91665125534803 2
vertex 354.5299264908474 -180.09818239605994 0
vertex 354.62695690704845 -179.9166512553478 0
endloop
endfacet
facet normal 0.9569403357322394 -0.2902846772543619 0
outer loop
vertex 354.5299264908558 -180.0981823960601 2
vertex 354.4701754555827 -180.29515516180734 2
vertex 354.47017545560516 -180.29515516180777 0
endloop
endfacet
facet normal 0.9569403357322394 -0.2902846772543619 0
outer loop
vertex 354.5299264908558 -180.0981823960601 2
vertex 354.47017545560516 -180.29515516180777 0
vertex 354.5299264908474 -180.09818239605994 0
endloop
endfacet
facet normal 0.9951847266721872 -0.09801714032965962 0
outer loop
vertex 354.4701754555827 -180.29515516180734 2
vertex 354.4499999999984 -180.50000000004133 2
vertex 354.44999999999465 -180.50000000004107 0
endloop
endfacet
facet normal 0.9951847266721872 -0.09801714032965962 0
outer loop
vertex 354.4701754555827 -180.29515516180734 2
vertex 354.44999999999465 -180.50000000004107 0
vertex 354.47017545560516 -180.29515516180777 0
endloop
endfacet
facet normal 0.9951847266721927 0.09801714032960263 0
outer loop
vertex 354.4499999999984 -180.50000000004133 2
vertex 354.47017545556565 -180.70484483813468 2
vertex 354.4701754555728 -180.70484483813473 0
endloop
endfacet
facet normal 0.9951847266721927 0.09801714032960263 0
outer loop
vertex 354.4499999999984 -180.50000000004133 2
vertex 354.4701754555728 -180.70484483813473 0
vertex 354.44999999999465 -180.50000000004107 0
endloop
endfacet
facet normal 0.9569403357322224 0.2902846772544179 0
outer loop
vertex 354.47017545556565 -180.70484483813468 2
vertex 354.52992649087844 -180.90181760400586 2
vertex 354.5299264908543 -180.90181760400583 0
endloop
endfacet
facet normal 0.9569403357322224 0.2902846772544179 0
outer loop
vertex 354.47017545556565 -180.70484483813468 2
vertex 354.5299264908543 -180.90181760400583 0
vertex 354.4701754555728 -180.70484483813473 0
endloop
endfacet
facet normal 0.8819212643483701 0.47139673682596933 0
outer loop
vertex 354.52992649087844 -180.90181760400586 2
vertex 354.6269569070734 -181.08334874465086 2
vertex 354.6269569070746 -181.08334874465083 0
endloop
endfacet
facet normal 0.8819212643483701 0.47139673682596933 0
outer loop
vertex 354.52992649087844 -180.90181760400586 2
vertex 354.6269569070746 -181.08334874465083 0
vertex 354.5299264908543 -180.90181760400583 0
endloop
endfacet
facet normal 0.7730104533627374 0.6343932841636448 0
outer loop
vertex 354.6269569070734 -181.08334874465086 2
vertex 354.7575378797286 -181.24246212022734 2
vertex 354.75753787974594 -181.24246212022743 0
endloop
endfacet
facet normal 0.7730104533627374 0.6343932841636448 0
outer loop
vertex 354.6269569070734 -181.08334874465086 2
vertex 354.75753787974594 -181.24246212022743 0
vertex 354.6269569070746 -181.08334874465083 0
endloop
endfacet
facet normal 0.634393284163566 0.7730104533628022 0
outer loop
vertex 354.7575378797286 -181.24246212022734 2
vertex 354.91665125532836 -181.37304309293623 2
vertex 354.9166512553502 -181.37304309293614 0
endloop
endfacet
facet normal 0.634393284163566 0.7730104533628022 0
outer loop
vertex 354.7575378797286 -181.24246212022734 2
vertex 354.9166512553502 -181.37304309293614 0
vertex 354.75753787974594 -181.24246212022743 0
endloop
endfacet
facet normal 0.4713967368259918 0.8819212643483583 0
outer loop
vertex 354.91665125532836 -181.37304309293623 2
vertex 355.0981823960198 -181.47007350913586 2
vertex 355.0981823959833 -181.4700735091359 0
endloop
endfacet
facet normal 0.4713967368259918 0.8819212643483583 0
outer loop
vertex 354.91665125532836 -181.37304309293623 2
vertex 355.0981823959833 -181.4700735091359 0
vertex 354.9166512553502 -181.37304309293614 0
endloop
endfacet
facet normal 0.2902846772545049 0.9569403357321961 0
outer loop
vertex 355.0981823960198 -181.47007350913586 2
vertex 355.2951551619339 -181.52982454442252 2
vertex 355.29515516188536 -181.52982454442252 0
endloop
endfacet
facet normal 0.2902846772545049 0.9569403357321961 0
outer loop
vertex 355.0981823960198 -181.47007350913586 2
vertex 355.29515516188536 -181.52982454442252 0
vertex 355.0981823959833 -181.4700735091359 0
endloop
endfacet
facet normal 0.09801714032957415 0.9951847266721956 0
outer loop
vertex 355.2951551619339 -181.52982454442252 2
vertex 355.5000000000496 -181.54999999999998 2
vertex 355.5000000000499 -181.55 0
endloop
endfacet
facet normal 0.09801714032957415 0.9951847266721956 0
outer loop
vertex 355.2951551619339 -181.52982454442252 2
vertex 355.5000000000499 -181.55 0
vertex 355.29515516188536 -181.52982454442252 0
endloop
endfacet
facet normal -0.09801714032957415 0.9951847266721956 0
outer loop
vertex 355.5000000000496 -181.54999999999998 2
vertex 355.7048448380887 -181.52982454442252 2
vertex 355.70484483811794 -181.52982454442252 0
endloop
endfacet
facet normal -0.09801714032957415 0.9951847266721956 0
outer loop
vertex 355.5000000000496 -181.54999999999998 2
vertex 355.70484483811794 -181.52982454442252 0
vertex 355.5000000000499 -181.55 0
endloop
endfacet
facet normal -0.2902846772545339 0.9569403357321872 0
outer loop
vertex 355.7048448380887 -181.52982454442252 2
vertex 355.90181760398104 -181.47007350913586 2
vertex 355.9018176039835 -181.4700735091359 0
endloop
endfacet
facet normal -0.2902846772545339 0.9569403357321872 0
outer loop
vertex 355.7048448380887 -181.52982454442252 2
vertex 355.9018176039835 -181.4700735091359 0
vertex 355.70484483811794 -181.52982454442252 0
endloop
endfacet
facet normal -0.47139673682602534 0.8819212643483402 0
outer loop
vertex 355.90181760398104 -181.47007350913586 2
vertex 356.0833487446362 -181.37304309293623 2
vertex 356.08334874467 -181.37304309293614 0
endloop
endfacet
facet normal -0.47139673682602534 0.8819212643483402 0
outer loop
vertex 355.90181760398104 -181.47007350913586 2
vertex 356.08334874467 -181.37304309293614 0
vertex 355.9018176039835 -181.4700735091359 0
endloop
endfacet
facet normal -0.63439328416359 0.7730104533627824 0
outer loop
vertex 356.0833487446362 -181.37304309293623 2
vertex 356.2424621202851 -181.24246212022734 2
vertex 356.24246212025236 -181.24246212022743 0
endloop
endfacet
facet normal -0.63439328416359 0.7730104533627824 0
outer loop
vertex 356.0833487446362 -181.37304309293623 2
vertex 356.24246212025236 -181.24246212022743 0
vertex 356.08334874467 -181.37304309293614 0
endloop
endfacet
facet normal -0.7730104533627432 0.6343932841636379 0
outer loop
vertex 356.2424621202851 -181.24246212022734 2
vertex 356.373043092931 -181.08334874465086 2
vertex 356.37304309292324 -181.08334874465083 0
endloop
endfacet
facet normal -0.7730104533627432 0.6343932841636379 0
outer loop
vertex 356.2424621202851 -181.24246212022734 2
vertex 356.37304309292324 -181.08334874465083 0
vertex 356.24246212025236 -181.24246212022743 0
endloop
endfacet
facet normal -0.8819212643483402 0.47139673682602534 0
outer loop
vertex 356.373043092931 -181.08334874465086 2
vertex 356.47007350912605 -180.90181760400586 2
vertex 356.4700735091325 -180.90181760400583 0
endloop
endfacet
facet normal -0.8819212643483402 0.47139673682602534 0
outer loop
vertex 356.373043092931 -181.08334874465086 2
vertex 356.4700735091325 -180.90181760400583 0
vertex 356.37304309292324 -181.08334874465083 0
endloop
endfacet
facet normal -0.9569403357322224 0.2902846772544179 0
outer loop
vertex 356.47007350912605 -180.90181760400586 2
vertex 356.52982454443054 -180.70484483813468 2
vertex 356.529824544426 -180.70484483813473 0
endloop
endfacet
facet normal -0.9569403357322224 0.2902846772544179 0
outer loop
vertex 356.47007350912605 -180.90181760400586 2
vertex 356.529824544426 -180.70484483813473 0
vertex 356.4700735091325 -180.90181760400583 0
endloop
endfacet
facet normal -0.9951847266721872 0.09801714032965962 0
outer loop
vertex 356.5298245444294 -142.7048448380755 2
vertex 356.5499999999986 -142.50000000004104 2
vertex 356.5499999999986 -142.50000000004107 0
endloop
endfacet
facet normal -0.9951847266721872 0.09801714032965962 0
outer loop
vertex 356.5298245444294 -142.7048448380755 2
vertex 356.5499999999986 -142.50000000004107 0
vertex 356.5298245444301 -142.7048448380752 0
endloop
endfacet
facet normal -0.9951847266721816 -0.09801714032971662 0
outer loop
vertex 356.5499999999986 -142.50000000004104 2
vertex 356.52982454441326 -142.29515516183594 2
vertex 356.52982454441326 -142.29515516183608 0
endloop
endfacet
facet normal -0.9951847266721816 -0.09801714032971662 0
outer loop
vertex 356.5499999999986 -142.50000000004104 2
vertex 356.52982454441326 -142.29515516183608 0
vertex 356.5499999999986 -142.50000000004107 0
endloop
endfacet
facet normal -0.9569403357322394 -0.2902846772543619 0
outer loop
vertex 356.52982454441326 -142.29515516183594 2
vertex 356.4700735091279 -142.09818239597317 2
vertex 356.4700735091278 -142.0981823959731 0
endloop
endfacet
facet normal -0.9569403357322394 -0.2902846772543619 0
outer loop
vertex 356.52982454441326 -142.29515516183594 2
vertex 356.4700735091278 -142.0981823959731 0
vertex 356.52982454441326 -142.29515516183608 0
endloop
endfacet
facet normal -0.8819212643483133 -0.47139673682607547 0
outer loop
vertex 356.4700735091279 -142.09818239597317 2
vertex 356.37304309296513 -141.91665125539157 2
vertex 356.3730430929651 -141.91665125539149 0
endloop
endfacet
facet normal -0.8819212643483133 -0.47139673682607547 0
outer loop
vertex 356.4700735091279 -142.09818239597317 2
vertex 356.3730430929651 -141.91665125539149 0
vertex 356.4700735091278 -142.0981823959731 0
endloop
endfacet
facet normal -0.7730104533627374 -0.6343932841636448 0
outer loop
vertex 356.37304309296513 -141.91665125539157 2
vertex 356.2424621201985 -141.75753787970075 2
vertex 356.2424621201985 -141.75753787970075 0
endloop
endfacet
facet normal -0.7730104533627374 -0.6343932841636448 0
outer loop
vertex 356.37304309296513 -141.91665125539157 2
vertex 356.2424621201985 -141.75753787970075 0
vertex 356.3730430929651 -141.91665125539149 0
endloop
endfacet
facet normal -0.6343932841635506 -0.7730104533628148 0
outer loop
vertex 356.2424621201985 -141.75753787970075 2
vertex 356.08334874474207 -141.62695690712653 2
vertex 356.083348744742 -141.62695690712644 0
endloop
endfacet
facet normal -0.6343932841635506 -0.7730104533628148 0
outer loop
vertex 356.2424621201985 -141.75753787970075 2
vertex 356.083348744742 -141.62695690712644 0
vertex 356.2424621201985 -141.75753787970075 0
endloop
endfacet
facet normal -0.4713967368260154 -0.8819212643483455 0
outer loop
vertex 356.08334874474207 -141.62695690712653 2
vertex 355.9018176039315 -141.5299264908414 2
vertex 355.90181760393165 -141.52992649084146 0
endloop
endfacet
facet normal -0.4713967368260154 -0.8819212643483455 0
outer loop
vertex 356.08334874474207 -141.62695690712653 2
vertex 355.90181760393165 -141.52992649084146 0
vertex 356.083348744742 -141.62695690712644 0
endloop
endfacet
facet normal -0.29028467725450113 -0.9569403357321971 0
outer loop
vertex 355.9018176039315 -141.5299264908414 2
vertex 355.7048448381313 -141.47017545557495 2
vertex 355.70484483813124 -141.47017545557492 0
endloop
endfacet
facet normal -0.29028467725450113 -0.9569403357321971 0
outer loop
vertex 355.9018176039315 -141.5299264908414 2
vertex 355.70484483813124 -141.47017545557492 0
vertex 355.90181760393165 -141.52992649084146 0
endloop
endfacet
facet normal -0.09801714032954582 -0.9951847266721984 0
outer loop
vertex 355.7048448381313 -141.47017545557495 2
vertex 355.499999999992 -141.44999999999612 2
vertex 355.49999999999216 -141.44999999999612 0
endloop
endfacet
facet normal -0.09801714032954582 -0.9951847266721984 0
outer loop
vertex 355.7048448381313 -141.47017545557495 2
vertex 355.49999999999216 -141.44999999999612 0
vertex 355.70484483813124 -141.47017545557492 0
endloop
endfacet
facet normal 0.09801714032957415 -0.9951847266721956 0
outer loop
vertex 355.499999999992 -141.44999999999612 2
vertex 355.2951551618785 -141.47017545557495 2
vertex 355.2951551618531 -141.47017545557492 0
endloop
endfacet
facet normal 0.09801714032957415 -0.9951847266721956 0
outer loop
vertex 355.499999999992 -141.44999999999612 2
vertex 355.2951551618531 -141.47017545557492 0
vertex 355.49999999999216 -141.44999999999612 0
endloop
endfacet
facet normal 0.2902846772545339 -0.9569403357321872 0
outer loop
vertex 355.2951551618785 -141.47017545557495 2
vertex 355.0981823960154 -141.5299264908414 2
vertex 355.0981823960773 -141.52992649084146 0
endloop
endfacet
facet normal 0.2902846772545339 -0.9569403357321872 0
outer loop
vertex 355.2951551618785 -141.47017545557495 2
vertex 355.0981823960773 -141.52992649084146 0
vertex 355.2951551618531 -141.47017545557492 0
endloop
endfacet
facet normal 0.47139673682602534 -0.8819212643483403 0
outer loop
vertex 355.0981823960154 -141.5299264908414 2
vertex 354.916651255337 -141.62695690712653 2
vertex 354.91665125520774 -141.62695690712644 0
endloop
endfacet
facet normal 0.47139673682602534 -0.8819212643483403 0
outer loop
vertex 355.0981823960154 -141.5299264908414 2
vertex 354.91665125520774 -141.62695690712644 0
vertex 355.0981823960773 -141.52992649084146 0
endloop
endfacet
facet normal 0.63439328416359 -0.7730104533627825 0
outer loop
vertex 354.916651255337 -141.62695690712653 2
vertex 354.75753787973713 -141.75753787970075 2
vertex 354.75753787987514 -141.75753787970075 0
endloop
endfacet
facet normal 0.63439328416359 -0.7730104533627825 0
outer loop
vertex 354.916651255337 -141.62695690712653 2
vertex 354.75753787987514 -141.75753787970075 0
vertex 354.91665125520774 -141.62695690712644 0
endloop
endfacet
facet normal 0.7730104533627712 -0.634393284163604 0
outer loop
vertex 354.75753787973713 -141.75753787970075 2
vertex 354.62695690710024 -141.91665125539157 2
vertex 354.6269569069744 -141.91665125539149 0
endloop
endfacet
facet normal 0.7730104533627712 -0.634393284163604 0
outer loop
vertex 354.75753787973713 -141.75753787970075 2
vertex 354.6269569069744 -141.91665125539149 0
vertex 354.75753787987514 -141.75753787970075 0
endloop
endfacet
facet normal 0.8819212643483402 -0.47139673682602534 0
outer loop
vertex 354.62695690710024 -141.91665125539157 2
vertex 354.5299264908617 -142.09818239597317 2
vertex 354.52992649093443 -142.0981823959731 0
endloop
endfacet
facet normal 0.8819212643483402 -0.47139673682602534 0
outer loop
vertex 354.62695690710024 -141.91665125539157 2
vertex 354.52992649093443 -142.0981823959731 0
vertex 354.6269569069744 -141.91665125539149 0
endloop
endfacet
facet normal 0.9569403357322224 -0.2902846772544179 0
outer loop
vertex 354.5299264908617 -142.09818239597317 2
vertex 354.47017545558055 -142.29515516183594 2
vertex 354.47017545557696 -142.29515516183608 0
endloop
endfacet
facet normal 0.9569403357322224 -0.2902846772544179 0
outer loop
vertex 354.5299264908617 -142.09818239597317 2
vertex 354.47017545557696 -142.29515516183608 0
vertex 354.52992649093443 -142.0981823959731 0
endloop
endfacet
facet normal 0.9951847266721872 -0.09801714032965962 0
outer loop
vertex 354.47017545558055 -142.29515516183594 2
vertex 354.4499999999988 -142.50000000004104 2
vertex 354.44999999999527 -142.50000000004107 0
endloop
endfacet
facet normal 0.9951847266721872 -0.09801714032965962 0
outer loop
vertex 354.47017545558055 -142.29515516183594 2
vertex 354.44999999999527 -142.50000000004107 0
vertex 354.47017545557696 -142.29515516183608 0
endloop
endfacet
facet normal 0.9951847266721816 0.09801714032971662 0
outer loop
vertex 354.4499999999988 -142.50000000004104 2
vertex 354.4701754555676 -142.7048448380755 2
vertex 354.47017545556724 -142.7048448380752 0
endloop
endfacet
facet normal 0.9951847266721816 0.09801714032971662 0
outer loop
vertex 354.4499999999988 -142.50000000004104 2
vertex 354.47017545556724 -142.7048448380752 0
vertex 354.44999999999527 -142.50000000004107 0
endloop
endfacet
facet normal 0.9569403357322224 0.2902846772544179 0
outer loop
vertex 354.4701754555676 -142.7048448380755 2
vertex 354.52992649086946 -142.90181760399255 2
vertex 354.52992649086946 -142.9018176039926 0
endloop
endfacet
facet normal 0.9569403357322224 0.2902846772544179 0
outer loop
vertex 354.4701754555676 -142.7048448380755 2
vertex 354.52992649086946 -142.9018176039926 0
vertex 354.47017545556724 -142.7048448380752 0
endloop
endfacet
facet normal 0.8819212643483434 0.47139673682601946 0
outer loop
vertex 354.52992649086946 -142.90181760399255 2
vertex 354.6269569070983 -143.0833487446979 2
vertex 354.6269569070982 -143.08334874469773 0
endloop
endfacet
facet normal 0.8819212643483434 0.47139673682601946 0
outer loop
vertex 354.52992649086946 -142.90181760399255 2
vertex 354.6269569070982 -143.08334874469773 0
vertex 354.52992649086946 -142.9018176039926 0
endloop
endfacet
facet normal 0.773010453362763 0.634393284163614 0
outer loop
vertex 354.6269569070983 -143.0833487446979 2
vertex 354.757537879744 -143.24246212024138 2
vertex 354.757537879744 -143.24246212024138 0
endloop
endfacet
facet normal 0.773010453362763 0.634393284163614 0
outer loop
vertex 354.6269569070983 -143.0833487446979 2
vertex 354.757537879744 -143.24246212024138 0
vertex 354.6269569070982 -143.08334874469773 0
endloop
endfacet
facet normal 0.6343932841635747 0.7730104533627953 0
outer loop
vertex 354.757537879744 -143.24246212024138 2
vertex 354.9166512553382 -143.3730430929287 2
vertex 354.91665125533814 -143.3730430929286 0
endloop
endfacet
facet normal 0.6343932841635747 0.7730104533627953 0
outer loop
vertex 354.757537879744 -143.24246212024138 2
vertex 354.91665125533814 -143.3730430929286 0
vertex 354.757537879744 -143.24246212024138 0
endloop
endfacet
facet normal 0.4713967368260239 0.881921264348341 0
outer loop
vertex 354.9166512553382 -143.3730430929287 2
vertex 355.0981823959923 -143.47007350913017 2
vertex 355.0981823959925 -143.47007350913023 0
endloop
endfacet
facet normal 0.4713967368260239 0.881921264348341 0
outer loop
vertex 354.9166512553382 -143.3730430929287 2
vertex 355.0981823959925 -143.47007350913023 0
vertex 354.91665125533814 -143.3730430929286 0
endloop
endfacet
facet normal 0.2902846772545189 0.9569403357321917 0
outer loop
vertex 355.0981823959923 -143.47007350913017 2
vertex 355.2951551618758 -143.52982454442193 2
vertex 355.29515516187587 -143.52982454442193 0
endloop
endfacet
facet normal 0.2902846772545189 0.9569403357321917 0
outer loop
vertex 355.0981823959923 -143.47007350913017 2
vertex 355.29515516187587 -143.52982454442193 0
vertex 355.0981823959925 -143.47007350913023 0
endloop
endfacet
facet normal 0.09801714032956006 0.9951847266721969 0
outer loop
vertex 355.2951551618758 -143.52982454442193 2
vertex 355.49999999997806 -143.54999999999708 2
vertex 355.49999999997834 -143.5499999999971 0
endloop
endfacet
facet normal 0.09801714032956006 0.9951847266721969 0
outer loop
vertex 355.2951551618758 -143.52982454442193 2
vertex 355.49999999997834 -143.5499999999971 0
vertex 355.29515516187587 -143.52982454442193 0
endloop
endfacet
facet normal -0.09801714032957415 0.9951847266721956 0
outer loop
vertex 355.49999999997806 -143.54999999999708 2
vertex 355.70484483808036 -143.52982454442193 2
vertex 355.70484483812027 -143.52982454442193 0
endloop
endfacet
facet normal -0.09801714032957415 0.9951847266721956 0
outer loop
vertex 355.49999999997806 -143.54999999999708 2
vertex 355.70484483812027 -143.52982454442193 0
vertex 355.49999999997834 -143.5499999999971 0
endloop
endfacet
facet normal -0.2902846772545339 0.9569403357321872 0
outer loop
vertex 355.70484483808036 -143.52982454442193 2
vertex 355.90181760400066 -143.47007350913017 2
vertex 355.90181760398247 -143.47007350913023 0
endloop
endfacet
facet normal -0.2902846772545339 0.9569403357321872 0
outer loop
vertex 355.70484483808036 -143.52982454442193 2
vertex 355.90181760398247 -143.47007350913023 0
vertex 355.70484483812027 -143.52982454442193 0
endloop
endfacet
facet normal -0.47139673682602534 0.8819212643483402 0
outer loop
vertex 355.90181760400066 -143.47007350913017 2
vertex 356.08334874463804 -143.3730430929287 2
vertex 356.0833487446736 -143.3730430929286 0
endloop
endfacet
facet normal -0.47139673682602534 0.8819212643483402 0
outer loop
vertex 355.90181760400066 -143.47007350913017 2
vertex 356.0833487446736 -143.3730430929286 0
vertex 355.90181760398247 -143.47007350913023 0
endloop
endfacet
facet normal -0.63439328416359 0.7730104533627825 0
outer loop
vertex 356.08334874463804 -143.3730430929287 2
vertex 356.24246212025975 -143.24246212024138 2
vertex 356.2424621202497 -143.24246212024138 0
endloop
endfacet
facet normal -0.63439328416359 0.7730104533627825 0
outer loop
vertex 356.08334874463804 -143.3730430929287 2
vertex 356.2424621202497 -143.24246212024138 0
vertex 356.0833487446736 -143.3730430929286 0
endloop
endfacet
facet normal -0.7730104533627432 0.6343932841636379 0
outer loop
vertex 356.24246212025975 -143.24246212024138 2
vertex 356.3730430928943 -143.0833487446979 2
vertex 356.37304309292307 -143.08334874469773 0
endloop
endfacet
facet normal -0.7730104533627432 0.6343932841636379 0
outer loop
vertex 356.24246212025975 -143.24246212024138 2
vertex 356.37304309292307 -143.08334874469773 0
vertex 356.2424621202497 -143.24246212024138 0
endloop
endfacet
facet normal -0.8819212643483402 0.47139673682602534 0
outer loop
vertex 356.3730430928943 -143.0833487446979 2
vertex 356.47007350913924 -142.90181760399255 2
vertex 356.47007350912565 -142.9018176039926 0
endloop
endfacet
facet normal -0.8819212643483402 0.47139673682602534 0
outer loop
vertex 356.3730430928943 -143.0833487446979 2
vertex 356.47007350912565 -142.9018176039926 0
vertex 356.37304309292307 -143.08334874469773 0
endloop
endfacet
facet normal -0.9569403357322394 0.2902846772543619 0
outer loop
vertex 356.47007350913924 -142.90181760399255 2
vertex 356.5298245444294 -142.7048448380755 2
vertex 356.5298245444301 -142.7048448380752 0
endloop
endfacet
facet normal -0.9569403357322394 0.2902846772543619 0
outer loop
vertex 356.47007350913924 -142.90181760399255 2
vertex 356.5298245444301 -142.7048448380752 0
vertex 356.47007350912565 -142.9018176039926 0
endloop
endfacet
facet normal 0.09801714032954566 -0.9951847266721985 0
outer loop
vertex 245.50000000000355 -168.0200000000003 2
vertex 245.29515516186748 -168.04017545557855 2
vertex 245.29515516186768 -168.04017545557852 0
endloop
endfacet
facet normal 0.09801714032954566 -0.9951847266721985 0
outer loop
vertex 245.50000000000355 -168.0200000000003 2
vertex 245.29515516186768 -168.04017545557852 0
vertex 245.50000000000355 -168.0200000000003 0
endloop
endfacet
facet normal -0.09801714032954566 0.9951847266721985 0
outer loop
vertex 245.5000000000017 -170.12000000000006 2
vertex 245.70484483810148 -170.09982454442533 2
vertex 245.70484483810165 -170.09982454442533 0
endloop
endfacet
facet normal -0.09801714032954566 0.9951847266721985 0
outer loop
vertex 245.5000000000017 -170.12000000000006 2
vertex 245.70484483810165 -170.09982454442533 0
vertex 245.50000000000176 -170.12000000000006 0
endloop
endfacet
facet normal -0.881921264348341 -0.4713967368260239 0
outer loop
vertex 33.47007350916137 -180.0981823960601 2
vertex 33.37304309293064 -179.91665125534803 2
vertex 33.373043092925656 -179.9166512553478 0
endloop
endfacet
facet normal -0.881921264348341 -0.4713967368260239 0
outer loop
vertex 33.47007350916137 -180.0981823960601 2
vertex 33.373043092925656 -179.9166512553478 0
vertex 33.47007350912869 -180.09818239605994 0
endloop
endfacet
facet normal 0.47139673682602534 -0.8819212643483402 0
outer loop
vertex 32.09818239600266 -179.52992649086463 2
vertex 31.91665125533186 -179.62695690709012 2
vertex 31.916651255314882 -179.62695690709006 0
endloop
endfacet
facet normal 0.47139673682602534 -0.8819212643483402 0
outer loop
vertex 32.09818239600266 -179.52992649086463 2
vertex 31.916651255314882 -179.62695690709006 0
vertex 32.09818239602892 -179.5299264908647 0
endloop
endfacet
endsolid csg.js
