solid bottomL
facet normal 0 0 -1
outer loop
vertex 288.4194848615332 -97.11500011841207 0
vertex 312.11463918442865 -97.11500229225634 0
vertex 288.4194848615332 -97.11500011841207 0
endloop
endfacet
facet normal 0 0 -1
outer loop
vertex 288.4194848615332 -97.11500011841207 0
vertex 288.4194848615332 -97.11500011841207 0
vertex 243.6169546000003 -97.11500011841207 0
endloop
endfacet
facet normal 0 0 -1
outer loop
vertex 288.4194848615332 -97.11500011841207 0
vertex 243.6169546000003 -97.11500011841207 0
vertex 243.61692699300082 -97.11500229225634 0
endloop
endfacet
facet normal 0 0 -1
outer loop
vertex 288.4194848615332 -97.11500011841207 0
vertex 243.61692699300082 -97.11500229225634 0
vertex 243.6169546000003 -97.11500011841207 0
endloop
endfacet
facet normal 0 0 -1
outer loop
vertex 243.6169546000003 -97.11500011841207 0
vertex 357.43033379999997 -97.11500229225634 0
vertex 358.7612284915161 -97.21984451700183 0
endloop
endfacet
facet normal 0 0 -1
outer loop
vertex 243.6169546000003 -97.11500011841207 0
vertex 358.7612284915161 -97.21984451700183 0
vertex 360.05929222187194 -97.53177869850636 0
endloop
endfacet
facet normal 0 0 -1
outer loop
vertex 243.6169546000003 -97.11500011841207 0
vertex 360.05929222187194 -97.53177869850636 0
vertex 361.292504186414 -98.04311091161955 0
endloop
endfacet
facet normal 0 0 -1
outer loop
vertex 243.6169546000003 -97.11500011841207 0
vertex 361.292504186414 -98.04311091161955 0
vertex 362.4304433522679 -98.74122754691201 0
endloop
endfacet
facet normal 0 0 -1
outer loop
vertex 243.6169546000003 -97.11500011841207 0
vertex 362.4304433522679 -98.74122754691201 0
vertex 363.4450388883296 -99.60890737257378 0
endloop
endfacet
facet normal 0 0 -1
outer loop
vertex 243.6169546000003 -97.11500011841207 0
vertex 363.4450388883296 -99.60890737257378 0
vertex 364.3112626201703 -100.62474634999754 0
endloop
endfacet
facet normal 0 0 -1
outer loop
vertex 243.6169546000003 -97.11500011841207 0
vertex 364.3112626201703 -100.62474634999754 0
vertex 365.0077464282931 -101.76368563138124 0
endloop
endfacet
facet normal 0 0 -1
outer loop
vertex 243.6169546000003 -97.11500011841207 0
vertex 365.0077464282931 -101.76368563138124 0
vertex 365.517309359682 -102.99762971464067 0
endloop
endfacet
facet normal 0 0 -1
outer loop
vertex 243.6169546000003 -97.11500011841207 0
vertex 365.517309359682 -102.99762971464067 0
vertex 365.82738144977804 -104.29613950690265 0
endloop
endfacet
facet normal 0 0 -1
outer loop
vertex 243.6169546000003 -97.11500011841207 0
vertex 365.82738144977804 -104.29613950690265 0
vertex 365.9303176 -105.62718639999994 0
endloop
endfacet
facet normal 0 0 -1
outer loop
vertex 243.6169546000003 -97.11500011841207 0
vertex 365.9303176 -105.62718639999994 0
vertex 365.895344065389 -130.01999999999995 0
endloop
endfacet
facet normal 0 0 -1
outer loop
vertex 243.6169546000003 -97.11500011841207 0
vertex 365.895344065389 -130.01999999999995 0
vertex 245.50000000000568 -130.01999999999995 0
endloop
endfacet
facet normal 0 0 -1
outer loop
vertex 243.6169546000003 -97.11500011841207 0
vertex 245.50000000000568 -130.01999999999995 0
vertex 235.13868367211828 -130.01999999999995 0
endloop
endfacet
facet normal 0 0 -1
outer loop
vertex 243.6169546000003 -97.11500011841207 0
vertex 235.13868367211828 -130.01999999999995 0
vertex 235.11695730000002 -105.62257500000013 0
endloop
endfacet
facet normal 0 0 -1
outer loop
vertex 243.6169546000003 -97.11500011841207 0
vertex 235.11695730000002 -105.62257500000013 0
vertex 235.22053858573287 -104.29204015158663 0
endloop
endfacet
facet normal 0 0 -1
outer loop
vertex 243.6169546000003 -97.11500011841207 0
vertex 235.22053858573287 -104.29204015158663 0
vertex 235.53110191817956 -102.99411778020367 0
endloop
endfacet
facet normal 0 0 -1
outer loop
vertex 243.6169546000003 -97.11500011841207 0
vertex 235.53110191817956 -102.99411778020367 0
vertex 236.04099152620185 -101.76080328129132 0
endloop
endfacet
facet normal 0 0 -1
outer loop
vertex 243.6169546000003 -97.11500011841207 0
vertex 236.04099152620185 -101.76080328129132 0
vertex 236.73763799887087 -100.62249938614097 0
endloop
endfacet
facet normal 0 0 -1
outer loop
vertex 243.6169546000003 -97.11500011841207 0
vertex 236.73763799887087 -100.62249938614097 0
vertex 237.60386813702914 -99.60726669688069 0
endloop
endfacet
facet normal 0 0 -1
outer loop
vertex 243.6169546000003 -97.11500011841207 0
vertex 237.60386813702914 -99.60726669688069 0
vertex 238.61832829393802 -98.74013195784579 0
endloop
endfacet
facet normal 0 0 -1
outer loop
vertex 243.6169546000003 -97.11500011841207 0
vertex 238.61832829393802 -98.74013195784579 0
vertex 239.7560107691422 -98.04247111530846 0
endloop
endfacet
facet normal 0 0 -1
outer loop
vertex 243.6169546000003 -97.11500011841207 0
vertex 239.7560107691422 -98.04247111530846 0
vertex 240.98887027928558 -97.5314823739005 0
endloop
endfacet
facet normal 0 0 -1
outer loop
vertex 243.6169546000003 -97.11500011841207 0
vertex 240.98887027928558 -97.5314823739005 0
vertex 242.28651530911375 -97.2197622395512 0
endloop
endfacet
facet normal 0 0 -1
outer loop
vertex 243.6169546000003 -97.11500011841207 0
vertex 242.28651530911375 -97.2197622395512 0
vertex 243.61692699300082 -97.11500229225634 0
endloop
endfacet
facet normal 0 0 -1
outer loop
vertex 245.50000000000568 -130.01999999999995 0
vertex 245.29515516189335 -130.04017545557608 0
vertex 235.13870163874614 -130.04017545557608 0
endloop
endfacet
facet normal 0 0 -1
outer loop
vertex 245.50000000000568 -130.01999999999995 0
vertex 235.13870163874614 -130.04017545557608 0
vertex 235.13868367211828 -130.01999999999995 0
endloop
endfacet
facet normal 0 0 -1
outer loop
vertex 365.895344065389 -130.01999999999995 0
vertex 365.8953151385499 -130.04017545557608 0
vertex 245.70484483813794 -130.04017545557608 0
endloop
endfacet
facet normal 0 0 -1
outer loop
vertex 365.895344065389 -130.01999999999995 0
vertex 245.70484483813794 -130.04017545557608 0
vertex 245.50000000000568 -130.01999999999995 0
endloop
endfacet
facet normal 0 0 -1
outer loop
vertex 245.29515516189335 -130.04017545557608 0
vertex 245.09818239597914 -130.09992649086945 0
vertex 235.13875484818226 -130.09992649086945 0
endloop
endfacet
facet normal 0 0 -1
outer loop
vertex 245.29515516189335 -130.04017545557608 0
vertex 235.13875484818226 -130.09992649086945 0
vertex 235.13870163874614 -130.04017545557608 0
endloop
endfacet
facet normal 0 0 -1
outer loop
vertex 365.8953151385499 -130.04017545557608 0
vertex 365.89522946967486 -130.09992649086945 0
vertex 245.90181760394137 -130.09992649086945 0
endloop
endfacet
facet normal 0 0 -1
outer loop
vertex 365.8953151385499 -130.04017545557608 0
vertex 245.90181760394137 -130.09992649086945 0
vertex 245.70484483813794 -130.04017545557608 0
endloop
endfacet
facet normal 0 0 -1
outer loop
vertex 245.09818239597914 -130.09992649086945 0
vertex 244.91665125536915 -130.19695690706746 0
vertex 235.13884125561785 -130.19695690706746 0
endloop
endfacet
facet normal 0 0 -1
outer loop
vertex 245.09818239597914 -130.09992649086945 0
vertex 235.13884125561785 -130.19695690706746 0
vertex 235.13875484818226 -130.09992649086945 0
endloop
endfacet
facet normal 0 0 -1
outer loop
vertex 365.89522946967486 -130.09992649086945 0
vertex 365.89509035097063 -130.19695690706746 0
vertex 246.08334874467994 -130.19695690706746 0
endloop
endfacet
facet normal 0 0 -1
outer loop
vertex 365.89522946967486 -130.09992649086945 0
vertex 246.08334874467994 -130.19695690706746 0
vertex 245.90181760394137 -130.09992649086945 0
endloop
endfacet
facet normal 0 0 -1
outer loop
vertex 244.91665125536915 -130.19695690706746 0
vertex 244.75753787974978 -130.32753787974747 0
vertex 235.13895754046365 -130.32753787974747 0
endloop
endfacet
facet normal 0 0 -1
outer loop
vertex 244.91665125536915 -130.19695690706746 0
vertex 235.13895754046365 -130.32753787974747 0
vertex 235.13884125561785 -130.19695690706746 0
endloop
endfacet
facet normal 0 0 -1
outer loop
vertex 365.89509035097063 -130.19695690706746 0
vertex 365.89490312869106 -130.32753787974747 0
vertex 246.24246212025767 -130.32753787974747 0
endloop
endfacet
facet normal 0 0 -1
outer loop
vertex 365.89509035097063 -130.19695690706746 0
vertex 246.24246212025767 -130.32753787974747 0
vertex 246.08334874467994 -130.19695690706746 0
endloop
endfacet
facet normal 0 0 -1
outer loop
vertex 244.75753787974978 -130.32753787974747 0
vertex 244.62695690706485 -130.48665125534927 0
vertex 235.13909923395823 -130.48665125534927 0
endloop
endfacet
facet normal 0 0 -1
outer loop
vertex 244.75753787974978 -130.32753787974747 0
vertex 235.13909923395823 -130.48665125534927 0
vertex 235.13895754046365 -130.32753787974747 0
endloop
endfacet
facet normal 0 0 -1
outer loop
vertex 365.89490312869106 -130.32753787974747 0
vertex 365.8946749976833 -130.48665125534927 0
vertex 246.3730430929262 -130.48665125534927 0
endloop
endfacet
facet normal 0 0 -1
outer loop
vertex 365.89490312869106 -130.32753787974747 0
vertex 246.3730430929262 -130.48665125534927 0
vertex 246.24246212025767 -130.32753787974747 0
endloop
endfacet
facet normal 0 0 -1
outer loop
vertex 244.62695690706485 -130.48665125534927 0
vertex 244.5299264908761 -130.6681823960087 0
vertex 235.13926089090003 -130.6681823960087 0
endloop
endfacet
facet normal 0 0 -1
outer loop
vertex 244.62695690706485 -130.48665125534927 0
vertex 235.13926089090003 -130.6681823960087 0
vertex 235.13909923395823 -130.48665125534927 0
endloop
endfacet
facet normal 0 0 -1
outer loop
vertex 365.8946749976833 -130.48665125534927 0
vertex 365.89441472489415 -130.6681823960087 0
vertex 246.47007350914157 -130.6681823960087 0
endloop
endfacet
facet normal 0 0 -1
outer loop
vertex 365.8946749976833 -130.48665125534927 0
vertex 246.47007350914157 -130.6681823960087 0
vertex 246.3730430929262 -130.48665125534927 0
endloop
endfacet
facet normal 0 0 -1
outer loop
vertex 244.5299264908761 -130.6681823960087 0
vertex 244.47017545557048 -130.8651551618836 0
vertex 235.13943629890346 -130.8651551618836 0
endloop
endfacet
facet normal 0 0 -1
outer loop
vertex 244.5299264908761 -130.6681823960087 0
vertex 235.13943629890346 -130.8651551618836 0
vertex 235.13926089090003 -130.6681823960087 0
endloop
endfacet
facet normal 0 0 -1
outer loop
vertex 365.89441472489415 -130.6681823960087 0
vertex 365.89413231246084 -130.8651551618836 0
vertex 246.5298245444211 -130.8651551618836 0
endloop
endfacet
facet normal 0 0 -1
outer loop
vertex 365.89441472489415 -130.6681823960087 0
vertex 246.5298245444211 -130.8651551618836 0
vertex 246.47007350914157 -130.6681823960087 0
endloop
endfacet
facet normal 0 0 -1
outer loop
vertex 244.47017545557048 -130.8651551618836 0
vertex 244.45000000000044 -131.07000000000676 0
vertex 235.13961871713735 -131.07000000000676 0
endloop
endfacet
facet normal 0 0 -1
outer loop
vertex 244.47017545557048 -130.8651551618836 0
vertex 235.13961871713735 -131.07000000000676 0
vertex 235.13943629890346 -130.8651551618836 0
endloop
endfacet
facet normal 0 0 -1
outer loop
vertex 365.89413231246084 -130.8651551618836 0
vertex 365.89383861333476 -131.07000000000676 0
vertex 246.55000000000007 -131.07000000000676 0
endloop
endfacet
facet normal 0 0 -1
outer loop
vertex 365.89413231246084 -130.8651551618836 0
vertex 246.55000000000007 -131.07000000000676 0
vertex 246.5298245444211 -130.8651551618836 0
endloop
endfacet
facet normal 0 0 -1
outer loop
vertex 244.45000000000044 -131.07000000000676 0
vertex 244.47017545557696 -131.27484483812958 0
vertex 235.13980113537121 -131.27484483812958 0
endloop
endfacet
facet normal 0 0 -1
outer loop
vertex 244.45000000000044 -131.07000000000676 0
vertex 235.13980113537121 -131.27484483812958 0
vertex 235.13961871713735 -131.07000000000676 0
endloop
endfacet
facet normal 0 0 -1
outer loop
vertex 365.89383861333476 -131.07000000000676 0
vertex 365.89354491420875 -131.27484483812958 0
vertex 246.52982454023123 -131.27484483812958 0
endloop
endfacet
facet normal 0 0 -1
outer loop
vertex 365.89383861333476 -131.07000000000676 0
vertex 246.52982454023123 -131.27484483812958 0
vertex 246.55000000000007 -131.07000000000676 0
endloop
endfacet
facet normal 0 0 -1
outer loop
vertex 244.47017545557696 -131.27484483812958 0
vertex 244.5299264908564 -131.47181760398075 0
vertex 235.13997654337464 -131.47181760398075 0
endloop
endfacet
facet normal 0 0 -1
outer loop
vertex 244.47017545557696 -131.27484483812958 0
vertex 235.13997654337464 -131.47181760398075 0
vertex 235.13980113537121 -131.27484483812958 0
endloop
endfacet
facet normal 0 0 -1
outer loop
vertex 365.89354491420875 -131.27484483812958 0
vertex 365.89326250177544 -131.47181760398075 0
vertex 246.47007350913512 -131.47181760398075 0
endloop
endfacet
facet normal 0 0 -1
outer loop
vertex 365.89354491420875 -131.27484483812958 0
vertex 246.47007350913512 -131.47181760398075 0
vertex 246.52982454023123 -131.27484483812958 0
endloop
endfacet
facet normal 0 0 -1
outer loop
vertex 244.5299264908564 -131.47181760398075 0
vertex 244.6269569070827 -131.65334874465864 0
vertex 235.14013820031644 -131.65334874465864 0
endloop
endfacet
facet normal 0 0 -1
outer loop
vertex 244.5299264908564 -131.47181760398075 0
vertex 235.14013820031644 -131.65334874465864 0
vertex 235.13997654337464 -131.47181760398075 0
endloop
endfacet
facet normal 0 0 -1
outer loop
vertex 365.89326250177544 -131.47181760398075 0
vertex 365.8930022289863 -131.65334874465864 0
vertex 246.3730430929165 -131.65334874465864 0
endloop
endfacet
facet normal 0 0 -1
outer loop
vertex 365.89326250177544 -131.47181760398075 0
vertex 246.3730430929165 -131.65334874465864 0
vertex 246.47007350913512 -131.47181760398075 0
endloop
endfacet
facet normal 0 0 -1
outer loop
vertex 244.6269569070827 -131.65334874465864 0
vertex 244.75753787977763 -131.81246212025414 0
vertex 235.14027989381105 -131.81246212025414 0
endloop
endfacet
facet normal 0 0 -1
outer loop
vertex 244.6269569070827 -131.65334874465864 0
vertex 235.14027989381105 -131.81246212025414 0
vertex 235.14013820031644 -131.65334874465864 0
endloop
endfacet
facet normal 0 0 -1
outer loop
vertex 365.8930022289863 -131.65334874465864 0
vertex 365.89277409797853 -131.81246212025414 0
vertex 246.2424621202497 -131.81246212025414 0
endloop
endfacet
facet normal 0 0 -1
outer loop
vertex 365.8930022289863 -131.65334874465864 0
vertex 246.2424621202497 -131.81246212025414 0
vertex 246.3730430929165 -131.65334874465864 0
endloop
endfacet
facet normal 0 0 -1
outer loop
vertex 244.75753787977763 -131.81246212025414 0
vertex 244.91665125531566 -131.9430430929175 0
vertex 235.14039617865683 -131.9430430929175 0
endloop
endfacet
facet normal 0 0 -1
outer loop
vertex 244.75753787977763 -131.81246212025414 0
vertex 235.14039617865683 -131.9430430929175 0
vertex 235.14027989381105 -131.81246212025414 0
endloop
endfacet
facet normal 0 0 -1
outer loop
vertex 365.89277409797853 -131.81246212025414 0
vertex 365.89258687569895 -131.9430430929175 0
vertex 246.08334874466462 -131.9430430929175 0
endloop
endfacet
facet normal 0 0 -1
outer loop
vertex 365.89277409797853 -131.81246212025414 0
vertex 246.08334874466462 -131.9430430929175 0
vertex 246.2424621202497 -131.81246212025414 0
endloop
endfacet
facet normal 0 0 -1
outer loop
vertex 244.91665125531566 -131.9430430929175 0
vertex 245.09818239601628 -132.0400735091323 0
vertex 235.14048258609242 -132.0400735091323 0
endloop
endfacet
facet normal 0 0 -1
outer loop
vertex 244.91665125531566 -131.9430430929175 0
vertex 235.14048258609242 -132.0400735091323 0
vertex 235.14039617865683 -131.9430430929175 0
endloop
endfacet
facet normal 0 0 -1
outer loop
vertex 365.89258687569895 -131.9430430929175 0
vertex 365.8924477569948 -132.0400735091323 0
vertex 245.9018176040024 -132.0400735091323 0
endloop
endfacet
facet normal 0 0 -1
outer loop
vertex 365.89258687569895 -131.9430430929175 0
vertex 245.9018176040024 -132.0400735091323 0
vertex 246.08334874466462 -131.9430430929175 0
endloop
endfacet
facet normal 0 0 -1
outer loop
vertex 245.09818239601628 -132.0400735091323 0
vertex 245.29515516187746 -132.09982454442374 0
vertex 235.14053579552856 -132.09982454442374 0
endloop
endfacet
facet normal 0 0 -1
outer loop
vertex 245.09818239601628 -132.0400735091323 0
vertex 235.14053579552856 -132.09982454442374 0
vertex 235.14048258609242 -132.0400735091323 0
endloop
endfacet
facet normal 0 0 -1
outer loop
vertex 365.8924477569948 -132.0400735091323 0
vertex 365.8923620881197 -132.09982454442374 0
vertex 245.7048448380975 -132.09982454442374 0
endloop
endfacet
facet normal 0 0 -1
outer loop
vertex 365.8924477569948 -132.0400735091323 0
vertex 245.7048448380975 -132.09982454442374 0
vertex 245.9018176040024 -132.0400735091323 0
endloop
endfacet
facet normal 0 0 -1
outer loop
vertex 245.29515516187746 -132.09982454442374 0
vertex 245.4999999999996 -132.12000000000023 0
vertex 235.1405537621564 -132.12000000000023 0
endloop
endfacet
facet normal 0 0 -1
outer loop
vertex 245.29515516187746 -132.09982454442374 0
vertex 235.1405537621564 -132.12000000000023 0
vertex 235.14053579552856 -132.09982454442374 0
endloop
endfacet
facet normal 0 0 -1
outer loop
vertex 365.8923620881197 -132.09982454442374 0
vertex 365.8923331612806 -132.12000000000023 0
vertex 245.4999999999996 -132.12000000000023 0
endloop
endfacet
facet normal 0 0 -1
outer loop
vertex 365.8923620881197 -132.09982454442374 0
vertex 245.4999999999996 -132.12000000000023 0
vertex 245.7048448380975 -132.09982454442374 0
endloop
endfacet
facet normal 0 0 -1
outer loop
vertex 245.4999999999996 -132.12000000000023 0
vertex 365.8923331612806 -132.12000000000023 0
vertex 365.87895614445625 -141.44999999999612 0
endloop
endfacet
facet normal 0 0 -1
outer loop
vertex 245.4999999999996 -132.12000000000023 0
vertex 365.87895614445625 -141.44999999999612 0
vertex 355.49999999999216 -141.44999999999612 0
endloop
endfacet
facet normal 0 0 -1
outer loop
vertex 245.4999999999996 -132.12000000000023 0
vertex 355.49999999999216 -141.44999999999612 0
vertex 235.14886230504007 -141.44999999999612 0
endloop
endfacet
facet normal 0 0 -1
outer loop
vertex 245.4999999999996 -132.12000000000023 0
vertex 235.14886230504007 -141.44999999999612 0
vertex 235.1405537621564 -132.12000000000023 0
endloop
endfacet
facet normal 0 0 -1
outer loop
vertex 355.49999999999216 -141.44999999999612 0
vertex 355.2951551618531 -141.47017545557492 0
vertex 235.1488802716679 -141.47017545557492 0
endloop
endfacet
facet normal 0 0 -1
outer loop
vertex 355.49999999999216 -141.44999999999612 0
vertex 235.1488802716679 -141.47017545557492 0
vertex 235.14886230504007 -141.44999999999612 0
endloop
endfacet
facet normal 0 0 -1
outer loop
vertex 365.87895614445625 -141.44999999999612 0
vertex 365.87892721761716 -141.47017545557492 0
vertex 355.70484483813124 -141.47017545557492 0
endloop
endfacet
facet normal 0 0 -1
outer loop
vertex 365.87895614445625 -141.44999999999612 0
vertex 355.70484483813124 -141.47017545557492 0
vertex 355.49999999999216 -141.44999999999612 0
endloop
endfacet
facet normal 0 0 -1
outer loop
vertex 355.2951551618531 -141.47017545557492 0
vertex 355.0981823960773 -141.52992649084146 0
vertex 235.14893348110402 -141.52992649084146 0
endloop
endfacet
facet normal 0 0 -1
outer loop
vertex 355.2951551618531 -141.47017545557492 0
vertex 235.14893348110402 -141.52992649084146 0
vertex 235.1488802716679 -141.47017545557492 0
endloop
endfacet
facet normal 0 0 -1
outer loop
vertex 365.87892721761716 -141.47017545557492 0
vertex 365.8788415487421 -141.52992649084146 0
vertex 355.90181760393165 -141.52992649084146 0
endloop
endfacet
facet normal 0 0 -1
outer loop
vertex 365.87892721761716 -141.47017545557492 0
vertex 355.90181760393165 -141.52992649084146 0
vertex 355.70484483813124 -141.47017545557492 0
endloop
endfacet
facet normal 0 0 -1
outer loop
vertex 355.0981823960773 -141.52992649084146 0
vertex 354.91665125520774 -141.62695690712644 0
vertex 235.14901988853967 -141.62695690712644 0
endloop
endfacet
facet normal 0 0 -1
outer loop
vertex 355.0981823960773 -141.52992649084146 0
vertex 235.14901988853967 -141.62695690712644 0
vertex 235.14893348110402 -141.52992649084146 0
endloop
endfacet
facet normal 0 0 -1
outer loop
vertex 365.8788415487421 -141.52992649084146 0
vertex 365.87870243003783 -141.62695690712644 0
vertex 356.083348744742 -141.62695690712644 0
endloop
endfacet
facet normal 0 0 -1
outer loop
vertex 365.8788415487421 -141.52992649084146 0
vertex 356.083348744742 -141.62695690712644 0
vertex 355.90181760393165 -141.52992649084146 0
endloop
endfacet
facet normal 0 0 -1
outer loop
vertex 354.91665125520774 -141.62695690712644 0
vertex 354.75753787987514 -141.75753787970075 0
vertex 235.1491361733854 -141.75753787970075 0
endloop
endfacet
facet normal 0 0 -1
outer loop
vertex 354.91665125520774 -141.62695690712644 0
vertex 235.1491361733854 -141.75753787970075 0
vertex 235.14901988853967 -141.62695690712644 0
endloop
endfacet
facet normal 0 0 -1
outer loop
vertex 365.87870243003783 -141.62695690712644 0
vertex 365.87851520775837 -141.75753787970075 0
vertex 356.2424621201985 -141.75753787970075 0
endloop
endfacet
facet normal 0 0 -1
outer loop
vertex 365.87870243003783 -141.62695690712644 0
vertex 356.2424621201985 -141.75753787970075 0
vertex 356.083348744742 -141.62695690712644 0
endloop
endfacet
facet normal 0 0 -1
outer loop
vertex 354.75753787987514 -141.75753787970075 0
vertex 354.6269569069744 -141.91665125539149 0
vertex 235.14927786688006 -141.91665125539149 0
endloop
endfacet
facet normal 0 0 -1
outer loop
vertex 354.75753787987514 -141.75753787970075 0
vertex 235.14927786688006 -141.91665125539149 0
vertex 235.1491361733854 -141.75753787970075 0
endloop
endfacet
facet normal 0 0 -1
outer loop
vertex 365.87851520775837 -141.75753787970075 0
vertex 365.8782870767505 -141.91665125539149 0
vertex 356.3730430929651 -141.91665125539149 0
endloop
endfacet
facet normal 0 0 -1
outer loop
vertex 365.87851520775837 -141.75753787970075 0
vertex 356.3730430929651 -141.91665125539149 0
vertex 356.2424621201985 -141.75753787970075 0
endloop
endfacet
facet normal 0 0 -1
outer loop
vertex 354.6269569069744 -141.91665125539149 0
vertex 354.52992649093443 -142.0981823959731 0
vertex 235.14943952382177 -142.0981823959731 0
endloop
endfacet
facet normal 0 0 -1
outer loop
vertex 354.6269569069744 -141.91665125539149 0
vertex 235.14943952382177 -142.0981823959731 0
vertex 235.14927786688006 -141.91665125539149 0
endloop
endfacet
facet normal 0 0 -1
outer loop
vertex 365.8782870767505 -141.91665125539149 0
vertex 365.87802680396146 -142.0981823959731 0
vertex 356.4700735091278 -142.0981823959731 0
endloop
endfacet
facet normal 0 0 -1
outer loop
vertex 365.8782870767505 -141.91665125539149 0
vertex 356.4700735091278 -142.0981823959731 0
vertex 356.3730430929651 -141.91665125539149 0
endloop
endfacet
facet normal 0 0 -1
outer loop
vertex 354.52992649093443 -142.0981823959731 0
vertex 354.47017545557696 -142.29515516183608 0
vertex 235.14961493182523 -142.29515516183608 0
endloop
endfacet
facet normal 0 0 -1
outer loop
vertex 354.52992649093443 -142.0981823959731 0
vertex 235.14961493182523 -142.29515516183608 0
vertex 235.14943952382177 -142.0981823959731 0
endloop
endfacet
facet normal 0 0 -1
outer loop
vertex 365.87802680396146 -142.0981823959731 0
vertex 365.87774439152815 -142.29515516183608 0
vertex 356.52982454441326 -142.29515516183608 0
endloop
endfacet
facet normal 0 0 -1
outer loop
vertex 365.87802680396146 -142.0981823959731 0
vertex 356.52982454441326 -142.29515516183608 0
vertex 356.4700735091278 -142.0981823959731 0
endloop
endfacet
facet normal 0 0 -1
outer loop
vertex 354.47017545557696 -142.29515516183608 0
vertex 354.44999999999527 -142.50000000004107 0
vertex 235.14979735005915 -142.50000000004107 0
endloop
endfacet
facet normal 0 0 -1
outer loop
vertex 354.47017545557696 -142.29515516183608 0
vertex 235.14979735005915 -142.50000000004107 0
vertex 235.14961493182523 -142.29515516183608 0
endloop
endfacet
facet normal 0 0 -1
outer loop
vertex 365.87774439152815 -142.29515516183608 0
vertex 365.87745069240196 -142.50000000004107 0
vertex 356.5499999999986 -142.50000000004107 0
endloop
endfacet
facet normal 0 0 -1
outer loop
vertex 365.87774439152815 -142.29515516183608 0
vertex 356.5499999999986 -142.50000000004107 0
vertex 356.52982454441326 -142.29515516183608 0
endloop
endfacet
facet normal 0 0 -1
outer loop
vertex 354.44999999999527 -142.50000000004107 0
vertex 354.47017545556724 -142.7048448380752 0
vertex 235.14997976829295 -142.7048448380752 0
endloop
endfacet
facet normal 0 0 -1
outer loop
vertex 354.44999999999527 -142.50000000004107 0
vertex 235.14997976829295 -142.7048448380752 0
vertex 235.14979735005915 -142.50000000004107 0
endloop
endfacet
facet normal 0 0 -1
outer loop
vertex 365.87745069240196 -142.50000000004107 0
vertex 365.87715699327606 -142.7048448380752 0
vertex 356.5298245444301 -142.7048448380752 0
endloop
endfacet
facet normal 0 0 -1
outer loop
vertex 365.87745069240196 -142.50000000004107 0
vertex 356.5298245444301 -142.7048448380752 0
vertex 356.5499999999986 -142.50000000004107 0
endloop
endfacet
facet normal 0 0 -1
outer loop
vertex 354.47017545556724 -142.7048448380752 0
vertex 354.52992649086946 -142.9018176039926 0
vertex 235.15015517629644 -142.9018176039926 0
endloop
endfacet
facet normal 0 0 -1
outer loop
vertex 354.47017545556724 -142.7048448380752 0
vertex 235.15015517629644 -142.9018176039926 0
vertex 235.14997976829295 -142.7048448380752 0
endloop
endfacet
facet normal 0 0 -1
outer loop
vertex 365.87715699327606 -142.7048448380752 0
vertex 365.8768745808427 -142.9018176039926 0
vertex 356.47007350912565 -142.9018176039926 0
endloop
endfacet
facet normal 0 0 -1
outer loop
vertex 365.87715699327606 -142.7048448380752 0
vertex 356.47007350912565 -142.9018176039926 0
vertex 356.5298245444301 -142.7048448380752 0
endloop
endfacet
facet normal 0 0 -1
outer loop
vertex 354.52992649086946 -142.9018176039926 0
vertex 354.6269569070982 -143.08334874469773 0
vertex 235.15031683323826 -143.08334874469773 0
endloop
endfacet
facet normal 0 0 -1
outer loop
vertex 354.52992649086946 -142.9018176039926 0
vertex 235.15031683323826 -143.08334874469773 0
vertex 235.15015517629644 -142.9018176039926 0
endloop
endfacet
facet normal 0 0 -1
outer loop
vertex 365.8768745808427 -142.9018176039926 0
vertex 365.8766143080535 -143.08334874469773 0
vertex 356.37304309292307 -143.08334874469773 0
endloop
endfacet
facet normal 0 0 -1
outer loop
vertex 365.8768745808427 -142.9018176039926 0
vertex 356.37304309292307 -143.08334874469773 0
vertex 356.47007350912565 -142.9018176039926 0
endloop
endfacet
facet normal 0 0 -1
outer loop
vertex 354.6269569070982 -143.08334874469773 0
vertex 354.757537879744 -143.24246212024138 0
vertex 235.15045852673282 -143.24246212024138 0
endloop
endfacet
facet normal 0 0 -1
outer loop
vertex 354.6269569070982 -143.08334874469773 0
vertex 235.15045852673282 -143.24246212024138 0
vertex 235.15031683323826 -143.08334874469773 0
endloop
endfacet
facet normal 0 0 -1
outer loop
vertex 365.8766143080535 -143.08334874469773 0
vertex 365.8763861770458 -143.24246212024138 0
vertex 356.2424621202497 -143.24246212024138 0
endloop
endfacet
facet normal 0 0 -1
outer loop
vertex 365.8766143080535 -143.08334874469773 0
vertex 356.2424621202497 -143.24246212024138 0
vertex 356.37304309292307 -143.08334874469773 0
endloop
endfacet
facet normal 0 0 -1
outer loop
vertex 354.757537879744 -143.24246212024138 0
vertex 354.91665125533814 -143.3730430929286 0
vertex 235.15057481157862 -143.3730430929286 0
endloop
endfacet
facet normal 0 0 -1
outer loop
vertex 354.757537879744 -143.24246212024138 0
vertex 235.15057481157862 -143.3730430929286 0
vertex 235.15045852673282 -143.24246212024138 0
endloop
endfacet
facet normal 0 0 -1
outer loop
vertex 365.8763861770458 -143.24246212024138 0
vertex 365.8761989547662 -143.3730430929286 0
vertex 356.0833487446736 -143.3730430929286 0
endloop
endfacet
facet normal 0 0 -1
outer loop
vertex 365.8763861770458 -143.24246212024138 0
vertex 356.0833487446736 -143.3730430929286 0
vertex 356.2424621202497 -143.24246212024138 0
endloop
endfacet
facet normal 0 0 -1
outer loop
vertex 354.91665125533814 -143.3730430929286 0
vertex 355.0981823959925 -143.47007350913023 0
vertex 235.1506612190142 -143.47007350913023 0
endloop
endfacet
facet normal 0 0 -1
outer loop
vertex 354.91665125533814 -143.3730430929286 0
vertex 235.1506612190142 -143.47007350913023 0
vertex 235.15057481157862 -143.3730430929286 0
endloop
endfacet
facet normal 0 0 -1
outer loop
vertex 365.8761989547662 -143.3730430929286 0
vertex 365.87605983606204 -143.47007350913023 0
vertex 355.90181760398247 -143.47007350913023 0
endloop
endfacet
facet normal 0 0 -1
outer loop
vertex 365.8761989547662 -143.3730430929286 0
vertex 355.90181760398247 -143.47007350913023 0
vertex 356.0833487446736 -143.3730430929286 0
endloop
endfacet
facet normal 0 0 -1
outer loop
vertex 355.0981823959925 -143.47007350913023 0
vertex 355.29515516187587 -143.52982454442193 0
vertex 235.15071442845033 -143.52982454442193 0
endloop
endfacet
facet normal 0 0 -1
outer loop
vertex 355.0981823959925 -143.47007350913023 0
vertex 235.15071442845033 -143.52982454442193 0
vertex 235.1506612190142 -143.47007350913023 0
endloop
endfacet
facet normal 0 0 -1
outer loop
vertex 365.87605983606204 -143.47007350913023 0
vertex 365.87597416718694 -143.52982454442193 0
vertex 355.70484483812027 -143.52982454442193 0
endloop
endfacet
facet normal 0 0 -1
outer loop
vertex 365.87605983606204 -143.47007350913023 0
vertex 355.70484483812027 -143.52982454442193 0
vertex 355.90181760398247 -143.47007350913023 0
endloop
endfacet
facet normal 0 0 -1
outer loop
vertex 355.29515516187587 -143.52982454442193 0
vertex 355.49999999997834 -143.5499999999971 0
vertex 235.1507323950782 -143.5499999999971 0
endloop
endfacet
facet normal 0 0 -1
outer loop
vertex 355.29515516187587 -143.52982454442193 0
vertex 235.1507323950782 -143.5499999999971 0
vertex 235.15071442845033 -143.52982454442193 0
endloop
endfacet
facet normal 0 0 -1
outer loop
vertex 365.87597416718694 -143.52982454442193 0
vertex 365.87594524034785 -143.5499999999971 0
vertex 355.49999999997834 -143.5499999999971 0
endloop
endfacet
facet normal 0 0 -1
outer loop
vertex 365.87597416718694 -143.52982454442193 0
vertex 355.49999999997834 -143.5499999999971 0
vertex 355.70484483812027 -143.52982454442193 0
endloop
endfacet
facet normal 0 0 -1
outer loop
vertex 355.49999999997834 -143.5499999999971 0
vertex 365.87594524034785 -143.5499999999971 0
vertex 365.84086103866593 -168.0200000000003 0
endloop
endfacet
facet normal 0 0 -1
outer loop
vertex 355.49999999997834 -143.5499999999971 0
vertex 365.84086103866593 -168.0200000000003 0
vertex 245.50000000000355 -168.0200000000003 0
endloop
endfacet
facet normal 0 0 -1
outer loop
vertex 355.49999999997834 -143.5499999999971 0
vertex 245.50000000000355 -168.0200000000003 0
vertex 235.17252339661763 -168.0200000000003 0
endloop
endfacet
facet normal 0 0 -1
outer loop
vertex 355.49999999997834 -143.5499999999971 0
vertex 235.17252339661763 -168.0200000000003 0
vertex 235.1507323950782 -143.5499999999971 0
endloop
endfacet
facet normal 0 0 -1
outer loop
vertex 245.50000000000355 -168.0200000000003 0
vertex 245.29515516186768 -168.04017545557852 0
vertex 235.1725413632455 -168.04017545557852 0
endloop
endfacet
facet normal 0 0 -1
outer loop
vertex 245.50000000000355 -168.0200000000003 0
vertex 235.1725413632455 -168.04017545557852 0
vertex 235.17252339661763 -168.0200000000003 0
endloop
endfacet
facet normal 0 0 -1
outer loop
vertex 365.84086103866593 -168.0200000000003 0
vertex 365.84083211182684 -168.04017545557852 0
vertex 245.70484483811254 -168.04017545557852 0
endloop
endfacet
facet normal 0 0 -1
outer loop
vertex 365.84086103866593 -168.0200000000003 0
vertex 245.70484483811254 -168.04017545557852 0
vertex 245.50000000000355 -168.0200000000003 0
endloop
endfacet
facet normal 0 0 -1
outer loop
vertex 245.29515516186768 -168.04017545557852 0
vertex 245.09818239602953 -168.09992649085646 0
vertex 235.17259457268162 -168.09992649085646 0
endloop
endfacet
facet normal 0 0 -1
outer loop
vertex 245.29515516186768 -168.04017545557852 0
vertex 235.17259457268162 -168.09992649085646 0
vertex 235.1725413632455 -168.04017545557852 0
endloop
endfacet
facet normal 0 0 -1
outer loop
vertex 365.84083211182684 -168.04017545557852 0
vertex 365.8407464429518 -168.09992649085646 0
vertex 245.90181760398815 -168.09992649085646 0
endloop
endfacet
facet normal 0 0 -1
outer loop
vertex 365.84083211182684 -168.04017545557852 0
vertex 245.90181760398815 -168.09992649085646 0
vertex 245.70484483811254 -168.04017545557852 0
endloop
endfacet
facet normal 0 0 -1
outer loop
vertex 245.09818239602953 -168.09992649085646 0
vertex 244.91665125532592 -168.1969569070844 0
vertex 235.1726809801172 -168.1969569070844 0
endloop
endfacet
facet normal 0 0 -1
outer loop
vertex 245.09818239602953 -168.09992649085646 0
vertex 235.1726809801172 -168.1969569070844 0
vertex 235.17259457268162 -168.09992649085646 0
endloop
endfacet
facet normal 0 0 -1
outer loop
vertex 365.8407464429518 -168.09992649085646 0
vertex 365.84060732424757 -168.1969569070844 0
vertex 246.083348744662 -168.1969569070844 0
endloop
endfacet
facet normal 0 0 -1
outer loop
vertex 365.8407464429518 -168.09992649085646 0
vertex 246.083348744662 -168.1969569070844 0
vertex 245.90181760398815 -168.09992649085646 0
endloop
endfacet
facet normal 0 0 -1
outer loop
vertex 244.91665125532592 -168.1969569070844 0
vertex 244.75753787975697 -168.32753787975102 0
vertex 235.172797264963 -168.32753787975102 0
endloop
endfacet
facet normal 0 0 -1
outer loop
vertex 244.91665125532592 -168.1969569070844 0
vertex 235.172797264963 -168.32753787975102 0
vertex 235.1726809801172 -168.1969569070844 0
endloop
endfacet
facet normal 0 0 -1
outer loop
vertex 365.84060732424757 -168.1969569070844 0
vertex 365.840420101968 -168.32753787975102 0
vertex 246.2424621202407 -168.32753787975102 0
endloop
endfacet
facet normal 0 0 -1
outer loop
vertex 365.84060732424757 -168.1969569070844 0
vertex 246.2424621202407 -168.32753787975102 0
vertex 246.083348744662 -168.1969569070844 0
endloop
endfacet
facet normal 0 0 -1
outer loop
vertex 244.75753787975697 -168.32753787975102 0
vertex 244.6269569071019 -168.48665125530596 0
vertex 235.17293895845756 -168.48665125530596 0
endloop
endfacet
facet normal 0 0 -1
outer loop
vertex 244.75753787975697 -168.32753787975102 0
vertex 235.17293895845756 -168.48665125530596 0
vertex 235.172797264963 -168.32753787975102 0
endloop
endfacet
facet normal 0 0 -1
outer loop
vertex 365.840420101968 -168.32753787975102 0
vertex 365.84019197096035 -168.48665125530596 0
vertex 246.3730430929147 -168.48665125530596 0
endloop
endfacet
facet normal 0 0 -1
outer loop
vertex 365.840420101968 -168.32753787975102 0
vertex 246.3730430929147 -168.48665125530596 0
vertex 246.2424621202407 -168.32753787975102 0
endloop
endfacet
facet normal 0 0 -1
outer loop
vertex 244.6269569071019 -168.48665125530596 0
vertex 244.5299264908454 -168.66818239602262 0
vertex 235.1731006153994 -168.66818239602262 0
endloop
endfacet
facet normal 0 0 -1
outer loop
vertex 244.6269569071019 -168.48665125530596 0
vertex 235.1731006153994 -168.66818239602262 0
vertex 235.17293895845756 -168.48665125530596 0
endloop
endfacet
facet normal 0 0 -1
outer loop
vertex 365.84019197096035 -168.48665125530596 0
vertex 365.8399316981711 -168.66818239602262 0
vertex 246.47007350915234 -168.66818239602262 0
endloop
endfacet
facet normal 0 0 -1
outer loop
vertex 365.84019197096035 -168.48665125530596 0
vertex 246.47007350915234 -168.66818239602262 0
vertex 246.3730430929147 -168.48665125530596 0
endloop
endfacet
facet normal 0 0 -1
outer loop
vertex 244.5299264908454 -168.66818239602262 0
vertex 244.4701754555715 -168.86515516189786 0
vertex 235.17327602340285 -168.86515516189786 0
endloop
endfacet
facet normal 0 0 -1
outer loop
vertex 244.5299264908454 -168.66818239602262 0
vertex 235.17327602340285 -168.86515516189786 0
vertex 235.1731006153994 -168.66818239602262 0
endloop
endfacet
facet normal 0 0 -1
outer loop
vertex 365.8399316981711 -168.66818239602262 0
vertex 365.8396492857378 -168.86515516189786 0
vertex 246.5298245444208 -168.86515516189786 0
endloop
endfacet
facet normal 0 0 -1
outer loop
vertex 365.8399316981711 -168.66818239602262 0
vertex 246.5298245444208 -168.86515516189786 0
vertex 246.47007350915234 -168.66818239602262 0
endloop
endfacet
facet normal 0 0 -1
outer loop
vertex 244.4701754555715 -168.86515516189786 0
vertex 244.45000000000226 -169.07000000000218 0
vertex 235.1734584416367 -169.07000000000218 0
endloop
endfacet
facet normal 0 0 -1
outer loop
vertex 244.4701754555715 -168.86515516189786 0
vertex 235.1734584416367 -169.07000000000218 0
vertex 235.17327602340285 -168.86515516189786 0
endloop
endfacet
facet normal 0 0 -1
outer loop
vertex 365.8396492857378 -168.86515516189786 0
vertex 365.83935558661176 -169.07000000000218 0
vertex 246.55000000000007 -169.07000000000218 0
endloop
endfacet
facet normal 0 0 -1
outer loop
vertex 365.8396492857378 -168.86515516189786 0
vertex 246.55000000000007 -169.07000000000218 0
vertex 246.5298245444208 -168.86515516189786 0
endloop
endfacet
facet normal 0 0 -1
outer loop
vertex 244.45000000000226 -169.07000000000218 0
vertex 244.47017545557458 -169.27484483809866 0
vertex 235.17364085987055 -169.27484483809866 0
endloop
endfacet
facet normal 0 0 -1
outer loop
vertex 244.45000000000226 -169.07000000000218 0
vertex 235.17364085987055 -169.27484483809866 0
vertex 235.1734584416367 -169.07000000000218 0
endloop
endfacet
facet normal 0 0 -1
outer loop
vertex 365.83935558661176 -169.07000000000218 0
vertex 365.83906188748574 -169.27484483809866 0
vertex 246.52982454307315 -169.27484483809866 0
endloop
endfacet
facet normal 0 0 -1
outer loop
vertex 365.83935558661176 -169.07000000000218 0
vertex 246.52982454307315 -169.27484483809866 0
vertex 246.55000000000007 -169.07000000000218 0
endloop
endfacet
facet normal 0 0 -1
outer loop
vertex 244.47017545557458 -169.27484483809866 0
vertex 244.52992649087548 -169.47181760401247 0
vertex 235.17381626787403 -169.47181760401247 0
endloop
endfacet
facet normal 0 0 -1
outer loop
vertex 244.47017545557458 -169.27484483809866 0
vertex 235.17381626787403 -169.47181760401247 0
vertex 235.17364085987055 -169.27484483809866 0
endloop
endfacet
facet normal 0 0 -1
outer loop
vertex 365.83906188748574 -169.27484483809866 0
vertex 365.8387794750523 -169.47181760401247 0
vertex 246.47007350913267 -169.47181760401247 0
endloop
endfacet
facet normal 0 0 -1
outer loop
vertex 365.83906188748574 -169.27484483809866 0
vertex 246.47007350913267 -169.47181760401247 0
vertex 246.52982454307315 -169.27484483809866 0
endloop
endfacet
facet normal 0 0 -1
outer loop
vertex 244.52992649087548 -169.47181760401247 0
vertex 244.62695690708426 -169.65334874468024 0
vertex 235.17397792481583 -169.65334874468024 0
endloop
endfacet
facet normal 0 0 -1
outer loop
vertex 244.52992649087548 -169.47181760401247 0
vertex 235.17397792481583 -169.65334874468024 0
vertex 235.17381626787403 -169.47181760401247 0
endloop
endfacet
facet normal 0 0 -1
outer loop
vertex 365.8387794750523 -169.47181760401247 0
vertex 365.83851920226317 -169.65334874468024 0
vertex 246.37304309291514 -169.65334874468024 0
endloop
endfacet
facet normal 0 0 -1
outer loop
vertex 365.8387794750523 -169.47181760401247 0
vertex 246.37304309291514 -169.65334874468024 0
vertex 246.47007350913267 -169.47181760401247 0
endloop
endfacet
facet normal 0 0 -1
outer loop
vertex 244.62695690708426 -169.65334874468024 0
vertex 244.75753787974122 -169.81246212023746 0
vertex 235.17411961831039 -169.81246212023746 0
endloop
endfacet
facet normal 0 0 -1
outer loop
vertex 244.62695690708426 -169.65334874468024 0
vertex 235.17411961831039 -169.81246212023746 0
vertex 235.17397792481583 -169.65334874468024 0
endloop
endfacet
facet normal 0 0 -1
outer loop
vertex 365.83851920226317 -169.65334874468024 0
vertex 365.83829107125547 -169.81246212023746 0
vertex 246.2424621202509 -169.81246212023746 0
endloop
endfacet
facet normal 0 0 -1
outer loop
vertex 365.83851920226317 -169.65334874468024 0
vertex 246.2424621202509 -169.81246212023746 0
vertex 246.37304309291514 -169.65334874468024 0
endloop
endfacet
facet normal 0 0 -1
outer loop
vertex 244.75753787974122 -169.81246212023746 0
vertex 244.91665125532415 -169.94304309291553 0
vertex 235.1742359031562 -169.94304309291553 0
endloop
endfacet
facet normal 0 0 -1
outer loop
vertex 244.75753787974122 -169.81246212023746 0
vertex 235.1742359031562 -169.94304309291553 0
vertex 235.17411961831039 -169.81246212023746 0
endloop
endfacet
facet normal 0 0 -1
outer loop
vertex 365.83829107125547 -169.81246212023746 0
vertex 365.8381038489759 -169.94304309291553 0
vertex 246.0833487446711 -169.94304309291553 0
endloop
endfacet
facet normal 0 0 -1
outer loop
vertex 365.83829107125547 -169.81246212023746 0
vertex 246.0833487446711 -169.94304309291553 0
vertex 246.2424621202509 -169.81246212023746 0
endloop
endfacet
facet normal 0 0 -1
outer loop
vertex 244.91665125532415 -169.94304309291553 0
vertex 245.09818239601097 -170.04007350913304 0
vertex 235.17432231059178 -170.04007350913304 0
endloop
endfacet
facet normal 0 0 -1
outer loop
vertex 244.91665125532415 -169.94304309291553 0
vertex 235.17432231059178 -170.04007350913304 0
vertex 235.1742359031562 -169.94304309291553 0
endloop
endfacet
facet normal 0 0 -1
outer loop
vertex 365.8381038489759 -169.94304309291553 0
vertex 365.8379647302717 -170.04007350913304 0
vertex 245.90181760398698 -170.04007350913304 0
endloop
endfacet
facet normal 0 0 -1
outer loop
vertex 365.8381038489759 -169.94304309291553 0
vertex 245.90181760398698 -170.04007350913304 0
vertex 246.0833487446711 -169.94304309291553 0
endloop
endfacet
facet normal 0 0 -1
outer loop
vertex 245.09818239601097 -170.04007350913304 0
vertex 245.29515516189167 -170.09982454442533 0
vertex 235.17437552002792 -170.09982454442533 0
endloop
endfacet
facet normal 0 0 -1
outer loop
vertex 245.09818239601097 -170.04007350913304 0
vertex 235.17437552002792 -170.09982454442533 0
vertex 235.17432231059178 -170.04007350913304 0
endloop
endfacet
facet normal 0 0 -1
outer loop
vertex 365.8379647302717 -170.04007350913304 0
vertex 365.8378790613966 -170.09982454442533 0
vertex 245.70484483810165 -170.09982454442533 0
endloop
endfacet
facet normal 0 0 -1
outer loop
vertex 365.8379647302717 -170.04007350913304 0
vertex 245.70484483810165 -170.09982454442533 0
vertex 245.90181760398698 -170.04007350913304 0
endloop
endfacet
facet normal 0 0 -1
outer loop
vertex 245.29515516189167 -170.09982454442533 0
vertex 245.50000000000176 -170.12000000000006 0
vertex 235.17439348665576 -170.12000000000006 0
endloop
endfacet
facet normal 0 0 -1
outer loop
vertex 245.29515516189167 -170.09982454442533 0
vertex 235.17439348665576 -170.12000000000006 0
vertex 235.17437552002792 -170.09982454442533 0
endloop
endfacet
facet normal 0 0 -1
outer loop
vertex 365.8378790613966 -170.09982454442533 0
vertex 365.8378501345575 -170.12000000000006 0
vertex 245.50000000000176 -170.12000000000006 0
endloop
endfacet
facet normal 0 0 -1
outer loop
vertex 365.8378790613966 -170.09982454442533 0
vertex 245.50000000000176 -170.12000000000006 0
vertex 245.70484483810165 -170.09982454442533 0
endloop
endfacet
facet normal 0 0 -1
outer loop
vertex 245.50000000000176 -170.12000000000006 0
vertex 365.8378501345575 -170.12000000000006 0
vertex 365.8244731177332 -179.45000000000024 0
endloop
endfacet
facet normal 0 0 -1
outer loop
vertex 245.50000000000176 -170.12000000000006 0
vertex 365.8244731177332 -179.45000000000024 0
vertex 355.49999999995066 -179.45000000000024 0
endloop
endfacet
facet normal 0 0 -1
outer loop
vertex 245.50000000000176 -170.12000000000006 0
vertex 355.49999999995066 -179.45000000000024 0
vertex 235.18270202953943 -179.45000000000024 0
endloop
endfacet
facet normal 0 0 -1
outer loop
vertex 245.50000000000176 -170.12000000000006 0
vertex 235.18270202953943 -179.45000000000024 0
vertex 235.17439348665576 -170.12000000000006 0
endloop
endfacet
facet normal 0 0 -1
outer loop
vertex 355.49999999995066 -179.45000000000024 0
vertex 355.29515516175155 -179.47017545558495 0
vertex 235.1827199961673 -179.47017545558495 0
endloop
endfacet
facet normal 0 0 -1
outer loop
vertex 355.49999999995066 -179.45000000000024 0
vertex 235.1827199961673 -179.47017545558495 0
vertex 235.18270202953943 -179.45000000000024 0
endloop
endfacet
facet normal 0 0 -1
outer loop
vertex 365.8244731177332 -179.45000000000024 0
vertex 365.8244441908941 -179.47017545558495 0
vertex 355.7048448381498 -179.47017545558495 0
endloop
endfacet
facet normal 0 0 -1
outer loop
vertex 365.8244731177332 -179.45000000000024 0
vertex 355.7048448381498 -179.47017545558495 0
vertex 355.49999999995066 -179.45000000000024 0
endloop
endfacet
facet normal 0 0 -1
outer loop
vertex 355.29515516175155 -179.47017545558495 0
vertex 355.0981823960407 -179.5299264908647 0
vertex 235.1827732056034 -179.5299264908647 0
endloop
endfacet
facet normal 0 0 -1
outer loop
vertex 355.29515516175155 -179.47017545558495 0
vertex 235.1827732056034 -179.5299264908647 0
vertex 235.1827199961673 -179.47017545558495 0
endloop
endfacet
facet normal 0 0 -1
outer loop
vertex 365.8244441908941 -179.47017545558495 0
vertex 365.82435852201905 -179.5299264908647 0
vertex 355.90181760399383 -179.5299264908647 0
endloop
endfacet
facet normal 0 0 -1
outer loop
vertex 365.8244441908941 -179.47017545558495 0
vertex 355.90181760399383 -179.5299264908647 0
vertex 355.7048448381498 -179.47017545558495 0
endloop
endfacet
facet normal 0 0 -1
outer loop
vertex 355.0981823960407 -179.5299264908647 0
vertex 354.91665125531244 -179.62695690709006 0
vertex 235.182859613039 -179.62695690709006 0
endloop
endfacet
facet normal 0 0 -1
outer loop
vertex 355.0981823960407 -179.5299264908647 0
vertex 235.182859613039 -179.62695690709006 0
vertex 235.1827732056034 -179.5299264908647 0
endloop
endfacet
facet normal 0 0 -1
outer loop
vertex 365.82435852201905 -179.5299264908647 0
vertex 365.8242194033148 -179.62695690709006 0
vertex 356.0833487446926 -179.62695690709006 0
endloop
endfacet
facet normal 0 0 -1
outer loop
vertex 365.82435852201905 -179.5299264908647 0
vertex 356.0833487446926 -179.62695690709006 0
vertex 355.90181760399383 -179.5299264908647 0
endloop
endfacet
facet normal 0 0 -1
outer loop
vertex 354.91665125531244 -179.62695690709006 0
vertex 354.7575378798167 -179.7575378797133 0
vertex 235.18297589788475 -179.7575378797133 0
endloop
endfacet
facet normal 0 0 -1
outer loop
vertex 354.91665125531244 -179.62695690709006 0
vertex 235.18297589788475 -179.7575378797133 0
vertex 235.182859613039 -179.62695690709006 0
endloop
endfacet
facet normal 0 0 -1
outer loop
vertex 365.8242194033148 -179.62695690709006 0
vertex 365.8240321810353 -179.7575378797133 0
vertex 356.24246212020876 -179.7575378797133 0
endloop
endfacet
facet normal 0 0 -1
outer loop
vertex 365.8242194033148 -179.62695690709006 0
vertex 356.24246212020876 -179.7575378797133 0
vertex 356.0833487446926 -179.62695690709006 0
endloop
endfacet
facet normal 0 0 -1
outer loop
vertex 354.7575378798167 -179.7575378797133 0
vertex 354.62695690704845 -179.9166512553478 0
vertex 235.18311759137939 -179.9166512553478 0
endloop
endfacet
facet normal 0 0 -1
outer loop
vertex 354.7575378798167 -179.7575378797133 0
vertex 235.18311759137939 -179.9166512553478 0
vertex 235.18297589788475 -179.7575378797133 0
endloop
endfacet
facet normal 0 0 -1
outer loop
vertex 365.8240321810353 -179.7575378797133 0
vertex 365.8238040500275 -179.9166512553478 0
vertex 356.37304309292915 -179.9166512553478 0
endloop
endfacet
facet normal 0 0 -1
outer loop
vertex 365.8240321810353 -179.7575378797133 0
vertex 356.37304309292915 -179.9166512553478 0
vertex 356.24246212020876 -179.7575378797133 0
endloop
endfacet
facet normal 0 0 -1
outer loop
vertex 354.62695690704845 -179.9166512553478 0
vertex 354.5299264908474 -180.09818239605994 0
vertex 235.1832792483212 -180.09818239605994 0
endloop
endfacet
facet normal 0 0 -1
outer loop
vertex 354.62695690704845 -179.9166512553478 0
vertex 235.1832792483212 -180.09818239605994 0
vertex 235.18311759137939 -179.9166512553478 0
endloop
endfacet
facet normal 0 0 -1
outer loop
vertex 365.8238040500275 -179.9166512553478 0
vertex 365.8235437772383 -180.09818239605994 0
vertex 356.47007350916164 -180.09818239605994 0
endloop
endfacet
facet normal 0 0 -1
outer loop
vertex 365.8238040500275 -179.9166512553478 0
vertex 356.47007350916164 -180.09818239605994 0
vertex 356.37304309292915 -179.9166512553478 0
endloop
endfacet
facet normal 0 0 -1
outer loop
vertex 354.5299264908474 -180.09818239605994 0
vertex 354.47017545560516 -180.29515516180777 0
vertex 235.18345465632456 -180.29515516180777 0
endloop
endfacet
facet normal 0 0 -1
outer loop
vertex 354.5299264908474 -180.09818239605994 0
vertex 235.18345465632456 -180.29515516180777 0
vertex 235.1832792483212 -180.09818239605994 0
endloop
endfacet
facet normal 0 0 -1
outer loop
vertex 365.8235437772383 -180.09818239605994 0
vertex 365.82326136480515 -180.29515516180777 0
vertex 356.52982454441224 -180.29515516180777 0
endloop
endfacet
facet normal 0 0 -1
outer loop
vertex 365.8235437772383 -180.09818239605994 0
vertex 356.52982454441224 -180.29515516180777 0
vertex 356.47007350916164 -180.09818239605994 0
endloop
endfacet
facet normal 0 0 -1
outer loop
vertex 354.47017545560516 -180.29515516180777 0
vertex 354.44999999999465 -180.50000000004107 0
vertex 235.18363707455853 -180.50000000004107 0
endloop
endfacet
facet normal 0 0 -1
outer loop
vertex 354.47017545560516 -180.29515516180777 0
vertex 235.18363707455853 -180.50000000004107 0
vertex 235.18345465632456 -180.29515516180777 0
endloop
endfacet
facet normal 0 0 -1
outer loop
vertex 365.82326136480515 -180.29515516180777 0
vertex 365.82296766567896 -180.50000000004107 0
vertex 356.55000000000035 -180.50000000004107 0
endloop
endfacet
facet normal 0 0 -1
outer loop
vertex 365.82326136480515 -180.29515516180777 0
vertex 356.55000000000035 -180.50000000004107 0
vertex 356.52982454441224 -180.29515516180777 0
endloop
endfacet
facet normal 0 0 -1
outer loop
vertex 354.44999999999465 -180.50000000004107 0
vertex 354.4701754555728 -180.70484483813473 0
vertex 235.18381949279237 -180.70484483813473 0
endloop
endfacet
facet normal 0 0 -1
outer loop
vertex 354.44999999999465 -180.50000000004107 0
vertex 235.18381949279237 -180.70484483813473 0
vertex 235.18363707455853 -180.50000000004107 0
endloop
endfacet
facet normal 0 0 -1
outer loop
vertex 365.82296766567896 -180.50000000004107 0
vertex 365.82267396655294 -180.70484483813473 0
vertex 356.529824544426 -180.70484483813473 0
endloop
endfacet
facet normal 0 0 -1
outer loop
vertex 365.82296766567896 -180.50000000004107 0
vertex 356.529824544426 -180.70484483813473 0
vertex 356.55000000000035 -180.50000000004107 0
endloop
endfacet
facet normal 0 0 -1
outer loop
vertex 354.4701754555728 -180.70484483813473 0
vertex 354.5299264908543 -180.90181760400583 0
vertex 235.18399490079582 -180.90181760400583 0
endloop
endfacet
facet normal 0 0 -1
outer loop
vertex 354.4701754555728 -180.70484483813473 0
vertex 235.18399490079582 -180.90181760400583 0
vertex 235.18381949279237 -180.70484483813473 0
endloop
endfacet
facet normal 0 0 -1
outer loop
vertex 365.82267396655294 -180.70484483813473 0
vertex 365.8223915541196 -180.90181760400583 0
vertex 356.4700735091325 -180.90181760400583 0
endloop
endfacet
facet normal 0 0 -1
outer loop
vertex 365.82267396655294 -180.70484483813473 0
vertex 356.4700735091325 -180.90181760400583 0
vertex 356.529824544426 -180.70484483813473 0
endloop
endfacet
facet normal 0 0 -1
outer loop
vertex 354.5299264908543 -180.90181760400583 0
vertex 354.6269569070746 -181.08334874465083 0
vertex 235.1841565577376 -181.08334874465083 0
endloop
endfacet
facet normal 0 0 -1
outer loop
vertex 354.5299264908543 -180.90181760400583 0
vertex 235.1841565577376 -181.08334874465083 0
vertex 235.18399490079582 -180.90181760400583 0
endloop
endfacet
facet normal 0 0 -1
outer loop
vertex 365.8223915541196 -180.90181760400583 0
vertex 365.8221312813305 -181.08334874465083 0
vertex 356.37304309292324 -181.08334874465083 0
endloop
endfacet
facet normal 0 0 -1
outer loop
vertex 365.8223915541196 -180.90181760400583 0
vertex 356.37304309292324 -181.08334874465083 0
vertex 356.4700735091325 -180.90181760400583 0
endloop
endfacet
facet normal 0 0 -1
outer loop
vertex 354.6269569070746 -181.08334874465083 0
vertex 354.75753787974594 -181.24246212022743 0
vertex 235.18429825123215 -181.24246212022743 0
endloop
endfacet
facet normal 0 0 -1
outer loop
vertex 354.6269569070746 -181.08334874465083 0
vertex 235.18429825123215 -181.24246212022743 0
vertex 235.1841565577376 -181.08334874465083 0
endloop
endfacet
facet normal 0 0 -1
outer loop
vertex 365.8221312813305 -181.08334874465083 0
vertex 365.8219031503227 -181.24246212022743 0
vertex 356.24246212025236 -181.24246212022743 0
endloop
endfacet
facet normal 0 0 -1
outer loop
vertex 365.8221312813305 -181.08334874465083 0
vertex 356.24246212025236 -181.24246212022743 0
vertex 356.37304309292324 -181.08334874465083 0
endloop
endfacet
facet normal 0 0 -1
outer loop
vertex 354.75753787974594 -181.24246212022743 0
vertex 354.9166512553502 -181.37304309293614 0
vertex 235.18441453607798 -181.37304309293614 0
endloop
endfacet
facet normal 0 0 -1
outer loop
vertex 354.75753787974594 -181.24246212022743 0
vertex 235.18441453607798 -181.37304309293614 0
vertex 235.18429825123215 -181.24246212022743 0
endloop
endfacet
facet normal 0 0 -1
outer loop
vertex 365.8219031503227 -181.24246212022743 0
vertex 365.82171592804315 -181.37304309293614 0
vertex 356.08334874467 -181.37304309293614 0
endloop
endfacet
facet normal 0 0 -1
outer loop
vertex 365.8219031503227 -181.24246212022743 0
vertex 356.08334874467 -181.37304309293614 0
vertex 356.24246212025236 -181.24246212022743 0
endloop
endfacet
facet normal 0 0 -1
outer loop
vertex 354.9166512553502 -181.37304309293614 0
vertex 355.0981823959833 -181.4700735091359 0
vertex 235.18450094351357 -181.4700735091359 0
endloop
endfacet
facet normal 0 0 -1
outer loop
vertex 354.9166512553502 -181.37304309293614 0
vertex 235.18450094351357 -181.4700735091359 0
vertex 235.18441453607798 -181.37304309293614 0
endloop
endfacet
facet normal 0 0 -1
outer loop
vertex 365.82171592804315 -181.37304309293614 0
vertex 365.8215768093389 -181.4700735091359 0
vertex 355.9018176039835 -181.4700735091359 0
endloop
endfacet
facet normal 0 0 -1
outer loop
vertex 365.82171592804315 -181.37304309293614 0
vertex 355.9018176039835 -181.4700735091359 0
vertex 356.08334874467 -181.37304309293614 0
endloop
endfacet
facet normal 0 0 -1
outer loop
vertex 355.0981823959833 -181.4700735091359 0
vertex 355.29515516188536 -181.52982454442252 0
vertex 235.1845541529497 -181.52982454442252 0
endloop
endfacet
facet normal 0 0 -1
outer loop
vertex 355.0981823959833 -181.4700735091359 0
vertex 235.1845541529497 -181.52982454442252 0
vertex 235.18450094351357 -181.4700735091359 0
endloop
endfacet
facet normal 0 0 -1
outer loop
vertex 365.8215768093389 -181.4700735091359 0
vertex 365.8214911404639 -181.52982454442252 0
vertex 355.70484483811794 -181.52982454442252 0
endloop
endfacet
facet normal 0 0 -1
outer loop
vertex 365.8215768093389 -181.4700735091359 0
vertex 355.70484483811794 -181.52982454442252 0
vertex 355.9018176039835 -181.4700735091359 0
endloop
endfacet
facet normal 0 0 -1
outer loop
vertex 355.29515516188536 -181.52982454442252 0
vertex 355.5000000000499 -181.55 0
vertex 235.18457211957755 -181.55 0
endloop
endfacet
facet normal 0 0 -1
outer loop
vertex 355.29515516188536 -181.52982454442252 0
vertex 235.18457211957755 -181.55 0
vertex 235.1845541529497 -181.52982454442252 0
endloop
endfacet
facet normal 0 0 -1
outer loop
vertex 365.8214911404639 -181.52982454442252 0
vertex 365.8214622136248 -181.55 0
vertex 355.5000000000499 -181.55 0
endloop
endfacet
facet normal 0 0 -1
outer loop
vertex 365.8214911404639 -181.52982454442252 0
vertex 355.5000000000499 -181.55 0
vertex 355.70484483811794 -181.52982454442252 0
endloop
endfacet
facet normal 0 0 -1
outer loop
vertex 355.5000000000499 -181.55 0
vertex 365.8214622136248 -181.55 0
vertex 365.8003906343523 -196.2466874 0
endloop
endfacet
facet normal 0 0 -1
outer loop
vertex 355.5000000000499 -181.55 0
vertex 365.8003906343523 -196.2466874 0
vertex 235.19765979991095 -196.2466874 0
endloop
endfacet
facet normal 0 0 -1
outer loop
vertex 355.5000000000499 -181.55 0
vertex 235.19765979991095 -196.2466874 0
vertex 235.18457211957755 -181.55 0
endloop
endfacet
facet normal 0 0 -1
outer loop
vertex 365.8003906343523 -196.2466874 0
vertex 365.79464664999995 -200.2529149999999 0
vertex 365.66352067421786 -201.72731202003473 0
endloop
endfacet
facet normal 0 0 -1
outer loop
vertex 365.8003906343523 -196.2466874 0
vertex 365.66352067421786 -201.72731202003473 0
vertex 365.2786020174579 -203.1566049297947 0
endloop
endfacet
facet normal 0 0 -1
outer loop
vertex 365.8003906343523 -196.2466874 0
vertex 365.2786020174579 -203.1566049297947 0
vertex 364.65156365414856 -204.49744924780887 0
endloop
endfacet
facet normal 0 0 -1
outer loop
vertex 365.8003906343523 -196.2466874 0
vertex 364.65156365414856 -204.49744924780887 0
vertex 363.8014210376898 -205.70918276879954 0
endloop
endfacet
facet normal 0 0 -1
outer loop
vertex 365.8003906343523 -196.2466874 0
vertex 363.8014210376898 -205.70918276879954 0
vertex 362.7539554412097 -206.75505867845726 0
endloop
endfacet
facet normal 0 0 -1
outer loop
vertex 365.8003906343523 -196.2466874 0
vertex 362.7539554412097 -206.75505867845726 0
vertex 361.54093211928216 -207.60335993076777 0
endloop
endfacet
facet normal 0 0 -1
outer loop
vertex 365.8003906343523 -196.2466874 0
vertex 361.54093211928216 -207.60335993076777 0
vertex 360.1991370004886 -208.2283610934821 0
endloop
endfacet
facet normal 0 0 -1
outer loop
vertex 365.8003906343523 -196.2466874 0
vertex 360.1991370004886 -208.2283610934821 0
vertex 358.76926112392175 -208.6111084929824 0
endloop
endfacet
facet normal 0 0 -1
outer loop
vertex 365.8003906343523 -196.2466874 0
vertex 358.76926112392175 -208.6111084929824 0
vertex 357.29466330000014 -208.74 0
endloop
endfacet
facet normal 0 0 -1
outer loop
vertex 365.8003906343523 -196.2466874 0
vertex 357.29466330000014 -208.74 0
vertex 293.64221049999975 -208.74 0
endloop
endfacet
facet normal 0 0 -1
outer loop
vertex 365.8003906343523 -196.2466874 0
vertex 293.64221049999975 -208.74 0
vertex 220.4603348392897 -208.74 0
endloop
endfacet
facet normal 0 0 -1
outer loop
vertex 365.8003906343523 -196.2466874 0
vertex 220.4603348392897 -208.74 0
vertex 219.36607484999988 -205.73354199999997 0
endloop
endfacet
facet normal 0 0 -1
outer loop
vertex 365.8003906343523 -196.2466874 0
vertex 219.36607484999988 -205.73354199999997 0
vertex 219.20817028327556 -205.14424070408685 0
endloop
endfacet
facet normal 0 0 -1
outer loop
vertex 365.8003906343523 -196.2466874 0
vertex 219.20817028327556 -205.14424070408685 0
vertex 219.1549957119123 -204.53647238102508 0
endloop
endfacet
facet normal 0 0 -1
outer loop
vertex 365.8003906343523 -196.2466874 0
vertex 219.1549957119123 -204.53647238102508 0
vertex 219.20816681756492 -203.92870375475283 0
endloop
endfacet
facet normal 0 0 -1
outer loop
vertex 365.8003906343523 -196.2466874 0
vertex 219.20816681756492 -203.92870375475283 0
vertex 219.36606802388275 -203.3394015584216 0
endloop
endfacet
facet normal 0 0 -1
outer loop
vertex 365.8003906343523 -196.2466874 0
vertex 219.36606802388275 -203.3394015584216 0
vertex 219.62390158495415 -202.78647143232777 0
endloop
endfacet
facet normal 0 0 -1
outer loop
vertex 365.8003906343523 -196.2466874 0
vertex 219.62390158495415 -202.78647143232777 0
vertex 219.97383336232056 -202.2867138703573 0
endloop
endfacet
facet normal 0 0 -1
outer loop
vertex 365.8003906343523 -196.2466874 0
vertex 219.97383336232056 -202.2867138703573 0
vertex 220.4052308611887 -201.85531374573108 0
endloop
endfacet
facet normal 0 0 -1
outer loop
vertex 365.8003906343523 -196.2466874 0
vertex 220.4052308611887 -201.85531374573108 0
vertex 220.9049862932499 -201.5053789265396 0
endloop
endfacet
facet normal 0 0 -1
outer loop
vertex 365.8003906343523 -196.2466874 0
vertex 220.9049862932499 -201.5053789265396 0
vertex 221.4579196999995 -201.247544 0
endloop
endfacet
facet normal 0 0 -1
outer loop
vertex 365.8003906343523 -196.2466874 0
vertex 221.4579196999995 -201.247544 0
vertex 235.19765979991095 -196.2466874 0
endloop
endfacet
facet normal 0 0 -1
outer loop
vertex 293.64221049999975 -208.74 0
vertex 275.3829129000005 -211.95960679999993 0
vertex 221.63217454032429 -211.95960679999993 0
endloop
endfacet
facet normal 0 0 -1
outer loop
vertex 293.64221049999975 -208.74 0
vertex 221.63217454032429 -211.95960679999993 0
vertex 220.4603348392897 -208.74 0
endloop
endfacet
facet normal 0 0 -1
outer loop
vertex 275.3829129000005 -211.95960679999993 0
vertex 274.77404933096176 -212.12275130000032 0
vertex 248.70476680000345 -212.12275130000032 0
endloop
endfacet
facet normal 0 0 -1
outer loop
vertex 275.3829129000005 -211.95960679999993 0
vertex 248.70476680000345 -212.12275130000032 0
vertex 221.6915542142975 -212.12275130000032 0
endloop
endfacet
facet normal 0 0 -1
outer loop
vertex 275.3829129000005 -211.95960679999993 0
vertex 221.6915542142975 -212.12275130000032 0
vertex 221.63217454032429 -211.95960679999993 0
endloop
endfacet
facet normal 0 0 -1
outer loop
vertex 248.70476680000345 -212.12275130000032 0
vertex 248.49992196189777 -212.14292675557581 0
vertex 221.6988974711914 -212.14292675557581 0
endloop
endfacet
facet normal 0 0 -1
outer loop
vertex 248.70476680000345 -212.12275130000032 0
vertex 221.6988974711914 -212.14292675557581 0
vertex 221.6915542142975 -212.12275130000032 0
endloop
endfacet
facet normal 0 0 -1
outer loop
vertex 274.77404933096176 -212.12275130000032 0
vertex 274.6987535049385 -212.14292675557581 0
vertex 248.90961163812761 -212.14292675557581 0
endloop
endfacet
facet normal 0 0 -1
outer loop
vertex 274.77404933096176 -212.12275130000032 0
vertex 248.90961163812761 -212.14292675557581 0
vertex 248.70476680000345 -212.12275130000032 0
endloop
endfacet
facet normal 0 0 -1
outer loop
vertex 248.49992196189777 -212.14292675557581 0
vertex 248.30294919595195 -212.2026777908752 0
vertex 221.72064504463478 -212.2026777908752 0
endloop
endfacet
facet normal 0 0 -1
outer loop
vertex 248.49992196189777 -212.14292675557581 0
vertex 221.72064504463478 -212.2026777908752 0
vertex 221.6988974711914 -212.14292675557581 0
endloop
endfacet
facet normal 0 0 -1
outer loop
vertex 274.6987535049385 -212.14292675557581 0
vertex 274.4757596031762 -212.2026777908752 0
vertex 249.10658440402304 -212.2026777908752 0
endloop
endfacet
facet normal 0 0 -1
outer loop
vertex 274.6987535049385 -212.14292675557581 0
vertex 249.10658440402304 -212.2026777908752 0
vertex 248.90961163812761 -212.14292675557581 0
endloop
endfacet
facet normal 0 0 -1
outer loop
vertex 248.30294919595195 -212.2026777908752 0
vertex 248.12141805538857 -212.29970820706603 0
vertex 221.75596118755644 -212.29970820706603 0
endloop
endfacet
facet normal 0 0 -1
outer loop
vertex 248.30294919595195 -212.2026777908752 0
vertex 221.75596118755644 -212.29970820706603 0
vertex 221.72064504463478 -212.2026777908752 0
endloop
endfacet
facet normal 0 0 -1
outer loop
vertex 274.4757596031762 -212.2026777908752 0
vertex 274.1136371564672 -212.29970820706603 0
vertex 249.28811554462106 -212.29970820706603 0
endloop
endfacet
facet normal 0 0 -1
outer loop
vertex 274.4757596031762 -212.2026777908752 0
vertex 249.28811554462106 -212.29970820706603 0
vertex 249.10658440402304 -212.2026777908752 0
endloop
endfacet
facet normal 0 0 -1
outer loop
vertex 248.12141805538857 -212.29970820706603 0
vertex 247.96230467972555 -212.4302891797669 0
vertex 221.80348872042492 -212.4302891797669 0
endloop
endfacet
facet normal 0 0 -1
outer loop
vertex 248.12141805538857 -212.29970820706603 0
vertex 221.80348872042492 -212.4302891797669 0
vertex 221.75596118755644 -212.29970820706603 0
endloop
endfacet
facet normal 0 0 -1
outer loop
vertex 274.1136371564672 -212.29970820706603 0
vertex 273.6263023269938 -212.4302891797669 0
vertex 249.44722892026275 -212.4302891797669 0
endloop
endfacet
facet normal 0 0 -1
outer loop
vertex 274.1136371564672 -212.29970820706603 0
vertex 249.44722892026275 -212.4302891797669 0
vertex 249.28811554462106 -212.29970820706603 0
endloop
endfacet
facet normal 0 0 -1
outer loop
vertex 247.96230467972555 -212.4302891797669 0
vertex 247.83172370708573 -212.58940255533867 0
vertex 221.8614011867735 -212.58940255533867 0
endloop
endfacet
facet normal 0 0 -1
outer loop
vertex 247.96230467972555 -212.4302891797669 0
vertex 221.8614011867735 -212.58940255533867 0
vertex 221.80348872042492 -212.4302891797669 0
endloop
endfacet
facet normal 0 0 -1
outer loop
vertex 273.6263023269938 -212.4302891797669 0
vertex 273.0324831192841 -212.58940255533867 0
vertex 249.5778098929147 -212.58940255533867 0
endloop
endfacet
facet normal 0 0 -1
outer loop
vertex 273.6263023269938 -212.4302891797669 0
vertex 249.5778098929147 -212.58940255533867 0
vertex 249.44722892026275 -212.4302891797669 0
endloop
endfacet
facet normal 0 0 -1
outer loop
vertex 247.83172370708573 -212.58940255533867 0
vertex 247.73469329087763 -212.7709336959916 0
vertex 221.92747304299866 -212.7709336959916 0
endloop
endfacet
facet normal 0 0 -1
outer loop
vertex 247.83172370708573 -212.58940255533867 0
vertex 221.92747304299866 -212.7709336959916 0
vertex 221.8614011867735 -212.58940255533867 0
endloop
endfacet
facet normal 0 0 -1
outer loop
vertex 273.0324831192841 -212.58940255533867 0
vertex 272.35499967246636 -212.7709336959916 0
vertex 249.6748403091451 -212.7709336959916 0
endloop
endfacet
facet normal 0 0 -1
outer loop
vertex 273.0324831192841 -212.58940255533867 0
vertex 249.6748403091451 -212.7709336959916 0
vertex 249.5778098929147 -212.58940255533867 0
endloop
endfacet
facet normal 0 0 -1
outer loop
vertex 247.73469329087763 -212.7709336959916 0
vertex 247.6749422555663 -212.96790646188353 0
vertex 221.99916518475175 -212.96790646188353 0
endloop
endfacet
facet normal 0 0 -1
outer loop
vertex 247.73469329087763 -212.7709336959916 0
vertex 221.99916518475175 -212.96790646188353 0
vertex 221.92747304299866 -212.7709336959916 0
endloop
endfacet
facet normal 0 0 -1
outer loop
vertex 272.35499967246636 -212.7709336959916 0
vertex 271.6198872951315 -212.96790646188353 0
vertex 249.7345913444202 -212.96790646188353 0
endloop
endfacet
facet normal 0 0 -1
outer loop
vertex 272.35499967246636 -212.7709336959916 0
vertex 249.7345913444202 -212.96790646188353 0
vertex 249.6748403091451 -212.7709336959916 0
endloop
endfacet
facet normal 0 0 -1
outer loop
vertex 247.6749422555663 -212.96790646188353 0
vertex 247.65476680000089 -213.1727513000057 0
vertex 222.07372252320175 -213.1727513000057 0
endloop
endfacet
facet normal 0 0 -1
outer loop
vertex 247.6749422555663 -212.96790646188353 0
vertex 222.07372252320175 -213.1727513000057 0
vertex 221.99916518475175 -212.96790646188353 0
endloop
endfacet
facet normal 0 0 -1
outer loop
vertex 271.6198872951315 -212.96790646188353 0
vertex 270.85539594398 -213.1727513000057 0
vertex 249.75476679999971 -213.1727513000057 0
endloop
endfacet
facet normal 0 0 -1
outer loop
vertex 271.6198872951315 -212.96790646188353 0
vertex 249.75476679999971 -213.1727513000057 0
vertex 249.7345913444202 -212.96790646188353 0
endloop
endfacet
facet normal 0 0 -1
outer loop
vertex 247.65476680000089 -213.1727513000057 0
vertex 247.6749422553149 -213.37759613811423 0
vertex 222.14827986164678 -213.37759613811423 0
endloop
endfacet
facet normal 0 0 -1
outer loop
vertex 247.65476680000089 -213.1727513000057 0
vertex 222.14827986164678 -213.37759613811423 0
vertex 222.07372252320175 -213.1727513000057 0
endloop
endfacet
facet normal 0 0 -1
outer loop
vertex 270.85539594398 -213.1727513000057 0
vertex 270.09090459287944 -213.37759613811423 0
vertex 249.7345913444239 -213.37759613811423 0
endloop
endfacet
facet normal 0 0 -1
outer loop
vertex 270.85539594398 -213.1727513000057 0
vertex 249.7345913444239 -213.37759613811423 0
vertex 249.75476679999971 -213.1727513000057 0
endloop
endfacet
facet normal 0 0 -1
outer loop
vertex 247.6749422553149 -213.37759613811423 0
vertex 247.73469329087067 -213.57456890401298 0
vertex 222.21997200340235 -213.57456890401298 0
endloop
endfacet
facet normal 0 0 -1
outer loop
vertex 247.6749422553149 -213.37759613811423 0
vertex 222.21997200340235 -213.57456890401298 0
vertex 222.14827986164678 -213.37759613811423 0
endloop
endfacet
facet normal 0 0 -1
outer loop
vertex 270.09090459287944 -213.37759613811423 0
vertex 269.3557922155191 -213.57456890401298 0
vertex 249.67484030913434 -213.57456890401298 0
endloop
endfacet
facet normal 0 0 -1
outer loop
vertex 270.09090459287944 -213.37759613811423 0
vertex 249.67484030913434 -213.57456890401298 0
vertex 249.7345913444239 -213.37759613811423 0
endloop
endfacet
facet normal 0 0 -1
outer loop
vertex 247.73469329087067 -213.57456890401298 0
vertex 247.8317237070616 -213.756100044642 0
vertex 222.28604385961884 -213.756100044642 0
endloop
endfacet
facet normal 0 0 -1
outer loop
vertex 247.73469329087067 -213.57456890401298 0
vertex 222.28604385961884 -213.756100044642 0
vertex 222.21997200340235 -213.57456890401298 0
endloop
endfacet
facet normal 0 0 -1
outer loop
vertex 269.3557922155191 -213.57456890401298 0
vertex 268.6783087687906 -213.756100044642 0
vertex 249.5778098929134 -213.756100044642 0
endloop
endfacet
facet normal 0 0 -1
outer loop
vertex 269.3557922155191 -213.57456890401298 0
vertex 249.5778098929134 -213.756100044642 0
vertex 249.67484030913434 -213.57456890401298 0
endloop
endfacet
facet normal 0 0 -1
outer loop
vertex 247.8317237070616 -213.756100044642 0
vertex 247.9623046797945 -213.91521342025723 0
vertex 222.3439563259832 -213.91521342025723 0
endloop
endfacet
facet normal 0 0 -1
outer loop
vertex 247.8317237070616 -213.756100044642 0
vertex 222.3439563259832 -213.91521342025723 0
vertex 222.28604385961884 -213.756100044642 0
endloop
endfacet
facet normal 0 0 -1
outer loop
vertex 268.6783087687906 -213.756100044642 0
vertex 268.0844895609187 -213.91521342025723 0
vertex 249.4472289202468 -213.91521342025723 0
endloop
endfacet
facet normal 0 0 -1
outer loop
vertex 268.6783087687906 -213.756100044642 0
vertex 249.4472289202468 -213.91521342025723 0
vertex 249.5778098929134 -213.756100044642 0
endloop
endfacet
facet normal 0 0 -1
outer loop
vertex 247.9623046797945 -213.91521342025723 0
vertex 248.1214180552606 -214.0457943929121 0
vertex 222.39148385883496 -214.0457943929121 0
endloop
endfacet
facet normal 0 0 -1
outer loop
vertex 247.9623046797945 -213.91521342025723 0
vertex 222.39148385883496 -214.0457943929121 0
vertex 222.3439563259832 -213.91521342025723 0
endloop
endfacet
facet normal 0 0 -1
outer loop
vertex 268.0844895609187 -213.91521342025723 0
vertex 267.5971547316171 -214.0457943929121 0
vertex 249.28811554468126 -214.0457943929121 0
endloop
endfacet
facet normal 0 0 -1
outer loop
vertex 268.0844895609187 -213.91521342025723 0
vertex 249.28811554468126 -214.0457943929121 0
vertex 249.4472289202468 -213.91521342025723 0
endloop
endfacet
facet normal 0 0 -1
outer loop
vertex 248.1214180552606 -214.0457943929121 0
vertex 248.30294919608707 -214.14282480913923 0
vertex 222.42680000176983 -214.14282480913923 0
endloop
endfacet
facet normal 0 0 -1
outer loop
vertex 248.1214180552606 -214.0457943929121 0
vertex 222.42680000176983 -214.14282480913923 0
vertex 222.39148385883496 -214.0457943929121 0
endloop
endfacet
facet normal 0 0 -1
outer loop
vertex 267.5971547316171 -214.0457943929121 0
vertex 267.2350322847725 -214.14282480913923 0
vertex 249.10658440397992 -214.14282480913923 0
endloop
endfacet
facet normal 0 0 -1
outer loop
vertex 267.5971547316171 -214.0457943929121 0
vertex 249.10658440397992 -214.14282480913923 0
vertex 249.28811554468126 -214.0457943929121 0
endloop
endfacet
facet normal 0 0 -1
outer loop
vertex 248.30294919608707 -214.14282480913923 0
vertex 248.4999219618631 -214.20257584442354 0
vertex 222.4485475752077 -214.20257584442354 0
endloop
endfacet
facet normal 0 0 -1
outer loop
vertex 248.30294919608707 -214.14282480913923 0
vertex 222.4485475752077 -214.20257584442354 0
vertex 222.42680000176983 -214.14282480913923 0
endloop
endfacet
facet normal 0 0 -1
outer loop
vertex 267.2350322847725 -214.14282480913923 0
vertex 267.0120383830665 -214.20257584442354 0
vertex 248.90961163810184 -214.20257584442354 0
endloop
endfacet
facet normal 0 0 -1
outer loop
vertex 267.2350322847725 -214.14282480913923 0
vertex 248.90961163810184 -214.20257584442354 0
vertex 249.10658440397992 -214.14282480913923 0
endloop
endfacet
facet normal 0 0 -1
outer loop
vertex 248.4999219618631 -214.20257584442354 0
vertex 248.70476679999314 -214.2227513000003 0
vertex 222.45589083210209 -214.2227513000003 0
endloop
endfacet
facet normal 0 0 -1
outer loop
vertex 248.4999219618631 -214.20257584442354 0
vertex 222.45589083210209 -214.2227513000003 0
vertex 222.4485475752077 -214.20257584442354 0
endloop
endfacet
facet normal 0 0 -1
outer loop
vertex 267.0120383830665 -214.20257584442354 0
vertex 266.9367425570385 -214.2227513000003 0
vertex 248.70476679999314 -214.2227513000003 0
endloop
endfacet
facet normal 0 0 -1
outer loop
vertex 267.0120383830665 -214.20257584442354 0
vertex 248.70476679999314 -214.2227513000003 0
vertex 248.90961163810184 -214.20257584442354 0
endloop
endfacet
facet normal 0 0 -1
outer loop
vertex 248.70476679999314 -214.2227513000003 0
vertex 266.9367425570385 -214.2227513000003 0
vertex 248.12509059999886 -219.26331820000024 0
endloop
endfacet
facet normal 0 0 -1
outer loop
vertex 248.70476679999314 -214.2227513000003 0
vertex 248.12509059999886 -219.26331820000024 0
vertex 224.29050504932295 -219.26331820000024 0
endloop
endfacet
facet normal 0 0 -1
outer loop
vertex 248.70476679999314 -214.2227513000003 0
vertex 224.29050504932295 -219.26331820000024 0
vertex 222.45589083210209 -214.2227513000003 0
endloop
endfacet
facet normal 0 0 -1
outer loop
vertex 248.12509059999886 -219.26331820000024 0
vertex 230.3675449499995 -225.7265415000001 0
vertex 229.8383050099051 -225.87331310115178 0
endloop
endfacet
facet normal 0 0 -1
outer loop
vertex 248.12509059999886 -219.26331820000024 0
vertex 229.8383050099051 -225.87331310115178 0
vertex 229.292620735942 -225.93548616803608 0
endloop
endfacet
facet normal 0 0 -1
outer loop
vertex 248.12509059999886 -219.26331820000024 0
vertex 229.292620735942 -225.93548616803608 0
vertex 228.74392873770594 -225.91152978750972 0
endloop
endfacet
facet normal 0 0 -1
outer loop
vertex 248.12509059999886 -219.26331820000024 0
vertex 228.74392873770594 -225.91152978750972 0
vertex 228.20573968523038 -225.80203384743973 0
endloop
endfacet
facet normal 0 0 -1
outer loop
vertex 248.12509059999886 -219.26331820000024 0
vertex 228.20573968523038 -225.80203384743973 0
vertex 227.69130563017148 -225.60969451165033 0
endloop
endfacet
facet normal 0 0 -1
outer loop
vertex 248.12509059999886 -219.26331820000024 0
vertex 227.69130563017148 -225.60969451165033 0
vertex 227.21329369505747 -225.33924783116618 0
endloop
endfacet
facet normal 0 0 -1
outer loop
vertex 248.12509059999886 -219.26331820000024 0
vertex 227.21329369505747 -225.33924783116618 0
vertex 226.78347416549198 -224.99735312646823 0
endloop
endfacet
facet normal 0 0 -1
outer loop
vertex 248.12509059999886 -219.26331820000024 0
vertex 226.78347416549198 -224.99735312646823 0
vertex 226.41243066554216 -224.59242901229194 0
endloop
endfacet
facet normal 0 0 -1
outer loop
vertex 248.12509059999886 -219.26331820000024 0
vertex 226.41243066554216 -224.59242901229194 0
vertex 226.10929955278593 -224.13444610259447 0
endloop
endfacet
facet normal 0 0 -1
outer loop
vertex 248.12509059999886 -219.26331820000024 0
vertex 226.10929955278593 -224.13444610259447 0
vertex 225.88154990000012 -223.6346830000002 0
endloop
endfacet
facet normal 0 0 -1
outer loop
vertex 248.12509059999886 -219.26331820000024 0
vertex 225.88154990000012 -223.6346830000002 0
vertex 224.29050504932295 -219.26331820000024 0
endloop
endfacet
facet normal 0 0 1
outer loop
vertex 229.838305009905 -225.87331310115178 2
vertex 230.36754495000002 -225.72654150000017 2
vertex 235.28258304058753 -223.93761250935597 2
endloop
endfacet
facet normal 0 0 1
outer loop
vertex 229.838305009905 -225.87331310115178 2
vertex 235.28258304058753 -223.93761250935597 2
vertex 229.17047224036244 -223.93761250935597 2
endloop
endfacet
facet normal 0 0 1
outer loop
vertex 229.838305009905 -225.87331310115178 2
vertex 229.17047224036244 -223.93761250935597 2
vertex 226.01959948832754 -223.93761250935597 2
endloop
endfacet
facet normal 0 0 1
outer loop
vertex 229.838305009905 -225.87331310115178 2
vertex 226.01959948832754 -223.93761250935597 2
vertex 226.10929955278587 -224.1344461025943 2
endloop
endfacet
facet normal 0 0 1
outer loop
vertex 229.838305009905 -225.87331310115178 2
vertex 226.10929955278587 -224.1344461025943 2
vertex 226.41243066554216 -224.59242901229197 2
endloop
endfacet
facet normal 0 0 1
outer loop
vertex 229.838305009905 -225.87331310115178 2
vertex 226.41243066554216 -224.59242901229197 2
vertex 226.78347416549195 -224.99735312646845 2
endloop
endfacet
facet normal 0 0 1
outer loop
vertex 229.838305009905 -225.87331310115178 2
vertex 226.78347416549195 -224.99735312646845 2
vertex 227.21329369505753 -225.33924783116615 2
endloop
endfacet
facet normal 0 0 1
outer loop
vertex 229.838305009905 -225.87331310115178 2
vertex 227.21329369505753 -225.33924783116615 2
vertex 227.6913056301714 -225.6096945116503 2
endloop
endfacet
facet normal 0 0 1
outer loop
vertex 229.838305009905 -225.87331310115178 2
vertex 227.6913056301714 -225.6096945116503 2
vertex 228.2057396852303 -225.8020338474398 2
endloop
endfacet
facet normal 0 0 1
outer loop
vertex 229.838305009905 -225.87331310115178 2
vertex 228.2057396852303 -225.8020338474398 2
vertex 228.74392873770594 -225.91152978750972 2
endloop
endfacet
facet normal 0 0 1
outer loop
vertex 229.838305009905 -225.87331310115178 2
vertex 228.74392873770594 -225.91152978750972 2
vertex 229.29262073594208 -225.93548616803608 2
endloop
endfacet
facet normal 0 0 1
outer loop
vertex 235.28258304058753 -223.93761250935597 2
vertex 235.34518784629847 -223.91482620539946 2
vertex 229.430944134483 -223.91482620539946 2
endloop
endfacet
facet normal 0 0 1
outer loop
vertex 235.28258304058753 -223.93761250935597 2
vertex 229.430944134483 -223.91482620539946 2
vertex 229.17047224036244 -223.93761250935597 2
endloop
endfacet
facet normal 0 0 1
outer loop
vertex 229.17047224036244 -223.93761250935597 2
vertex 228.91000069100204 -223.91482226446954 2
vertex 226.00921362684068 -223.91482226446954 2
endloop
endfacet
facet normal 0 0 1
outer loop
vertex 229.17047224036244 -223.93761250935597 2
vertex 226.00921362684068 -223.91482226446954 2
vertex 226.01959948832754 -223.93761250935597 2
endloop
endfacet
facet normal 0 0 1
outer loop
vertex 235.34518784629847 -223.91482620539946 2
vertex 235.5311226978995 -223.84715139998195 2
vertex 229.6835042000221 -223.84715139998195 2
endloop
endfacet
facet normal 0 0 1
outer loop
vertex 235.34518784629847 -223.91482620539946 2
vertex 229.6835042000221 -223.84715139998195 2
vertex 229.430944134483 -223.91482620539946 2
endloop
endfacet
facet normal 0 0 1
outer loop
vertex 228.91000069100204 -223.91482226446954 2
vertex 228.65744374935534 -223.847147937873 2
vertex 225.97837340613438 -223.847147937873 2
endloop
endfacet
facet normal 0 0 1
outer loop
vertex 228.91000069100204 -223.91482226446954 2
vertex 225.97837340613438 -223.847147937873 2
vertex 226.00921362684068 -223.91482226446954 2
endloop
endfacet
facet normal 0 0 1
outer loop
vertex 228.65744374935534 -223.847147937873 2
vertex 228.42047519785734 -223.7366457710894 2
vertex 225.92801588676892 -223.7366457710894 2
endloop
endfacet
facet normal 0 0 1
outer loop
vertex 228.65744374935534 -223.847147937873 2
vertex 225.92801588676892 -223.7366457710894 2
vertex 225.97837340613438 -223.847147937873 2
endloop
endfacet
facet normal 0 0 1
outer loop
vertex 228.42047519785734 -223.7366457710894 2
vertex 228.2062951756853 -223.58667330235397 2
vertex 225.8640758190856 -223.58667330235397 2
endloop
endfacet
facet normal 0 0 1
outer loop
vertex 228.42047519785734 -223.7366457710894 2
vertex 225.8640758190856 -223.58667330235397 2
vertex 225.8815499000003 -223.63468300000036 2
endloop
endfacet
facet normal 0 0 1
outer loop
vertex 228.42047519785734 -223.7366457710894 2
vertex 225.8815499000003 -223.63468300000036 2
vertex 225.92801588676892 -223.7366457710894 2
endloop
endfacet
facet normal 0 0 1
outer loop
vertex 228.2062951756853 -223.58667330235397 2
vertex 228.02141140702824 -223.40178735006006 2
vertex 225.79678291267797 -223.40178735006006 2
endloop
endfacet
facet normal 0 0 1
outer loop
vertex 228.2062951756853 -223.58667330235397 2
vertex 225.79678291267797 -223.40178735006006 2
vertex 225.8640758190856 -223.58667330235397 2
endloop
endfacet
facet normal 0 0 1
outer loop
vertex 228.02141140702824 -223.40178735006006 2
vertex 227.87144146798258 -223.18760555662243 2
vertex 225.71882720430105 -223.18760555662243 2
endloop
endfacet
facet normal 0 0 1
outer loop
vertex 228.02141140702824 -223.40178735006006 2
vertex 225.71882720430105 -223.18760555662243 2
vertex 225.79678291267797 -223.40178735006006 2
endloop
endfacet
facet normal 0 0 1
outer loop
vertex 227.87144146798258 -223.18760555662243 2
vertex 227.76094210002006 -222.95063570005115 2
vertex 225.6325773287328 -222.95063570005115 2
endloop
endfacet
facet normal 0 0 1
outer loop
vertex 227.87144146798258 -223.18760555662243 2
vertex 225.6325773287328 -222.95063570005115 2
vertex 225.71882720430105 -223.18760555662243 2
endloop
endfacet
facet normal 0 0 1
outer loop
vertex 235.5311226978995 -223.84715139998195 2
vertex 248.125090874747 -219.26331820000016 2
vertex 242.27748229039491 -219.26331820000016 2
endloop
endfacet
facet normal 0 0 1
outer loop
vertex 235.5311226978995 -223.84715139998195 2
vertex 242.27748229039491 -219.26331820000016 2
vertex 229.6835042000221 -223.84715139998195 2
endloop
endfacet
facet normal 0 0 1
outer loop
vertex 246.83906650007364 -215.47468179997745 2
vertex 227.16826333354763 -215.47468179997745 2
vertex 229.4693101999988 -221.7967561203958 2
endloop
endfacet
facet normal 0 0 1
outer loop
vertex 246.83906650007364 -215.47468179997745 2
vertex 246.92169592268957 -215.44663551139837 2
vertex 227.15805531931244 -215.44663551139837 2
endloop
endfacet
facet normal 0 0 1
outer loop
vertex 246.83906650007364 -215.47468179997745 2
vertex 227.15805531931244 -215.44663551139837 2
vertex 227.16826333354763 -215.47468179997745 2
endloop
endfacet
facet normal 0 0 1
outer loop
vertex 246.92169592268957 -215.44663551139837 2
vertex 247.00546824989436 -215.42222090002758 2
vertex 227.14916912748293 -215.42222090002758 2
endloop
endfacet
facet normal 0 0 1
outer loop
vertex 246.92169592268957 -215.44663551139837 2
vertex 227.14916912748293 -215.42222090002758 2
vertex 227.15805531931244 -215.44663551139837 2
endloop
endfacet
facet normal 0 0 1
outer loop
vertex 247.00546824989436 -215.42222090002758 2
vertex 251.48194642493533 -214.2227513000003 2
vertex 248.70476679999302 -214.2227513000003 2
endloop
endfacet
facet normal 0 0 1
outer loop
vertex 247.00546824989436 -215.42222090002758 2
vertex 248.70476679999302 -214.2227513000003 2
vertex 226.71259789570598 -214.2227513000003 2
endloop
endfacet
facet normal 0 0 1
outer loop
vertex 247.00546824989436 -215.42222090002758 2
vertex 226.71259789570598 -214.2227513000003 2
vertex 227.14916912748293 -215.42222090002758 2
endloop
endfacet
facet normal 0 0 1
outer loop
vertex 248.70476679999302 -214.2227513000003 2
vertex 248.49992196187299 -214.20257584442354 2
vertex 226.70525463040553 -214.20257584442354 2
endloop
endfacet
facet normal 0 0 1
outer loop
vertex 248.70476679999302 -214.2227513000003 2
vertex 226.70525463040553 -214.20257584442354 2
vertex 226.71259789570598 -214.2227513000003 2
endloop
endfacet
facet normal 0 0 1
outer loop
vertex 251.48194642493533 -214.2227513000003 2
vertex 251.55724219446452 -214.20257584442354 2
vertex 248.9096116381243 -214.20257584442354 2
endloop
endfacet
facet normal 0 0 1
outer loop
vertex 251.48194642493533 -214.2227513000003 2
vertex 248.9096116381243 -214.20257584442354 2
vertex 248.70476679999302 -214.2227513000003 2
endloop
endfacet
facet normal 0 0 1
outer loop
vertex 248.49992196187299 -214.20257584442354 2
vertex 248.30294919600107 -214.1428248091392 2
vertex 226.68350703207255 -214.1428248091392 2
endloop
endfacet
facet normal 0 0 1
outer loop
vertex 248.49992196187299 -214.20257584442354 2
vertex 226.68350703207255 -214.1428248091392 2
vertex 226.70525463040553 -214.20257584442354 2
endloop
endfacet
facet normal 0 0 1
outer loop
vertex 251.55724219446452 -214.20257584442354 2
vertex 251.7802359288454 -214.1428248091392 2
vertex 249.10658440396273 -214.1428248091392 2
endloop
endfacet
facet normal 0 0 1
outer loop
vertex 251.55724219446452 -214.20257584442354 2
vertex 249.10658440396273 -214.1428248091392 2
vertex 248.9096116381243 -214.20257584442354 2
endloop
endfacet
facet normal 0 0 1
outer loop
vertex 248.30294919600107 -214.1428248091392 2
vertex 248.12141805539437 -214.0457943929121 2
vertex 226.64819084871021 -214.0457943929121 2
endloop
endfacet
facet normal 0 0 1
outer loop
vertex 248.30294919600107 -214.1428248091392 2
vertex 226.64819084871021 -214.0457943929121 2
vertex 226.68350703207255 -214.1428248091392 2
endloop
endfacet
facet normal 0 0 1
outer loop
vertex 251.7802359288454 -214.1428248091392 2
vertex 252.14235810396843 -214.0457943929121 2
vertex 249.28811554468135 -214.0457943929121 2
endloop
endfacet
facet normal 0 0 1
outer loop
vertex 251.7802359288454 -214.1428248091392 2
vertex 249.28811554468135 -214.0457943929121 2
vertex 249.10658440396273 -214.1428248091392 2
endloop
endfacet
facet normal 0 0 1
outer loop
vertex 248.12141805539437 -214.0457943929121 2
vertex 247.96230467969917 -213.91521342025715 2
vertex 226.6006632614522 -213.91521342025715 2
endloop
endfacet
facet normal 0 0 1
outer loop
vertex 248.12141805539437 -214.0457943929121 2
vertex 226.6006632614522 -213.91521342025715 2
vertex 226.64819084871021 -214.0457943929121 2
endloop
endfacet
facet normal 0 0 1
outer loop
vertex 252.14235810396843 -214.0457943929121 2
vertex 252.62969256759482 -213.91521342025715 2
vertex 249.4472289202347 -213.91521342025715 2
endloop
endfacet
facet normal 0 0 1
outer loop
vertex 252.14235810396843 -214.0457943929121 2
vertex 249.4472289202347 -213.91521342025715 2
vertex 249.28811554468135 -214.0457943929121 2
endloop
endfacet
facet normal 0 0 1
outer loop
vertex 247.96230467969917 -213.91521342025715 2
vertex 247.83172370709255 -213.75610004464212 2
vertex 226.54275072879375 -213.75610004464212 2
endloop
endfacet
facet normal 0 0 1
outer loop
vertex 247.96230467969917 -213.91521342025715 2
vertex 226.54275072879375 -213.75610004464212 2
vertex 226.6006632614522 -213.91521342025715 2
endloop
endfacet
facet normal 0 0 1
outer loop
vertex 252.62969256759482 -213.91521342025715 2
vertex 253.22351132988902 -213.75610004464212 2
vertex 249.57780989294588 -213.75610004464212 2
endloop
endfacet
facet normal 0 0 1
outer loop
vertex 252.62969256759482 -213.91521342025715 2
vertex 249.57780989294588 -213.75610004464212 2
vertex 249.4472289202347 -213.91521342025715 2
endloop
endfacet
facet normal 0 0 1
outer loop
vertex 247.83172370709255 -213.75610004464212 2
vertex 247.73469329087357 -213.57456890401306 2
vertex 226.47667879694276 -213.57456890401306 2
endloop
endfacet
facet normal 0 0 1
outer loop
vertex 247.83172370709255 -213.75610004464212 2
vertex 226.47667879694276 -213.57456890401306 2
vertex 226.54275072879375 -213.75610004464212 2
endloop
endfacet
facet normal 0 0 1
outer loop
vertex 253.22351132988902 -213.75610004464212 2
vertex 253.90099426826262 -213.57456890401306 2
vertex 249.67484030911314 -213.57456890401306 2
endloop
endfacet
facet normal 0 0 1
outer loop
vertex 253.22351132988902 -213.75610004464212 2
vertex 249.67484030911314 -213.57456890401306 2
vertex 249.57780989294588 -213.75610004464212 2
endloop
endfacet
facet normal 0 0 1
outer loop
vertex 247.73469329087357 -213.57456890401306 2
vertex 247.67494225557417 -213.37759613811414 2
vertex 226.40498657311898 -213.37759613811414 2
endloop
endfacet
facet normal 0 0 1
outer loop
vertex 247.73469329087357 -213.57456890401306 2
vertex 226.40498657311898 -213.37759613811414 2
vertex 226.47667879694276 -213.57456890401306 2
endloop
endfacet
facet normal 0 0 1
outer loop
vertex 253.90099426826262 -213.57456890401306 2
vertex 254.63610609402622 -213.37759613811414 2
vertex 249.73459134442476 -213.37759613811414 2
endloop
endfacet
facet normal 0 0 1
outer loop
vertex 253.90099426826262 -213.57456890401306 2
vertex 249.73459134442476 -213.37759613811414 2
vertex 249.67484030911314 -213.57456890401306 2
endloop
endfacet
facet normal 0 0 1
outer loop
vertex 247.67494225557417 -213.37759613811414 2
vertex 247.6547668 -213.17275130000564 2
vertex 226.33042914932585 -213.17275130000564 2
endloop
endfacet
facet normal 0 0 1
outer loop
vertex 247.67494225557417 -213.37759613811414 2
vertex 226.33042914932585 -213.17275130000564 2
vertex 226.40498657311898 -213.37759613811414 2
endloop
endfacet
facet normal 0 0 1
outer loop
vertex 254.63610609402622 -213.37759613811414 2
vertex 255.40059687148454 -213.17275130000564 2
vertex 249.75476679999971 -213.17275130000564 2
endloop
endfacet
facet normal 0 0 1
outer loop
vertex 254.63610609402622 -213.37759613811414 2
vertex 249.75476679999971 -213.17275130000564 2
vertex 249.73459134442476 -213.37759613811414 2
endloop
endfacet
facet normal 0 0 1
outer loop
vertex 247.6547668 -213.17275130000564 2
vertex 247.6749422555781 -212.96790646188347 2
vertex 226.25587172552778 -212.96790646188347 2
endloop
endfacet
facet normal 0 0 1
outer loop
vertex 247.6547668 -213.17275130000564 2
vertex 226.25587172552778 -212.96790646188347 2
vertex 226.33042914932585 -213.17275130000564 2
endloop
endfacet
facet normal 0 0 1
outer loop
vertex 255.40059687148454 -213.17275130000564 2
vertex 256.1650876489939 -212.96790646188347 2
vertex 249.73459134442263 -212.96790646188347 2
endloop
endfacet
facet normal 0 0 1
outer loop
vertex 255.40059687148454 -213.17275130000564 2
vertex 249.73459134442263 -212.96790646188347 2
vertex 249.75476679999971 -213.17275130000564 2
endloop
endfacet
facet normal 0 0 1
outer loop
vertex 247.6749422555781 -212.96790646188347 2
vertex 247.73469329086026 -212.77093369599157 2
vertex 226.18417950170652 -212.77093369599157 2
endloop
endfacet
facet normal 0 0 1
outer loop
vertex 247.6749422555781 -212.96790646188347 2
vertex 226.18417950170652 -212.77093369599157 2
vertex 226.25587172552778 -212.96790646188347 2
endloop
endfacet
facet normal 0 0 1
outer loop
vertex 256.1650876489939 -212.96790646188347 2
vertex 256.90019947473127 -212.77093369599157 2
vertex 249.6748403091273 -212.77093369599157 2
endloop
endfacet
facet normal 0 0 1
outer loop
vertex 256.1650876489939 -212.96790646188347 2
vertex 249.6748403091273 -212.77093369599157 2
vertex 249.73459134442263 -212.96790646188347 2
endloop
endfacet
facet normal 0 0 1
outer loop
vertex 247.73469329086026 -212.77093369599157 2
vertex 247.8317237070785 -212.5894025553387 2
vertex 226.1181075698469 -212.5894025553387 2
endloop
endfacet
facet normal 0 0 1
outer loop
vertex 247.73469329086026 -212.77093369599157 2
vertex 226.1181075698469 -212.5894025553387 2
vertex 226.18417950170652 -212.77093369599157 2
endloop
endfacet
facet normal 0 0 1
outer loop
vertex 256.90019947473127 -212.77093369599157 2
vertex 257.57768241319377 -212.5894025553387 2
vertex 249.57780989293994 -212.5894025553387 2
endloop
endfacet
facet normal 0 0 1
outer loop
vertex 256.90019947473127 -212.77093369599157 2
vertex 249.57780989293994 -212.5894025553387 2
vertex 249.6748403091273 -212.77093369599157 2
endloop
endfacet
facet normal 0 0 1
outer loop
vertex 247.8317237070785 -212.5894025553387 2
vertex 247.96230467975502 -212.43028917976693 2
vertex 226.06019503720415 -212.43028917976693 2
endloop
endfacet
facet normal 0 0 1
outer loop
vertex 247.8317237070785 -212.5894025553387 2
vertex 226.06019503720415 -212.43028917976693 2
vertex 226.1181075698469 -212.5894025553387 2
endloop
endfacet
facet normal 0 0 1
outer loop
vertex 257.57768241319377 -212.5894025553387 2
vertex 258.1715011753265 -212.43028917976693 2
vertex 249.44722892024902 -212.43028917976693 2
endloop
endfacet
facet normal 0 0 1
outer loop
vertex 257.57768241319377 -212.5894025553387 2
vertex 249.44722892024902 -212.43028917976693 2
vertex 249.57780989293994 -212.5894025553387 2
endloop
endfacet
facet normal 0 0 1
outer loop
vertex 247.96230467975502 -212.43028917976693 2
vertex 248.1214180553358 -212.29970820706603 2
vertex 226.01266744992944 -212.29970820706603 2
endloop
endfacet
facet normal 0 0 1
outer loop
vertex 247.96230467975502 -212.43028917976693 2
vertex 226.01266744992944 -212.29970820706603 2
vertex 226.06019503720415 -212.43028917976693 2
endloop
endfacet
facet normal 0 0 1
outer loop
vertex 258.1715011753265 -212.43028917976693 2
vertex 258.65883563912445 -212.29970820706603 2
vertex 249.28811554465082 -212.29970820706603 2
endloop
endfacet
facet normal 0 0 1
outer loop
vertex 258.1715011753265 -212.43028917976693 2
vertex 249.28811554465082 -212.29970820706603 2
vertex 249.44722892024902 -212.43028917976693 2
endloop
endfacet
facet normal 0 0 1
outer loop
vertex 248.1214180553358 -212.29970820706603 2
vertex 248.30294919602343 -212.20267779087519 2
vertex 225.9773512665803 -212.20267779087519 2
endloop
endfacet
facet normal 0 0 1
outer loop
vertex 248.1214180553358 -212.29970820706603 2
vertex 225.9773512665803 -212.20267779087519 2
vertex 226.01266744992944 -212.29970820706603 2
endloop
endfacet
facet normal 0 0 1
outer loop
vertex 258.65883563912445 -212.29970820706603 2
vertex 259.0209578141121 -212.20267779087519 2
vertex 249.1065844039967 -212.20267779087519 2
endloop
endfacet
facet normal 0 0 1
outer loop
vertex 258.65883563912445 -212.29970820706603 2
vertex 249.1065844039967 -212.20267779087519 2
vertex 249.28811554465082 -212.29970820706603 2
endloop
endfacet
facet normal 0 0 1
outer loop
vertex 248.30294919602343 -212.20267779087519 2
vertex 248.49992196186028 -212.14292675557581 2
vertex 225.95560366824185 -212.14292675557581 2
endloop
endfacet
facet normal 0 0 1
outer loop
vertex 248.30294919602343 -212.20267779087519 2
vertex 225.95560366824185 -212.14292675557581 2
vertex 225.9773512665803 -212.20267779087519 2
endloop
endfacet
facet normal 0 0 1
outer loop
vertex 259.0209578141121 -212.20267779087519 2
vertex 259.2439515485491 -212.14292675557581 2
vertex 248.9096116381156 -212.14292675557581 2
endloop
endfacet
facet normal 0 0 1
outer loop
vertex 259.0209578141121 -212.20267779087519 2
vertex 248.9096116381156 -212.14292675557581 2
vertex 249.1065844039967 -212.20267779087519 2
endloop
endfacet
facet normal 0 0 1
outer loop
vertex 248.49992196186028 -212.14292675557581 2
vertex 248.70476680000343 -212.12275130000032 2
vertex 225.94826040294186 -212.12275130000032 2
endloop
endfacet
facet normal 0 0 1
outer loop
vertex 248.49992196186028 -212.14292675557581 2
vertex 225.94826040294186 -212.12275130000032 2
vertex 225.95560366824185 -212.14292675557581 2
endloop
endfacet
facet normal 0 0 1
outer loop
vertex 259.2439515485491 -212.14292675557581 2
vertex 259.3192473180735 -212.12275130000032 2
vertex 248.70476680000343 -212.12275130000032 2
endloop
endfacet
facet normal 0 0 1
outer loop
vertex 259.2439515485491 -212.14292675557581 2
vertex 248.70476680000343 -212.12275130000032 2
vertex 248.9096116381156 -212.14292675557581 2
endloop
endfacet
facet normal 0 0 1
outer loop
vertex 248.125090874747 -219.26331820000016 2
vertex 275.38291278581823 -211.95960679999993 2
vertex 267.65550637724346 -211.95960679999993 2
endloop
endfacet
facet normal 0 0 1
outer loop
vertex 248.125090874747 -219.26331820000016 2
vertex 267.65550637724346 -211.95960679999993 2
vertex 247.52310680002947 -217.35406699998669 2
endloop
endfacet
facet normal 0 0 1
outer loop
vertex 248.125090874747 -219.26331820000016 2
vertex 247.52310680002947 -217.35406699998669 2
vertex 242.27748229039491 -219.26331820000016 2
endloop
endfacet
facet normal 0 0 1
outer loop
vertex 225.8695481999971 -211.90649130000182 2
vertex 224.80537046221178 -211.90649130000182 2
vertex 224.92985560000275 -212.24851139999967 2
endloop
endfacet
facet normal 0 0 1
outer loop
vertex 248.70476680000343 -212.12275130000032 2
vertex 259.3192473180735 -212.12275130000032 2
vertex 260.1263400281394 -211.90649130000182 2
endloop
endfacet
facet normal 0 0 1
outer loop
vertex 248.70476680000343 -212.12275130000032 2
vertex 260.1263400281394 -211.90649130000182 2
vertex 225.8695481999971 -211.90649130000182 2
endloop
endfacet
facet normal 0 0 1
outer loop
vertex 248.70476680000343 -212.12275130000032 2
vertex 225.8695481999971 -211.90649130000182 2
vertex 225.94826040294186 -212.12275130000032 2
endloop
endfacet
facet normal 0 0 1
outer loop
vertex 275.38291278581823 -211.95960679999993 2
vertex 293.64221049999986 -208.74 2
vertex 282.1246694575135 -208.74 2
endloop
endfacet
facet normal 0 0 1
outer loop
vertex 275.38291278581823 -211.95960679999993 2
vertex 282.1246694575135 -208.74 2
vertex 274.9496213000154 -210.00515459999593 2
endloop
endfacet
facet normal 0 0 1
outer loop
vertex 275.38291278581823 -211.95960679999993 2
vertex 274.9496213000154 -210.00515459999593 2
vertex 267.65550637724346 -211.95960679999993 2
endloop
endfacet
facet normal 0 0 1
outer loop
vertex 225.8695481999971 -211.90649130000182 2
vertex 260.1263400281394 -211.90649130000182 2
vertex 274.1542521447689 -208.14772079385554 2
endloop
endfacet
facet normal 0 0 1
outer loop
vertex 225.8695481999971 -211.90649130000182 2
vertex 274.1542521447689 -208.14772079385554 2
vertex 224.50146761688208 -208.14772079385554 2
endloop
endfacet
facet normal 0 0 1
outer loop
vertex 225.8695481999971 -211.90649130000182 2
vertex 224.50146761688208 -208.14772079385554 2
vertex 223.56177500000254 -208.48974089999908 2
endloop
endfacet
facet normal 0 0 1
outer loop
vertex 225.8695481999971 -211.90649130000182 2
vertex 223.56177500000254 -208.48974089999908 2
vertex 224.80537046221178 -211.90649130000182 2
endloop
endfacet
facet normal 0 0 1
outer loop
vertex 274.1542521447689 -208.14772079385554 2
vertex 274.4319833000378 -208.07330289998913 2
vertex 224.47438171858943 -208.07330289998913 2
endloop
endfacet
facet normal 0 0 1
outer loop
vertex 274.1542521447689 -208.14772079385554 2
vertex 224.47438171858943 -208.07330289998913 2
vertex 224.50146761688208 -208.14772079385554 2
endloop
endfacet
facet normal 0 0 1
outer loop
vertex 274.4319833000378 -208.07330289998913 2
vertex 274.5167446928101 -208.05256306096095 2
vertex 224.46683303451175 -208.05256306096095 2
endloop
endfacet
facet normal 0 0 1
outer loop
vertex 274.4319833000378 -208.07330289998913 2
vertex 224.46683303451175 -208.05256306096095 2
vertex 224.47438171858943 -208.07330289998913 2
endloop
endfacet
facet normal 0 0 1
outer loop
vertex 274.5167446928101 -208.05256306096095 2
vertex 274.60232665033874 -208.03554144993552 2
vertex 224.46063767475272 -208.03554144993552 2
endloop
endfacet
facet normal 0 0 1
outer loop
vertex 274.5167446928101 -208.05256306096095 2
vertex 224.46063767475272 -208.03554144993552 2
vertex 224.46683303451175 -208.05256306096095 2
endloop
endfacet
facet normal 0 0 1
outer loop
vertex 293.64221049999986 -208.74 2
vertex 357.2946633000001 -208.74 2
vertex 358.76926112392175 -208.6111084929824 2
endloop
endfacet
facet normal 0 0 1
outer loop
vertex 293.64221049999986 -208.74 2
vertex 358.76926112392175 -208.6111084929824 2
vertex 360.1991370004887 -208.22836109348214 2
endloop
endfacet
facet normal 0 0 1
outer loop
vertex 293.64221049999986 -208.74 2
vertex 360.1991370004887 -208.22836109348214 2
vertex 361.5409321192819 -207.6033599307678 2
endloop
endfacet
facet normal 0 0 1
outer loop
vertex 293.64221049999986 -208.74 2
vertex 361.5409321192819 -207.6033599307678 2
vertex 362.7539554412101 -206.75505867845732 2
endloop
endfacet
facet normal 0 0 1
outer loop
vertex 293.64221049999986 -208.74 2
vertex 362.7539554412101 -206.75505867845732 2
vertex 362.76903755192967 -206.7399994571124 2
endloop
endfacet
facet normal 0 0 1
outer loop
vertex 293.64221049999986 -208.74 2
vertex 362.76903755192967 -206.7399994571124 2
vertex 357.2946583500426 -206.7399994571124 2
endloop
endfacet
facet normal 0 0 1
outer loop
vertex 293.64221049999986 -208.74 2
vertex 357.2946583500426 -206.7399994571124 2
vertex 293.46723290000085 -206.7399994571124 2
endloop
endfacet
facet normal 0 0 1
outer loop
vertex 293.64221049999986 -208.74 2
vertex 293.46723290000085 -206.7399994571124 2
vertex 282.1246694575135 -208.74 2
endloop
endfacet
facet normal 0 0 1
outer loop
vertex 362.76903755192967 -206.7399994571124 2
vertex 362.867756163246 -206.64143066615873 2
vertex 358.42235210109385 -206.64143066615873 2
endloop
endfacet
facet normal 0 0 1
outer loop
vertex 362.76903755192967 -206.7399994571124 2
vertex 358.42235210109385 -206.64143066615873 2
vertex 357.2946583500426 -206.7399994571124 2
endloop
endfacet
facet normal 0 0 1
outer loop
vertex 362.867756163246 -206.64143066615873 2
vertex 363.16092038740163 -206.34871136287248 2
vertex 359.5158447579883 -206.34871136287248 2
endloop
endfacet
facet normal 0 0 1
outer loop
vertex 362.867756163246 -206.64143066615873 2
vertex 359.5158447579883 -206.34871136287248 2
vertex 358.42235210109385 -206.64143066615873 2
endloop
endfacet
facet normal 0 0 1
outer loop
vertex 363.16092038740163 -206.34871136287248 2
vertex 363.63963873659793 -205.87071954088003 2
vertex 360.54197034864944 -205.87071954088003 2
endloop
endfacet
facet normal 0 0 1
outer loop
vertex 363.16092038740163 -206.34871136287248 2
vertex 360.54197034864944 -205.87071954088003 2
vertex 359.5158447579883 -206.34871136287248 2
endloop
endfacet
facet normal 0 0 1
outer loop
vertex 363.63963873659793 -205.87071954088003 2
vertex 363.8014210376896 -205.70918276879937 2
vertex 364.14325804934316 -205.22195232332314 2
endloop
endfacet
facet normal 0 0 1
outer loop
vertex 363.63963873659793 -205.87071954088003 2
vertex 364.14325804934316 -205.22195232332314 2
vertex 361.4696076740278 -205.22195232332314 2
endloop
endfacet
facet normal 0 0 1
outer loop
vertex 363.63963873659793 -205.87071954088003 2
vertex 361.4696076740278 -205.22195232332314 2
vertex 360.54197034864944 -205.87071954088003 2
endloop
endfacet
facet normal 0 0 1
outer loop
vertex 227.76094210002006 -222.95063570005115 2
vertex 221.2454512999975 -205.04949830001243 2
vertex 219.19988113118146 -205.04949830001243 2
endloop
endfacet
facet normal 0 0 1
outer loop
vertex 227.76094210002006 -222.95063570005115 2
vertex 219.19988113118146 -205.04949830001243 2
vertex 219.20817028327556 -205.14424070408708 2
endloop
endfacet
facet normal 0 0 1
outer loop
vertex 227.76094210002006 -222.95063570005115 2
vertex 219.20817028327556 -205.14424070408708 2
vertex 219.36607485000005 -205.73354199999977 2
endloop
endfacet
facet normal 0 0 1
outer loop
vertex 227.76094210002006 -222.95063570005115 2
vertex 219.36607485000005 -205.73354199999977 2
vertex 225.6325773287328 -222.95063570005115 2
endloop
endfacet
facet normal 0 0 1
outer loop
vertex 221.2454512999975 -205.04949830001243 2
vertex 221.177784223492 -204.796937801022 2
vertex 219.17778423049162 -204.796937801022 2
endloop
endfacet
facet normal 0 0 1
outer loop
vertex 221.2454512999975 -205.04949830001243 2
vertex 219.17778423049162 -204.796937801022 2
vertex 219.19988113118146 -205.04949830001243 2
endloop
endfacet
facet normal 0 0 1
outer loop
vertex 274.60232665033874 -208.03554144993552 2
vertex 293.11993649974886 -204.77038450003886 2
vertex 223.47421212444453 -204.77038450003886 2
endloop
endfacet
facet normal 0 0 1
outer loop
vertex 274.60232665033874 -208.03554144993552 2
vertex 223.47421212444453 -204.77038450003886 2
vertex 223.29584660737984 -204.83530429731474 2
endloop
endfacet
facet normal 0 0 1
outer loop
vertex 274.60232665033874 -208.03554144993552 2
vertex 223.29584660737984 -204.83530429731474 2
vertex 224.46063767475272 -208.03554144993552 2
endloop
endfacet
facet normal 0 0 1
outer loop
vertex 293.11993649974886 -204.77038450003886 2
vertex 293.2929200342108 -204.74761045654103 2
vertex 223.5367832385668 -204.74761045654103 2
endloop
endfacet
facet normal 0 0 1
outer loop
vertex 293.11993649974886 -204.77038450003886 2
vertex 223.5367832385668 -204.74761045654103 2
vertex 223.47421212444453 -204.77038450003886 2
endloop
endfacet
facet normal 0 0 1
outer loop
vertex 293.2929200342108 -204.74761045654103 2
vertex 293.46723310855606 -204.74000225616888 2
vertex 223.55768657853787 -204.74000225616888 2
endloop
endfacet
facet normal 0 0 1
outer loop
vertex 293.2929200342108 -204.74761045654103 2
vertex 223.55768657853787 -204.74000225616888 2
vertex 223.5367832385668 -204.74761045654103 2
endloop
endfacet
facet normal 0 0 1
outer loop
vertex 221.177784223492 -204.796937801022 2
vertex 221.1549965010762 -204.53646735918807 2
vertex 219.1549961468773 -204.53646735918807 2
endloop
endfacet
facet normal 0 0 1
outer loop
vertex 221.177784223492 -204.796937801022 2
vertex 219.1549961468773 -204.53646735918807 2
vertex 219.17778423049162 -204.796937801022 2
endloop
endfacet
facet normal 0 0 1
outer loop
vertex 364.14325804934316 -205.22195232332314 2
vertex 364.65156365414856 -204.49744924780896 2
vertex 364.6868067070214 -204.42208631954313 2
endloop
endfacet
facet normal 0 0 1
outer loop
vertex 364.14325804934316 -205.22195232332314 2
vertex 364.6868067070214 -204.42208631954313 2
vertex 362.2706222093675 -204.42208631954313 2
endloop
endfacet
facet normal 0 0 1
outer loop
vertex 364.14325804934316 -205.22195232332314 2
vertex 362.2706222093675 -204.42208631954313 2
vertex 361.4696076740278 -205.22195232332314 2
endloop
endfacet
facet normal 0 0 1
outer loop
vertex 221.1549965010762 -204.53646735918807 2
vertex 221.1777848662425 -204.27599697354134 2
vertex 219.17778359887123 -204.27599697354134 2
endloop
endfacet
facet normal 0 0 1
outer loop
vertex 221.1549965010762 -204.53646735918807 2
vertex 219.17778359887123 -204.27599697354134 2
vertex 219.1549961468773 -204.53646735918807 2
endloop
endfacet
facet normal 0 0 1
outer loop
vertex 221.1777848662425 -204.27599697354134 2
vertex 221.24545691595483 -204.02344079161662 2
vertex 219.19987867066644 -204.02344079161662 2
endloop
endfacet
facet normal 0 0 1
outer loop
vertex 221.1777848662425 -204.27599697354134 2
vertex 219.19987867066644 -204.02344079161662 2
vertex 219.17778359887123 -204.27599697354134 2
endloop
endfacet
facet normal 0 0 1
outer loop
vertex 221.24545691595483 -204.02344079161662 2
vertex 221.35595649875629 -203.78647249500673 2
vertex 219.2462771109505 -203.78647249500673 2
endloop
endfacet
facet normal 0 0 1
outer loop
vertex 221.24545691595483 -204.02344079161662 2
vertex 219.2462771109505 -203.78647249500673 2
vertex 219.20816681756494 -203.9287037047529 2
endloop
endfacet
facet normal 0 0 1
outer loop
vertex 221.24545691595483 -204.02344079161662 2
vertex 219.20816681756494 -203.9287037047529 2
vertex 219.19987867066644 -204.02344079161662 2
endloop
endfacet
facet normal 0 0 1
outer loop
vertex 221.35595649875629 -203.78647249500673 2
vertex 221.5059261888033 -203.5722921424336 2
vertex 219.30366589424605 -203.5722921424336 2
endloop
endfacet
facet normal 0 0 1
outer loop
vertex 221.35595649875629 -203.78647249500673 2
vertex 219.30366589424605 -203.5722921424336 2
vertex 219.2462771109505 -203.78647249500673 2
endloop
endfacet
facet normal 0 0 1
outer loop
vertex 364.6868067070214 -204.42208631954313 2
vertex 365.12017534945767 -203.49538084852648 2
vertex 362.92071980176854 -203.49538084852648 2
endloop
endfacet
facet normal 0 0 1
outer loop
vertex 364.6868067070214 -204.42208631954313 2
vertex 362.92071980176854 -203.49538084852648 2
vertex 362.2706222093675 -204.42208631954313 2
endloop
endfacet
facet normal 0 0 1
outer loop
vertex 221.5059261888033 -203.5722921424336 2
vertex 221.69080929831424 -203.38740740216454 2
vertex 219.35320503341768 -203.38740740216454 2
endloop
endfacet
facet normal 0 0 1
outer loop
vertex 221.5059261888033 -203.5722921424336 2
vertex 219.35320503341768 -203.38740740216454 2
vertex 219.30366589424605 -203.5722921424336 2
endloop
endfacet
facet normal 0 0 1
outer loop
vertex 221.69080929831424 -203.38740740216454 2
vertex 221.90498832811758 -203.23743582293133 2
vertex 219.41361503670822 -203.23743582293133 2
endloop
endfacet
facet normal 0 0 1
outer loop
vertex 221.69080929831424 -203.38740740216454 2
vertex 219.41361503670822 -203.23743582293133 2
vertex 219.3660680238827 -203.3394015084213 2
endloop
endfacet
facet normal 0 0 1
outer loop
vertex 221.69080929831424 -203.38740740216454 2
vertex 219.3660680238827 -203.3394015084213 2
vertex 219.35320503341768 -203.38740740216454 2
endloop
endfacet
facet normal 0 0 1
outer loop
vertex 221.90498832811758 -203.23743582293133 2
vertex 222.14195564997476 -203.12693415000993 2
vertex 219.4651424151041 -203.12693415000993 2
endloop
endfacet
facet normal 0 0 1
outer loop
vertex 221.90498832811758 -203.23743582293133 2
vertex 219.4651424151041 -203.12693415000993 2
vertex 219.41361503670822 -203.23743582293133 2
endloop
endfacet
facet normal 0 0 1
outer loop
vertex 365.12017534945767 -203.49538084852648 2
vertex 365.27860201745807 -203.15660492979475 2
vertex 365.4635251388766 -202.46994217221567 2
endloop
endfacet
facet normal 0 0 1
outer loop
vertex 365.12017534945767 -203.49538084852648 2
vertex 365.4635251388766 -202.46994217221567 2
vertex 363.40018349281877 -202.46994217221567 2
endloop
endfacet
facet normal 0 0 1
outer loop
vertex 365.12017534945767 -203.49538084852648 2
vertex 363.40018349281877 -202.46994217221567 2
vertex 362.92071980176854 -203.49538084852648 2
endloop
endfacet
facet normal 0 0 1
outer loop
vertex 365.4635251388766 -202.46994217221567 2
vertex 365.6635206742178 -201.72731202003467 2
vertex 365.69468725479624 -201.3768710547311 2
endloop
endfacet
facet normal 0 0 1
outer loop
vertex 365.4635251388766 -202.46994217221567 2
vertex 365.69468725479624 -201.3768710547311 2
vertex 363.69447151849334 -201.3768710547311 2
endloop
endfacet
facet normal 0 0 1
outer loop
vertex 365.4635251388766 -202.46994217221567 2
vertex 363.69447151849334 -201.3768710547311 2
vertex 363.40018349281877 -202.46994217221567 2
endloop
endfacet
facet normal 0 0 1
outer loop
vertex 365.69468725479624 -201.3768710547311 2
vertex 365.79464664999995 -200.25291500000054 2
vertex 365.7946518058147 -200.24931900009454 2
endloop
endfacet
facet normal 0 0 1
outer loop
vertex 365.69468725479624 -201.3768710547311 2
vertex 365.7946518058147 -200.24931900009454 2
vertex 363.79465669999456 -200.24931900009454 2
endloop
endfacet
facet normal 0 0 1
outer loop
vertex 365.69468725479624 -201.3768710547311 2
vertex 363.79465669999456 -200.24931900009454 2
vertex 363.69447151849334 -201.3768710547311 2
endloop
endfacet
facet normal 0 0 1
outer loop
vertex 293.46723310855606 -204.74000225616888 2
vertex 300.99073412474286 -204.74000225616888 2
vertex 357.2946632999992 -204.73999983581402 2
endloop
endfacet
facet normal 0 0 1
outer loop
vertex 293.46723310855606 -204.74000225616888 2
vertex 357.2946632999992 -204.73999983581402 2
vertex 358.0753721438995 -204.67175518809447 2
endloop
endfacet
facet normal 0 0 1
outer loop
vertex 293.46723310855606 -204.74000225616888 2
vertex 358.0753721438995 -204.67175518809447 2
vertex 358.8324044827388 -204.46910379984186 2
endloop
endfacet
facet normal 0 0 1
outer loop
vertex 293.46723310855606 -204.74000225616888 2
vertex 358.8324044827388 -204.46910379984186 2
vertex 359.5427985094786 -204.13818708214765 2
endloop
endfacet
facet normal 0 0 1
outer loop
vertex 293.46723310855606 -204.74000225616888 2
vertex 359.5427985094786 -204.13818708214765 2
vertex 360.18500856799324 -203.6890414621519 2
endloop
endfacet
facet normal 0 0 1
outer loop
vertex 293.46723310855606 -204.74000225616888 2
vertex 360.18500856799324 -203.6890414621519 2
vertex 360.73955696479396 -203.13528915035408 2
endloop
endfacet
facet normal 0 0 1
outer loop
vertex 293.46723310855606 -204.74000225616888 2
vertex 360.73955696479396 -203.13528915035408 2
vertex 361.1896247113182 -202.49372499082088 2
endloop
endfacet
facet normal 0 0 1
outer loop
vertex 293.46723310855606 -204.74000225616888 2
vertex 361.1896247113182 -202.49372499082088 2
vertex 361.5215616296006 -201.7838070875193 2
endloop
endfacet
facet normal 0 0 1
outer loop
vertex 293.46723310855606 -204.74000225616888 2
vertex 361.5215616296006 -201.7838070875193 2
vertex 361.7253003507764 -201.02706665593394 2
endloop
endfacet
facet normal 0 0 1
outer loop
vertex 293.46723310855606 -204.74000225616888 2
vertex 361.7253003507764 -201.02706665593394 2
vertex 361.7946616500051 -200.24645499998462 2
endloop
endfacet
facet normal 0 0 1
outer loop
vertex 293.46723310855606 -204.74000225616888 2
vertex 361.7946616500051 -200.24645499998462 2
vertex 361.7956944968175 -199.52602874999673 2
endloop
endfacet
facet normal 0 0 1
outer loop
vertex 293.46723310855606 -204.74000225616888 2
vertex 361.7956944968175 -199.52602874999673 2
vertex 237.88294820001101 -199.52602874999673 2
endloop
endfacet
facet normal 0 0 1
outer loop
vertex 293.46723310855606 -204.74000225616888 2
vertex 237.88294820001101 -199.52602874999673 2
vertex 223.55768657853787 -204.74000225616888 2
endloop
endfacet
facet normal 0 0 1
outer loop
vertex 361.7956944968175 -199.52602874999673 2
vertex 361.79587519302277 -199.39999041788064 2
vertex 238.1610800969611 -199.39999041788064 2
endloop
endfacet
facet normal 0 0 1
outer loop
vertex 361.7956944968175 -199.52602874999673 2
vertex 238.1610800969611 -199.39999041788064 2
vertex 237.88294820001101 -199.52602874999673 2
endloop
endfacet
facet normal 0 0 1
outer loop
vertex 361.79587519302277 -199.39999041788064 2
vertex 361.7961144855886 -199.233080239353 2
vertex 238.41678306054317 -199.233080239353 2
endloop
endfacet
facet normal 0 0 1
outer loop
vertex 361.79587519302277 -199.39999041788064 2
vertex 238.41678306054317 -199.233080239353 2
vertex 238.1610800969611 -199.39999041788064 2
endloop
endfacet
facet normal 0 0 1
outer loop
vertex 361.7961144855886 -199.233080239353 2
vertex 361.796406796425 -199.02918901642465 2
vertex 238.6440964620233 -199.02918901642465 2
endloop
endfacet
facet normal 0 0 1
outer loop
vertex 361.7961144855886 -199.233080239353 2
vertex 238.6440964620233 -199.02918901642465 2
vertex 238.41678306054317 -199.233080239353 2
endloop
endfacet
facet normal 0 0 1
outer loop
vertex 361.796406796425 -199.02918901642465 2
vertex 361.7967453115461 -198.79306960709437 2
vertex 238.8377214547765 -198.79306960709437 2
endloop
endfacet
facet normal 0 0 1
outer loop
vertex 361.796406796425 -199.02918901642465 2
vertex 238.8377214547765 -198.79306960709437 2
vertex 238.6440964620233 -199.02918901642465 2
endloop
endfacet
facet normal 0 0 1
outer loop
vertex 361.7967453115461 -198.79306960709437 2
vertex 361.79712213990945 -198.53022613269658 2
vertex 238.99314449434186 -198.53022613269658 2
endloop
endfacet
facet normal 0 0 1
outer loop
vertex 361.7967453115461 -198.79306960709437 2
vertex 238.99314449434186 -198.53022613269658 2
vertex 238.8377214547765 -198.79306960709437 2
endloop
endfacet
facet normal 0 0 1
outer loop
vertex 361.79712213990945 -198.53022613269658 2
vertex 361.7975284973621 -198.24678567253073 2
vertex 239.1067425526322 -198.24678567253073 2
endloop
endfacet
facet normal 0 0 1
outer loop
vertex 361.79712213990945 -198.53022613269658 2
vertex 239.1067425526322 -198.24678567253073 2
vertex 238.99314449434186 -198.53022613269658 2
endloop
endfacet
facet normal 0 0 1
outer loop
vertex 361.7975284973621 -198.24678567253073 2
vertex 361.79795491140555 -197.94935543742992 2
vertex 239.1758675732672 -197.94935543742992 2
endloop
endfacet
facet normal 0 0 1
outer loop
vertex 361.7975284973621 -198.24678567253073 2
vertex 239.1758675732672 -197.94935543742992 2
vertex 239.1067425526322 -198.24678567253073 2
endloop
endfacet
facet normal 0 0 1
outer loop
vertex 361.79795491140555 -197.94935543742992 2
vertex 361.7983914437995 -197.6448675000142 2
vertex 239.1989063999971 -197.6448675000142 2
endloop
endfacet
facet normal 0 0 1
outer loop
vertex 361.79795491140555 -197.94935543742992 2
vertex 239.1989063999971 -197.6448675000142 2
vertex 239.1758675732672 -197.94935543742992 2
endloop
endfacet
facet normal 0 0 1
outer loop
vertex 222.14195564997476 -203.12693415000993 2
vertex 237.19890720000234 -197.64664849999994 2
vertex 237.19766051856135 -196.2466874 2
endloop
endfacet
facet normal 0 0 1
outer loop
vertex 222.14195564997476 -203.12693415000993 2
vertex 237.19766051856135 -196.2466874 2
vertex 235.19765979999994 -196.2466874 2
endloop
endfacet
facet normal 0 0 1
outer loop
vertex 222.14195564997476 -203.12693415000993 2
vertex 235.19765979999994 -196.2466874 2
vertex 221.45791969999925 -201.24754390000032 2
endloop
endfacet
facet normal 0 0 1
outer loop
vertex 222.14195564997476 -203.12693415000993 2
vertex 221.45791969999925 -201.24754390000032 2
vertex 220.90498629325018 -201.5053788765395 2
endloop
endfacet
facet normal 0 0 1
outer loop
vertex 222.14195564997476 -203.12693415000993 2
vertex 220.90498629325018 -201.5053788765395 2
vertex 220.40523086118836 -201.85531369573127 2
endloop
endfacet
facet normal 0 0 1
outer loop
vertex 222.14195564997476 -203.12693415000993 2
vertex 220.40523086118836 -201.85531369573127 2
vertex 219.97383336232053 -202.28671382035736 2
endloop
endfacet
facet normal 0 0 1
outer loop
vertex 222.14195564997476 -203.12693415000993 2
vertex 219.97383336232053 -202.28671382035736 2
vertex 219.62390158495433 -202.78647138232785 2
endloop
endfacet
facet normal 0 0 1
outer loop
vertex 222.14195564997476 -203.12693415000993 2
vertex 219.62390158495433 -202.78647138232785 2
vertex 219.4651424151041 -203.12693415000993 2
endloop
endfacet
facet normal 0 0 1
outer loop
vertex 361.7983914437995 -197.6448675000142 2
vertex 361.8214660230417 -181.54999999999998 2
vertex 355.5000000000496 -181.54999999999998 2
endloop
endfacet
facet normal 0 0 1
outer loop
vertex 361.7983914437995 -197.6448675000142 2
vertex 355.5000000000496 -181.54999999999998 2
vertex 239.18457373820883 -181.54999999999998 2
endloop
endfacet
facet normal 0 0 1
outer loop
vertex 361.7983914437995 -197.6448675000142 2
vertex 239.18457373820883 -181.54999999999998 2
vertex 239.1989063999971 -197.6448675000142 2
endloop
endfacet
facet normal 0 0 1
outer loop
vertex 355.5000000000496 -181.54999999999998 2
vertex 355.2951551619339 -181.52982454442252 2
vertex 239.18455577173717 -181.52982454442252 2
endloop
endfacet
facet normal 0 0 1
outer loop
vertex 355.5000000000496 -181.54999999999998 2
vertex 239.18455577173717 -181.52982454442252 2
vertex 239.18457373820883 -181.54999999999998 2
endloop
endfacet
facet normal 0 0 1
outer loop
vertex 361.8214660230417 -181.54999999999998 2
vertex 361.82149494779975 -181.52982454442252 2
vertex 355.7048448380887 -181.52982454442252 2
endloop
endfacet
facet normal 0 0 1
outer loop
vertex 361.8214660230417 -181.54999999999998 2
vertex 355.7048448380887 -181.52982454442252 2
vertex 355.5000000000496 -181.54999999999998 2
endloop
endfacet
facet normal 0 0 1
outer loop
vertex 355.2951551619339 -181.52982454442252 2
vertex 355.0981823960198 -181.47007350913586 2
vertex 239.18450256276353 -181.47007350913586 2
endloop
endfacet
facet normal 0 0 1
outer loop
vertex 355.2951551619339 -181.52982454442252 2
vertex 239.18450256276353 -181.47007350913586 2
vertex 239.18455577173717 -181.52982454442252 2
endloop
endfacet
facet normal 0 0 1
outer loop
vertex 361.82149494779975 -181.52982454442252 2
vertex 361.8215806105117 -181.47007350913586 2
vertex 355.90181760398104 -181.47007350913586 2
endloop
endfacet
facet normal 0 0 1
outer loop
vertex 361.82149494779975 -181.52982454442252 2
vertex 355.90181760398104 -181.47007350913586 2
vertex 355.7048448380887 -181.52982454442252 2
endloop
endfacet
facet normal 0 0 1
outer loop
vertex 355.0981823960198 -181.47007350913586 2
vertex 354.91665125532836 -181.37304309293623 2
vertex 239.184416156079 -181.37304309293623 2
endloop
endfacet
facet normal 0 0 1
outer loop
vertex 355.0981823960198 -181.47007350913586 2
vertex 239.184416156079 -181.37304309293623 2
vertex 239.18450256276353 -181.47007350913586 2
endloop
endfacet
facet normal 0 0 1
outer loop
vertex 361.8215806105117 -181.47007350913586 2
vertex 361.8217197192075 -181.37304309293623 2
vertex 356.0833487446362 -181.37304309293623 2
endloop
endfacet
facet normal 0 0 1
outer loop
vertex 361.8215806105117 -181.47007350913586 2
vertex 356.0833487446362 -181.37304309293623 2
vertex 355.90181760398104 -181.47007350913586 2
endloop
endfacet
facet normal 0 0 1
outer loop
vertex 354.91665125532836 -181.37304309293623 2
vertex 354.7575378797286 -181.24246212022734 2
vertex 239.18429987224394 -181.24246212022734 2
endloop
endfacet
facet normal 0 0 1
outer loop
vertex 354.91665125532836 -181.37304309293623 2
vertex 239.18429987224394 -181.24246212022734 2
vertex 239.184416156079 -181.37304309293623 2
endloop
endfacet
facet normal 0 0 1
outer loop
vertex 361.8217197192075 -181.37304309293623 2
vertex 361.82190692801817 -181.24246212022734 2
vertex 356.2424621202851 -181.24246212022734 2
endloop
endfacet
facet normal 0 0 1
outer loop
vertex 361.8217197192075 -181.37304309293623 2
vertex 356.2424621202851 -181.24246212022734 2
vertex 356.0833487446362 -181.37304309293623 2
endloop
endfacet
facet normal 0 0 1
outer loop
vertex 354.7575378797286 -181.24246212022734 2
vertex 354.6269569070734 -181.08334874465086 2
vertex 239.18415817998098 -181.08334874465086 2
endloop
endfacet
facet normal 0 0 1
outer loop
vertex 354.7575378797286 -181.24246212022734 2
vertex 239.18415817998098 -181.08334874465086 2
vertex 239.18429987224394 -181.24246212022734 2
endloop
endfacet
facet normal 0 0 1
outer loop
vertex 361.82190692801817 -181.24246212022734 2
vertex 361.8221350426139 -181.08334874465086 2
vertex 356.373043092931 -181.08334874465086 2
endloop
endfacet
facet normal 0 0 1
outer loop
vertex 361.82190692801817 -181.24246212022734 2
vertex 356.373043092931 -181.08334874465086 2
vertex 356.2424621202851 -181.24246212022734 2
endloop
endfacet
facet normal 0 0 1
outer loop
vertex 354.6269569070734 -181.08334874465086 2
vertex 354.52992649087844 -180.90181760400586 2
vertex 239.18399652444432 -180.90181760400586 2
endloop
endfacet
facet normal 0 0 1
outer loop
vertex 354.6269569070734 -181.08334874465086 2
vertex 239.18399652444432 -180.90181760400586 2
vertex 239.18415817998098 -181.08334874465086 2
endloop
endfacet
facet normal 0 0 1
outer loop
vertex 361.8221350426139 -181.08334874465086 2
vertex 361.82239529667874 -180.90181760400586 2
vertex 356.47007350912605 -180.90181760400586 2
endloop
endfacet
facet normal 0 0 1
outer loop
vertex 361.8221350426139 -181.08334874465086 2
vertex 356.47007350912605 -180.90181760400586 2
vertex 356.373043092931 -181.08334874465086 2
endloop
endfacet
facet normal 0 0 1
outer loop
vertex 354.52992649087844 -180.90181760400586 2
vertex 354.47017545556565 -180.70484483813468 2
vertex 239.18382111796555 -180.70484483813468 2
endloop
endfacet
facet normal 0 0 1
outer loop
vertex 354.52992649087844 -180.90181760400586 2
vertex 239.18382111796555 -180.70484483813468 2
vertex 239.18399652444432 -180.90181760400586 2
endloop
endfacet
facet normal 0 0 1
outer loop
vertex 361.82239529667874 -180.90181760400586 2
vertex 361.822677688795 -180.70484483813468 2
vertex 356.52982454443054 -180.70484483813468 2
endloop
endfacet
facet normal 0 0 1
outer loop
vertex 361.82239529667874 -180.90181760400586 2
vertex 356.52982454443054 -180.70484483813468 2
vertex 356.47007350912605 -180.90181760400586 2
endloop
endfacet
facet normal 0 0 1
outer loop
vertex 354.47017545556565 -180.70484483813468 2
vertex 354.4499999999984 -180.50000000004133 2
vertex 239.18363870131728 -180.50000000004133 2
endloop
endfacet
facet normal 0 0 1
outer loop
vertex 354.47017545556565 -180.70484483813468 2
vertex 239.18363870131728 -180.50000000004133 2
vertex 239.18382111796555 -180.70484483813468 2
endloop
endfacet
facet normal 0 0 1
outer loop
vertex 361.822677688795 -180.70484483813468 2
vertex 361.822971366792 -180.50000000004133 2
vertex 356.55000000000035 -180.50000000004133 2
endloop
endfacet
facet normal 0 0 1
outer loop
vertex 361.822677688795 -180.70484483813468 2
vertex 356.55000000000035 -180.50000000004133 2
vertex 356.52982454443054 -180.70484483813468 2
endloop
endfacet
facet normal 0 0 1
outer loop
vertex 354.4499999999984 -180.50000000004133 2
vertex 354.4701754555827 -180.29515516180734 2
vertex 239.18345628466892 -180.29515516180734 2
endloop
endfacet
facet normal 0 0 1
outer loop
vertex 354.4499999999984 -180.50000000004133 2
vertex 239.18345628466892 -180.29515516180734 2
vertex 239.18363870131728 -180.50000000004133 2
endloop
endfacet
facet normal 0 0 1
outer loop
vertex 361.822971366792 -180.50000000004133 2
vertex 361.8232650447892 -180.29515516180734 2
vertex 356.5298245444122 -180.29515516180734 2
endloop
endfacet
facet normal 0 0 1
outer loop
vertex 361.822971366792 -180.50000000004133 2
vertex 356.5298245444122 -180.29515516180734 2
vertex 356.55000000000035 -180.50000000004133 2
endloop
endfacet
facet normal 0 0 1
outer loop
vertex 354.4701754555827 -180.29515516180734 2
vertex 354.5299264908558 -180.0981823960601 2
vertex 239.18328087819023 -180.0981823960601 2
endloop
endfacet
facet normal 0 0 1
outer loop
vertex 354.4701754555827 -180.29515516180734 2
vertex 239.18328087819023 -180.0981823960601 2
vertex 239.18345628466892 -180.29515516180734 2
endloop
endfacet
facet normal 0 0 1
outer loop
vertex 361.8232650447892 -180.29515516180734 2
vertex 361.8235474369053 -180.0981823960601 2
vertex 356.4700735091618 -180.0981823960601 2
endloop
endfacet
facet normal 0 0 1
outer loop
vertex 361.8232650447892 -180.29515516180734 2
vertex 356.4700735091618 -180.0981823960601 2
vertex 356.5298245444122 -180.29515516180734 2
endloop
endfacet
facet normal 0 0 1
outer loop
vertex 354.5299264908558 -180.0981823960601 2
vertex 354.62695690708 -179.91665125534803 2
vertex 239.18311922265354 -179.91665125534803 2
endloop
endfacet
facet normal 0 0 1
outer loop
vertex 354.5299264908558 -180.0981823960601 2
vertex 239.18311922265354 -179.91665125534803 2
vertex 239.18328087819023 -180.0981823960601 2
endloop
endfacet
facet normal 0 0 1
outer loop
vertex 361.8235474369053 -180.0981823960601 2
vertex 361.8238076909702 -179.91665125534803 2
vertex 356.3730430929293 -179.91665125534803 2
endloop
endfacet
facet normal 0 0 1
outer loop
vertex 361.8235474369053 -180.0981823960601 2
vertex 356.3730430929293 -179.91665125534803 2
vertex 356.4700735091618 -180.0981823960601 2
endloop
endfacet
facet normal 0 0 1
outer loop
vertex 354.62695690708 -179.91665125534803 2
vertex 354.7575378797686 -179.75753787971325 2
vertex 239.18297753039053 -179.75753787971325 2
endloop
endfacet
facet normal 0 0 1
outer loop
vertex 354.62695690708 -179.91665125534803 2
vertex 239.18297753039053 -179.75753787971325 2
vertex 239.18311922265354 -179.91665125534803 2
endloop
endfacet
facet normal 0 0 1
outer loop
vertex 361.8238076909702 -179.91665125534803 2
vertex 361.82403580556604 -179.75753787971325 2
vertex 356.2424621202087 -179.75753787971325 2
endloop
endfacet
facet normal 0 0 1
outer loop
vertex 361.8238076909702 -179.91665125534803 2
vertex 356.2424621202087 -179.75753787971325 2
vertex 356.3730430929293 -179.91665125534803 2
endloop
endfacet
facet normal 0 0 1
outer loop
vertex 354.7575378797686 -179.75753787971325 2
vertex 354.916651255333 -179.62695690709012 2
vertex 239.18286124655552 -179.62695690709012 2
endloop
endfacet
facet normal 0 0 1
outer loop
vertex 354.7575378797686 -179.75753787971325 2
vertex 239.18286124655552 -179.62695690709012 2
vertex 239.18297753039053 -179.75753787971325 2
endloop
endfacet
facet normal 0 0 1
outer loop
vertex 361.82403580556604 -179.75753787971325 2
vertex 361.82422301437657 -179.62695690709012 2
vertex 356.08334874469267 -179.62695690709012 2
endloop
endfacet
facet normal 0 0 1
outer loop
vertex 361.82403580556604 -179.75753787971325 2
vertex 356.08334874469267 -179.62695690709012 2
vertex 356.2424621202087 -179.75753787971325 2
endloop
endfacet
facet normal 0 0 1
outer loop
vertex 354.916651255333 -179.62695690709012 2
vertex 355.09818239601145 -179.52992649086463 2
vertex 239.18277483987097 -179.52992649086463 2
endloop
endfacet
facet normal 0 0 1
outer loop
vertex 354.916651255333 -179.62695690709012 2
vertex 239.18277483987097 -179.52992649086463 2
vertex 239.18286124655552 -179.62695690709012 2
endloop
endfacet
facet normal 0 0 1
outer loop
vertex 361.82422301437657 -179.62695690709012 2
vertex 361.82436212307243 -179.52992649086463 2
vertex 355.9018176039936 -179.52992649086463 2
endloop
endfacet
facet normal 0 0 1
outer loop
vertex 361.82422301437657 -179.62695690709012 2
vertex 355.9018176039936 -179.52992649086463 2
vertex 356.08334874469267 -179.62695690709012 2
endloop
endfacet
facet normal 0 0 1
outer loop
vertex 355.09818239601145 -179.52992649086463 2
vertex 355.29515516188496 -179.47017545558492 2
vertex 239.18272163089736 -179.47017545558492 2
endloop
endfacet
facet normal 0 0 1
outer loop
vertex 355.09818239601145 -179.52992649086463 2
vertex 239.18272163089736 -179.47017545558492 2
vertex 239.18277483987097 -179.52992649086463 2
endloop
endfacet
facet normal 0 0 1
outer loop
vertex 361.82436212307243 -179.52992649086463 2
vertex 361.82444778578434 -179.47017545558492 2
vertex 355.70484483814977 -179.47017545558492 2
endloop
endfacet
facet normal 0 0 1
outer loop
vertex 361.82436212307243 -179.52992649086463 2
vertex 355.70484483814977 -179.47017545558492 2
vertex 355.9018176039936 -179.52992649086463 2
endloop
endfacet
facet normal 0 0 1
outer loop
vertex 355.29515516188496 -179.47017545558492 2
vertex 355.49999999995083 -179.45000000000022 2
vertex 239.18270366442567 -179.45000000000022 2
endloop
endfacet
facet normal 0 0 1
outer loop
vertex 355.29515516188496 -179.47017545558492 2
vertex 239.18270366442567 -179.45000000000022 2
vertex 239.18272163089736 -179.47017545558492 2
endloop
endfacet
facet normal 0 0 1
outer loop
vertex 361.82444778578434 -179.47017545558492 2
vertex 361.82447671054246 -179.45000000000022 2
vertex 355.49999999995083 -179.45000000000022 2
endloop
endfacet
facet normal 0 0 1
outer loop
vertex 361.82444778578434 -179.47017545558492 2
vertex 355.49999999995083 -179.45000000000022 2
vertex 355.70484483814977 -179.47017545558492 2
endloop
endfacet
facet normal 0 0 1
outer loop
vertex 355.49999999995083 -179.45000000000022 2
vertex 361.82447671054246 -179.45000000000022 2
vertex 361.83785276501004 -170.12000000000006 2
endloop
endfacet
facet normal 0 0 1
outer loop
vertex 355.49999999995083 -179.45000000000022 2
vertex 361.83785276501004 -170.12000000000006 2
vertex 245.5000000000017 -170.12000000000006 2
endloop
endfacet
facet normal 0 0 1
outer loop
vertex 355.49999999995083 -179.45000000000022 2
vertex 245.5000000000017 -170.12000000000006 2
vertex 239.17439519376046 -170.12000000000006 2
endloop
endfacet
facet normal 0 0 1
outer loop
vertex 355.49999999995083 -179.45000000000022 2
vertex 239.17439519376046 -170.12000000000006 2
vertex 239.18270366442567 -179.45000000000022 2
endloop
endfacet
facet normal 0 0 1
outer loop
vertex 245.5000000000017 -170.12000000000006 2
vertex 245.2951551618787 -170.09982454442533 2
vertex 239.17437722728877 -170.09982454442533 2
endloop
endfacet
facet normal 0 0 1
outer loop
vertex 245.5000000000017 -170.12000000000006 2
vertex 239.17437722728877 -170.09982454442533 2
vertex 239.17439519376046 -170.12000000000006 2
endloop
endfacet
facet normal 0 0 1
outer loop
vertex 361.83785276501004 -170.12000000000006 2
vertex 361.8378816897681 -170.09982454442533 2
vertex 245.70484483810148 -170.09982454442533 2
endloop
endfacet
facet normal 0 0 1
outer loop
vertex 361.83785276501004 -170.12000000000006 2
vertex 245.70484483810148 -170.09982454442533 2
vertex 245.5000000000017 -170.12000000000006 2
endloop
endfacet
facet normal 0 0 1
outer loop
vertex 245.2951551618787 -170.09982454442533 2
vertex 245.09818239601003 -170.040073509133 2
vertex 239.17432401831513 -170.040073509133 2
endloop
endfacet
facet normal 0 0 1
outer loop
vertex 245.2951551618787 -170.09982454442533 2
vertex 239.17432401831513 -170.040073509133 2
vertex 239.17437722728877 -170.09982454442533 2
endloop
endfacet
facet normal 0 0 1
outer loop
vertex 361.8378816897681 -170.09982454442533 2
vertex 361.83796735248006 -170.040073509133 2
vertex 245.901817603987 -170.040073509133 2
endloop
endfacet
facet normal 0 0 1
outer loop
vertex 361.8378816897681 -170.09982454442533 2
vertex 245.901817603987 -170.040073509133 2
vertex 245.70484483810148 -170.09982454442533 2
endloop
endfacet
facet normal 0 0 1
outer loop
vertex 245.09818239601003 -170.040073509133 2
vertex 244.91665125532916 -169.94304309291553 2
vertex 239.17423761163062 -169.94304309291553 2
endloop
endfacet
facet normal 0 0 1
outer loop
vertex 245.09818239601003 -170.040073509133 2
vertex 239.17423761163062 -169.94304309291553 2
vertex 239.17432401831513 -170.040073509133 2
endloop
endfacet
facet normal 0 0 1
outer loop
vertex 361.83796735248006 -170.040073509133 2
vertex 361.8381064611759 -169.94304309291553 2
vertex 246.0833487446711 -169.94304309291553 2
endloop
endfacet
facet normal 0 0 1
outer loop
vertex 361.83796735248006 -170.040073509133 2
vertex 246.0833487446711 -169.94304309291553 2
vertex 245.901817603987 -170.040073509133 2
endloop
endfacet
facet normal 0 0 1
outer loop
vertex 244.91665125532916 -169.94304309291553 2
vertex 244.75753787974116 -169.8124621202374 2
vertex 239.17412132779558 -169.8124621202374 2
endloop
endfacet
facet normal 0 0 1
outer loop
vertex 244.91665125532916 -169.94304309291553 2
vertex 239.17412132779558 -169.8124621202374 2
vertex 239.17423761163062 -169.94304309291553 2
endloop
endfacet
facet normal 0 0 1
outer loop
vertex 361.8381064611759 -169.94304309291553 2
vertex 361.8382936699865 -169.8124621202374 2
vertex 246.2424621202541 -169.8124621202374 2
endloop
endfacet
facet normal 0 0 1
outer loop
vertex 361.8381064611759 -169.94304309291553 2
vertex 246.2424621202541 -169.8124621202374 2
vertex 246.0833487446711 -169.94304309291553 2
endloop
endfacet
facet normal 0 0 1
outer loop
vertex 244.75753787974116 -169.8124621202374 2
vertex 244.6269569070842 -169.6533487446802 2
vertex 239.17397963553262 -169.6533487446802 2
endloop
endfacet
facet normal 0 0 1
outer loop
vertex 244.75753787974116 -169.8124621202374 2
vertex 239.17397963553262 -169.6533487446802 2
vertex 239.17412132779558 -169.8124621202374 2
endloop
endfacet
facet normal 0 0 1
outer loop
vertex 361.8382936699865 -169.8124621202374 2
vertex 361.83852178458227 -169.6533487446802 2
vertex 246.37304309290894 -169.6533487446802 2
endloop
endfacet
facet normal 0 0 1
outer loop
vertex 361.8382936699865 -169.8124621202374 2
vertex 246.37304309290894 -169.6533487446802 2
vertex 246.2424621202541 -169.8124621202374 2
endloop
endfacet
facet normal 0 0 1
outer loop
vertex 244.6269569070842 -169.6533487446802 2
vertex 244.52992649087543 -169.4718176040124 2
vertex 239.17381797999596 -169.4718176040124 2
endloop
endfacet
facet normal 0 0 1
outer loop
vertex 244.6269569070842 -169.6533487446802 2
vertex 239.17381797999596 -169.4718176040124 2
vertex 239.17397963553262 -169.6533487446802 2
endloop
endfacet
facet normal 0 0 1
outer loop
vertex 361.83852178458227 -169.6533487446802 2
vertex 361.8387820386471 -169.4718176040124 2
vertex 246.47007350912176 -169.4718176040124 2
endloop
endfacet
facet normal 0 0 1
outer loop
vertex 361.83852178458227 -169.6533487446802 2
vertex 246.47007350912176 -169.4718176040124 2
vertex 246.37304309290894 -169.6533487446802 2
endloop
endfacet
facet normal 0 0 1
outer loop
vertex 244.52992649087543 -169.4718176040124 2
vertex 244.47017545557458 -169.27484483809886 2
vertex 239.17364257351713 -169.27484483809886 2
endloop
endfacet
facet normal 0 0 1
outer loop
vertex 244.52992649087543 -169.4718176040124 2
vertex 239.17364257351713 -169.27484483809886 2
vertex 239.17381797999596 -169.4718176040124 2
endloop
endfacet
facet normal 0 0 1
outer loop
vertex 361.8387820386471 -169.4718176040124 2
vertex 361.8390644307635 -169.27484483809886 2
vertex 246.52982454442494 -169.27484483809886 2
endloop
endfacet
facet normal 0 0 1
outer loop
vertex 361.8387820386471 -169.4718176040124 2
vertex 246.52982454442494 -169.27484483809886 2
vertex 246.47007350912176 -169.4718176040124 2
endloop
endfacet
facet normal 0 0 1
outer loop
vertex 244.47017545557458 -169.27484483809886 2
vertex 244.45 -169.0700000000022 2
vertex 239.17346015686886 -169.0700000000022 2
endloop
endfacet
facet normal 0 0 1
outer loop
vertex 244.47017545557458 -169.27484483809886 2
vertex 239.17346015686886 -169.0700000000022 2
vertex 239.17364257351713 -169.27484483809886 2
endloop
endfacet
facet normal 0 0 1
outer loop
vertex 361.8390644307635 -169.27484483809886 2
vertex 361.83935810876045 -169.0700000000022 2
vertex 246.5500000000001 -169.0700000000022 2
endloop
endfacet
facet normal 0 0 1
outer loop
vertex 361.8390644307635 -169.27484483809886 2
vertex 246.5500000000001 -169.0700000000022 2
vertex 246.52982454442494 -169.27484483809886 2
endloop
endfacet
facet normal 0 0 1
outer loop
vertex 244.45 -169.0700000000022 2
vertex 244.4701754555776 -168.8651551618977 2
vertex 239.1732777402206 -168.8651551618977 2
endloop
endfacet
facet normal 0 0 1
outer loop
vertex 244.45 -169.0700000000022 2
vertex 239.1732777402206 -168.8651551618977 2
vertex 239.17346015686886 -169.0700000000022 2
endloop
endfacet
facet normal 0 0 1
outer loop
vertex 361.83935810876045 -169.0700000000022 2
vertex 361.83965178675743 -168.8651551618977 2
vertex 246.52982454442468 -168.8651551618977 2
endloop
endfacet
facet normal 0 0 1
outer loop
vertex 361.83935810876045 -169.0700000000022 2
vertex 246.52982454442468 -168.8651551618977 2
vertex 246.5500000000001 -169.0700000000022 2
endloop
endfacet
facet normal 0 0 1
outer loop
vertex 244.4701754555776 -168.8651551618977 2
vertex 244.52992649086084 -168.66818239602256 2
vertex 239.1731023337418 -168.66818239602256 2
endloop
endfacet
facet normal 0 0 1
outer loop
vertex 244.4701754555776 -168.8651551618977 2
vertex 239.1731023337418 -168.66818239602256 2
vertex 239.1732777402206 -168.8651551618977 2
endloop
endfacet
facet normal 0 0 1
outer loop
vertex 361.83965178675743 -168.8651551618977 2
vertex 361.8399341788737 -168.66818239602256 2
vertex 246.470073509132 -168.66818239602256 2
endloop
endfacet
facet normal 0 0 1
outer loop
vertex 361.83965178675743 -168.8651551618977 2
vertex 246.470073509132 -168.66818239602256 2
vertex 246.52982454442468 -168.8651551618977 2
endloop
endfacet
facet normal 0 0 1
outer loop
vertex 244.52992649086084 -168.66818239602256 2
vertex 244.62695690708003 -168.48665125530601 2
vertex 239.1729406782051 -168.48665125530601 2
endloop
endfacet
facet normal 0 0 1
outer loop
vertex 244.52992649086084 -168.66818239602256 2
vertex 239.1729406782051 -168.48665125530601 2
vertex 239.1731023337418 -168.66818239602256 2
endloop
endfacet
facet normal 0 0 1
outer loop
vertex 361.8399341788737 -168.66818239602256 2
vertex 361.84019443293863 -168.48665125530601 2
vertex 246.3730430929164 -168.48665125530601 2
endloop
endfacet
facet normal 0 0 1
outer loop
vertex 361.8399341788737 -168.66818239602256 2
vertex 246.3730430929164 -168.48665125530601 2
vertex 246.470073509132 -168.66818239602256 2
endloop
endfacet
facet normal 0 0 1
outer loop
vertex 244.62695690708003 -168.48665125530601 2
vertex 244.75753787975688 -168.327537879751 2
vertex 239.17279898594217 -168.327537879751 2
endloop
endfacet
facet normal 0 0 1
outer loop
vertex 244.62695690708003 -168.48665125530601 2
vertex 239.17279898594217 -168.327537879751 2
vertex 239.1729406782051 -168.48665125530601 2
endloop
endfacet
facet normal 0 0 1
outer loop
vertex 361.84019443293863 -168.48665125530601 2
vertex 361.84042254753433 -168.327537879751 2
vertex 246.2424621202573 -168.327537879751 2
endloop
endfacet
facet normal 0 0 1
outer loop
vertex 361.84019443293863 -168.48665125530601 2
vertex 246.2424621202573 -168.327537879751 2
vertex 246.3730430929164 -168.48665125530601 2
endloop
endfacet
facet normal 0 0 1
outer loop
vertex 244.75753787975688 -168.327537879751 2
vertex 244.9166512553262 -168.1969569070842 2
vertex 239.17268270210712 -168.1969569070842 2
endloop
endfacet
facet normal 0 0 1
outer loop
vertex 244.75753787975688 -168.327537879751 2
vertex 239.17268270210712 -168.1969569070842 2
vertex 239.17279898594217 -168.327537879751 2
endloop
endfacet
facet normal 0 0 1
outer loop
vertex 361.84042254753433 -168.327537879751 2
vertex 361.8406097563449 -168.1969569070842 2
vertex 246.08334874467133 -168.1969569070842 2
endloop
endfacet
facet normal 0 0 1
outer loop
vertex 361.84042254753433 -168.327537879751 2
vertex 246.08334874467133 -168.1969569070842 2
vertex 246.2424621202573 -168.327537879751 2
endloop
endfacet
facet normal 0 0 1
outer loop
vertex 244.9166512553262 -168.1969569070842 2
vertex 245.09818239602933 -168.09992649085655 2
vertex 239.17259629542258 -168.09992649085655 2
endloop
endfacet
facet normal 0 0 1
outer loop
vertex 244.9166512553262 -168.1969569070842 2
vertex 239.17259629542258 -168.09992649085655 2
vertex 239.17268270210712 -168.1969569070842 2
endloop
endfacet
facet normal 0 0 1
outer loop
vertex 361.8406097563449 -168.1969569070842 2
vertex 361.84074886504084 -168.09992649085655 2
vertex 245.90181760396192 -168.09992649085655 2
endloop
endfacet
facet normal 0 0 1
outer loop
vertex 361.8406097563449 -168.1969569070842 2
vertex 245.90181760396192 -168.09992649085655 2
vertex 246.08334874467133 -168.1969569070842 2
endloop
endfacet
facet normal 0 0 1
outer loop
vertex 245.09818239602933 -168.09992649085655 2
vertex 245.29515516186748 -168.04017545557855 2
vertex 239.17254308644897 -168.04017545557855 2
endloop
endfacet
facet normal 0 0 1
outer loop
vertex 245.09818239602933 -168.09992649085655 2
vertex 239.17254308644897 -168.04017545557855 2
vertex 239.17259629542258 -168.09992649085655 2
endloop
endfacet
facet normal 0 0 1
outer loop
vertex 361.84074886504084 -168.09992649085655 2
vertex 361.84083452775275 -168.04017545557855 2
vertex 245.70484483814064 -168.04017545557855 2
endloop
endfacet
facet normal 0 0 1
outer loop
vertex 361.84074886504084 -168.09992649085655 2
vertex 245.70484483814064 -168.04017545557855 2
vertex 245.90181760396192 -168.09992649085655 2
endloop
endfacet
facet normal 0 0 1
outer loop
vertex 245.29515516186748 -168.04017545557855 2
vertex 245.50000000000355 -168.0200000000003 2
vertex 239.17252511997728 -168.0200000000003 2
endloop
endfacet
facet normal 0 0 1
outer loop
vertex 245.29515516186748 -168.04017545557855 2
vertex 239.17252511997728 -168.0200000000003 2
vertex 239.17254308644897 -168.04017545557855 2
endloop
endfacet
facet normal 0 0 1
outer loop
vertex 361.84083452775275 -168.04017545557855 2
vertex 361.8408634525108 -168.0200000000003 2
vertex 245.50000000000355 -168.0200000000003 2
endloop
endfacet
facet normal 0 0 1
outer loop
vertex 361.84083452775275 -168.04017545557855 2
vertex 245.50000000000355 -168.0200000000003 2
vertex 245.70484483814064 -168.04017545557855 2
endloop
endfacet
facet normal 0 0 1
outer loop
vertex 245.50000000000355 -168.0200000000003 2
vertex 361.8408634525108 -168.0200000000003 2
vertex 361.87594513019815 -143.54999999999708 2
endloop
endfacet
facet normal 0 0 1
outer loop
vertex 245.50000000000355 -168.0200000000003 2
vertex 361.87594513019815 -143.54999999999708 2
vertex 355.49999999997806 -143.54999999999708 2
endloop
endfacet
facet normal 0 0 1
outer loop
vertex 245.50000000000355 -168.0200000000003 2
vertex 355.49999999997806 -143.54999999999708 2
vertex 239.15073430784673 -143.54999999999708 2
endloop
endfacet
facet normal 0 0 1
outer loop
vertex 245.50000000000355 -168.0200000000003 2
vertex 239.15073430784673 -143.54999999999708 2
vertex 239.17252511997728 -168.0200000000003 2
endloop
endfacet
facet normal 0 0 1
outer loop
vertex 355.49999999997806 -143.54999999999708 2
vertex 355.2951551618758 -143.52982454442193 2
vertex 239.15071634137504 -143.52982454442193 2
endloop
endfacet
facet normal 0 0 1
outer loop
vertex 355.49999999997806 -143.54999999999708 2
vertex 239.15071634137504 -143.52982454442193 2
vertex 239.15073430784673 -143.54999999999708 2
endloop
endfacet
facet normal 0 0 1
outer loop
vertex 361.87594513019815 -143.54999999999708 2
vertex 361.8759740549562 -143.52982454442193 2
vertex 355.70484483808036 -143.52982454442193 2
endloop
endfacet
facet normal 0 0 1
outer loop
vertex 361.87594513019815 -143.54999999999708 2
vertex 355.70484483808036 -143.52982454442193 2
vertex 355.49999999997806 -143.54999999999708 2
endloop
endfacet
facet normal 0 0 1
outer loop
vertex 355.2951551618758 -143.52982454442193 2
vertex 355.0981823959923 -143.47007350913017 2
vertex 239.1506631324014 -143.47007350913017 2
endloop
endfacet
facet normal 0 0 1
outer loop
vertex 355.2951551618758 -143.52982454442193 2
vertex 239.1506631324014 -143.47007350913017 2
vertex 239.15071634137504 -143.52982454442193 2
endloop
endfacet
facet normal 0 0 1
outer loop
vertex 361.8759740549562 -143.52982454442193 2
vertex 361.87605971766817 -143.47007350913017 2
vertex 355.90181760400066 -143.47007350913017 2
endloop
endfacet
facet normal 0 0 1
outer loop
vertex 361.8759740549562 -143.52982454442193 2
vertex 355.90181760400066 -143.47007350913017 2
vertex 355.70484483808036 -143.52982454442193 2
endloop
endfacet
facet normal 0 0 1
outer loop
vertex 355.0981823959923 -143.47007350913017 2
vertex 354.9166512553382 -143.3730430929287 2
vertex 239.1505767257169 -143.3730430929287 2
endloop
endfacet
facet normal 0 0 1
outer loop
vertex 355.0981823959923 -143.47007350913017 2
vertex 239.1505767257169 -143.3730430929287 2
vertex 239.1506631324014 -143.47007350913017 2
endloop
endfacet
facet normal 0 0 1
outer loop
vertex 361.87605971766817 -143.47007350913017 2
vertex 361.876198826364 -143.3730430929287 2
vertex 356.08334874463804 -143.3730430929287 2
endloop
endfacet
facet normal 0 0 1
outer loop
vertex 361.87605971766817 -143.47007350913017 2
vertex 356.08334874463804 -143.3730430929287 2
vertex 355.90181760400066 -143.47007350913017 2
endloop
endfacet
facet normal 0 0 1
outer loop
vertex 354.9166512553382 -143.3730430929287 2
vertex 354.757537879744 -143.24246212024138 2
vertex 239.15046044188185 -143.24246212024138 2
endloop
endfacet
facet normal 0 0 1
outer loop
vertex 354.9166512553382 -143.3730430929287 2
vertex 239.15046044188185 -143.24246212024138 2
vertex 239.1505767257169 -143.3730430929287 2
endloop
endfacet
facet normal 0 0 1
outer loop
vertex 361.876198826364 -143.3730430929287 2
vertex 361.8763860351746 -143.24246212024138 2
vertex 356.24246212025975 -143.24246212024138 2
endloop
endfacet
facet normal 0 0 1
outer loop
vertex 361.876198826364 -143.3730430929287 2
vertex 356.24246212025975 -143.24246212024138 2
vertex 356.08334874463804 -143.3730430929287 2
endloop
endfacet
facet normal 0 0 1
outer loop
vertex 354.757537879744 -143.24246212024138 2
vertex 354.6269569070983 -143.0833487446979 2
vertex 239.15031874961892 -143.0833487446979 2
endloop
endfacet
facet normal 0 0 1
outer loop
vertex 354.757537879744 -143.24246212024138 2
vertex 239.15031874961892 -143.0833487446979 2
vertex 239.15046044188185 -143.24246212024138 2
endloop
endfacet
facet normal 0 0 1
outer loop
vertex 361.8763860351746 -143.24246212024138 2
vertex 361.8766141497703 -143.0833487446979 2
vertex 356.3730430928943 -143.0833487446979 2
endloop
endfacet
facet normal 0 0 1
outer loop
vertex 361.8763860351746 -143.24246212024138 2
vertex 356.3730430928943 -143.0833487446979 2
vertex 356.24246212025975 -143.24246212024138 2
endloop
endfacet
facet normal 0 0 1
outer loop
vertex 354.6269569070983 -143.0833487446979 2
vertex 354.52992649086946 -142.90181760399255 2
vertex 239.1501570940822 -142.90181760399255 2
endloop
endfacet
facet normal 0 0 1
outer loop
vertex 354.6269569070983 -143.0833487446979 2
vertex 239.1501570940822 -142.90181760399255 2
vertex 239.15031874961892 -143.0833487446979 2
endloop
endfacet
facet normal 0 0 1
outer loop
vertex 361.8766141497703 -143.0833487446979 2
vertex 361.87687440383525 -142.90181760399255 2
vertex 356.47007350913924 -142.90181760399255 2
endloop
endfacet
facet normal 0 0 1
outer loop
vertex 361.8766141497703 -143.0833487446979 2
vertex 356.47007350913924 -142.90181760399255 2
vertex 356.3730430928943 -143.0833487446979 2
endloop
endfacet
facet normal 0 0 1
outer loop
vertex 354.52992649086946 -142.90181760399255 2
vertex 354.4701754555676 -142.7048448380755 2
vertex 239.14998168760337 -142.7048448380755 2
endloop
endfacet
facet normal 0 0 1
outer loop
vertex 354.52992649086946 -142.90181760399255 2
vertex 239.14998168760337 -142.7048448380755 2
vertex 239.1501570940822 -142.90181760399255 2
endloop
endfacet
facet normal 0 0 1
outer loop
vertex 361.87687440383525 -142.90181760399255 2
vertex 361.8771567959516 -142.7048448380755 2
vertex 356.5298245444294 -142.7048448380755 2
endloop
endfacet
facet normal 0 0 1
outer loop
vertex 361.87687440383525 -142.90181760399255 2
vertex 356.5298245444294 -142.7048448380755 2
vertex 356.47007350913924 -142.90181760399255 2
endloop
endfacet
facet normal 0 0 1
outer loop
vertex 354.4701754555676 -142.7048448380755 2
vertex 354.4499999999988 -142.50000000004104 2
vertex 239.14979927095519 -142.50000000004104 2
endloop
endfacet
facet normal 0 0 1
outer loop
vertex 354.4701754555676 -142.7048448380755 2
vertex 239.14979927095519 -142.50000000004104 2
vertex 239.14998168760337 -142.7048448380755 2
endloop
endfacet
facet normal 0 0 1
outer loop
vertex 361.8771567959516 -142.7048448380755 2
vertex 361.87745047394844 -142.50000000004104 2
vertex 356.5499999999986 -142.50000000004104 2
endloop
endfacet
facet normal 0 0 1
outer loop
vertex 361.8771567959516 -142.7048448380755 2
vertex 356.5499999999986 -142.50000000004104 2
vertex 356.5298245444294 -142.7048448380755 2
endloop
endfacet
facet normal 0 0 1
outer loop
vertex 354.4499999999988 -142.50000000004104 2
vertex 354.47017545558055 -142.29515516183594 2
vertex 239.14961685430683 -142.29515516183594 2
endloop
endfacet
facet normal 0 0 1
outer loop
vertex 354.4499999999988 -142.50000000004104 2
vertex 239.14961685430683 -142.29515516183594 2
vertex 239.14979927095519 -142.50000000004104 2
endloop
endfacet
facet normal 0 0 1
outer loop
vertex 361.87745047394844 -142.50000000004104 2
vertex 361.8777441519456 -142.29515516183594 2
vertex 356.52982454441326 -142.29515516183594 2
endloop
endfacet
facet normal 0 0 1
outer loop
vertex 361.87745047394844 -142.50000000004104 2
vertex 356.52982454441326 -142.29515516183594 2
vertex 356.5499999999986 -142.50000000004104 2
endloop
endfacet
facet normal 0 0 1
outer loop
vertex 354.47017545558055 -142.29515516183594 2
vertex 354.5299264908617 -142.09818239597317 2
vertex 239.14944144782805 -142.09818239597317 2
endloop
endfacet
facet normal 0 0 1
outer loop
vertex 354.47017545558055 -142.29515516183594 2
vertex 239.14944144782805 -142.09818239597317 2
vertex 239.14961685430683 -142.29515516183594 2
endloop
endfacet
facet normal 0 0 1
outer loop
vertex 361.8777441519456 -142.29515516183594 2
vertex 361.87802654406187 -142.09818239597317 2
vertex 356.4700735091279 -142.09818239597317 2
endloop
endfacet
facet normal 0 0 1
outer loop
vertex 361.8777441519456 -142.29515516183594 2
vertex 356.4700735091279 -142.09818239597317 2
vertex 356.52982454441326 -142.29515516183594 2
endloop
endfacet
facet normal 0 0 1
outer loop
vertex 354.5299264908617 -142.09818239597317 2
vertex 354.62695690710024 -141.91665125539157 2
vertex 239.14927979229145 -141.91665125539157 2
endloop
endfacet
facet normal 0 0 1
outer loop
vertex 354.5299264908617 -142.09818239597317 2
vertex 239.14927979229145 -141.91665125539157 2
vertex 239.14944144782805 -142.09818239597317 2
endloop
endfacet
facet normal 0 0 1
outer loop
vertex 361.87802654406187 -142.09818239597317 2
vertex 361.8782867981266 -141.91665125539157 2
vertex 356.37304309296513 -141.91665125539157 2
endloop
endfacet
facet normal 0 0 1
outer loop
vertex 361.87802654406187 -142.09818239597317 2
vertex 356.37304309296513 -141.91665125539157 2
vertex 356.4700735091279 -142.09818239597317 2
endloop
endfacet
facet normal 0 0 1
outer loop
vertex 354.62695690710024 -141.91665125539157 2
vertex 354.75753787973713 -141.75753787970075 2
vertex 239.1491381000284 -141.75753787970075 2
endloop
endfacet
facet normal 0 0 1
outer loop
vertex 354.62695690710024 -141.91665125539157 2
vertex 239.1491381000284 -141.75753787970075 2
vertex 239.14927979229145 -141.91665125539157 2
endloop
endfacet
facet normal 0 0 1
outer loop
vertex 361.8782867981266 -141.91665125539157 2
vertex 361.8785149127225 -141.75753787970075 2
vertex 356.2424621201985 -141.75753787970075 2
endloop
endfacet
facet normal 0 0 1
outer loop
vertex 361.8782867981266 -141.91665125539157 2
vertex 356.2424621201985 -141.75753787970075 2
vertex 356.37304309296513 -141.91665125539157 2
endloop
endfacet
facet normal 0 0 1
outer loop
vertex 354.75753787973713 -141.75753787970075 2
vertex 354.916651255337 -141.62695690712653 2
vertex 239.14902181619345 -141.62695690712653 2
endloop
endfacet
facet normal 0 0 1
outer loop
vertex 354.75753787973713 -141.75753787970075 2
vertex 239.14902181619345 -141.62695690712653 2
vertex 239.1491381000284 -141.75753787970075 2
endloop
endfacet
facet normal 0 0 1
outer loop
vertex 361.8785149127225 -141.75753787970075 2
vertex 361.87870212153297 -141.62695690712653 2
vertex 356.08334874474207 -141.62695690712653 2
endloop
endfacet
facet normal 0 0 1
outer loop
vertex 361.8785149127225 -141.75753787970075 2
vertex 356.08334874474207 -141.62695690712653 2
vertex 356.2424621201985 -141.75753787970075 2
endloop
endfacet
facet normal 0 0 1
outer loop
vertex 354.916651255337 -141.62695690712653 2
vertex 355.0981823960154 -141.5299264908414 2
vertex 239.14893540950885 -141.5299264908414 2
endloop
endfacet
facet normal 0 0 1
outer loop
vertex 354.916651255337 -141.62695690712653 2
vertex 239.14893540950885 -141.5299264908414 2
vertex 239.14902181619345 -141.62695690712653 2
endloop
endfacet
facet normal 0 0 1
outer loop
vertex 361.87870212153297 -141.62695690712653 2
vertex 361.8788412302289 -141.5299264908414 2
vertex 355.9018176039315 -141.5299264908414 2
endloop
endfacet
facet normal 0 0 1
outer loop
vertex 361.87870212153297 -141.62695690712653 2
vertex 355.9018176039315 -141.5299264908414 2
vertex 356.08334874474207 -141.62695690712653 2
endloop
endfacet
facet normal 0 0 1
outer loop
vertex 355.0981823960154 -141.5299264908414 2
vertex 355.2951551618785 -141.47017545557495 2
vertex 239.14888220053524 -141.47017545557495 2
endloop
endfacet
facet normal 0 0 1
outer loop
vertex 355.0981823960154 -141.5299264908414 2
vertex 239.14888220053524 -141.47017545557495 2
vertex 239.14893540950885 -141.5299264908414 2
endloop
endfacet
facet normal 0 0 1
outer loop
vertex 361.8788412302289 -141.5299264908414 2
vertex 361.87892689294085 -141.47017545557495 2
vertex 355.7048448381313 -141.47017545557495 2
endloop
endfacet
facet normal 0 0 1
outer loop
vertex 361.8788412302289 -141.5299264908414 2
vertex 355.7048448381313 -141.47017545557495 2
vertex 355.9018176039315 -141.5299264908414 2
endloop
endfacet
facet normal 0 0 1
outer loop
vertex 355.2951551618785 -141.47017545557495 2
vertex 355.499999999992 -141.44999999999612 2
vertex 239.14886423406355 -141.44999999999612 2
endloop
endfacet
facet normal 0 0 1
outer loop
vertex 355.2951551618785 -141.47017545557495 2
vertex 239.14886423406355 -141.44999999999612 2
vertex 239.14888220053524 -141.47017545557495 2
endloop
endfacet
facet normal 0 0 1
outer loop
vertex 361.87892689294085 -141.47017545557495 2
vertex 361.8789558176989 -141.44999999999612 2
vertex 355.499999999992 -141.44999999999612 2
endloop
endfacet
facet normal 0 0 1
outer loop
vertex 361.87892689294085 -141.47017545557495 2
vertex 355.499999999992 -141.44999999999612 2
vertex 355.7048448381313 -141.47017545557495 2
endloop
endfacet
facet normal 0 0 1
outer loop
vertex 355.499999999992 -141.44999999999612 2
vertex 361.8789558176989 -141.44999999999612 2
vertex 361.8923318721665 -132.12000000000023 2
endloop
endfacet
facet normal 0 0 1
outer loop
vertex 355.499999999992 -141.44999999999612 2
vertex 361.8923318721665 -132.12000000000023 2
vertex 245.49999999999977 -132.12000000000023 2
endloop
endfacet
facet normal 0 0 1
outer loop
vertex 355.499999999992 -141.44999999999612 2
vertex 245.49999999999977 -132.12000000000023 2
vertex 239.14055576339834 -132.12000000000023 2
endloop
endfacet
facet normal 0 0 1
outer loop
vertex 355.499999999992 -141.44999999999612 2
vertex 239.14055576339834 -132.12000000000023 2
vertex 239.14886423406355 -141.44999999999612 2
endloop
endfacet
facet normal 0 0 1
outer loop
vertex 245.49999999999977 -132.12000000000023 2
vertex 245.29515516188275 -132.0998245444237 2
vertex 239.14053779692665 -132.0998245444237 2
endloop
endfacet
facet normal 0 0 1
outer loop
vertex 245.49999999999977 -132.12000000000023 2
vertex 239.14053779692665 -132.0998245444237 2
vertex 239.14055576339834 -132.12000000000023 2
endloop
endfacet
facet normal 0 0 1
outer loop
vertex 361.8923318721665 -132.12000000000023 2
vertex 361.89236079692455 -132.0998245444237 2
vertex 245.70484483812 -132.0998245444237 2
endloop
endfacet
facet normal 0 0 1
outer loop
vertex 361.8923318721665 -132.12000000000023 2
vertex 245.70484483812 -132.0998245444237 2
vertex 245.49999999999977 -132.12000000000023 2
endloop
endfacet
facet normal 0 0 1
outer loop
vertex 245.29515516188275 -132.0998245444237 2
vertex 245.09818239599304 -132.0400735091323 2
vertex 239.14048458795304 -132.0400735091323 2
endloop
endfacet
facet normal 0 0 1
outer loop
vertex 245.29515516188275 -132.0998245444237 2
vertex 239.14048458795304 -132.0400735091323 2
vertex 239.14053779692665 -132.0998245444237 2
endloop
endfacet
facet normal 0 0 1
outer loop
vertex 361.89236079692455 -132.0998245444237 2
vertex 361.8924464596365 -132.0400735091323 2
vertex 245.90181760398343 -132.0400735091323 2
endloop
endfacet
facet normal 0 0 1
outer loop
vertex 361.89236079692455 -132.0998245444237 2
vertex 245.90181760398343 -132.0400735091323 2
vertex 245.70484483812 -132.0998245444237 2
endloop
endfacet
facet normal 0 0 1
outer loop
vertex 245.09818239599304 -132.0400735091323 2
vertex 244.9166512553387 -131.9430430929175 2
vertex 239.1403981812685 -131.9430430929175 2
endloop
endfacet
facet normal 0 0 1
outer loop
vertex 245.09818239599304 -132.0400735091323 2
vertex 239.1403981812685 -131.9430430929175 2
vertex 239.14048458795304 -132.0400735091323 2
endloop
endfacet
facet normal 0 0 1
outer loop
vertex 361.8924464596365 -132.0400735091323 2
vertex 361.8925855683324 -131.9430430929175 2
vertex 246.08334874467707 -131.9430430929175 2
endloop
endfacet
facet normal 0 0 1
outer loop
vertex 361.8924464596365 -132.0400735091323 2
vertex 246.08334874467707 -131.9430430929175 2
vertex 245.90181760398343 -132.0400735091323 2
endloop
endfacet
facet normal 0 0 1
outer loop
vertex 244.9166512553387 -131.9430430929175 2
vertex 244.7575378797494 -131.81246212025417 2
vertex 239.14028189743345 -131.81246212025417 2
endloop
endfacet
facet normal 0 0 1
outer loop
vertex 244.9166512553387 -131.9430430929175 2
vertex 239.14028189743345 -131.81246212025417 2
vertex 239.1403981812685 -131.9430430929175 2
endloop
endfacet
facet normal 0 0 1
outer loop
vertex 361.8925855683324 -131.9430430929175 2
vertex 361.89277277714297 -131.81246212025417 2
vertex 246.2424621202319 -131.81246212025417 2
endloop
endfacet
facet normal 0 0 1
outer loop
vertex 361.8925855683324 -131.9430430929175 2
vertex 246.2424621202319 -131.81246212025417 2
vertex 246.08334874467707 -131.9430430929175 2
endloop
endfacet
facet normal 0 0 1
outer loop
vertex 244.7575378797494 -131.81246212025417 2
vertex 244.62695690709066 -131.6533487446587 2
vertex 239.14014020517047 -131.6533487446587 2
endloop
endfacet
facet normal 0 0 1
outer loop
vertex 244.7575378797494 -131.81246212025417 2
vertex 239.14014020517047 -131.6533487446587 2
vertex 239.14028189743345 -131.81246212025417 2
endloop
endfacet
facet normal 0 0 1
outer loop
vertex 361.89277277714297 -131.81246212025417 2
vertex 361.8930008917387 -131.6533487446587 2
vertex 246.3730430929325 -131.6533487446587 2
endloop
endfacet
facet normal 0 0 1
outer loop
vertex 361.89277277714297 -131.81246212025417 2
vertex 246.3730430929325 -131.6533487446587 2
vertex 246.2424621202319 -131.81246212025417 2
endloop
endfacet
facet normal 0 0 1
outer loop
vertex 244.62695690709066 -131.6533487446587 2
vertex 244.529926490869 -131.47181760398067 2
vertex 239.1399785496338 -131.47181760398067 2
endloop
endfacet
facet normal 0 0 1
outer loop
vertex 244.62695690709066 -131.6533487446587 2
vertex 239.1399785496338 -131.47181760398067 2
vertex 239.14014020517047 -131.6533487446587 2
endloop
endfacet
facet normal 0 0 1
outer loop
vertex 361.8930008917387 -131.6533487446587 2
vertex 361.8932611458036 -131.47181760398067 2
vertex 246.4700735091346 -131.47181760398067 2
endloop
endfacet
facet normal 0 0 1
outer loop
vertex 361.8930008917387 -131.6533487446587 2
vertex 246.4700735091346 -131.47181760398067 2
vertex 246.3730430929325 -131.6533487446587 2
endloop
endfacet
facet normal 0 0 1
outer loop
vertex 244.529926490869 -131.47181760398067 2
vertex 244.4701754555743 -131.27484483812947 2
vertex 239.13980314315504 -131.27484483812947 2
endloop
endfacet
facet normal 0 0 1
outer loop
vertex 244.529926490869 -131.47181760398067 2
vertex 239.13980314315504 -131.27484483812947 2
vertex 239.1399785496338 -131.47181760398067 2
endloop
endfacet
facet normal 0 0 1
outer loop
vertex 361.8932611458036 -131.47181760398067 2
vertex 361.89354353791987 -131.27484483812947 2
vertex 246.52982454442414 -131.27484483812947 2
endloop
endfacet
facet normal 0 0 1
outer loop
vertex 361.8932611458036 -131.47181760398067 2
vertex 246.52982454442414 -131.27484483812947 2
vertex 246.4700735091346 -131.47181760398067 2
endloop
endfacet
facet normal 0 0 1
outer loop
vertex 244.4701754555743 -131.27484483812947 2
vertex 244.4499999999998 -131.0700000000067 2
vertex 239.13962072650676 -131.0700000000067 2
endloop
endfacet
facet normal 0 0 1
outer loop
vertex 244.4701754555743 -131.27484483812947 2
vertex 239.13962072650676 -131.0700000000067 2
vertex 239.13980314315504 -131.27484483812947 2
endloop
endfacet
facet normal 0 0 1
outer loop
vertex 361.89354353791987 -131.27484483812947 2
vertex 361.8938372159169 -131.0700000000067 2
vertex 246.54999999999973 -131.0700000000067 2
endloop
endfacet
facet normal 0 0 1
outer loop
vertex 361.89354353791987 -131.27484483812947 2
vertex 246.54999999999973 -131.0700000000067 2
vertex 246.52982454442414 -131.27484483812947 2
endloop
endfacet
facet normal 0 0 1
outer loop
vertex 244.4499999999998 -131.0700000000067 2
vertex 244.47017545557773 -130.86515516188382 2
vertex 239.1394383098585 -130.86515516188382 2
endloop
endfacet
facet normal 0 0 1
outer loop
vertex 244.4499999999998 -131.0700000000067 2
vertex 239.1394383098585 -130.86515516188382 2
vertex 239.13962072650676 -131.0700000000067 2
endloop
endfacet
facet normal 0 0 1
outer loop
vertex 361.8938372159169 -131.0700000000067 2
vertex 361.8941308939139 -130.86515516188382 2
vertex 246.5298245444229 -130.86515516188382 2
endloop
endfacet
facet normal 0 0 1
outer loop
vertex 361.8938372159169 -131.0700000000067 2
vertex 246.5298245444229 -130.86515516188382 2
vertex 246.54999999999973 -131.0700000000067 2
endloop
endfacet
facet normal 0 0 1
outer loop
vertex 244.47017545557773 -130.86515516188382 2
vertex 244.52992649085945 -130.66818239600866 2
vertex 239.1392629033797 -130.66818239600866 2
endloop
endfacet
facet normal 0 0 1
outer loop
vertex 244.47017545557773 -130.86515516188382 2
vertex 239.1392629033797 -130.66818239600866 2
vertex 239.1394383098585 -130.86515516188382 2
endloop
endfacet
facet normal 0 0 1
outer loop
vertex 361.8941308939139 -130.86515516188382 2
vertex 361.89441328603016 -130.66818239600866 2
vertex 246.47007350913185 -130.66818239600866 2
endloop
endfacet
facet normal 0 0 1
outer loop
vertex 361.8941308939139 -130.86515516188382 2
vertex 246.47007350913185 -130.66818239600866 2
vertex 246.5298245444229 -130.86515516188382 2
endloop
endfacet
facet normal 0 0 1
outer loop
vertex 244.52992649085945 -130.66818239600866 2
vertex 244.6269569070808 -130.4866512553492 2
vertex 239.13910124784303 -130.4866512553492 2
endloop
endfacet
facet normal 0 0 1
outer loop
vertex 244.52992649085945 -130.66818239600866 2
vertex 239.13910124784303 -130.4866512553492 2
vertex 239.1392629033797 -130.66818239600866 2
endloop
endfacet
facet normal 0 0 1
outer loop
vertex 361.89441328603016 -130.66818239600866 2
vertex 361.894673540095 -130.4866512553492 2
vertex 246.3730430929371 -130.4866512553492 2
endloop
endfacet
facet normal 0 0 1
outer loop
vertex 361.89441328603016 -130.66818239600866 2
vertex 246.3730430929371 -130.4866512553492 2
vertex 246.47007350913185 -130.66818239600866 2
endloop
endfacet
facet normal 0 0 1
outer loop
vertex 244.6269569070808 -130.4866512553492 2
vertex 244.75753787975836 -130.3275378797475 2
vertex 239.13895955558004 -130.3275378797475 2
endloop
endfacet
facet normal 0 0 1
outer loop
vertex 244.6269569070808 -130.4866512553492 2
vertex 239.13895955558004 -130.3275378797475 2
vertex 239.13910124784303 -130.4866512553492 2
endloop
endfacet
facet normal 0 0 1
outer loop
vertex 361.894673540095 -130.4866512553492 2
vertex 361.8949016546908 -130.3275378797475 2
vertex 246.24246212023277 -130.3275378797475 2
endloop
endfacet
facet normal 0 0 1
outer loop
vertex 361.894673540095 -130.4866512553492 2
vertex 246.24246212023277 -130.3275378797475 2
vertex 246.3730430929371 -130.4866512553492 2
endloop
endfacet
facet normal 0 0 1
outer loop
vertex 244.75753787975836 -130.3275378797475 2
vertex 244.91665125533393 -130.1969569070674 2
vertex 239.138843271745 -130.1969569070674 2
endloop
endfacet
facet normal 0 0 1
outer loop
vertex 244.75753787975836 -130.3275378797475 2
vertex 239.138843271745 -130.1969569070674 2
vertex 239.13895955558004 -130.3275378797475 2
endloop
endfacet
facet normal 0 0 1
outer loop
vertex 361.8949016546908 -130.3275378797475 2
vertex 361.8950888635014 -130.1969569070674 2
vertex 246.08334874467144 -130.1969569070674 2
endloop
endfacet
facet normal 0 0 1
outer loop
vertex 361.8949016546908 -130.3275378797475 2
vertex 246.08334874467144 -130.1969569070674 2
vertex 246.24246212023277 -130.3275378797475 2
endloop
endfacet
facet normal 0 0 1
outer loop
vertex 244.91665125533393 -130.1969569070674 2
vertex 245.09818239601785 -130.0999264908695 2
vertex 239.1387568650605 -130.0999264908695 2
endloop
endfacet
facet normal 0 0 1
outer loop
vertex 244.91665125533393 -130.1969569070674 2
vertex 239.1387568650605 -130.0999264908695 2
vertex 239.138843271745 -130.1969569070674 2
endloop
endfacet
facet normal 0 0 1
outer loop
vertex 361.8950888635014 -130.1969569070674 2
vertex 361.89522797219723 -130.0999264908695 2
vertex 245.90181760403095 -130.0999264908695 2
endloop
endfacet
facet normal 0 0 1
outer loop
vertex 361.8950888635014 -130.1969569070674 2
vertex 245.90181760403095 -130.0999264908695 2
vertex 246.08334874467144 -130.1969569070674 2
endloop
endfacet
facet normal 0 0 1
outer loop
vertex 245.09818239601785 -130.0999264908695 2
vertex 245.29515516186686 -130.04017545557608 2
vertex 239.13870365608685 -130.04017545557608 2
endloop
endfacet
facet normal 0 0 1
outer loop
vertex 245.09818239601785 -130.0999264908695 2
vertex 239.13870365608685 -130.04017545557608 2
vertex 239.1387568650605 -130.0999264908695 2
endloop
endfacet
facet normal 0 0 1
outer loop
vertex 361.89522797219723 -130.0999264908695 2
vertex 361.8953136349092 -130.04017545557608 2
vertex 245.70484483805575 -130.04017545557608 2
endloop
endfacet
facet normal 0 0 1
outer loop
vertex 361.89522797219723 -130.0999264908695 2
vertex 245.70484483805575 -130.04017545557608 2
vertex 245.90181760403095 -130.0999264908695 2
endloop
endfacet
facet normal 0 0 1
outer loop
vertex 245.29515516186686 -130.04017545557608 2
vertex 245.50000000000585 -130.01999999999995 2
vertex 239.13868568961516 -130.01999999999995 2
endloop
endfacet
facet normal 0 0 1
outer loop
vertex 245.29515516186686 -130.04017545557608 2
vertex 239.13868568961516 -130.01999999999995 2
vertex 239.13870365608685 -130.04017545557608 2
endloop
endfacet
facet normal 0 0 1
outer loop
vertex 361.8953136349092 -130.04017545557608 2
vertex 361.89534255966726 -130.01999999999995 2
vertex 245.50000000000585 -130.01999999999995 2
endloop
endfacet
facet normal 0 0 1
outer loop
vertex 361.8953136349092 -130.04017545557608 2
vertex 245.50000000000585 -130.01999999999995 2
vertex 245.70484483805575 -130.04017545557608 2
endloop
endfacet
facet normal 0 0 1
outer loop
vertex 237.19766051856135 -196.2466874 2
vertex 237.12180970000136 -111.07 2
vertex 235.1218083358219 -111.07 2
endloop
endfacet
facet normal 0 0 1
outer loop
vertex 237.19766051856135 -196.2466874 2
vertex 235.1218083358219 -111.07 2
vertex 235.19765979999994 -196.2466874 2
endloop
endfacet
facet normal 0 0 1
outer loop
vertex 245.50000000000585 -130.01999999999995 2
vertex 361.89534255966726 -130.01999999999995 2
vertex 361.92251043020974 -111.07 2
endloop
endfacet
facet normal 0 0 1
outer loop
vertex 245.50000000000585 -130.01999999999995 2
vertex 361.92251043020974 -111.07 2
vertex 239.12181050000038 -111.07 2
endloop
endfacet
facet normal 0 0 1
outer loop
vertex 245.50000000000585 -130.01999999999995 2
vertex 239.12181050000038 -111.07 2
vertex 239.13868568961516 -130.01999999999995 2
endloop
endfacet
facet normal 0 0 1
outer loop
vertex 365.7946518058147 -200.24931900009454 2
vertex 365.9303176 -105.62718639999994 2
vertex 365.9300475935242 -105.62369499994244 2
endloop
endfacet
facet normal 0 0 1
outer loop
vertex 365.7946518058147 -200.24931900009454 2
vertex 365.9300475935242 -105.62369499994244 2
vertex 363.93032319999736 -105.62369499994244 2
endloop
endfacet
facet normal 0 0 1
outer loop
vertex 365.7946518058147 -200.24931900009454 2
vertex 363.93032319999736 -105.62369499994244 2
vertex 363.79465669999456 -200.24931900009454 2
endloop
endfacet
facet normal 0 0 1
outer loop
vertex 365.9300475935242 -105.62369499994244 2
vertex 365.8513370600042 -104.605904739963 2
vertex 363.85152336971424 -104.605904739963 2
endloop
endfacet
facet normal 0 0 1
outer loop
vertex 365.9300475935242 -105.62369499994244 2
vertex 363.85152336971424 -104.605904739963 2
vertex 363.93032319999736 -105.62369499994244 2
endloop
endfacet
facet normal 0 0 1
outer loop
vertex 237.12180970000136 -111.07 2
vertex 239.12181050000038 -111.07 2
vertex 361.92251043020974 -111.07 2
endloop
endfacet
facet normal 0 0 1
outer loop
vertex 237.12180970000136 -111.07 2
vertex 361.92251043020974 -111.07 2
vertex 361.9303218000026 -105.62145159999646 2
endloop
endfacet
facet normal 0 0 1
outer loop
vertex 237.12180970000136 -111.07 2
vertex 361.9303218000026 -105.62145159999646 2
vertex 361.87583379801237 -104.9167832571877 2
endloop
endfacet
facet normal 0 0 1
outer loop
vertex 237.12180970000136 -111.07 2
vertex 361.87583379801237 -104.9167832571877 2
vertex 361.71167875228986 -104.2293344207098 2
endloop
endfacet
facet normal 0 0 1
outer loop
vertex 237.12180970000136 -111.07 2
vertex 361.71167875228986 -104.2293344207098 2
vertex 361.6458811201911 -104.07000000000102 2
endloop
endfacet
facet normal 0 0 1
outer loop
vertex 237.12180970000136 -111.07 2
vertex 361.6458811201911 -104.07000000000102 2
vertex 239.3904922999989 -104.07000000000102 2
endloop
endfacet
facet normal 0 0 1
outer loop
vertex 237.12180970000136 -111.07 2
vertex 239.3904922999989 -104.07000000000102 2
vertex 237.30324119999983 -104.07000000000102 2
endloop
endfacet
facet normal 0 0 1
outer loop
vertex 237.12180970000136 -111.07 2
vertex 237.30324119999983 -104.07000000000102 2
vertex 235.27366774887378 -104.07000000000102 2
endloop
endfacet
facet normal 0 0 1
outer loop
vertex 237.12180970000136 -111.07 2
vertex 235.27366774887378 -104.07000000000102 2
vertex 235.22053858573287 -104.29204015158662 2
endloop
endfacet
facet normal 0 0 1
outer loop
vertex 237.12180970000136 -111.07 2
vertex 235.22053858573287 -104.29204015158662 2
vertex 235.11695730000002 -105.62257500000013 2
endloop
endfacet
facet normal 0 0 1
outer loop
vertex 237.12180970000136 -111.07 2
vertex 235.11695730000002 -105.62257500000013 2
vertex 235.1218083358219 -111.07 2
endloop
endfacet
facet normal 0 0 1
outer loop
vertex 365.8513370600042 -104.605904739963 2
vertex 365.827381449778 -104.29613950690263 2
vertex 365.6642550135411 -103.61300393425294 2
endloop
endfacet
facet normal 0 0 1
outer loop
vertex 365.8513370600042 -104.605904739963 2
vertex 365.6642550135411 -103.61300393425294 2
vertex 363.61434323418854 -103.61300393425294 2
endloop
endfacet
facet normal 0 0 1
outer loop
vertex 365.8513370600042 -104.605904739963 2
vertex 363.61434323418854 -103.61300393425294 2
vertex 363.85152336971424 -104.605904739963 2
endloop
endfacet
facet normal 0 0 1
outer loop
vertex 237.30324119999983 -104.07000000000102 2
vertex 237.64623051036588 -103.04587503274628 2
vertex 235.51871758365985 -103.04587503274628 2
endloop
endfacet
facet normal 0 0 1
outer loop
vertex 237.30324119999983 -104.07000000000102 2
vertex 235.51871758365985 -103.04587503274628 2
vertex 235.27366774887378 -104.07000000000102 2
endloop
endfacet
facet normal 0 0 1
outer loop
vertex 365.6642550135411 -103.61300393425294 2
vertex 365.517309359682 -102.99762971464065 2
vertex 365.3817995366805 -102.66948272039106 2
endloop
endfacet
facet normal 0 0 1
outer loop
vertex 365.6642550135411 -103.61300393425294 2
vertex 365.3817995366805 -102.66948272039106 2
vertex 363.2246328985914 -102.66948272039106 2
endloop
endfacet
facet normal 0 0 1
outer loop
vertex 365.6642550135411 -103.61300393425294 2
vertex 363.2246328985914 -102.66948272039106 2
vertex 363.61434323418854 -103.61300393425294 2
endloop
endfacet
facet normal 0 0 1
outer loop
vertex 237.64623051036588 -103.04587503274628 2
vertex 238.15405989533247 -102.09268044977824 2
vertex 235.90378344221313 -102.09268044977824 2
endloop
endfacet
facet normal 0 0 1
outer loop
vertex 237.64623051036588 -103.04587503274628 2
vertex 235.90378344221313 -102.09268044977824 2
vertex 235.53110191817962 -102.99411778020374 2
endloop
endfacet
facet normal 0 0 1
outer loop
vertex 237.64623051036588 -103.04587503274628 2
vertex 235.53110191817962 -102.99411778020374 2
vertex 235.51871758365985 -103.04587503274628 2
endloop
endfacet
facet normal 0 0 1
outer loop
vertex 365.3817995366805 -102.66948272039106 2
vertex 365.0221699612754 -101.7986132764016 2
vertex 362.69200466226965 -101.7986132764016 2
endloop
endfacet
facet normal 0 0 1
outer loop
vertex 365.3817995366805 -102.66948272039106 2
vertex 362.69200466226965 -101.7986132764016 2
vertex 363.2246328985914 -102.66948272039106 2
endloop
endfacet
facet normal 0 0 1
outer loop
vertex 238.15405989533247 -102.09268044977824 2
vertex 238.8127132094652 -101.23673278251569 2
vertex 236.36172473809498 -101.23673278251569 2
endloop
endfacet
facet normal 0 0 1
outer loop
vertex 238.15405989533247 -102.09268044977824 2
vertex 236.36172473809498 -101.23673278251569 2
vertex 236.04099152620188 -101.76080328129133 2
endloop
endfacet
facet normal 0 0 1
outer loop
vertex 238.15405989533247 -102.09268044977824 2
vertex 236.04099152620188 -101.76080328129133 2
vertex 235.90378344221313 -102.09268044977824 2
endloop
endfacet
facet normal 0 0 1
outer loop
vertex 361.6458811201911 -104.07000000000102 2
vertex 361.44191018641527 -103.57606747480281 2
vertex 361.0731828283153 -102.97309739495697 2
endloop
endfacet
facet normal 0 0 1
outer loop
vertex 361.6458811201911 -104.07000000000102 2
vertex 361.0731828283153 -102.97309739495697 2
vertex 360.61459254975546 -102.43529841929022 2
endloop
endfacet
facet normal 0 0 1
outer loop
vertex 361.6458811201911 -104.07000000000102 2
vertex 360.61459254975546 -102.43529841929022 2
vertex 360.0774519867753 -101.97593712647291 2
endloop
endfacet
facet normal 0 0 1
outer loop
vertex 361.6458811201911 -104.07000000000102 2
vertex 360.0774519867753 -101.97593712647291 2
vertex 359.47501147600775 -101.60634517204022 2
endloop
endfacet
facet normal 0 0 1
outer loop
vertex 361.6458811201911 -104.07000000000102 2
vertex 359.47501147600775 -101.60634517204022 2
vertex 358.8221321920627 -101.33563975584939 2
endloop
endfacet
facet normal 0 0 1
outer loop
vertex 361.6458811201911 -104.07000000000102 2
vertex 358.8221321920627 -101.33563975584939 2
vertex 358.13491954746803 -101.1704987164003 2
endloop
endfacet
facet normal 0 0 1
outer loop
vertex 361.6458811201911 -104.07000000000102 2
vertex 358.13491954746803 -101.1704987164003 2
vertex 357.43037921782553 -101.115 2
endloop
endfacet
facet normal 0 0 1
outer loop
vertex 361.6458811201911 -104.07000000000102 2
vertex 357.43037921782553 -101.115 2
vertex 354.3 -101.115 2
endloop
endfacet
facet normal 0 0 1
outer loop
vertex 361.6458811201911 -104.07000000000102 2
vertex 354.3 -101.115 2
vertex 342.3 -101.115 2
endloop
endfacet
facet normal 0 0 1
outer loop
vertex 361.6458811201911 -104.07000000000102 2
vertex 342.3 -101.115 2
vertex 243.61695459998683 -101.115 2
endloop
endfacet
facet normal 0 0 1
outer loop
vertex 361.6458811201911 -104.07000000000102 2
vertex 243.61695459998683 -101.115 2
vertex 242.93317437114277 -101.167253830799 2
endloop
endfacet
facet normal 0 0 1
outer loop
vertex 361.6458811201911 -104.07000000000102 2
vertex 242.93317437114277 -101.167253830799 2
vertex 242.2652764199144 -101.32280139796258 2
endloop
endfacet
facet normal 0 0 1
outer loop
vertex 361.6458811201911 -104.07000000000102 2
vertex 242.2652764199144 -101.32280139796258 2
vertex 241.62876960019423 -101.57803028998867 2
endloop
endfacet
facet normal 0 0 1
outer loop
vertex 361.6458811201911 -104.07000000000102 2
vertex 241.62876960019423 -101.57803028998867 2
vertex 241.03843604323527 -101.92701311241788 2
endloop
endfacet
facet normal 0 0 1
outer loop
vertex 361.6458811201911 -104.07000000000102 2
vertex 241.03843604323527 -101.92701311241788 2
vertex 240.50798555986037 -102.36164514479795 2
endloop
endfacet
facet normal 0 0 1
outer loop
vertex 361.6458811201911 -104.07000000000102 2
vertex 240.50798555986037 -102.36164514479795 2
vertex 240.04973724617582 -102.87183256316473 2
endloop
endfacet
facet normal 0 0 1
outer loop
vertex 361.6458811201911 -104.07000000000102 2
vertex 240.04973724617582 -102.87183256316473 2
vertex 239.6743333867467 -103.44572685756206 2
endloop
endfacet
facet normal 0 0 1
outer loop
vertex 361.6458811201911 -104.07000000000102 2
vertex 239.6743333867467 -103.44572685756206 2
vertex 239.3904922999989 -104.07000000000102 2
endloop
endfacet
facet normal 0 0 1
outer loop
vertex 357.43037921782553 -101.115 2
vertex 357.4303259000256 -101.11499579999989 2
vertex 354.3 -101.115 2
endloop
endfacet
facet normal 0 0 1
outer loop
vertex 365.0221699612754 -101.7986132764016 2
vertex 365.00774642829316 -101.76368563138115 2
vertex 364.55411510664317 -101.02187580684897 2
endloop
endfacet
facet normal 0 0 1
outer loop
vertex 365.0221699612754 -101.7986132764016 2
vertex 364.55411510664317 -101.02187580684897 2
vertex 362.02959592884946 -101.02187580684897 2
endloop
endfacet
facet normal 0 0 1
outer loop
vertex 365.0221699612754 -101.7986132764016 2
vertex 362.02959592884946 -101.02187580684897 2
vertex 362.69200466226965 -101.7986132764016 2
endloop
endfacet
facet normal 0 0 1
outer loop
vertex 238.8127132094652 -101.23673278251569 2
vertex 239.60400584383498 -100.50166369454286 2
vertex 236.84073901101794 -100.50166369454286 2
endloop
endfacet
facet normal 0 0 1
outer loop
vertex 238.8127132094652 -101.23673278251569 2
vertex 236.84073901101794 -100.50166369454286 2
vertex 236.737637998871 -100.62249938614093 2
endloop
endfacet
facet normal 0 0 1
outer loop
vertex 238.8127132094652 -101.23673278251569 2
vertex 236.737637998871 -100.62249938614093 2
vertex 236.36172473809498 -101.23673278251569 2
endloop
endfacet
facet normal 0 0 1
outer loop
vertex 364.55411510664317 -101.02187580684897 2
vertex 364.31126262017017 -100.6247463499974 2
vertex 364.08416890842574 -100.35842872853532 2
endloop
endfacet
facet normal 0 0 1
outer loop
vertex 364.55411510664317 -101.02187580684897 2
vertex 364.08416890842574 -100.35842872853532 2
vertex 361.25374516936523 -100.35842872853532 2
endloop
endfacet
facet normal 0 0 1
outer loop
vertex 364.55411510664317 -101.02187580684897 2
vertex 361.25374516936523 -100.35842872853532 2
vertex 362.02959592884946 -101.02187580684897 2
endloop
endfacet
facet normal 0 0 1
outer loop
vertex 239.60400584383498 -100.50166369454286 2
vertex 240.50609118094025 -99.90776754044569 2
vertex 237.34747086969153 -99.90776754044569 2
endloop
endfacet
facet normal 0 0 1
outer loop
vertex 239.60400584383498 -100.50166369454286 2
vertex 237.34747086969153 -99.90776754044569 2
vertex 236.84073901101794 -100.50166369454286 2
endloop
endfacet
facet normal 0 0 1
outer loop
vertex 364.08416890842574 -100.35842872853532 2
vertex 363.6289945818941 -99.82463612344128 2
vertex 360.3835891622211 -99.82463612344128 2
endloop
endfacet
facet normal 0 0 1
outer loop
vertex 364.08416890842574 -100.35842872853532 2
vertex 360.3835891622211 -99.82463612344128 2
vertex 361.25374516936523 -100.35842872853532 2
endloop
endfacet
facet normal 0 0 1
outer loop
vertex 240.50609118094025 -99.90776754044569 2
vertex 241.4940637527988 -99.47144106340339 2
vertex 237.7627704243516 -99.47144106340339 2
endloop
endfacet
facet normal 0 0 1
outer loop
vertex 240.50609118094025 -99.90776754044569 2
vertex 237.7627704243516 -99.47144106340339 2
vertex 237.603868137029 -99.60726669688054 2
endloop
endfacet
facet normal 0 0 1
outer loop
vertex 240.50609118094025 -99.90776754044569 2
vertex 237.603868137029 -99.60726669688054 2
vertex 237.34747086969153 -99.90776754044569 2
endloop
endfacet
facet normal 0 0 1
outer loop
vertex 363.6289945818941 -99.82463612344128 2
vertex 363.4450388883298 -99.60890737257377 2
vertex 363.2401234093206 -99.43366411476062 2
endloop
endfacet
facet normal 0 0 1
outer loop
vertex 363.6289945818941 -99.82463612344128 2
vertex 363.2401234093206 -99.43366411476062 2
vertex 359.44059010392317 -99.43366411476062 2
endloop
endfacet
facet normal 0 0 1
outer loop
vertex 363.6289945818941 -99.82463612344128 2
vertex 359.44059010392317 -99.43366411476062 2
vertex 360.3835891622211 -99.82463612344128 2
endloop
endfacet
facet normal 0 0 1
outer loop
vertex 241.4940637527988 -99.47144106340339 2
vertex 242.54064685032893 -99.20473070143366 2
vertex 238.07479463866724 -99.20473070143366 2
endloop
endfacet
facet normal 0 0 1
outer loop
vertex 241.4940637527988 -99.47144106340339 2
vertex 238.07479463866724 -99.20473070143366 2
vertex 237.7627704243516 -99.47144106340339 2
endloop
endfacet
facet normal 0 0 1
outer loop
vertex 363.2401234093206 -99.43366411476062 2
vertex 362.96123119771977 -99.19515612124086 2
vertex 358.44800714965646 -99.19515612124086 2
endloop
endfacet
facet normal 0 0 1
outer loop
vertex 363.2401234093206 -99.43366411476062 2
vertex 358.44800714965646 -99.19515612124086 2
vertex 359.44059010392317 -99.43366411476062 2
endloop
endfacet
facet normal 0 0 1
outer loop
vertex 242.54064685032893 -99.20473070143366 2
vertex 243.6169456000164 -99.115 2
vertex 238.17977050615158 -99.115 2
endloop
endfacet
facet normal 0 0 1
outer loop
vertex 242.54064685032893 -99.20473070143366 2
vertex 238.17977050615158 -99.115 2
vertex 238.07479463866724 -99.20473070143366 2
endloop
endfacet
facet normal 0 0 1
outer loop
vertex 354.3 -101.115 2
vertex 354.3 -99.115 2
vertex 342.3 -99.115 2
endloop
endfacet
facet normal 0 0 1
outer loop
vertex 354.3 -101.115 2
vertex 342.3 -99.115 2
vertex 342.3 -101.115 2
endloop
endfacet
facet normal 0 0 1
outer loop
vertex 362.96123119771977 -99.19515612124086 2
vertex 362.8675030270354 -99.115 2
vertex 357.43032639997585 -99.115 2
endloop
endfacet
facet normal 0 0 1
outer loop
vertex 362.96123119771977 -99.19515612124086 2
vertex 357.43032639997585 -99.115 2
vertex 358.44800714965646 -99.19515612124086 2
endloop
endfacet
facet normal 0 0 1
outer loop
vertex 243.6169456000164 -99.115 2
vertex 342.3 -99.115 2
vertex 354.3 -99.115 2
endloop
endfacet
facet normal 0 0 1
outer loop
vertex 243.6169456000164 -99.115 2
vertex 354.3 -99.115 2
vertex 357.43032639997585 -99.115 2
endloop
endfacet
facet normal 0 0 1
outer loop
vertex 243.6169456000164 -99.115 2
vertex 357.43032639997585 -99.115 2
vertex 362.8675030270354 -99.115 2
endloop
endfacet
facet normal 0 0 1
outer loop
vertex 243.6169456000164 -99.115 2
vertex 362.8675030270354 -99.115 2
vertex 362.43044335226807 -98.74122754691209 2
endloop
endfacet
facet normal 0 0 1
outer loop
vertex 243.6169456000164 -99.115 2
vertex 362.43044335226807 -98.74122754691209 2
vertex 361.292504186414 -98.04311091161955 2
endloop
endfacet
facet normal 0 0 1
outer loop
vertex 243.6169456000164 -99.115 2
vertex 361.292504186414 -98.04311091161955 2
vertex 360.059292221872 -97.53177869850634 2
endloop
endfacet
facet normal 0 0 1
outer loop
vertex 243.6169456000164 -99.115 2
vertex 360.059292221872 -97.53177869850634 2
vertex 358.761228491516 -97.21984451700185 2
endloop
endfacet
facet normal 0 0 1
outer loop
vertex 243.6169456000164 -99.115 2
vertex 358.761228491516 -97.21984451700185 2
vertex 357.4303338 -97.11500229225635 2
endloop
endfacet
facet normal 0 0 1
outer loop
vertex 243.6169456000164 -99.115 2
vertex 357.4303338 -97.11500229225635 2
vertex 243.61695459999999 -97.11500071083333 2
endloop
endfacet
facet normal 0 0 1
outer loop
vertex 243.6169456000164 -99.115 2
vertex 243.61695459999999 -97.11500071083333 2
vertex 243.61693451641256 -97.11500229225635 2
endloop
endfacet
facet normal 0 0 1
outer loop
vertex 243.6169456000164 -99.115 2
vertex 243.61693451641256 -97.11500229225635 2
vertex 242.2865153091138 -97.21976223955122 2
endloop
endfacet
facet normal 0 0 1
outer loop
vertex 243.6169456000164 -99.115 2
vertex 242.2865153091138 -97.21976223955122 2
vertex 240.9888702792857 -97.5314823739005 2
endloop
endfacet
facet normal 0 0 1
outer loop
vertex 243.6169456000164 -99.115 2
vertex 240.9888702792857 -97.5314823739005 2
vertex 239.75601076914216 -98.04247111530847 2
endloop
endfacet
facet normal 0 0 1
outer loop
vertex 243.6169456000164 -99.115 2
vertex 239.75601076914216 -98.04247111530847 2
vertex 238.61832829393813 -98.74013195784583 2
endloop
endfacet
facet normal 0 0 1
outer loop
vertex 243.6169456000164 -99.115 2
vertex 238.61832829393813 -98.74013195784583 2
vertex 238.17977050615158 -99.115 2
endloop
endfacet
facet normal 0 0 -1
outer loop
vertex 243.61695459999999 -97.11500071083333 2
vertex 298.96139174879835 -97.11500071083333 2
vertex 322.2167842720819 -97.11500229225635 2
endloop
endfacet
facet normal 0 0 -1
outer loop
vertex 243.61695459999999 -97.11500071083333 2
vertex 322.2167842720819 -97.11500229225635 2
vertex 298.96139174879835 -97.11500071083333 2
endloop
endfacet
facet normal 0 0 -1
outer loop
vertex 243.61695459999999 -97.11500071083333 2
vertex 298.96139174879835 -97.11500071083333 2
vertex 243.61695459999999 -97.11500071083333 2
endloop
endfacet
facet normal 0 0 -1
outer loop
vertex 243.61695459999999 -97.11500071083333 2
vertex 243.61695459999999 -97.11500071083333 2
vertex 243.61693451641256 -97.11500229225635 2
endloop
endfacet
facet normal 0 -1 0
outer loop
vertex 357.29466330000014 -208.74 0
vertex 357.2946633000001 -208.74 2
vertex 293.64221049999986 -208.74 2
endloop
endfacet
facet normal 0 -1 0
outer loop
vertex 357.29466330000014 -208.74 0
vertex 293.64221049999986 -208.74 2
vertex 293.64221049999975 -208.74 0
endloop
endfacet
facet normal 0.08707590215283278 -0.9962016800147802 0
outer loop
vertex 358.76926112392175 -208.6111084929824 2
vertex 357.2946633000001 -208.74 2
vertex 357.29466330000014 -208.74 0
endloop
endfacet
facet normal 0.08707590215283278 -0.9962016800147802 0
outer loop
vertex 358.76926112392175 -208.6111084929824 2
vertex 357.29466330000014 -208.74 0
vertex 358.76926112392175 -208.6111084929824 0
endloop
endfacet
facet normal 0.2585752996688483 -0.9659911047215526 0
outer loop
vertex 360.1991370004887 -208.22836109348214 2
vertex 358.76926112392175 -208.6111084929824 2
vertex 358.76926112392175 -208.6111084929824 0
endloop
endfacet
facet normal 0.2585752996688483 -0.9659911047215526 0
outer loop
vertex 360.1991370004887 -208.22836109348214 2
vertex 358.76926112392175 -208.6111084929824 0
vertex 360.1991370004886 -208.2283610934821 0
endloop
endfacet
facet normal 0.42223634478853544 -0.9064857798882545 0
outer loop
vertex 361.5409321192819 -207.6033599307678 2
vertex 360.1991370004887 -208.22836109348214 2
vertex 360.1991370004886 -208.2283610934821 0
endloop
endfacet
facet normal 0.42223634478853544 -0.9064857798882545 0
outer loop
vertex 361.5409321192819 -207.6033599307678 2
vertex 360.1991370004886 -208.2283610934821 0
vertex 361.54093211928216 -207.60335993076777 0
endloop
endfacet
facet normal 0.5730927259388673 -0.8194905292167558 0
outer loop
vertex 362.7539554412101 -206.75505867845732 2
vertex 361.5409321192819 -207.6033599307678 2
vertex 361.54093211928216 -207.60335993076777 0
endloop
endfacet
facet normal 0.5730927259388673 -0.8194905292167558 0
outer loop
vertex 362.7539554412101 -206.75505867845732 2
vertex 361.54093211928216 -207.60335993076777 0
vertex 362.7539554412097 -206.75505867845726 0
endloop
endfacet
facet normal 0 0 -1
outer loop
vertex 363.8014210376896 -205.70918276879937 2
vertex 363.63963873659793 -205.87071954088003 2
vertex 363.16092038740163 -206.34871136287248 2
endloop
endfacet
facet normal 0 0 -1
outer loop
vertex 363.8014210376896 -205.70918276879937 2
vertex 363.16092038740163 -206.34871136287248 2
vertex 362.867756163246 -206.64143066615873 2
endloop
endfacet
facet normal 0 0 -1
outer loop
vertex 363.8014210376896 -205.70918276879937 2
vertex 362.867756163246 -206.64143066615873 2
vertex 362.76903755192967 -206.7399994571124 2
endloop
endfacet
facet normal 0 0 -1
outer loop
vertex 363.8014210376896 -205.70918276879937 2
vertex 362.76903755192967 -206.7399994571124 2
vertex 362.7539554412101 -206.75505867845732 2
endloop
endfacet
facet normal 0 0 -1
outer loop
vertex 363.8014210376896 -205.70918276879937 2
vertex 362.7539554412101 -206.75505867845732 2
vertex 362.7539554412097 -206.75505867845726 0
endloop
endfacet
facet normal 0 0 -1
outer loop
vertex 363.8014210376896 -205.70918276879937 2
vertex 362.7539554412097 -206.75505867845726 0
vertex 363.8014210376898 -205.70918276879954 0
endloop
endfacet
facet normal 0 0 -1
outer loop
vertex 364.65156365414856 -204.49744924780896 2
vertex 364.14325804934316 -205.22195232332314 2
vertex 363.8014210376896 -205.70918276879937 2
endloop
endfacet
facet normal 0 0 -1
outer loop
vertex 364.65156365414856 -204.49744924780896 2
vertex 363.8014210376896 -205.70918276879937 2
vertex 363.8014210376898 -205.70918276879954 0
endloop
endfacet
facet normal 0 0 -1
outer loop
vertex 364.65156365414856 -204.49744924780896 2
vertex 363.8014210376898 -205.70918276879954 0
vertex 364.65156365414856 -204.49744924780887 0
endloop
endfacet
facet normal 0 0 1
outer loop
vertex 365.27860201745807 -203.15660492979475 2
vertex 365.12017534945767 -203.49538084852648 2
vertex 364.6868067070214 -204.42208631954313 2
endloop
endfacet
facet normal 0 0 1
outer loop
vertex 365.27860201745807 -203.15660492979475 2
vertex 364.6868067070214 -204.42208631954313 2
vertex 364.65156365414856 -204.49744924780896 2
endloop
endfacet
facet normal 0 0 1
outer loop
vertex 365.27860201745807 -203.15660492979475 2
vertex 364.65156365414856 -204.49744924780896 2
vertex 364.65156365414856 -204.49744924780887 0
endloop
endfacet
facet normal 0 0 1
outer loop
vertex 365.27860201745807 -203.15660492979475 2
vertex 364.65156365414856 -204.49744924780887 0
vertex 365.2786020174579 -203.1566049297947 0
endloop
endfacet
facet normal 0 0 1
outer loop
vertex 365.6635206742178 -201.72731202003467 2
vertex 365.4635251388766 -202.46994217221567 2
vertex 365.27860201745807 -203.15660492979475 2
endloop
endfacet
facet normal 0 0 1
outer loop
vertex 365.6635206742178 -201.72731202003467 2
vertex 365.27860201745807 -203.15660492979475 2
vertex 365.2786020174579 -203.1566049297947 0
endloop
endfacet
facet normal 0 0 1
outer loop
vertex 365.6635206742178 -201.72731202003467 2
vertex 365.2786020174579 -203.1566049297947 0
vertex 365.66352067421786 -201.72731202003473 0
endloop
endfacet
facet normal 0 0 -1
outer loop
vertex 365.79464664999995 -200.25291500000054 2
vertex 365.69468725479624 -201.3768710547311 2
vertex 365.6635206742178 -201.72731202003467 2
endloop
endfacet
facet normal 0 0 -1
outer loop
vertex 365.79464664999995 -200.25291500000054 2
vertex 365.6635206742178 -201.72731202003467 2
vertex 365.66352067421786 -201.72731202003473 0
endloop
endfacet
facet normal 0 0 -1
outer loop
vertex 365.79464664999995 -200.25291500000054 2
vertex 365.66352067421786 -201.72731202003473 0
vertex 365.79464664999995 -200.2529149999999 0
endloop
endfacet
facet normal 0 0 -1
outer loop
vertex 365.9303176 -105.62718639999994 2
vertex 365.7946518058147 -200.24931900009454 2
vertex 365.79464664999995 -200.25291500000054 2
endloop
endfacet
facet normal 0 0 -1
outer loop
vertex 365.9303176 -105.62718639999994 2
vertex 365.79464664999995 -200.25291500000054 2
vertex 365.79464664999995 -200.2529149999999 0
endloop
endfacet
facet normal 0 0 -1
outer loop
vertex 365.9303176 -105.62718639999994 2
vertex 365.79464664999995 -200.2529149999999 0
vertex 365.8003906343523 -196.2466874 0
endloop
endfacet
facet normal 0 0 -1
outer loop
vertex 365.9303176 -105.62718639999994 2
vertex 365.8003906343523 -196.2466874 0
vertex 365.8214622136248 -181.55 0
endloop
endfacet
facet normal 0 0 -1
outer loop
vertex 365.9303176 -105.62718639999994 2
vertex 365.8214622136248 -181.55 0
vertex 365.8214911404639 -181.52982454442252 0
endloop
endfacet
facet normal 0 0 -1
outer loop
vertex 365.9303176 -105.62718639999994 2
vertex 365.8214911404639 -181.52982454442252 0
vertex 365.8215768093389 -181.4700735091359 0
endloop
endfacet
facet normal 0 0 -1
outer loop
vertex 365.9303176 -105.62718639999994 2
vertex 365.8215768093389 -181.4700735091359 0
vertex 365.82171592804315 -181.37304309293614 0
endloop
endfacet
facet normal 0 0 -1
outer loop
vertex 365.9303176 -105.62718639999994 2
vertex 365.82171592804315 -181.37304309293614 0
vertex 365.8219031503227 -181.24246212022743 0
endloop
endfacet
facet normal 0 0 -1
outer loop
vertex 365.9303176 -105.62718639999994 2
vertex 365.8219031503227 -181.24246212022743 0
vertex 365.8221312813305 -181.08334874465083 0
endloop
endfacet
facet normal 0 0 -1
outer loop
vertex 365.9303176 -105.62718639999994 2
vertex 365.8221312813305 -181.08334874465083 0
vertex 365.8223915541196 -180.90181760400583 0
endloop
endfacet
facet normal 0 0 -1
outer loop
vertex 365.9303176 -105.62718639999994 2
vertex 365.8223915541196 -180.90181760400583 0
vertex 365.82267396655294 -180.70484483813473 0
endloop
endfacet
facet normal 0 0 -1
outer loop
vertex 365.9303176 -105.62718639999994 2
vertex 365.82267396655294 -180.70484483813473 0
vertex 365.82296766567896 -180.50000000004107 0
endloop
endfacet
facet normal 0 0 -1
outer loop
vertex 365.9303176 -105.62718639999994 2
vertex 365.82296766567896 -180.50000000004107 0
vertex 365.82326136480515 -180.29515516180777 0
endloop
endfacet
facet normal 0 0 -1
outer loop
vertex 365.9303176 -105.62718639999994 2
vertex 365.82326136480515 -180.29515516180777 0
vertex 365.8235437772383 -180.09818239605994 0
endloop
endfacet
facet normal 0 0 -1
outer loop
vertex 365.9303176 -105.62718639999994 2
vertex 365.8235437772383 -180.09818239605994 0
vertex 365.8238040500275 -179.9166512553478 0
endloop
endfacet
facet normal 0 0 -1
outer loop
vertex 365.9303176 -105.62718639999994 2
vertex 365.8238040500275 -179.9166512553478 0
vertex 365.8240321810353 -179.7575378797133 0
endloop
endfacet
facet normal 0 0 -1
outer loop
vertex 365.9303176 -105.62718639999994 2
vertex 365.8240321810353 -179.7575378797133 0
vertex 365.8242194033148 -179.62695690709006 0
endloop
endfacet
facet normal 0 0 -1
outer loop
vertex 365.9303176 -105.62718639999994 2
vertex 365.8242194033148 -179.62695690709006 0
vertex 365.82435852201905 -179.5299264908647 0
endloop
endfacet
facet normal 0 0 -1
outer loop
vertex 365.9303176 -105.62718639999994 2
vertex 365.82435852201905 -179.5299264908647 0
vertex 365.8244441908941 -179.47017545558495 0
endloop
endfacet
facet normal 0 0 -1
outer loop
vertex 365.9303176 -105.62718639999994 2
vertex 365.8244441908941 -179.47017545558495 0
vertex 365.8244731177332 -179.45000000000024 0
endloop
endfacet
facet normal 0 0 -1
outer loop
vertex 365.9303176 -105.62718639999994 2
vertex 365.8244731177332 -179.45000000000024 0
vertex 365.8378501345575 -170.12000000000006 0
endloop
endfacet
facet normal 0 0 -1
outer loop
vertex 365.9303176 -105.62718639999994 2
vertex 365.8378501345575 -170.12000000000006 0
vertex 365.8378790613966 -170.09982454442533 0
endloop
endfacet
facet normal 0 0 -1
outer loop
vertex 365.9303176 -105.62718639999994 2
vertex 365.8378790613966 -170.09982454442533 0
vertex 365.8379647302717 -170.04007350913304 0
endloop
endfacet
facet normal 0 0 -1
outer loop
vertex 365.9303176 -105.62718639999994 2
vertex 365.8379647302717 -170.04007350913304 0
vertex 365.8381038489759 -169.94304309291553 0
endloop
endfacet
facet normal 0 0 -1
outer loop
vertex 365.9303176 -105.62718639999994 2
vertex 365.8381038489759 -169.94304309291553 0
vertex 365.83829107125547 -169.81246212023746 0
endloop
endfacet
facet normal 0 0 -1
outer loop
vertex 365.9303176 -105.62718639999994 2
vertex 365.83829107125547 -169.81246212023746 0
vertex 365.83851920226317 -169.65334874468024 0
endloop
endfacet
facet normal 0 0 -1
outer loop
vertex 365.9303176 -105.62718639999994 2
vertex 365.83851920226317 -169.65334874468024 0
vertex 365.8387794750523 -169.47181760401247 0
endloop
endfacet
facet normal 0 0 -1
outer loop
vertex 365.9303176 -105.62718639999994 2
vertex 365.8387794750523 -169.47181760401247 0
vertex 365.83906188748574 -169.27484483809866 0
endloop
endfacet
facet normal 0 0 -1
outer loop
vertex 365.9303176 -105.62718639999994 2
vertex 365.83906188748574 -169.27484483809866 0
vertex 365.83935558661176 -169.07000000000218 0
endloop
endfacet
facet normal 0 0 -1
outer loop
vertex 365.9303176 -105.62718639999994 2
vertex 365.83935558661176 -169.07000000000218 0
vertex 365.8396492857378 -168.86515516189786 0
endloop
endfacet
facet normal 0 0 -1
outer loop
vertex 365.9303176 -105.62718639999994 2
vertex 365.8396492857378 -168.86515516189786 0
vertex 365.8399316981711 -168.66818239602262 0
endloop
endfacet
facet normal 0 0 -1
outer loop
vertex 365.9303176 -105.62718639999994 2
vertex 365.8399316981711 -168.66818239602262 0
vertex 365.84019197096035 -168.48665125530596 0
endloop
endfacet
facet normal 0 0 -1
outer loop
vertex 365.9303176 -105.62718639999994 2
vertex 365.84019197096035 -168.48665125530596 0
vertex 365.840420101968 -168.32753787975102 0
endloop
endfacet
facet normal 0 0 -1
outer loop
vertex 365.9303176 -105.62718639999994 2
vertex 365.840420101968 -168.32753787975102 0
vertex 365.84060732424757 -168.1969569070844 0
endloop
endfacet
facet normal 0 0 -1
outer loop
vertex 365.9303176 -105.62718639999994 2
vertex 365.84060732424757 -168.1969569070844 0
vertex 365.8407464429518 -168.09992649085646 0
endloop
endfacet
facet normal 0 0 -1
outer loop
vertex 365.9303176 -105.62718639999994 2
vertex 365.8407464429518 -168.09992649085646 0
vertex 365.84083211182684 -168.04017545557852 0
endloop
endfacet
facet normal 0 0 -1
outer loop
vertex 365.9303176 -105.62718639999994 2
vertex 365.84083211182684 -168.04017545557852 0
vertex 365.84086103866593 -168.0200000000003 0
endloop
endfacet
facet normal 0 0 -1
outer loop
vertex 365.9303176 -105.62718639999994 2
vertex 365.84086103866593 -168.0200000000003 0
vertex 365.87594524034785 -143.5499999999971 0
endloop
endfacet
facet normal 0 0 -1
outer loop
vertex 365.9303176 -105.62718639999994 2
vertex 365.87594524034785 -143.5499999999971 0
vertex 365.87597416718694 -143.52982454442193 0
endloop
endfacet
facet normal 0 0 -1
outer loop
vertex 365.9303176 -105.62718639999994 2
vertex 365.87597416718694 -143.52982454442193 0
vertex 365.87605983606204 -143.47007350913023 0
endloop
endfacet
facet normal 0 0 -1
outer loop
vertex 365.9303176 -105.62718639999994 2
vertex 365.87605983606204 -143.47007350913023 0
vertex 365.8761989547662 -143.3730430929286 0
endloop
endfacet
facet normal 0 0 -1
outer loop
vertex 365.9303176 -105.62718639999994 2
vertex 365.8761989547662 -143.3730430929286 0
vertex 365.8763861770458 -143.24246212024138 0
endloop
endfacet
facet normal 0 0 -1
outer loop
vertex 365.9303176 -105.62718639999994 2
vertex 365.8763861770458 -143.24246212024138 0
vertex 365.8766143080535 -143.08334874469773 0
endloop
endfacet
facet normal 0 0 -1
outer loop
vertex 365.9303176 -105.62718639999994 2
vertex 365.8766143080535 -143.08334874469773 0
vertex 365.8768745808427 -142.9018176039926 0
endloop
endfacet
facet normal 0 0 -1
outer loop
vertex 365.9303176 -105.62718639999994 2
vertex 365.8768745808427 -142.9018176039926 0
vertex 365.87715699327606 -142.7048448380752 0
endloop
endfacet
facet normal 0 0 -1
outer loop
vertex 365.9303176 -105.62718639999994 2
vertex 365.87715699327606 -142.7048448380752 0
vertex 365.87745069240196 -142.50000000004107 0
endloop
endfacet
facet normal 0 0 -1
outer loop
vertex 365.9303176 -105.62718639999994 2
vertex 365.87745069240196 -142.50000000004107 0
vertex 365.87774439152815 -142.29515516183608 0
endloop
endfacet
facet normal 0 0 -1
outer loop
vertex 365.9303176 -105.62718639999994 2
vertex 365.87774439152815 -142.29515516183608 0
vertex 365.87802680396146 -142.0981823959731 0
endloop
endfacet
facet normal 0 0 -1
outer loop
vertex 365.9303176 -105.62718639999994 2
vertex 365.87802680396146 -142.0981823959731 0
vertex 365.8782870767505 -141.91665125539149 0
endloop
endfacet
facet normal 0 0 -1
outer loop
vertex 365.9303176 -105.62718639999994 2
vertex 365.8782870767505 -141.91665125539149 0
vertex 365.87851520775837 -141.75753787970075 0
endloop
endfacet
facet normal 0 0 -1
outer loop
vertex 365.9303176 -105.62718639999994 2
vertex 365.87851520775837 -141.75753787970075 0
vertex 365.87870243003783 -141.62695690712644 0
endloop
endfacet
facet normal 0 0 -1
outer loop
vertex 365.9303176 -105.62718639999994 2
vertex 365.87870243003783 -141.62695690712644 0
vertex 365.8788415487421 -141.52992649084146 0
endloop
endfacet
facet normal 0 0 -1
outer loop
vertex 365.9303176 -105.62718639999994 2
vertex 365.8788415487421 -141.52992649084146 0
vertex 365.87892721761716 -141.47017545557492 0
endloop
endfacet
facet normal 0 0 -1
outer loop
vertex 365.9303176 -105.62718639999994 2
vertex 365.87892721761716 -141.47017545557492 0
vertex 365.87895614445625 -141.44999999999612 0
endloop
endfacet
facet normal 0 0 -1
outer loop
vertex 365.9303176 -105.62718639999994 2
vertex 365.87895614445625 -141.44999999999612 0
vertex 365.8923331612806 -132.12000000000023 0
endloop
endfacet
facet normal 0 0 -1
outer loop
vertex 365.9303176 -105.62718639999994 2
vertex 365.8923331612806 -132.12000000000023 0
vertex 365.8923620881197 -132.09982454442374 0
endloop
endfacet
facet normal 0 0 -1
outer loop
vertex 365.9303176 -105.62718639999994 2
vertex 365.8923620881197 -132.09982454442374 0
vertex 365.8924477569948 -132.0400735091323 0
endloop
endfacet
facet normal 0 0 -1
outer loop
vertex 365.9303176 -105.62718639999994 2
vertex 365.8924477569948 -132.0400735091323 0
vertex 365.89258687569895 -131.9430430929175 0
endloop
endfacet
facet normal 0 0 -1
outer loop
vertex 365.9303176 -105.62718639999994 2
vertex 365.89258687569895 -131.9430430929175 0
vertex 365.89277409797853 -131.81246212025414 0
endloop
endfacet
facet normal 0 0 -1
outer loop
vertex 365.9303176 -105.62718639999994 2
vertex 365.89277409797853 -131.81246212025414 0
vertex 365.8930022289863 -131.65334874465864 0
endloop
endfacet
facet normal 0 0 -1
outer loop
vertex 365.9303176 -105.62718639999994 2
vertex 365.8930022289863 -131.65334874465864 0
vertex 365.89326250177544 -131.47181760398075 0
endloop
endfacet
facet normal 0 0 -1
outer loop
vertex 365.9303176 -105.62718639999994 2
vertex 365.89326250177544 -131.47181760398075 0
vertex 365.89354491420875 -131.27484483812958 0
endloop
endfacet
facet normal 0 0 -1
outer loop
vertex 365.9303176 -105.62718639999994 2
vertex 365.89354491420875 -131.27484483812958 0
vertex 365.89383861333476 -131.07000000000676 0
endloop
endfacet
facet normal 0 0 -1
outer loop
vertex 365.9303176 -105.62718639999994 2
vertex 365.89383861333476 -131.07000000000676 0
vertex 365.89413231246084 -130.8651551618836 0
endloop
endfacet
facet normal 0 0 -1
outer loop
vertex 365.9303176 -105.62718639999994 2
vertex 365.89413231246084 -130.8651551618836 0
vertex 365.89441472489415 -130.6681823960087 0
endloop
endfacet
facet normal 0 0 -1
outer loop
vertex 365.9303176 -105.62718639999994 2
vertex 365.89441472489415 -130.6681823960087 0
vertex 365.8946749976833 -130.48665125534927 0
endloop
endfacet
facet normal 0 0 -1
outer loop
vertex 365.9303176 -105.62718639999994 2
vertex 365.8946749976833 -130.48665125534927 0
vertex 365.89490312869106 -130.32753787974747 0
endloop
endfacet
facet normal 0 0 -1
outer loop
vertex 365.9303176 -105.62718639999994 2
vertex 365.89490312869106 -130.32753787974747 0
vertex 365.89509035097063 -130.19695690706746 0
endloop
endfacet
facet normal 0 0 -1
outer loop
vertex 365.9303176 -105.62718639999994 2
vertex 365.89509035097063 -130.19695690706746 0
vertex 365.89522946967486 -130.09992649086945 0
endloop
endfacet
facet normal 0 0 -1
outer loop
vertex 365.9303176 -105.62718639999994 2
vertex 365.89522946967486 -130.09992649086945 0
vertex 365.8953151385499 -130.04017545557608 0
endloop
endfacet
facet normal 0 0 -1
outer loop
vertex 365.9303176 -105.62718639999994 2
vertex 365.8953151385499 -130.04017545557608 0
vertex 365.895344065389 -130.01999999999995 0
endloop
endfacet
facet normal 0 0 -1
outer loop
vertex 365.9303176 -105.62718639999994 2
vertex 365.895344065389 -130.01999999999995 0
vertex 365.9303176 -105.62718639999994 0
endloop
endfacet
facet normal 0 0 1
outer loop
vertex 365.827381449778 -104.29613950690263 2
vertex 365.8513370600042 -104.605904739963 2
vertex 365.9300475935242 -105.62369499994244 2
endloop
endfacet
facet normal 0 0 1
outer loop
vertex 365.827381449778 -104.29613950690263 2
vertex 365.9300475935242 -105.62369499994244 2
vertex 365.9303176 -105.62718639999994 2
endloop
endfacet
facet normal 0 0 1
outer loop
vertex 365.827381449778 -104.29613950690263 2
vertex 365.9303176 -105.62718639999994 2
vertex 365.9303176 -105.62718639999994 0
endloop
endfacet
facet normal 0 0 1
outer loop
vertex 365.827381449778 -104.29613950690263 2
vertex 365.9303176 -105.62718639999994 0
vertex 365.82738144977804 -104.29613950690265 0
endloop
endfacet
facet normal 0 0 -1
outer loop
vertex 365.517309359682 -102.99762971464065 2
vertex 365.6642550135411 -103.61300393425294 2
vertex 365.827381449778 -104.29613950690263 2
endloop
endfacet
facet normal 0 0 -1
outer loop
vertex 365.517309359682 -102.99762971464065 2
vertex 365.827381449778 -104.29613950690263 2
vertex 365.82738144977804 -104.29613950690265 0
endloop
endfacet
facet normal 0 0 -1
outer loop
vertex 365.517309359682 -102.99762971464065 2
vertex 365.82738144977804 -104.29613950690265 0
vertex 365.517309359682 -102.99762971464067 0
endloop
endfacet
facet normal 0 0 1
outer loop
vertex 365.00774642829316 -101.76368563138115 2
vertex 365.0221699612754 -101.7986132764016 2
vertex 365.3817995366805 -102.66948272039106 2
endloop
endfacet
facet normal 0 0 1
outer loop
vertex 365.00774642829316 -101.76368563138115 2
vertex 365.3817995366805 -102.66948272039106 2
vertex 365.517309359682 -102.99762971464065 2
endloop
endfacet
facet normal 0 0 1
outer loop
vertex 365.00774642829316 -101.76368563138115 2
vertex 365.517309359682 -102.99762971464065 2
vertex 365.517309359682 -102.99762971464067 0
endloop
endfacet
facet normal 0 0 1
outer loop
vertex 365.00774642829316 -101.76368563138115 2
vertex 365.517309359682 -102.99762971464067 0
vertex 365.0077464282931 -101.76368563138124 0
endloop
endfacet
facet normal 0 0 -1
outer loop
vertex 364.31126262017017 -100.6247463499974 2
vertex 364.55411510664317 -101.02187580684897 2
vertex 365.00774642829316 -101.76368563138115 2
endloop
endfacet
facet normal 0 0 -1
outer loop
vertex 364.31126262017017 -100.6247463499974 2
vertex 365.00774642829316 -101.76368563138115 2
vertex 365.0077464282931 -101.76368563138124 0
endloop
endfacet
facet normal 0 0 -1
outer loop
vertex 364.31126262017017 -100.6247463499974 2
vertex 365.0077464282931 -101.76368563138124 0
vertex 364.3112626201703 -100.62474634999754 0
endloop
endfacet
facet normal 0 0 1
outer loop
vertex 363.4450388883298 -99.60890737257377 2
vertex 363.6289945818941 -99.82463612344128 2
vertex 364.08416890842574 -100.35842872853532 2
endloop
endfacet
facet normal 0 0 1
outer loop
vertex 363.4450388883298 -99.60890737257377 2
vertex 364.08416890842574 -100.35842872853532 2
vertex 364.31126262017017 -100.6247463499974 2
endloop
endfacet
facet normal 0 0 1
outer loop
vertex 363.4450388883298 -99.60890737257377 2
vertex 364.31126262017017 -100.6247463499974 2
vertex 364.3112626201703 -100.62474634999754 0
endloop
endfacet
facet normal 0 0 1
outer loop
vertex 363.4450388883298 -99.60890737257377 2
vertex 364.3112626201703 -100.62474634999754 0
vertex 363.4450388883296 -99.60890737257378 0
endloop
endfacet
facet normal 0 0 -1
outer loop
vertex 362.43044335226807 -98.74122754691209 2
vertex 362.8675030270354 -99.115 2
vertex 362.96123119771977 -99.19515612124086 2
endloop
endfacet
facet normal 0 0 -1
outer loop
vertex 362.43044335226807 -98.74122754691209 2
vertex 362.96123119771977 -99.19515612124086 2
vertex 363.2401234093206 -99.43366411476062 2
endloop
endfacet
facet normal 0 0 -1
outer loop
vertex 362.43044335226807 -98.74122754691209 2
vertex 363.2401234093206 -99.43366411476062 2
vertex 363.4450388883298 -99.60890737257377 2
endloop
endfacet
facet normal 0 0 -1
outer loop
vertex 362.43044335226807 -98.74122754691209 2
vertex 363.4450388883298 -99.60890737257377 2
vertex 363.4450388883296 -99.60890737257378 0
endloop
endfacet
facet normal 0 0 -1
outer loop
vertex 362.43044335226807 -98.74122754691209 2
vertex 363.4450388883296 -99.60890737257378 0
vertex 362.4304433522679 -98.74122754691201 0
endloop
endfacet
facet normal 0.5229268580719683 0.8523775578386492 0
outer loop
vertex 361.292504186414 -98.04311091161955 2
vertex 362.43044335226807 -98.74122754691209 2
vertex 362.4304433522679 -98.74122754691201 0
endloop
endfacet
facet normal 0.5229268580719683 0.8523775578386492 0
outer loop
vertex 361.292504186414 -98.04311091161955 2
vertex 362.4304433522679 -98.74122754691201 0
vertex 361.292504186414 -98.04311091161955 0
endloop
endfacet
facet normal 0.3830152930279951 0.9237420014845483 0
outer loop
vertex 360.059292221872 -97.53177869850634 2
vertex 361.292504186414 -98.04311091161955 2
vertex 361.292504186414 -98.04311091161955 0
endloop
endfacet
facet normal 0.3830152930279951 0.9237420014845483 0
outer loop
vertex 360.059292221872 -97.53177869850634 2
vertex 361.292504186414 -98.04311091161955 0
vertex 360.05929222187194 -97.53177869850636 0
endloop
endfacet
facet normal 0.23365545700124457 0.9723194574899443 0
outer loop
vertex 358.761228491516 -97.21984451700185 2
vertex 360.059292221872 -97.53177869850634 2
vertex 360.05929222187194 -97.53177869850636 0
endloop
endfacet
facet normal 0.23365545700124457 0.9723194574899443 0
outer loop
vertex 358.761228491516 -97.21984451700185 2
vertex 360.05929222187194 -97.53177869850636 0
vertex 358.7612284915161 -97.21984451700183 0
endloop
endfacet
facet normal 0.07853177782095598 0.9969116108624074 0
outer loop
vertex 357.4303338 -97.11500229225635 2
vertex 358.761228491516 -97.21984451700185 2
vertex 358.7612284915161 -97.21984451700183 0
endloop
endfacet
facet normal 0.07853177782095598 0.9969116108624074 0
outer loop
vertex 357.4303338 -97.11500229225635 2
vertex 358.7612284915161 -97.21984451700183 0
vertex 357.43033379999997 -97.11500229225634 0
endloop
endfacet
facet normal 2.8116204475736598e-8 0.9999999999999997 0
outer loop
vertex 243.61695459999999 -97.11500071083333 2
vertex 357.4303338 -97.11500229225635 2
vertex 357.43033379999997 -97.11500229225634 0
endloop
endfacet
facet normal 2.8116204475736598e-8 0.9999999999999997 0
outer loop
vertex 243.61695459999999 -97.11500071083333 2
vertex 357.43033379999997 -97.11500229225634 0
vertex 243.6169546000003 -97.11500011841207 0
endloop
endfacet
facet normal 0 0 1
outer loop
vertex 242.2865153091138 -97.21976223955122 2
vertex 243.61693451641256 -97.11500229225635 2
vertex 243.61695459999999 -97.11500071083333 2
endloop
endfacet
facet normal 0 0 1
outer loop
vertex 242.2865153091138 -97.21976223955122 2
vertex 243.61695459999999 -97.11500071083333 2
vertex 243.6169546000003 -97.11500011841207 0
endloop
endfacet
facet normal 0 0 1
outer loop
vertex 242.2865153091138 -97.21976223955122 2
vertex 243.6169546000003 -97.11500011841207 0
vertex 243.61692699300082 -97.11500229225634 0
endloop
endfacet
facet normal 0 0 1
outer loop
vertex 242.2865153091138 -97.21976223955122 2
vertex 243.61692699300082 -97.11500229225634 0
vertex 242.28651530911375 -97.2197622395512 0
endloop
endfacet
facet normal -0.23357510193068198 0.9723387638873974 0
outer loop
vertex 240.9888702792857 -97.5314823739005 2
vertex 242.2865153091138 -97.21976223955122 2
vertex 242.28651530911375 -97.2197622395512 0
endloop
endfacet
facet normal -0.23357510193068198 0.9723387638873974 0
outer loop
vertex 240.9888702792857 -97.5314823739005 2
vertex 242.28651530911375 -97.2197622395512 0
vertex 240.98887027928558 -97.5314823739005 0
endloop
endfacet
facet normal -0.38288911817954596 0.9237943078303145 0
outer loop
vertex 239.75601076914216 -98.04247111530847 2
vertex 240.9888702792857 -97.5314823739005 2
vertex 240.98887027928558 -97.5314823739005 0
endloop
endfacet
facet normal -0.38288911817954596 0.9237943078303145 0
outer loop
vertex 239.75601076914216 -98.04247111530847 2
vertex 240.98887027928558 -97.5314823739005 0
vertex 239.7560107691422 -98.04247111530846 0
endloop
endfacet
facet normal -0.522764443012077 0.8524771768923042 0
outer loop
vertex 238.61832829393813 -98.74013195784583 2
vertex 239.75601076914216 -98.04247111530847 2
vertex 239.7560107691422 -98.04247111530846 0
endloop
endfacet
facet normal -0.522764443012077 0.8524771768923042 0
outer loop
vertex 238.61832829393813 -98.74013195784583 2
vertex 239.7560107691422 -98.04247111530846 0
vertex 238.61832829393802 -98.74013195784579 0
endloop
endfacet
facet normal 0 0 -1
outer loop
vertex 237.603868137029 -99.60726669688054 2
vertex 237.7627704243516 -99.47144106340339 2
vertex 238.07479463866724 -99.20473070143366 2
endloop
endfacet
facet normal 0 0 -1
outer loop
vertex 237.603868137029 -99.60726669688054 2
vertex 238.07479463866724 -99.20473070143366 2
vertex 238.17977050615158 -99.115 2
endloop
endfacet
facet normal 0 0 -1
outer loop
vertex 237.603868137029 -99.60726669688054 2
vertex 238.17977050615158 -99.115 2
vertex 238.61832829393813 -98.74013195784583 2
endloop
endfacet
facet normal 0 0 -1
outer loop
vertex 237.603868137029 -99.60726669688054 2
vertex 238.61832829393813 -98.74013195784583 2
vertex 238.61832829393802 -98.74013195784579 0
endloop
endfacet
facet normal 0 0 -1
outer loop
vertex 237.603868137029 -99.60726669688054 2
vertex 238.61832829393802 -98.74013195784579 0
vertex 237.60386813702914 -99.60726669688069 0
endloop
endfacet
facet normal 0 0 -1
outer loop
vertex 236.737637998871 -100.62249938614093 2
vertex 236.84073901101794 -100.50166369454286 2
vertex 237.34747086969153 -99.90776754044569 2
endloop
endfacet
facet normal 0 0 -1
outer loop
vertex 236.737637998871 -100.62249938614093 2
vertex 237.34747086969153 -99.90776754044569 2
vertex 237.603868137029 -99.60726669688054 2
endloop
endfacet
facet normal 0 0 -1
outer loop
vertex 236.737637998871 -100.62249938614093 2
vertex 237.603868137029 -99.60726669688054 2
vertex 237.60386813702914 -99.60726669688069 0
endloop
endfacet
facet normal 0 0 -1
outer loop
vertex 236.737637998871 -100.62249938614093 2
vertex 237.60386813702914 -99.60726669688069 0
vertex 236.73763799887087 -100.62249938614097 0
endloop
endfacet
facet normal 0 0 1
outer loop
vertex 236.04099152620188 -101.76080328129133 2
vertex 236.36172473809498 -101.23673278251569 2
vertex 236.737637998871 -100.62249938614093 2
endloop
endfacet
facet normal 0 0 1
outer loop
vertex 236.04099152620188 -101.76080328129133 2
vertex 236.737637998871 -100.62249938614093 2
vertex 236.73763799887087 -100.62249938614097 0
endloop
endfacet
facet normal 0 0 1
outer loop
vertex 236.04099152620188 -101.76080328129133 2
vertex 236.73763799887087 -100.62249938614097 0
vertex 236.04099152620185 -101.76080328129132 0
endloop
endfacet
facet normal 0 0 1
outer loop
vertex 235.53110191817962 -102.99411778020374 2
vertex 235.90378344221313 -102.09268044977824 2
vertex 236.04099152620188 -101.76080328129133 2
endloop
endfacet
facet normal 0 0 1
outer loop
vertex 235.53110191817962 -102.99411778020374 2
vertex 236.04099152620188 -101.76080328129133 2
vertex 236.04099152620185 -101.76080328129132 0
endloop
endfacet
facet normal 0 0 1
outer loop
vertex 235.53110191817962 -102.99411778020374 2
vertex 236.04099152620185 -101.76080328129132 0
vertex 235.53110191817956 -102.99411778020367 0
endloop
endfacet
facet normal 0 0 1
outer loop
vertex 235.22053858573287 -104.29204015158662 2
vertex 235.27366774887378 -104.07000000000102 2
vertex 235.51871758365985 -103.04587503274628 2
endloop
endfacet
facet normal 0 0 1
outer loop
vertex 235.22053858573287 -104.29204015158662 2
vertex 235.51871758365985 -103.04587503274628 2
vertex 235.53110191817962 -102.99411778020374 2
endloop
endfacet
facet normal 0 0 1
outer loop
vertex 235.22053858573287 -104.29204015158662 2
vertex 235.53110191817962 -102.99411778020374 2
vertex 235.53110191817956 -102.99411778020367 0
endloop
endfacet
facet normal 0 0 1
outer loop
vertex 235.22053858573287 -104.29204015158662 2
vertex 235.53110191817956 -102.99411778020367 0
vertex 235.22053858573287 -104.29204015158663 0
endloop
endfacet
facet normal -0.9969834431429 0.07761452247439149 0
outer loop
vertex 235.11695730000002 -105.62257500000013 2
vertex 235.22053858573287 -104.29204015158662 2
vertex 235.22053858573287 -104.29204015158663 0
endloop
endfacet
facet normal -0.9969834431429 0.07761452247439149 0
outer loop
vertex 235.11695730000002 -105.62257500000013 2
vertex 235.22053858573287 -104.29204015158663 0
vertex 235.11695730000002 -105.62257500000013 0
endloop
endfacet
facet normal 0 0 -1
outer loop
vertex 235.19765979999994 -196.2466874 2
vertex 235.1218083358219 -111.07 2
vertex 235.11695730000002 -105.62257500000013 2
endloop
endfacet
facet normal 0 0 -1
outer loop
vertex 235.19765979999994 -196.2466874 2
vertex 235.11695730000002 -105.62257500000013 2
vertex 235.11695730000002 -105.62257500000013 0
endloop
endfacet
facet normal 0 0 -1
outer loop
vertex 235.19765979999994 -196.2466874 2
vertex 235.11695730000002 -105.62257500000013 0
vertex 235.13868367211828 -130.01999999999995 0
endloop
endfacet
facet normal 0 0 -1
outer loop
vertex 235.19765979999994 -196.2466874 2
vertex 235.13868367211828 -130.01999999999995 0
vertex 235.13870163874614 -130.04017545557608 0
endloop
endfacet
facet normal 0 0 -1
outer loop
vertex 235.19765979999994 -196.2466874 2
vertex 235.13870163874614 -130.04017545557608 0
vertex 235.13875484818226 -130.09992649086945 0
endloop
endfacet
facet normal 0 0 -1
outer loop
vertex 235.19765979999994 -196.2466874 2
vertex 235.13875484818226 -130.09992649086945 0
vertex 235.13884125561785 -130.19695690706746 0
endloop
endfacet
facet normal 0 0 -1
outer loop
vertex 235.19765979999994 -196.2466874 2
vertex 235.13884125561785 -130.19695690706746 0
vertex 235.13895754046365 -130.32753787974747 0
endloop
endfacet
facet normal 0 0 -1
outer loop
vertex 235.19765979999994 -196.2466874 2
vertex 235.13895754046365 -130.32753787974747 0
vertex 235.13909923395823 -130.48665125534927 0
endloop
endfacet
facet normal 0 0 -1
outer loop
vertex 235.19765979999994 -196.2466874 2
vertex 235.13909923395823 -130.48665125534927 0
vertex 235.13926089090003 -130.6681823960087 0
endloop
endfacet
facet normal 0 0 -1
outer loop
vertex 235.19765979999994 -196.2466874 2
vertex 235.13926089090003 -130.6681823960087 0
vertex 235.13943629890346 -130.8651551618836 0
endloop
endfacet
facet normal 0 0 -1
outer loop
vertex 235.19765979999994 -196.2466874 2
vertex 235.13943629890346 -130.8651551618836 0
vertex 235.13961871713735 -131.07000000000676 0
endloop
endfacet
facet normal 0 0 -1
outer loop
vertex 235.19765979999994 -196.2466874 2
vertex 235.13961871713735 -131.07000000000676 0
vertex 235.13980113537121 -131.27484483812958 0
endloop
endfacet
facet normal 0 0 -1
outer loop
vertex 235.19765979999994 -196.2466874 2
vertex 235.13980113537121 -131.27484483812958 0
vertex 235.13997654337464 -131.47181760398075 0
endloop
endfacet
facet normal 0 0 -1
outer loop
vertex 235.19765979999994 -196.2466874 2
vertex 235.13997654337464 -131.47181760398075 0
vertex 235.14013820031644 -131.65334874465864 0
endloop
endfacet
facet normal 0 0 -1
outer loop
vertex 235.19765979999994 -196.2466874 2
vertex 235.14013820031644 -131.65334874465864 0
vertex 235.14027989381105 -131.81246212025414 0
endloop
endfacet
facet normal 0 0 -1
outer loop
vertex 235.19765979999994 -196.2466874 2
vertex 235.14027989381105 -131.81246212025414 0
vertex 235.14039617865683 -131.9430430929175 0
endloop
endfacet
facet normal 0 0 -1
outer loop
vertex 235.19765979999994 -196.2466874 2
vertex 235.14039617865683 -131.9430430929175 0
vertex 235.14048258609242 -132.0400735091323 0
endloop
endfacet
facet normal 0 0 -1
outer loop
vertex 235.19765979999994 -196.2466874 2
vertex 235.14048258609242 -132.0400735091323 0
vertex 235.14053579552856 -132.09982454442374 0
endloop
endfacet
facet normal 0 0 -1
outer loop
vertex 235.19765979999994 -196.2466874 2
vertex 235.14053579552856 -132.09982454442374 0
vertex 235.1405537621564 -132.12000000000023 0
endloop
endfacet
facet normal 0 0 -1
outer loop
vertex 235.19765979999994 -196.2466874 2
vertex 235.1405537621564 -132.12000000000023 0
vertex 235.14886230504007 -141.44999999999612 0
endloop
endfacet
facet normal 0 0 -1
outer loop
vertex 235.19765979999994 -196.2466874 2
vertex 235.14886230504007 -141.44999999999612 0
vertex 235.1488802716679 -141.47017545557492 0
endloop
endfacet
facet normal 0 0 -1
outer loop
vertex 235.19765979999994 -196.2466874 2
vertex 235.1488802716679 -141.47017545557492 0
vertex 235.14893348110402 -141.52992649084146 0
endloop
endfacet
facet normal 0 0 -1
outer loop
vertex 235.19765979999994 -196.2466874 2
vertex 235.14893348110402 -141.52992649084146 0
vertex 235.14901988853967 -141.62695690712644 0
endloop
endfacet
facet normal 0 0 -1
outer loop
vertex 235.19765979999994 -196.2466874 2
vertex 235.14901988853967 -141.62695690712644 0
vertex 235.1491361733854 -141.75753787970075 0
endloop
endfacet
facet normal 0 0 -1
outer loop
vertex 235.19765979999994 -196.2466874 2
vertex 235.1491361733854 -141.75753787970075 0
vertex 235.14927786688006 -141.91665125539149 0
endloop
endfacet
facet normal 0 0 -1
outer loop
vertex 235.19765979999994 -196.2466874 2
vertex 235.14927786688006 -141.91665125539149 0
vertex 235.14943952382177 -142.0981823959731 0
endloop
endfacet
facet normal 0 0 -1
outer loop
vertex 235.19765979999994 -196.2466874 2
vertex 235.14943952382177 -142.0981823959731 0
vertex 235.14961493182523 -142.29515516183608 0
endloop
endfacet
facet normal 0 0 -1
outer loop
vertex 235.19765979999994 -196.2466874 2
vertex 235.14961493182523 -142.29515516183608 0
vertex 235.14979735005915 -142.50000000004107 0
endloop
endfacet
facet normal 0 0 -1
outer loop
vertex 235.19765979999994 -196.2466874 2
vertex 235.14979735005915 -142.50000000004107 0
vertex 235.14997976829295 -142.7048448380752 0
endloop
endfacet
facet normal 0 0 -1
outer loop
vertex 235.19765979999994 -196.2466874 2
vertex 235.14997976829295 -142.7048448380752 0
vertex 235.15015517629644 -142.9018176039926 0
endloop
endfacet
facet normal 0 0 -1
outer loop
vertex 235.19765979999994 -196.2466874 2
vertex 235.15015517629644 -142.9018176039926 0
vertex 235.15031683323826 -143.08334874469773 0
endloop
endfacet
facet normal 0 0 -1
outer loop
vertex 235.19765979999994 -196.2466874 2
vertex 235.15031683323826 -143.08334874469773 0
vertex 235.15045852673282 -143.24246212024138 0
endloop
endfacet
facet normal 0 0 -1
outer loop
vertex 235.19765979999994 -196.2466874 2
vertex 235.15045852673282 -143.24246212024138 0
vertex 235.15057481157862 -143.3730430929286 0
endloop
endfacet
facet normal 0 0 -1
outer loop
vertex 235.19765979999994 -196.2466874 2
vertex 235.15057481157862 -143.3730430929286 0
vertex 235.1506612190142 -143.47007350913023 0
endloop
endfacet
facet normal 0 0 -1
outer loop
vertex 235.19765979999994 -196.2466874 2
vertex 235.1506612190142 -143.47007350913023 0
vertex 235.15071442845033 -143.52982454442193 0
endloop
endfacet
facet normal 0 0 -1
outer loop
vertex 235.19765979999994 -196.2466874 2
vertex 235.15071442845033 -143.52982454442193 0
vertex 235.1507323950782 -143.5499999999971 0
endloop
endfacet
facet normal 0 0 -1
outer loop
vertex 235.19765979999994 -196.2466874 2
vertex 235.1507323950782 -143.5499999999971 0
vertex 235.17252339661763 -168.0200000000003 0
endloop
endfacet
facet normal 0 0 -1
outer loop
vertex 235.19765979999994 -196.2466874 2
vertex 235.17252339661763 -168.0200000000003 0
vertex 235.1725413632455 -168.04017545557852 0
endloop
endfacet
facet normal 0 0 -1
outer loop
vertex 235.19765979999994 -196.2466874 2
vertex 235.1725413632455 -168.04017545557852 0
vertex 235.17259457268162 -168.09992649085646 0
endloop
endfacet
facet normal 0 0 -1
outer loop
vertex 235.19765979999994 -196.2466874 2
vertex 235.17259457268162 -168.09992649085646 0
vertex 235.1726809801172 -168.1969569070844 0
endloop
endfacet
facet normal 0 0 -1
outer loop
vertex 235.19765979999994 -196.2466874 2
vertex 235.1726809801172 -168.1969569070844 0
vertex 235.172797264963 -168.32753787975102 0
endloop
endfacet
facet normal 0 0 -1
outer loop
vertex 235.19765979999994 -196.2466874 2
vertex 235.172797264963 -168.32753787975102 0
vertex 235.17293895845756 -168.48665125530596 0
endloop
endfacet
facet normal 0 0 -1
outer loop
vertex 235.19765979999994 -196.2466874 2
vertex 235.17293895845756 -168.48665125530596 0
vertex 235.1731006153994 -168.66818239602262 0
endloop
endfacet
facet normal 0 0 -1
outer loop
vertex 235.19765979999994 -196.2466874 2
vertex 235.1731006153994 -168.66818239602262 0
vertex 235.17327602340285 -168.86515516189786 0
endloop
endfacet
facet normal 0 0 -1
outer loop
vertex 235.19765979999994 -196.2466874 2
vertex 235.17327602340285 -168.86515516189786 0
vertex 235.1734584416367 -169.07000000000218 0
endloop
endfacet
facet normal 0 0 -1
outer loop
vertex 235.19765979999994 -196.2466874 2
vertex 235.1734584416367 -169.07000000000218 0
vertex 235.17364085987055 -169.27484483809866 0
endloop
endfacet
facet normal 0 0 -1
outer loop
vertex 235.19765979999994 -196.2466874 2
vertex 235.17364085987055 -169.27484483809866 0
vertex 235.17381626787403 -169.47181760401247 0
endloop
endfacet
facet normal 0 0 -1
outer loop
vertex 235.19765979999994 -196.2466874 2
vertex 235.17381626787403 -169.47181760401247 0
vertex 235.17397792481583 -169.65334874468024 0
endloop
endfacet
facet normal 0 0 -1
outer loop
vertex 235.19765979999994 -196.2466874 2
vertex 235.17397792481583 -169.65334874468024 0
vertex 235.17411961831039 -169.81246212023746 0
endloop
endfacet
facet normal 0 0 -1
outer loop
vertex 235.19765979999994 -196.2466874 2
vertex 235.17411961831039 -169.81246212023746 0
vertex 235.1742359031562 -169.94304309291553 0
endloop
endfacet
facet normal 0 0 -1
outer loop
vertex 235.19765979999994 -196.2466874 2
vertex 235.1742359031562 -169.94304309291553 0
vertex 235.17432231059178 -170.04007350913304 0
endloop
endfacet
facet normal 0 0 -1
outer loop
vertex 235.19765979999994 -196.2466874 2
vertex 235.17432231059178 -170.04007350913304 0
vertex 235.17437552002792 -170.09982454442533 0
endloop
endfacet
facet normal 0 0 -1
outer loop
vertex 235.19765979999994 -196.2466874 2
vertex 235.17437552002792 -170.09982454442533 0
vertex 235.17439348665576 -170.12000000000006 0
endloop
endfacet
facet normal 0 0 -1
outer loop
vertex 235.19765979999994 -196.2466874 2
vertex 235.17439348665576 -170.12000000000006 0
vertex 235.18270202953943 -179.45000000000024 0
endloop
endfacet
facet normal 0 0 -1
outer loop
vertex 235.19765979999994 -196.2466874 2
vertex 235.18270202953943 -179.45000000000024 0
vertex 235.1827199961673 -179.47017545558495 0
endloop
endfacet
facet normal 0 0 -1
outer loop
vertex 235.19765979999994 -196.2466874 2
vertex 235.1827199961673 -179.47017545558495 0
vertex 235.1827732056034 -179.5299264908647 0
endloop
endfacet
facet normal 0 0 -1
outer loop
vertex 235.19765979999994 -196.2466874 2
vertex 235.1827732056034 -179.5299264908647 0
vertex 235.182859613039 -179.62695690709006 0
endloop
endfacet
facet normal 0 0 -1
outer loop
vertex 235.19765979999994 -196.2466874 2
vertex 235.182859613039 -179.62695690709006 0
vertex 235.18297589788475 -179.7575378797133 0
endloop
endfacet
facet normal 0 0 -1
outer loop
vertex 235.19765979999994 -196.2466874 2
vertex 235.18297589788475 -179.7575378797133 0
vertex 235.18311759137939 -179.9166512553478 0
endloop
endfacet
facet normal 0 0 -1
outer loop
vertex 235.19765979999994 -196.2466874 2
vertex 235.18311759137939 -179.9166512553478 0
vertex 235.1832792483212 -180.09818239605994 0
endloop
endfacet
facet normal 0 0 -1
outer loop
vertex 235.19765979999994 -196.2466874 2
vertex 235.1832792483212 -180.09818239605994 0
vertex 235.18345465632456 -180.29515516180777 0
endloop
endfacet
facet normal 0 0 -1
outer loop
vertex 235.19765979999994 -196.2466874 2
vertex 235.18345465632456 -180.29515516180777 0
vertex 235.18363707455853 -180.50000000004107 0
endloop
endfacet
facet normal 0 0 -1
outer loop
vertex 235.19765979999994 -196.2466874 2
vertex 235.18363707455853 -180.50000000004107 0
vertex 235.18381949279237 -180.70484483813473 0
endloop
endfacet
facet normal 0 0 -1
outer loop
vertex 235.19765979999994 -196.2466874 2
vertex 235.18381949279237 -180.70484483813473 0
vertex 235.18399490079582 -180.90181760400583 0
endloop
endfacet
facet normal 0 0 -1
outer loop
vertex 235.19765979999994 -196.2466874 2
vertex 235.18399490079582 -180.90181760400583 0
vertex 235.1841565577376 -181.08334874465083 0
endloop
endfacet
facet normal 0 0 -1
outer loop
vertex 235.19765979999994 -196.2466874 2
vertex 235.1841565577376 -181.08334874465083 0
vertex 235.18429825123215 -181.24246212022743 0
endloop
endfacet
facet normal 0 0 -1
outer loop
vertex 235.19765979999994 -196.2466874 2
vertex 235.18429825123215 -181.24246212022743 0
vertex 235.18441453607798 -181.37304309293614 0
endloop
endfacet
facet normal 0 0 -1
outer loop
vertex 235.19765979999994 -196.2466874 2
vertex 235.18441453607798 -181.37304309293614 0
vertex 235.18450094351357 -181.4700735091359 0
endloop
endfacet
facet normal 0 0 -1
outer loop
vertex 235.19765979999994 -196.2466874 2
vertex 235.18450094351357 -181.4700735091359 0
vertex 235.1845541529497 -181.52982454442252 0
endloop
endfacet
facet normal 0 0 -1
outer loop
vertex 235.19765979999994 -196.2466874 2
vertex 235.1845541529497 -181.52982454442252 0
vertex 235.18457211957755 -181.55 0
endloop
endfacet
facet normal 0 0 -1
outer loop
vertex 235.19765979999994 -196.2466874 2
vertex 235.18457211957755 -181.55 0
vertex 235.19765979991095 -196.2466874 0
endloop
endfacet
facet normal -0.3420201419394278 0.9396926212904588 0
outer loop
vertex 221.45791969999925 -201.24754390000032 2
vertex 235.19765979999994 -196.2466874 2
vertex 235.19765979991095 -196.2466874 0
endloop
endfacet
facet normal -0.3420201419394278 0.9396926212904588 0
outer loop
vertex 221.45791969999925 -201.24754390000032 2
vertex 235.19765979991095 -196.2466874 0
vertex 221.4579196999995 -201.247544 0
endloop
endfacet
facet normal -0.4226154270486427 0.9063091088698676 0
outer loop
vertex 220.90498629325018 -201.5053788765395 2
vertex 221.45791969999925 -201.24754390000032 2
vertex 221.4579196999995 -201.247544 0
endloop
endfacet
facet normal -0.4226154270486427 0.9063091088698676 0
outer loop
vertex 220.90498629325018 -201.5053788765395 2
vertex 221.4579196999995 -201.247544 0
vertex 220.9049862932499 -201.5053789265396 0
endloop
endfacet
facet normal -0.5735789642539758 0.8191502742264916 0
outer loop
vertex 220.40523086118836 -201.85531369573127 2
vertex 220.90498629325018 -201.5053788765395 2
vertex 220.9049862932499 -201.5053789265396 0
endloop
endfacet
facet normal -0.5735789642539758 0.8191502742264916 0
outer loop
vertex 220.40523086118836 -201.85531369573127 2
vertex 220.9049862932499 -201.5053789265396 0
vertex 220.4052308611887 -201.85531374573108 0
endloop
endfacet
facet normal -0.7071089331264797 0.7071046292400662 0
outer loop
vertex 219.97383336232053 -202.28671382035736 2
vertex 220.40523086118836 -201.85531369573127 2
vertex 220.4052308611887 -201.85531374573108 0
endloop
endfacet
facet normal -0.7071089331264797 0.7071046292400662 0
outer loop
vertex 219.97383336232053 -202.28671382035736 2
vertex 220.4052308611887 -201.85531374573108 0
vertex 219.97383336232056 -202.2867138703573 0
endloop
endfacet
facet normal -0.8191537653654245 0.5735739783913207 0
outer loop
vertex 219.62390158495433 -202.78647138232785 2
vertex 219.97383336232053 -202.28671382035736 2
vertex 219.97383336232056 -202.2867138703573 0
endloop
endfacet
facet normal -0.8191537653654245 0.5735739783913207 0
outer loop
vertex 219.62390158495433 -202.78647138232785 2
vertex 219.97383336232056 -202.2867138703573 0
vertex 219.62390158495415 -202.78647143232777 0
endloop
endfacet
facet normal 0 0 -1
outer loop
vertex 219.3660680238827 -203.3394015084213 2
vertex 219.41361503670822 -203.23743582293133 2
vertex 219.4651424151041 -203.12693415000993 2
endloop
endfacet
facet normal 0 0 -1
outer loop
vertex 219.3660680238827 -203.3394015084213 2
vertex 219.4651424151041 -203.12693415000993 2
vertex 219.62390158495433 -202.78647138232785 2
endloop
endfacet
facet normal 0 0 -1
outer loop
vertex 219.3660680238827 -203.3394015084213 2
vertex 219.62390158495433 -202.78647138232785 2
vertex 219.62390158495415 -202.78647143232777 0
endloop
endfacet
facet normal 0 0 -1
outer loop
vertex 219.3660680238827 -203.3394015084213 2
vertex 219.62390158495415 -202.78647143232777 0
vertex 219.36606802388275 -203.3394015584216 0
endloop
endfacet
facet normal 0 0 -1
outer loop
vertex 219.20816681756494 -203.9287037047529 2
vertex 219.2462771109505 -203.78647249500673 2
vertex 219.30366589424605 -203.5722921424336 2
endloop
endfacet
facet normal 0 0 -1
outer loop
vertex 219.20816681756494 -203.9287037047529 2
vertex 219.30366589424605 -203.5722921424336 2
vertex 219.35320503341768 -203.38740740216454 2
endloop
endfacet
facet normal 0 0 -1
outer loop
vertex 219.20816681756494 -203.9287037047529 2
vertex 219.35320503341768 -203.38740740216454 2
vertex 219.3660680238827 -203.3394015084213 2
endloop
endfacet
facet normal 0 0 -1
outer loop
vertex 219.20816681756494 -203.9287037047529 2
vertex 219.3660680238827 -203.3394015084213 2
vertex 219.36606802388275 -203.3394015584216 0
endloop
endfacet
facet normal 0 0 -1
outer loop
vertex 219.20816681756494 -203.9287037047529 2
vertex 219.36606802388275 -203.3394015584216 0
vertex 219.20816681756492 -203.92870375475283 0
endloop
endfacet
facet normal 0 0 -1
outer loop
vertex 219.1549961468773 -204.53646735918807 2
vertex 219.17778359887123 -204.27599697354134 2
vertex 219.19987867066644 -204.02344079161662 2
endloop
endfacet
facet normal 0 0 -1
outer loop
vertex 219.1549961468773 -204.53646735918807 2
vertex 219.19987867066644 -204.02344079161662 2
vertex 219.20816681756494 -203.9287037047529 2
endloop
endfacet
facet normal 0 0 -1
outer loop
vertex 219.1549961468773 -204.53646735918807 2
vertex 219.20816681756494 -203.9287037047529 2
vertex 219.20816681756492 -203.92870375475283 0
endloop
endfacet
facet normal 0 0 -1
outer loop
vertex 219.1549961468773 -204.53646735918807 2
vertex 219.20816681756492 -203.92870375475283 0
vertex 219.1549957119123 -204.53647238102508 0
endloop
endfacet
facet normal 0 0 1
outer loop
vertex 219.20817028327556 -205.14424070408708 2
vertex 219.19988113118146 -205.04949830001243 2
vertex 219.17778423049162 -204.796937801022 2
endloop
endfacet
facet normal 0 0 1
outer loop
vertex 219.20817028327556 -205.14424070408708 2
vertex 219.17778423049162 -204.796937801022 2
vertex 219.1549961468773 -204.53646735918807 2
endloop
endfacet
facet normal 0 0 1
outer loop
vertex 219.20817028327556 -205.14424070408708 2
vertex 219.1549961468773 -204.53646735918807 2
vertex 219.1549957119123 -204.53647238102508 0
endloop
endfacet
facet normal 0 0 1
outer loop
vertex 219.20817028327556 -205.14424070408708 2
vertex 219.1549957119123 -204.53647238102508 0
vertex 219.20817028327556 -205.14424070408685 0
endloop
endfacet
facet normal -0.9659251049221839 -0.2588217372653784 0
outer loop
vertex 219.36607485000005 -205.73354199999977 2
vertex 219.20817028327556 -205.14424070408708 2
vertex 219.20817028327556 -205.14424070408685 0
endloop
endfacet
facet normal -0.9659251049221839 -0.2588217372653784 0
outer loop
vertex 219.36607485000005 -205.73354199999977 2
vertex 219.20817028327556 -205.14424070408685 0
vertex 219.36607484999988 -205.73354199999997 0
endloop
endfacet
facet normal 0 0 1
outer loop
vertex 225.8815499000003 -223.63468300000036 2
vertex 225.8640758190856 -223.58667330235397 2
vertex 225.79678291267797 -223.40178735006006 2
endloop
endfacet
facet normal 0 0 1
outer loop
vertex 225.8815499000003 -223.63468300000036 2
vertex 225.79678291267797 -223.40178735006006 2
vertex 225.71882720430105 -223.18760555662243 2
endloop
endfacet
facet normal 0 0 1
outer loop
vertex 225.8815499000003 -223.63468300000036 2
vertex 225.71882720430105 -223.18760555662243 2
vertex 225.6325773287328 -222.95063570005115 2
endloop
endfacet
facet normal 0 0 1
outer loop
vertex 225.8815499000003 -223.63468300000036 2
vertex 225.6325773287328 -222.95063570005115 2
vertex 219.36607485000005 -205.73354199999977 2
endloop
endfacet
facet normal 0 0 1
outer loop
vertex 225.8815499000003 -223.63468300000036 2
vertex 219.36607485000005 -205.73354199999977 2
vertex 219.36607484999988 -205.73354199999997 0
endloop
endfacet
facet normal 0 0 1
outer loop
vertex 225.8815499000003 -223.63468300000036 2
vertex 219.36607484999988 -205.73354199999997 0
vertex 220.4603348392897 -208.74 0
endloop
endfacet
facet normal 0 0 1
outer loop
vertex 225.8815499000003 -223.63468300000036 2
vertex 220.4603348392897 -208.74 0
vertex 221.63217454032429 -211.95960679999993 0
endloop
endfacet
facet normal 0 0 1
outer loop
vertex 225.8815499000003 -223.63468300000036 2
vertex 221.63217454032429 -211.95960679999993 0
vertex 221.6915542142975 -212.12275130000032 0
endloop
endfacet
facet normal 0 0 1
outer loop
vertex 225.8815499000003 -223.63468300000036 2
vertex 221.6915542142975 -212.12275130000032 0
vertex 221.6988974711914 -212.14292675557581 0
endloop
endfacet
facet normal 0 0 1
outer loop
vertex 225.8815499000003 -223.63468300000036 2
vertex 221.6988974711914 -212.14292675557581 0
vertex 221.72064504463478 -212.2026777908752 0
endloop
endfacet
facet normal 0 0 1
outer loop
vertex 225.8815499000003 -223.63468300000036 2
vertex 221.72064504463478 -212.2026777908752 0
vertex 221.75596118755644 -212.29970820706603 0
endloop
endfacet
facet normal 0 0 1
outer loop
vertex 225.8815499000003 -223.63468300000036 2
vertex 221.75596118755644 -212.29970820706603 0
vertex 221.80348872042492 -212.4302891797669 0
endloop
endfacet
facet normal 0 0 1
outer loop
vertex 225.8815499000003 -223.63468300000036 2
vertex 221.80348872042492 -212.4302891797669 0
vertex 221.8614011867735 -212.58940255533867 0
endloop
endfacet
facet normal 0 0 1
outer loop
vertex 225.8815499000003 -223.63468300000036 2
vertex 221.8614011867735 -212.58940255533867 0
vertex 221.92747304299866 -212.7709336959916 0
endloop
endfacet
facet normal 0 0 1
outer loop
vertex 225.8815499000003 -223.63468300000036 2
vertex 221.92747304299866 -212.7709336959916 0
vertex 221.99916518475175 -212.96790646188353 0
endloop
endfacet
facet normal 0 0 1
outer loop
vertex 225.8815499000003 -223.63468300000036 2
vertex 221.99916518475175 -212.96790646188353 0
vertex 222.07372252320175 -213.1727513000057 0
endloop
endfacet
facet normal 0 0 1
outer loop
vertex 225.8815499000003 -223.63468300000036 2
vertex 222.07372252320175 -213.1727513000057 0
vertex 222.14827986164678 -213.37759613811423 0
endloop
endfacet
facet normal 0 0 1
outer loop
vertex 225.8815499000003 -223.63468300000036 2
vertex 222.14827986164678 -213.37759613811423 0
vertex 222.21997200340235 -213.57456890401298 0
endloop
endfacet
facet normal 0 0 1
outer loop
vertex 225.8815499000003 -223.63468300000036 2
vertex 222.21997200340235 -213.57456890401298 0
vertex 222.28604385961884 -213.756100044642 0
endloop
endfacet
facet normal 0 0 1
outer loop
vertex 225.8815499000003 -223.63468300000036 2
vertex 222.28604385961884 -213.756100044642 0
vertex 222.3439563259832 -213.91521342025723 0
endloop
endfacet
facet normal 0 0 1
outer loop
vertex 225.8815499000003 -223.63468300000036 2
vertex 222.3439563259832 -213.91521342025723 0
vertex 222.39148385883496 -214.0457943929121 0
endloop
endfacet
facet normal 0 0 1
outer loop
vertex 225.8815499000003 -223.63468300000036 2
vertex 222.39148385883496 -214.0457943929121 0
vertex 222.42680000176983 -214.14282480913923 0
endloop
endfacet
facet normal 0 0 1
outer loop
vertex 225.8815499000003 -223.63468300000036 2
vertex 222.42680000176983 -214.14282480913923 0
vertex 222.4485475752077 -214.20257584442354 0
endloop
endfacet
facet normal 0 0 1
outer loop
vertex 225.8815499000003 -223.63468300000036 2
vertex 222.4485475752077 -214.20257584442354 0
vertex 222.45589083210209 -214.2227513000003 0
endloop
endfacet
facet normal 0 0 1
outer loop
vertex 225.8815499000003 -223.63468300000036 2
vertex 222.45589083210209 -214.2227513000003 0
vertex 224.29050504932295 -219.26331820000024 0
endloop
endfacet
facet normal 0 0 1
outer loop
vertex 225.8815499000003 -223.63468300000036 2
vertex 224.29050504932295 -219.26331820000024 0
vertex 225.88154990000012 -223.6346830000002 0
endloop
endfacet
facet normal 0 0 1
outer loop
vertex 226.10929955278587 -224.1344461025943 2
vertex 226.01959948832754 -223.93761250935597 2
vertex 226.00921362684068 -223.91482226446954 2
endloop
endfacet
facet normal 0 0 1
outer loop
vertex 226.10929955278587 -224.1344461025943 2
vertex 226.00921362684068 -223.91482226446954 2
vertex 225.97837340613438 -223.847147937873 2
endloop
endfacet
facet normal 0 0 1
outer loop
vertex 226.10929955278587 -224.1344461025943 2
vertex 225.97837340613438 -223.847147937873 2
vertex 225.92801588676892 -223.7366457710894 2
endloop
endfacet
facet normal 0 0 1
outer loop
vertex 226.10929955278587 -224.1344461025943 2
vertex 225.92801588676892 -223.7366457710894 2
vertex 225.8815499000003 -223.63468300000036 2
endloop
endfacet
facet normal 0 0 1
outer loop
vertex 226.10929955278587 -224.1344461025943 2
vertex 225.8815499000003 -223.63468300000036 2
vertex 225.88154990000012 -223.6346830000002 0
endloop
endfacet
facet normal 0 0 1
outer loop
vertex 226.10929955278587 -224.1344461025943 2
vertex 225.88154990000012 -223.6346830000002 0
vertex 226.10929955278593 -224.13444610259447 0
endloop
endfacet
facet normal -0.8338867962188713 -0.5519355135265592 0
outer loop
vertex 226.41243066554216 -224.59242901229197 2
vertex 226.10929955278587 -224.1344461025943 2
vertex 226.10929955278593 -224.13444610259447 0
endloop
endfacet
facet normal -0.8338867962188713 -0.5519355135265592 0
outer loop
vertex 226.41243066554216 -224.59242901229197 2
vertex 226.10929955278593 -224.13444610259447 0
vertex 226.41243066554216 -224.59242901229194 0
endloop
endfacet
facet normal -0.7372783244351045 -0.6755891298105415 0
outer loop
vertex 226.78347416549195 -224.99735312646845 2
vertex 226.41243066554216 -224.59242901229197 2
vertex 226.41243066554216 -224.59242901229194 0
endloop
endfacet
facet normal -0.7372783244351045 -0.6755891298105415 0
outer loop
vertex 226.78347416549195 -224.99735312646845 2
vertex 226.41243066554216 -224.59242901229194 0
vertex 226.78347416549198 -224.99735312646823 0
endloop
endfacet
facet normal -0.6225155435005519 -0.7826074355002082 0
outer loop
vertex 227.21329369505753 -225.33924783116615 2
vertex 226.78347416549195 -224.99735312646845 2
vertex 226.78347416549198 -224.99735312646823 0
endloop
endfacet
facet normal -0.6225155435005519 -0.7826074355002082 0
outer loop
vertex 227.21329369505753 -225.33924783116615 2
vertex 226.78347416549198 -224.99735312646823 0
vertex 227.21329369505747 -225.33924783116618 0
endloop
endfacet
facet normal -0.49242430484079447 -0.8703552745873725 0
outer loop
vertex 227.6913056301714 -225.6096945116503 2
vertex 227.21329369505753 -225.33924783116615 2
vertex 227.21329369505747 -225.33924783116618 0
endloop
endfacet
facet normal -0.49242430484079447 -0.8703552745873725 0
outer loop
vertex 227.6913056301714 -225.6096945116503 2
vertex 227.21329369505747 -225.33924783116618 0
vertex 227.69130563017148 -225.60969451165033 0
endloop
endfacet
facet normal -0.350207898836203 -0.9366719957342229 0
outer loop
vertex 228.2057396852303 -225.8020338474398 2
vertex 227.6913056301714 -225.6096945116503 2
vertex 227.69130563017148 -225.60969451165033 0
endloop
endfacet
facet normal -0.350207898836203 -0.9366719957342229 0
outer loop
vertex 228.2057396852303 -225.8020338474398 2
vertex 227.69130563017148 -225.60969451165033 0
vertex 228.20573968523038 -225.80203384743973 0
endloop
endfacet
facet normal -0.19936817887847225 -0.9799246548845892 0
outer loop
vertex 228.74392873770594 -225.91152978750972 2
vertex 228.2057396852303 -225.8020338474398 2
vertex 228.20573968523038 -225.80203384743973 0
endloop
endfacet
facet normal -0.19936817887847225 -0.9799246548845892 0
outer loop
vertex 228.74392873770594 -225.91152978750972 2
vertex 228.20573968523038 -225.80203384743973 0
vertex 228.74392873770594 -225.91152978750972 0
endloop
endfacet
facet normal -0.04361933378538653 -0.9990482239212074 0
outer loop
vertex 229.29262073594208 -225.93548616803608 2
vertex 228.74392873770594 -225.91152978750972 2
vertex 228.74392873770594 -225.91152978750972 0
endloop
endfacet
facet normal -0.04361933378538653 -0.9990482239212074 0
outer loop
vertex 229.29262073594208 -225.93548616803608 2
vertex 228.74392873770594 -225.91152978750972 0
vertex 229.292620735942 -225.93548616803608 0
endloop
endfacet
facet normal 0.11320356820613135 -0.9935718152933888 0
outer loop
vertex 229.838305009905 -225.87331310115178 2
vertex 229.29262073594208 -225.93548616803608 2
vertex 229.292620735942 -225.93548616803608 0
endloop
endfacet
facet normal 0.11320356820613135 -0.9935718152933888 0
outer loop
vertex 229.838305009905 -225.87331310115178 2
vertex 229.292620735942 -225.93548616803608 0
vertex 229.8383050099051 -225.87331310115178 0
endloop
endfacet
facet normal 0.2672390119121809 -0.963630276876044 0
outer loop
vertex 230.36754495000002 -225.72654150000017 2
vertex 229.838305009905 -225.87331310115178 2
vertex 229.8383050099051 -225.87331310115178 0
endloop
endfacet
facet normal 0.2672390119121809 -0.963630276876044 0
outer loop
vertex 230.36754495000002 -225.72654150000017 2
vertex 229.8383050099051 -225.87331310115178 0
vertex 230.3675449499995 -225.7265415000001 0
endloop
endfacet
facet normal 0 0 1
outer loop
vertex 248.125090874747 -219.26331820000016 2
vertex 235.5311226978995 -223.84715139998195 2
vertex 235.34518784629847 -223.91482620539946 2
endloop
endfacet
facet normal 0 0 1
outer loop
vertex 248.125090874747 -219.26331820000016 2
vertex 235.34518784629847 -223.91482620539946 2
vertex 235.28258304058753 -223.93761250935597 2
endloop
endfacet
facet normal 0 0 1
outer loop
vertex 248.125090874747 -219.26331820000016 2
vertex 235.28258304058753 -223.93761250935597 2
vertex 230.36754495000002 -225.72654150000017 2
endloop
endfacet
facet normal 0 0 1
outer loop
vertex 248.125090874747 -219.26331820000016 2
vertex 230.36754495000002 -225.72654150000017 2
vertex 230.3675449499995 -225.7265415000001 0
endloop
endfacet
facet normal 0 0 1
outer loop
vertex 248.125090874747 -219.26331820000016 2
vertex 230.3675449499995 -225.7265415000001 0
vertex 248.12509059999886 -219.26331820000024 0
endloop
endfacet
facet normal 0.2588190461439117 -0.9659258260100277 -3.555498534015529e-8
outer loop
vertex 275.38291278581823 -211.95960679999993 2
vertex 248.125090874747 -219.26331820000016 2
vertex 248.12509059999886 -219.26331820000024 0
endloop
endfacet
facet normal 0.2588190461439117 -0.9659258260100277 -3.555498534015529e-8
outer loop
vertex 275.38291278581823 -211.95960679999993 2
vertex 248.12509059999886 -219.26331820000024 0
vertex 266.9367425570385 -214.2227513000003 0
endloop
endfacet
facet normal 0.2588190461439117 -0.9659258260100277 -3.555498534015529e-8
outer loop
vertex 275.38291278581823 -211.95960679999993 2
vertex 266.9367425570385 -214.2227513000003 0
vertex 267.0120383830665 -214.20257584442354 0
endloop
endfacet
facet normal 0.2588190461439117 -0.9659258260100277 -3.555498534015529e-8
outer loop
vertex 275.38291278581823 -211.95960679999993 2
vertex 267.0120383830665 -214.20257584442354 0
vertex 267.2350322847725 -214.14282480913923 0
endloop
endfacet
facet normal 0.2588190461439117 -0.9659258260100277 -3.555498534015529e-8
outer loop
vertex 275.38291278581823 -211.95960679999993 2
vertex 267.2350322847725 -214.14282480913923 0
vertex 267.5971547316171 -214.0457943929121 0
endloop
endfacet
facet normal 0.2588190461439117 -0.9659258260100277 -3.555498534015529e-8
outer loop
vertex 275.38291278581823 -211.95960679999993 2
vertex 267.5971547316171 -214.0457943929121 0
vertex 268.0844895609187 -213.91521342025723 0
endloop
endfacet
facet normal 0.2588190461439117 -0.9659258260100277 -3.555498534015529e-8
outer loop
vertex 275.38291278581823 -211.95960679999993 2
vertex 268.0844895609187 -213.91521342025723 0
vertex 268.6783087687906 -213.756100044642 0
endloop
endfacet
facet normal 0.2588190461439117 -0.9659258260100277 -3.555498534015529e-8
outer loop
vertex 275.38291278581823 -211.95960679999993 2
vertex 268.6783087687906 -213.756100044642 0
vertex 269.3557922155191 -213.57456890401298 0
endloop
endfacet
facet normal 0.2588190461439117 -0.9659258260100277 -3.555498534015529e-8
outer loop
vertex 275.38291278581823 -211.95960679999993 2
vertex 269.3557922155191 -213.57456890401298 0
vertex 270.09090459287944 -213.37759613811423 0
endloop
endfacet
facet normal 0.2588190461439117 -0.9659258260100277 -3.555498534015529e-8
outer loop
vertex 275.38291278581823 -211.95960679999993 2
vertex 270.09090459287944 -213.37759613811423 0
vertex 270.85539594398 -213.1727513000057 0
endloop
endfacet
facet normal 0.2588190461439117 -0.9659258260100277 -3.555498534015529e-8
outer loop
vertex 275.38291278581823 -211.95960679999993 2
vertex 270.85539594398 -213.1727513000057 0
vertex 271.6198872951315 -212.96790646188353 0
endloop
endfacet
facet normal 0.2588190461439117 -0.9659258260100277 -3.555498534015529e-8
outer loop
vertex 275.38291278581823 -211.95960679999993 2
vertex 271.6198872951315 -212.96790646188353 0
vertex 272.35499967246636 -212.7709336959916 0
endloop
endfacet
facet normal 0.2588190461439117 -0.9659258260100277 -3.555498534015529e-8
outer loop
vertex 275.38291278581823 -211.95960679999993 2
vertex 272.35499967246636 -212.7709336959916 0
vertex 273.0324831192841 -212.58940255533867 0
endloop
endfacet
facet normal 0.2588190461439117 -0.9659258260100277 -3.555498534015529e-8
outer loop
vertex 275.38291278581823 -211.95960679999993 2
vertex 273.0324831192841 -212.58940255533867 0
vertex 273.6263023269938 -212.4302891797669 0
endloop
endfacet
facet normal 0.2588190461439117 -0.9659258260100277 -3.555498534015529e-8
outer loop
vertex 275.38291278581823 -211.95960679999993 2
vertex 273.6263023269938 -212.4302891797669 0
vertex 274.1136371564672 -212.29970820706603 0
endloop
endfacet
facet normal 0.2588190461439117 -0.9659258260100277 -3.555498534015529e-8
outer loop
vertex 275.38291278581823 -211.95960679999993 2
vertex 274.1136371564672 -212.29970820706603 0
vertex 274.4757596031762 -212.2026777908752 0
endloop
endfacet
facet normal 0.2588190461439117 -0.9659258260100277 -3.555498534015529e-8
outer loop
vertex 275.38291278581823 -211.95960679999993 2
vertex 274.4757596031762 -212.2026777908752 0
vertex 274.6987535049385 -212.14292675557581 0
endloop
endfacet
facet normal 0.2588190461439117 -0.9659258260100277 -3.555498534015529e-8
outer loop
vertex 275.38291278581823 -211.95960679999993 2
vertex 274.6987535049385 -212.14292675557581 0
vertex 274.77404933096176 -212.12275130000032 0
endloop
endfacet
facet normal 0.2588190461439117 -0.9659258260100277 -3.555498534015529e-8
outer loop
vertex 275.38291278581823 -211.95960679999993 2
vertex 274.77404933096176 -212.12275130000032 0
vertex 275.3829129000005 -211.95960679999993 0
endloop
endfacet
facet normal 0.17364817684750733 -0.9848077531566944 0
outer loop
vertex 293.64221049999986 -208.74 2
vertex 275.38291278581823 -211.95960679999993 2
vertex 275.3829129000005 -211.95960679999993 0
endloop
endfacet
facet normal 0.17364817684750733 -0.9848077531566944 0
outer loop
vertex 293.64221049999986 -208.74 2
vertex 275.3829129000005 -211.95960679999993 0
vertex 293.64221049999975 -208.74 0
endloop
endfacet
facet normal 0 0 1
outer loop
vertex 229.43094413444484 -223.91482620540143 5
vertex 229.68350420000047 -223.84715139999977 5
vertex 235.3169189335136 -221.79675609999998 5
endloop
endfacet
facet normal 0 0 1
outer loop
vertex 229.43094413444484 -223.91482620540143 5
vertex 235.3169189335136 -221.79675609999998 5
vertex 229.46931020000002 -221.79675609999998 5
endloop
endfacet
facet normal 0 0 1
outer loop
vertex 229.43094413444484 -223.91482620540143 5
vertex 229.46931020000002 -221.79675609999998 5
vertex 227.3409636511386 -221.79675609999998 5
endloop
endfacet
facet normal 0 0 1
outer loop
vertex 229.43094413444484 -223.91482620540143 5
vertex 227.3409636511386 -221.79675609999998 5
vertex 227.76094210000002 -222.9506357000001 5
endloop
endfacet
facet normal 0 0 1
outer loop
vertex 229.43094413444484 -223.91482620540143 5
vertex 227.76094210000002 -222.9506357000001 5
vertex 227.87144146798116 -223.18760555661123 5
endloop
endfacet
facet normal 0 0 1
outer loop
vertex 229.43094413444484 -223.91482620540143 5
vertex 227.87144146798116 -223.18760555661123 5
vertex 228.02141140704637 -223.4017873500563 5
endloop
endfacet
facet normal 0 0 1
outer loop
vertex 229.43094413444484 -223.91482620540143 5
vertex 228.02141140704637 -223.4017873500563 5
vertex 228.2062951756934 -223.58667330235494 5
endloop
endfacet
facet normal 0 0 1
outer loop
vertex 229.43094413444484 -223.91482620540143 5
vertex 228.2062951756934 -223.58667330235494 5
vertex 228.42047519784802 -223.73664577108323 5
endloop
endfacet
facet normal 0 0 1
outer loop
vertex 229.43094413444484 -223.91482620540143 5
vertex 228.42047519784802 -223.73664577108323 5
vertex 228.65744374934897 -223.84714793787728 5
endloop
endfacet
facet normal 0 0 1
outer loop
vertex 229.43094413444484 -223.91482620540143 5
vertex 228.65744374934897 -223.84714793787728 5
vertex 228.91000069102105 -223.91482226446874 5
endloop
endfacet
facet normal 0 0 1
outer loop
vertex 229.43094413444484 -223.91482620540143 5
vertex 228.91000069102105 -223.91482226446874 5
vertex 229.17047224033996 -223.93761250935663 5
endloop
endfacet
facet normal 0 0 1
outer loop
vertex 235.3169189335136 -221.79675609999998 5
vertex 247.52310679999977 -217.35406700000004 5
vertex 241.67549812532468 -217.35406700000004 5
endloop
endfacet
facet normal 0 0 1
outer loop
vertex 235.3169189335136 -221.79675609999998 5
vertex 241.67549812532468 -217.35406700000004 5
vertex 229.46931020000002 -221.79675609999998 5
endloop
endfacet
facet normal 0 0 1
outer loop
vertex 229.46931020000002 -221.79675609999998 5
vertex 225.99403333605179 -212.2485114 5
vertex 224.9298556 -212.2485114 5
endloop
endfacet
facet normal 0 0 1
outer loop
vertex 229.46931020000002 -221.79675609999998 5
vertex 224.9298556 -212.2485114 5
vertex 223.86568165598453 -212.2485114 5
endloop
endfacet
facet normal 0 0 1
outer loop
vertex 229.46931020000002 -221.79675609999998 5
vertex 223.86568165598453 -212.2485114 5
vertex 227.3409636511386 -221.79675609999998 5
endloop
endfacet
facet normal 0 0 1
outer loop
vertex 225.99403333605179 -212.2485114 5
vertex 225.86954820000003 -211.90649130000008 5
vertex 224.9298556 -212.2485114 5
endloop
endfacet
facet normal 0 0 1
outer loop
vertex 247.52310679999977 -217.35406700000004 5
vertex 274.9496213867793 -210.0051546 5
vertex 267.22221937383574 -210.0051546 5
endloop
endfacet
facet normal 0 0 1
outer loop
vertex 247.52310679999977 -217.35406700000004 5
vertex 267.22221937383574 -210.0051546 5
vertex 247.00546824999822 -215.42221910000018 5
endloop
endfacet
facet normal 0 0 1
outer loop
vertex 247.52310679999977 -217.35406700000004 5
vertex 247.00546824999822 -215.42221910000018 5
vertex 246.9216959225716 -215.44663551143597 5
endloop
endfacet
facet normal 0 0 1
outer loop
vertex 247.52310679999977 -217.35406700000004 5
vertex 246.9216959225716 -215.44663551143597 5
vertex 246.83906650000029 -215.4746817999999 5
endloop
endfacet
facet normal 0 0 1
outer loop
vertex 247.52310679999977 -217.35406700000004 5
vertex 246.83906650000029 -215.4746817999999 5
vertex 241.67549812532468 -217.35406700000004 5
endloop
endfacet
facet normal 0 0 1
outer loop
vertex 224.9298556 -212.2485114 5
vertex 223.561775 -208.48974089999996 5
vertex 222.49759905515145 -208.48974089999996 5
endloop
endfacet
facet normal 0 0 1
outer loop
vertex 224.9298556 -212.2485114 5
vertex 222.49759905515145 -208.48974089999996 5
vertex 223.86568165598453 -212.2485114 5
endloop
endfacet
facet normal 0 0 1
outer loop
vertex 274.9496213867793 -210.0051546 5
vertex 293.4672272432404 -206.74000099743935 5
vertex 281.9496955553157 -206.74000099743935 5
endloop
endfacet
facet normal 0 0 1
outer loop
vertex 274.9496213867793 -210.0051546 5
vertex 281.9496955553157 -206.74000099743935 5
vertex 274.6023266499993 -208.0355414499996 5
endloop
endfacet
facet normal 0 0 1
outer loop
vertex 274.9496213867793 -210.0051546 5
vertex 274.6023266499993 -208.0355414499996 5
vertex 274.5167446929091 -208.05256306093878 5
endloop
endfacet
facet normal 0 0 1
outer loop
vertex 274.9496213867793 -210.0051546 5
vertex 274.5167446929091 -208.05256306093878 5
vertex 274.4319833000003 -208.07330289999982 5
endloop
endfacet
facet normal 0 0 1
outer loop
vertex 274.9496213867793 -210.0051546 5
vertex 274.4319833000003 -208.07330289999982 5
vertex 267.22221937383574 -210.0051546 5
endloop
endfacet
facet normal 0 0 1
outer loop
vertex 223.561775 -208.48974089999996 5
vertex 224.50146761688518 -208.14772079385443 5
vertex 223.29584660738269 -204.835304297313 5
endloop
endfacet
facet normal 0 0 1
outer loop
vertex 223.561775 -208.48974089999996 5
vertex 223.29584660738269 -204.835304297313 5
vertex 221.18806353735917 -204.835304297313 5
endloop
endfacet
facet normal 0 0 1
outer loop
vertex 223.561775 -208.48974089999996 5
vertex 221.18806353735917 -204.835304297313 5
vertex 221.24545129999981 -205.0494982999994 5
endloop
endfacet
facet normal 0 0 1
outer loop
vertex 223.561775 -208.48974089999996 5
vertex 221.24545129999981 -205.0494982999994 5
vertex 222.49759905515145 -208.48974089999996 5
endloop
endfacet
facet normal 0 0 1
outer loop
vertex 293.4672272432404 -206.74000099743935 5
vertex 357.2946583499999 -206.74000099743935 5
vertex 358.4223524995071 -206.64143066615773 5
endloop
endfacet
facet normal 0 0 1
outer loop
vertex 293.4672272432404 -206.74000099743935 5
vertex 358.4223524995071 -206.64143066615773 5
vertex 359.51584475797455 -206.34871136288453 5
endloop
endfacet
facet normal 0 0 1
outer loop
vertex 293.4672272432404 -206.74000099743935 5
vertex 359.51584475797455 -206.34871136288453 5
vertex 360.5419703486852 -205.87071954085545 5
endloop
endfacet
facet normal 0 0 1
outer loop
vertex 293.4672272432404 -206.74000099743935 5
vertex 360.5419703486852 -205.87071954085545 5
vertex 361.46960767398963 -205.22195232332658 5
endloop
endfacet
facet normal 0 0 1
outer loop
vertex 293.4672272432404 -206.74000099743935 5
vertex 361.46960767398963 -205.22195232332658 5
vertex 361.95224978184586 -204.74000225 5
endloop
endfacet
facet normal 0 0 1
outer loop
vertex 293.4672272432404 -206.74000099743935 5
vertex 361.95224978184586 -204.74000225 5
vertex 300.99073412476247 -204.74000225 5
endloop
endfacet
facet normal 0 0 1
outer loop
vertex 293.4672272432404 -206.74000099743935 5
vertex 300.99073412476247 -204.74000225 5
vertex 293.4672332500009 -204.74000225 5
endloop
endfacet
facet normal 0 0 1
outer loop
vertex 293.4672272432404 -206.74000099743935 5
vertex 293.4672332500009 -204.74000225 5
vertex 293.2929200340913 -204.7476104565509 5
endloop
endfacet
facet normal 0 0 1
outer loop
vertex 293.4672272432404 -206.74000099743935 5
vertex 293.2929200340913 -204.7476104565509 5
vertex 293.1199365000001 -204.77038450000006 5
endloop
endfacet
facet normal 0 0 1
outer loop
vertex 293.4672272432404 -206.74000099743935 5
vertex 293.1199365000001 -204.77038450000006 5
vertex 281.9496955553157 -206.74000099743935 5
endloop
endfacet
facet normal 0 0 1
outer loop
vertex 361.95224978184586 -204.74000225 5
vertex 357.2946633000004 -204.73999983581393 5
vertex 300.99073412476247 -204.74000225 5
endloop
endfacet
facet normal 0 0 1
outer loop
vertex 361.95224978184586 -204.74000225 5
vertex 362.0205948400512 -204.6717551880935 5
vertex 358.0753721439083 -204.6717551880935 5
endloop
endfacet
facet normal 0 0 1
outer loop
vertex 361.95224978184586 -204.74000225 5
vertex 358.0753721439083 -204.6717551880935 5
vertex 357.2946633000004 -204.73999983581393 5
endloop
endfacet
facet normal 0 0 1
outer loop
vertex 362.0205948400512 -204.6717551880935 5
vertex 362.22353721645396 -204.46910379983643 5
vertex 358.8324044827593 -204.46910379983643 5
endloop
endfacet
facet normal 0 0 1
outer loop
vertex 362.0205948400512 -204.6717551880935 5
vertex 358.8324044827593 -204.46910379983643 5
vertex 358.0753721439083 -204.6717551880935 5
endloop
endfacet
facet normal 0 0 1
outer loop
vertex 362.22353721645396 -204.46910379983643 5
vertex 362.27062220935704 -204.4220863195693 5
vertex 362.46978172279967 -204.1381870821798 5
endloop
endfacet
facet normal 0 0 1
outer loop
vertex 362.22353721645396 -204.46910379983643 5
vertex 362.46978172279967 -204.1381870821798 5
vertex 359.5427985094811 -204.1381870821798 5
endloop
endfacet
facet normal 0 0 1
outer loop
vertex 362.22353721645396 -204.46910379983643 5
vertex 359.5427985094811 -204.1381870821798 5
vertex 358.8324044827593 -204.46910379983643 5
endloop
endfacet
facet normal 0 0 1
outer loop
vertex 362.46978172279967 -204.1381870821798 5
vertex 362.78486401740304 -203.68904146213592 5
vertex 360.1850085679695 -203.68904146213592 5
endloop
endfacet
facet normal 0 0 1
outer loop
vertex 362.46978172279967 -204.1381870821798 5
vertex 360.1850085679695 -203.68904146213592 5
vertex 359.5427985094811 -204.1381870821798 5
endloop
endfacet
facet normal 0 0 1
outer loop
vertex 362.78486401740304 -203.68904146213592 5
vertex 362.92071980180583 -203.4953808484891 5
vertex 363.08908764152716 -203.13528915034712 5
endloop
endfacet
facet normal 0 0 1
outer loop
vertex 362.78486401740304 -203.68904146213592 5
vertex 363.08908764152716 -203.13528915034712 5
vertex 360.7395569647901 -203.13528915034712 5
endloop
endfacet
facet normal 0 0 1
outer loop
vertex 362.78486401740304 -203.68904146213592 5
vertex 360.7395569647901 -203.13528915034712 5
vertex 360.1850085679695 -203.68904146213592 5
endloop
endfacet
facet normal 0 0 1
outer loop
vertex 363.08908764152716 -203.13528915034712 5
vertex 363.3890633758628 -202.49372499084325 5
vertex 361.18962471132136 -202.49372499084325 5
endloop
endfacet
facet normal 0 0 1
outer loop
vertex 363.08908764152716 -203.13528915034712 5
vertex 361.18962471132136 -202.49372499084325 5
vertex 360.7395569647901 -203.13528915034712 5
endloop
endfacet
facet normal 0 0 1
outer loop
vertex 363.3890633758628 -202.49372499084325 5
vertex 363.40018349281854 -202.46994217219594 5
vertex 363.5849119484529 -201.78380708748102 5
endloop
endfacet
facet normal 0 0 1
outer loop
vertex 363.3890633758628 -202.49372499084325 5
vertex 363.5849119484529 -201.78380708748102 5
vertex 361.5215616295959 -201.78380708748102 5
endloop
endfacet
facet normal 0 0 1
outer loop
vertex 363.3890633758628 -202.49372499084325 5
vertex 361.5215616295959 -201.78380708748102 5
vertex 361.18962471132136 -202.49372499084325 5
endloop
endfacet
facet normal 0 0 1
outer loop
vertex 363.5849119484529 -201.78380708748102 5
vertex 363.6944715184884 -201.37687105475405 5
vertex 363.72555231608044 -201.02706665594494 5
endloop
endfacet
facet normal 0 0 1
outer loop
vertex 363.5849119484529 -201.78380708748102 5
vertex 363.72555231608044 -201.02706665594494 5
vertex 361.72530035077176 -201.02706665594494 5
endloop
endfacet
facet normal 0 0 1
outer loop
vertex 363.5849119484529 -201.78380708748102 5
vertex 361.72530035077176 -201.02706665594494 5
vertex 361.5215616295959 -201.78380708748102 5
endloop
endfacet
facet normal 0 0 1
outer loop
vertex 363.72555231608044 -201.02706665594494 5
vertex 363.7946567000001 -200.24931899999982 5
vertex 363.79466080616965 -200.246455 5
endloop
endfacet
facet normal 0 0 1
outer loop
vertex 363.72555231608044 -201.02706665594494 5
vertex 363.79466080616965 -200.246455 5
vertex 361.79466165 -200.246455 5
endloop
endfacet
facet normal 0 0 1
outer loop
vertex 363.72555231608044 -201.02706665594494 5
vertex 361.79466165 -200.246455 5
vertex 361.72530035077176 -201.02706665594494 5
endloop
endfacet
facet normal 0 0 1
outer loop
vertex 223.29584660738269 -204.835304297313 5
vertex 237.8829482 -199.52602875000002 5
vertex 238.16108009696933 -199.39999041787524 5
endloop
endfacet
facet normal 0 0 1
outer loop
vertex 223.29584660738269 -204.835304297313 5
vertex 238.16108009696933 -199.39999041787524 5
vertex 238.41678306054501 -199.23308023935178 5
endloop
endfacet
facet normal 0 0 1
outer loop
vertex 223.29584660738269 -204.835304297313 5
vertex 238.41678306054501 -199.23308023935178 5
vertex 238.6440964620213 -199.02918901642687 5
endloop
endfacet
facet normal 0 0 1
outer loop
vertex 223.29584660738269 -204.835304297313 5
vertex 238.6440964620213 -199.02918901642687 5
vertex 238.8377214547699 -198.7930696071022 5
endloop
endfacet
facet normal 0 0 1
outer loop
vertex 223.29584660738269 -204.835304297313 5
vertex 238.8377214547699 -198.7930696071022 5
vertex 238.99314449434766 -198.53022613268354 5
endloop
endfacet
facet normal 0 0 1
outer loop
vertex 223.29584660738269 -204.835304297313 5
vertex 238.99314449434766 -198.53022613268354 5
vertex 239.10674255261998 -198.24678567256268 5
endloop
endfacet
facet normal 0 0 1
outer loop
vertex 223.29584660738269 -204.835304297313 5
vertex 239.10674255261998 -198.24678567256268 5
vertex 239.17586757327223 -197.94935543738768 5
endloop
endfacet
facet normal 0 0 1
outer loop
vertex 223.29584660738269 -204.835304297313 5
vertex 239.17586757327223 -197.94935543738768 5
vertex 239.19877164211516 -197.64664850000003 5
endloop
endfacet
facet normal 0 0 1
outer loop
vertex 223.29584660738269 -204.835304297313 5
vertex 239.19877164211516 -197.64664850000003 5
vertex 237.19890719999998 -197.64664850000003 5
endloop
endfacet
facet normal 0 0 1
outer loop
vertex 223.29584660738269 -204.835304297313 5
vertex 237.19890719999998 -197.64664850000003 5
vertex 222.1419556499998 -203.1269341500001 5
endloop
endfacet
facet normal 0 0 1
outer loop
vertex 223.29584660738269 -204.835304297313 5
vertex 222.1419556499998 -203.1269341500001 5
vertex 221.9049883281012 -203.2374358229408 5
endloop
endfacet
facet normal 0 0 1
outer loop
vertex 223.29584660738269 -204.835304297313 5
vertex 221.9049883281012 -203.2374358229408 5
vertex 221.69080929832154 -203.3874074021574 5
endloop
endfacet
facet normal 0 0 1
outer loop
vertex 223.29584660738269 -204.835304297313 5
vertex 221.69080929832154 -203.3874074021574 5
vertex 221.50592618880486 -203.57229214243222 5
endloop
endfacet
facet normal 0 0 1
outer loop
vertex 223.29584660738269 -204.835304297313 5
vertex 221.50592618880486 -203.57229214243222 5
vertex 221.35595649874787 -203.78647249501958 5
endloop
endfacet
facet normal 0 0 1
outer loop
vertex 223.29584660738269 -204.835304297313 5
vertex 221.35595649874787 -203.78647249501958 5
vertex 221.24545691596794 -204.0234407915833 5
endloop
endfacet
facet normal 0 0 1
outer loop
vertex 223.29584660738269 -204.835304297313 5
vertex 221.24545691596794 -204.0234407915833 5
vertex 221.177784866241 -204.27599697356248 5
endloop
endfacet
facet normal 0 0 1
outer loop
vertex 223.29584660738269 -204.835304297313 5
vertex 221.177784866241 -204.27599697356248 5
vertex 221.15499650107648 -204.53646735918016 5
endloop
endfacet
facet normal 0 0 1
outer loop
vertex 223.29584660738269 -204.835304297313 5
vertex 221.15499650107648 -204.53646735918016 5
vertex 221.1777842234923 -204.79693780103042 5
endloop
endfacet
facet normal 0 0 1
outer loop
vertex 223.29584660738269 -204.835304297313 5
vertex 221.1777842234923 -204.79693780103042 5
vertex 221.18806353735917 -204.835304297313 5
endloop
endfacet
facet normal 0 0 1
outer loop
vertex 239.19877164211516 -197.64664850000003 5
vertex 239.19890640000003 -197.6448674999999 5
vertex 239.1218105 -111.07 5
endloop
endfacet
facet normal 0 0 1
outer loop
vertex 239.19877164211516 -197.64664850000003 5
vertex 239.1218105 -111.07 5
vertex 237.1218097 -111.07 5
endloop
endfacet
facet normal 0 0 1
outer loop
vertex 239.19877164211516 -197.64664850000003 5
vertex 237.1218097 -111.07 5
vertex 237.19890719999998 -197.64664850000003 5
endloop
endfacet
facet normal 0 0 1
outer loop
vertex 363.79466080616965 -200.246455 5
vertex 363.93032320000003 -105.62369500000003 5
vertex 363.93014951044313 -105.62145159999984 5
endloop
endfacet
facet normal 0 0 1
outer loop
vertex 363.79466080616965 -200.246455 5
vertex 363.93014951044313 -105.62145159999984 5
vertex 361.9303218 -105.62145159999984 5
endloop
endfacet
facet normal 0 0 1
outer loop
vertex 363.79466080616965 -200.246455 5
vertex 361.9303218 -105.62145159999984 5
vertex 361.79466165 -200.246455 5
endloop
endfacet
facet normal 0 0 1
outer loop
vertex 363.93014951044313 -105.62145159999984 5
vertex 363.87559235067886 -104.91678325718014 5
vertex 361.8758337980146 -104.91678325718014 5
endloop
endfacet
facet normal 0 0 1
outer loop
vertex 363.93014951044313 -105.62145159999984 5
vertex 361.8758337980146 -104.91678325718014 5
vertex 361.9303218 -105.62145159999984 5
endloop
endfacet
facet normal 0 0 1
outer loop
vertex 363.87559235067886 -104.91678325718014 5
vertex 363.8515233697127 -104.6059047399678 5
vertex 363.7615697722936 -104.22933442072024 5
endloop
endfacet
facet normal 0 0 1
outer loop
vertex 363.87559235067886 -104.91678325718014 5
vertex 363.7615697722936 -104.22933442072024 5
vertex 361.71167875230174 -104.22933442072024 5
endloop
endfacet
facet normal 0 0 1
outer loop
vertex 363.87559235067886 -104.91678325718014 5
vertex 361.71167875230174 -104.22933442072024 5
vertex 361.8758337980146 -104.91678325718014 5
endloop
endfacet
facet normal 0 0 1
outer loop
vertex 363.7615697722936 -104.22933442072024 5
vertex 363.61434323418706 -103.6130039342567 5
vertex 363.59908706421487 -103.57606747479862 5
endloop
endfacet
facet normal 0 0 1
outer loop
vertex 363.7615697722936 -104.22933442072024 5
vertex 363.59908706421487 -103.57606747479862 5
vertex 361.441910186399 -103.57606747479862 5
endloop
endfacet
facet normal 0 0 1
outer loop
vertex 363.7615697722936 -104.22933442072024 5
vertex 361.441910186399 -103.57606747479862 5
vertex 361.71167875230174 -104.22933442072024 5
endloop
endfacet
facet normal 0 0 1
outer loop
vertex 239.3904923 -104.0699999999994 5
vertex 239.6743333867491 -103.44572685759084 5
vertex 237.51231628501483 -103.44572685759084 5
endloop
endfacet
facet normal 0 0 1
outer loop
vertex 239.3904923 -104.0699999999994 5
vertex 237.51231628501483 -103.44572685759084 5
vertex 237.3032412 -104.0699999999994 5
endloop
endfacet
facet normal 0 0 1
outer loop
vertex 363.59908706421487 -103.57606747479862 5
vertex 363.3500373674885 -102.9730973949582 5
vertex 361.0731828283144 -102.9730973949582 5
endloop
endfacet
facet normal 0 0 1
outer loop
vertex 363.59908706421487 -103.57606747479862 5
vertex 361.0731828283144 -102.9730973949582 5
vertex 361.441910186399 -103.57606747479862 5
endloop
endfacet
facet normal 0 0 1
outer loop
vertex 239.6743333867491 -103.44572685759084 5
vertex 240.0497372461703 -102.871832563151 5
vertex 237.738954369556 -102.871832563151 5
endloop
endfacet
facet normal 0 0 1
outer loop
vertex 239.6743333867491 -103.44572685759084 5
vertex 237.738954369556 -102.871832563151 5
vertex 237.64623051036415 -103.04587503274958 5
endloop
endfacet
facet normal 0 0 1
outer loop
vertex 239.6743333867491 -103.44572685759084 5
vertex 237.64623051036415 -103.04587503274958 5
vertex 237.51231628501483 -103.44572685759084 5
endloop
endfacet
facet normal 0 0 1
outer loop
vertex 363.3500373674885 -102.9730973949582 5
vertex 363.2246328985951 -102.66948272039767 5
vertex 363.0814045741399 -102.43529841928833 5
endloop
endfacet
facet normal 0 0 1
outer loop
vertex 363.3500373674885 -102.9730973949582 5
vertex 363.0814045741399 -102.43529841928833 5
vertex 360.61459254979576 -102.43529841928833 5
endloop
endfacet
facet normal 0 0 1
outer loop
vertex 363.3500373674885 -102.9730973949582 5
vertex 360.61459254979576 -102.43529841928833 5
vertex 361.0731828283144 -102.9730973949582 5
endloop
endfacet
facet normal 0 0 1
outer loop
vertex 240.0497372461703 -102.871832563151 5
vertex 240.50798555986077 -102.36164514478396 5
vertex 238.0107647297011 -102.36164514478396 5
endloop
endfacet
facet normal 0 0 1
outer loop
vertex 240.0497372461703 -102.871832563151 5
vertex 238.0107647297011 -102.36164514478396 5
vertex 237.738954369556 -102.871832563151 5
endloop
endfacet
facet normal 0 0 1
outer loop
vertex 363.0814045741399 -102.43529841928833 5
vertex 362.80045684204305 -101.97593712647365 5
vertex 360.07745198677134 -101.97593712647365 5
endloop
endfacet
facet normal 0 0 1
outer loop
vertex 363.0814045741399 -102.43529841928833 5
vertex 360.07745198677134 -101.97593712647365 5
vertex 360.61459254979576 -102.43529841928833 5
endloop
endfacet
facet normal 0 0 1
outer loop
vertex 240.50798555986077 -102.36164514478396 5
vertex 241.03843604323328 -101.9270131124284 5
vertex 238.2815412180262 -101.9270131124284 5
endloop
endfacet
facet normal 0 0 1
outer loop
vertex 240.50798555986077 -102.36164514478396 5
vertex 238.2815412180262 -101.9270131124284 5
vertex 238.15405989533798 -102.09268044976002 5
endloop
endfacet
facet normal 0 0 1
outer loop
vertex 240.50798555986077 -102.36164514478396 5
vertex 238.15405989533798 -102.09268044976002 5
vertex 238.0107647297011 -102.36164514478396 5
endloop
endfacet
facet normal 0 0 1
outer loop
vertex 362.80045684204305 -101.97593712647365 5
vertex 362.6920046622321 -101.7986132763941 5
vertex 362.5280366853176 -101.60634517204187 5
endloop
endfacet
facet normal 0 0 1
outer loop
vertex 362.80045684204305 -101.97593712647365 5
vertex 362.5280366853176 -101.60634517204187 5
vertex 359.47501147601326 -101.60634517204187 5
endloop
endfacet
facet normal 0 0 1
outer loop
vertex 362.80045684204305 -101.97593712647365 5
vertex 359.47501147601326 -101.60634517204187 5
vertex 360.07745198677134 -101.97593712647365 5
endloop
endfacet
facet normal 0 0 1
outer loop
vertex 241.03843604323328 -101.9270131124284 5
vertex 241.62876960021205 -101.57803028997925 5
vertex 238.55008414578654 -101.57803028997925 5
endloop
endfacet
facet normal 0 0 1
outer loop
vertex 241.03843604323328 -101.9270131124284 5
vertex 238.55008414578654 -101.57803028997925 5
vertex 238.2815412180262 -101.9270131124284 5
endloop
endfacet
facet normal 0 0 1
outer loop
vertex 362.5280366853176 -101.60634517204187 5
vertex 362.2971766600308 -101.33563975585112 5
vertex 358.82213219205016 -101.33563975585112 5
endloop
endfacet
facet normal 0 0 1
outer loop
vertex 362.5280366853176 -101.60634517204187 5
vertex 358.82213219205016 -101.33563975585112 5
vertex 359.47501147601326 -101.60634517204187 5
endloop
endfacet
facet normal 0 0 1
outer loop
vertex 241.62876960021205 -101.57803028997925 5
vertex 242.26527641992251 -101.32280139795887 5
vertex 238.7464832505653 -101.32280139795887 5
endloop
endfacet
facet normal 0 0 1
outer loop
vertex 241.62876960021205 -101.57803028997925 5
vertex 238.7464832505653 -101.32280139795887 5
vertex 238.55008414578654 -101.57803028997925 5
endloop
endfacet
facet normal 0 0 1
outer loop
vertex 362.2971766600308 -101.33563975585112 5
vertex 362.1563428892104 -101.17049871639975 5
vertex 358.1349195474695 -101.17049871639975 5
endloop
endfacet
facet normal 0 0 1
outer loop
vertex 362.2971766600308 -101.33563975585112 5
vertex 358.1349195474695 -101.17049871639975 5
vertex 358.82213219205016 -101.33563975585112 5
endloop
endfacet
facet normal 0 0 1
outer loop
vertex 242.26527641992251 -101.32280139795887 5
vertex 242.93317437111781 -101.16725383080043 5
vertex 238.88750642770637 -101.16725383080043 5
endloop
endfacet
facet normal 0 0 1
outer loop
vertex 242.26527641992251 -101.32280139795887 5
vertex 238.88750642770637 -101.16725383080043 5
vertex 238.81271320945336 -101.23673278250058 5
endloop
endfacet
facet normal 0 0 1
outer loop
vertex 242.26527641992251 -101.32280139795887 5
vertex 238.81271320945336 -101.23673278250058 5
vertex 238.7464832505653 -101.32280139795887 5
endloop
endfacet
facet normal 0 0 1
outer loop
vertex 242.93317437111781 -101.16725383080043 5
vertex 243.61695459999993 -101.115 5
vertex 238.94375701980627 -101.115 5
endloop
endfacet
facet normal 0 0 1
outer loop
vertex 242.93317437111781 -101.16725383080043 5
vertex 238.94375701980627 -101.115 5
vertex 238.88750642770637 -101.16725383080043 5
endloop
endfacet
facet normal 0 0 1
outer loop
vertex 362.1563428892104 -101.17049871639975 5
vertex 362.109009500526 -101.11499580000002 5
vertex 357.4303258884166 -101.11499580000002 5
endloop
endfacet
facet normal 0 0 1
outer loop
vertex 362.1563428892104 -101.17049871639975 5
vertex 357.4303258884166 -101.11499580000002 5
vertex 358.1349195474695 -101.17049871639975 5
endloop
endfacet
facet normal 0 0 1
outer loop
vertex 243.61695459999993 -101.115 5
vertex 342.3 -101.115 5
vertex 342.3 -99.115 5
endloop
endfacet
facet normal 0 0 1
outer loop
vertex 243.61695459999993 -101.115 5
vertex 342.3 -99.115 5
vertex 243.61694560000004 -99.115 5
endloop
endfacet
facet normal 0 0 1
outer loop
vertex 243.61695459999993 -101.115 5
vertex 243.61694560000004 -99.115 5
vertex 242.54064685034763 -99.20473070143537 5
endloop
endfacet
facet normal 0 0 1
outer loop
vertex 243.61695459999993 -101.115 5
vertex 242.54064685034763 -99.20473070143537 5
vertex 241.4940637527856 -99.47144106340146 5
endloop
endfacet
facet normal 0 0 1
outer loop
vertex 243.61695459999993 -101.115 5
vertex 241.4940637527856 -99.47144106340146 5
vertex 240.5060911809445 -99.90776754044936 5
endloop
endfacet
facet normal 0 0 1
outer loop
vertex 243.61695459999993 -101.115 5
vertex 240.5060911809445 -99.90776754044936 5
vertex 239.60400584384197 -100.50166369456015 5
endloop
endfacet
facet normal 0 0 1
outer loop
vertex 243.61695459999993 -101.115 5
vertex 239.60400584384197 -100.50166369456015 5
vertex 238.94375701980627 -101.115 5
endloop
endfacet
facet normal 0 0 1
outer loop
vertex 357.4303258884166 -101.11499580000002 5
vertex 362.109009500526 -101.11499580000002 5
vertex 362.029595928842 -101.02187580684742 5
endloop
endfacet
facet normal 0 0 1
outer loop
vertex 357.4303258884166 -101.11499580000002 5
vertex 362.029595928842 -101.02187580684742 5
vertex 361.2537451693861 -100.35842872853473 5
endloop
endfacet
facet normal 0 0 1
outer loop
vertex 357.4303258884166 -101.11499580000002 5
vertex 361.2537451693861 -100.35842872853473 5
vertex 360.38358892972457 -99.82463612344577 5
endloop
endfacet
facet normal 0 0 1
outer loop
vertex 357.4303258884166 -101.11499580000002 5
vertex 360.38358892972457 -99.82463612344577 5
vertex 359.44058982310105 -99.43366411475878 5
endloop
endfacet
facet normal 0 0 1
outer loop
vertex 357.4303258884166 -101.11499580000002 5
vertex 359.44058982310105 -99.43366411475878 5
vertex 358.44800714961843 -99.1951561212405 5
endloop
endfacet
facet normal 0 0 1
outer loop
vertex 357.4303258884166 -101.11499580000002 5
vertex 358.44800714961843 -99.1951561212405 5
vertex 357.4303263999999 -99.115 5
endloop
endfacet
facet normal 0 0 1
outer loop
vertex 357.4303258884166 -101.11499580000002 5
vertex 357.4303263999999 -99.115 5
vertex 354.3 -99.115 5
endloop
endfacet
facet normal 0 0 1
outer loop
vertex 357.4303258884166 -101.11499580000002 5
vertex 354.3 -99.115 5
vertex 354.3 -101.11499580000002 5
endloop
endfacet
facet normal -0.043605241763543766 0.9990488390918348 0
outer loop
vertex 293.2929200340913 -204.7476104565509 5
vertex 293.4672332500009 -204.74000225 5
vertex 293.46723310855606 -204.74000225616888 2
endloop
endfacet
facet normal -0.043605241763543766 0.9990488390918348 0
outer loop
vertex 293.2929200340913 -204.7476104565509 5
vertex 293.46723310855606 -204.74000225616888 2
vertex 293.2929200342108 -204.74761045654103 2
endloop
endfacet
facet normal -0.13052804655114847 0.991444617244726 0
outer loop
vertex 293.1199365000001 -204.77038450000006 5
vertex 293.2929200340913 -204.7476104565509 5
vertex 293.2929200342108 -204.74761045654103 2
endloop
endfacet
facet normal -0.13052804655114847 0.991444617244726 0
outer loop
vertex 293.1199365000001 -204.77038450000006 5
vertex 293.2929200342108 -204.74761045654103 2
vertex 293.11993649974886 -204.77038450003886 2
endloop
endfacet
facet normal 0 0 1
outer loop
vertex 274.6023266499993 -208.0355414499996 5
vertex 281.9496955553157 -206.74000099743935 5
vertex 293.1199365000001 -204.77038450000006 5
endloop
endfacet
facet normal 0 0 1
outer loop
vertex 274.6023266499993 -208.0355414499996 5
vertex 293.1199365000001 -204.77038450000006 5
vertex 293.11993649974886 -204.77038450003886 2
endloop
endfacet
facet normal 0 0 1
outer loop
vertex 274.6023266499993 -208.0355414499996 5
vertex 293.11993649974886 -204.77038450003886 2
vertex 274.60232665033874 -208.03554144993552 2
endloop
endfacet
facet normal -0.1950715948548808 0.9807890052813466 0
outer loop
vertex 274.5167446929091 -208.05256306093878 5
vertex 274.6023266499993 -208.0355414499996 5
vertex 274.60232665033874 -208.03554144993552 2
endloop
endfacet
facet normal -0.1950715948548808 0.9807890052813466 0
outer loop
vertex 274.5167446929091 -208.05256306093878 5
vertex 274.60232665033874 -208.03554144993552 2
vertex 274.5167446928101 -208.05256306096095 2
endloop
endfacet
facet normal -0.23767354645730035 0.9713450907449985 0
outer loop
vertex 274.4319833000003 -208.07330289999982 5
vertex 274.5167446929091 -208.05256306093878 5
vertex 274.5167446928101 -208.05256306096095 2
endloop
endfacet
facet normal -0.23767354645730035 0.9713450907449985 0
outer loop
vertex 274.4319833000003 -208.07330289999982 5
vertex 274.5167446928101 -208.05256306096095 2
vertex 274.4319833000378 -208.07330289998913 2
endloop
endfacet
facet normal 0 0 1
outer loop
vertex 247.00546824999822 -215.42221910000018 5
vertex 267.22221937383574 -210.0051546 5
vertex 274.4319833000003 -208.07330289999982 5
endloop
endfacet
facet normal 0 0 1
outer loop
vertex 247.00546824999822 -215.42221910000018 5
vertex 274.4319833000003 -208.07330289999982 5
vertex 274.4319833000378 -208.07330289998913 2
endloop
endfacet
facet normal 0 0 1
outer loop
vertex 247.00546824999822 -215.42221910000018 5
vertex 274.4319833000378 -208.07330289998913 2
vertex 274.1542521447689 -208.14772079385554 2
endloop
endfacet
facet normal 0 0 1
outer loop
vertex 247.00546824999822 -215.42221910000018 5
vertex 274.1542521447689 -208.14772079385554 2
vertex 260.1263400281394 -211.90649130000182 2
endloop
endfacet
facet normal 0 0 1
outer loop
vertex 247.00546824999822 -215.42221910000018 5
vertex 260.1263400281394 -211.90649130000182 2
vertex 259.3192473180735 -212.12275130000032 2
endloop
endfacet
facet normal 0 0 1
outer loop
vertex 247.00546824999822 -215.42221910000018 5
vertex 259.3192473180735 -212.12275130000032 2
vertex 259.2439515485491 -212.14292675557581 2
endloop
endfacet
facet normal 0 0 1
outer loop
vertex 247.00546824999822 -215.42221910000018 5
vertex 259.2439515485491 -212.14292675557581 2
vertex 259.0209578141121 -212.20267779087519 2
endloop
endfacet
facet normal 0 0 1
outer loop
vertex 247.00546824999822 -215.42221910000018 5
vertex 259.0209578141121 -212.20267779087519 2
vertex 258.65883563912445 -212.29970820706603 2
endloop
endfacet
facet normal 0 0 1
outer loop
vertex 247.00546824999822 -215.42221910000018 5
vertex 258.65883563912445 -212.29970820706603 2
vertex 258.1715011753265 -212.43028917976693 2
endloop
endfacet
facet normal 0 0 1
outer loop
vertex 247.00546824999822 -215.42221910000018 5
vertex 258.1715011753265 -212.43028917976693 2
vertex 257.57768241319377 -212.5894025553387 2
endloop
endfacet
facet normal 0 0 1
outer loop
vertex 247.00546824999822 -215.42221910000018 5
vertex 257.57768241319377 -212.5894025553387 2
vertex 256.90019947473127 -212.77093369599157 2
endloop
endfacet
facet normal 0 0 1
outer loop
vertex 247.00546824999822 -215.42221910000018 5
vertex 256.90019947473127 -212.77093369599157 2
vertex 256.1650876489939 -212.96790646188347 2
endloop
endfacet
facet normal 0 0 1
outer loop
vertex 247.00546824999822 -215.42221910000018 5
vertex 256.1650876489939 -212.96790646188347 2
vertex 255.40059687148454 -213.17275130000564 2
endloop
endfacet
facet normal 0 0 1
outer loop
vertex 247.00546824999822 -215.42221910000018 5
vertex 255.40059687148454 -213.17275130000564 2
vertex 254.63610609402622 -213.37759613811414 2
endloop
endfacet
facet normal 0 0 1
outer loop
vertex 247.00546824999822 -215.42221910000018 5
vertex 254.63610609402622 -213.37759613811414 2
vertex 253.90099426826262 -213.57456890401306 2
endloop
endfacet
facet normal 0 0 1
outer loop
vertex 247.00546824999822 -215.42221910000018 5
vertex 253.90099426826262 -213.57456890401306 2
vertex 253.22351132988902 -213.75610004464212 2
endloop
endfacet
facet normal 0 0 1
outer loop
vertex 247.00546824999822 -215.42221910000018 5
vertex 253.22351132988902 -213.75610004464212 2
vertex 252.62969256759482 -213.91521342025715 2
endloop
endfacet
facet normal 0 0 1
outer loop
vertex 247.00546824999822 -215.42221910000018 5
vertex 252.62969256759482 -213.91521342025715 2
vertex 252.14235810396843 -214.0457943929121 2
endloop
endfacet
facet normal 0 0 1
outer loop
vertex 247.00546824999822 -215.42221910000018 5
vertex 252.14235810396843 -214.0457943929121 2
vertex 251.7802359288454 -214.1428248091392 2
endloop
endfacet
facet normal 0 0 1
outer loop
vertex 247.00546824999822 -215.42221910000018 5
vertex 251.7802359288454 -214.1428248091392 2
vertex 251.55724219446452 -214.20257584442354 2
endloop
endfacet
facet normal 0 0 1
outer loop
vertex 247.00546824999822 -215.42221910000018 5
vertex 251.55724219446452 -214.20257584442354 2
vertex 251.48194642493533 -214.2227513000003 2
endloop
endfacet
facet normal 0 0 1
outer loop
vertex 247.00546824999822 -215.42221910000018 5
vertex 251.48194642493533 -214.2227513000003 2
vertex 247.00546824989436 -215.42222090002758 2
endloop
endfacet
facet normal -0.27979948725584375 0.9600584601634252 0
outer loop
vertex 246.9216959225716 -215.44663551143597 5
vertex 247.00546824999822 -215.42221910000018 5
vertex 247.00546824989436 -215.42222090002758 2
endloop
endfacet
facet normal -0.27979948725584375 0.9600584601634252 0
outer loop
vertex 246.9216959225716 -215.44663551143597 5
vertex 247.00546824989436 -215.42222090002758 2
vertex 246.92169592268957 -215.44663551139837 2
endloop
endfacet
facet normal -0.3214125335200023 0.9469392711764855 0
outer loop
vertex 246.83906650000029 -215.4746817999999 5
vertex 246.9216959225716 -215.44663551143597 5
vertex 246.92169592268957 -215.44663551139837 2
endloop
endfacet
facet normal -0.3214125335200023 0.9469392711764855 0
outer loop
vertex 246.83906650000029 -215.4746817999999 5
vertex 246.92169592268957 -215.44663551139837 2
vertex 246.83906650007364 -215.47468179997745 2
endloop
endfacet
facet normal 0 0 -1
outer loop
vertex 229.46931020000002 -221.79675609999998 5
vertex 241.67549812532468 -217.35406700000004 5
vertex 246.83906650000029 -215.4746817999999 5
endloop
endfacet
facet normal 0 0 -1
outer loop
vertex 229.46931020000002 -221.79675609999998 5
vertex 246.83906650000029 -215.4746817999999 5
vertex 246.83906650007364 -215.47468179997745 2
endloop
endfacet
facet normal 0 0 -1
outer loop
vertex 229.46931020000002 -221.79675609999998 5
vertex 246.83906650007364 -215.47468179997745 2
vertex 229.4693101999988 -221.7967561203958 2
endloop
endfacet
facet normal 0.9396926206701997 0.3420201436435757 -1.0967638641385376e-12
outer loop
vertex 223.29584660738269 -204.835304297313 5
vertex 224.50146761688518 -208.14772079385443 5
vertex 224.50146761688208 -208.14772079385554 2
endloop
endfacet
facet normal 0.9396926206701997 0.3420201436435757 -1.0967638641385376e-12
outer loop
vertex 223.29584660738269 -204.835304297313 5
vertex 224.50146761688208 -208.14772079385554 2
vertex 224.47438171858943 -208.07330289998913 2
endloop
endfacet
facet normal 0.9396926206701997 0.3420201436435757 -1.0967638641385376e-12
outer loop
vertex 223.29584660738269 -204.835304297313 5
vertex 224.47438171858943 -208.07330289998913 2
vertex 224.46683303451175 -208.05256306096095 2
endloop
endfacet
facet normal 0.9396926206701997 0.3420201436435757 -1.0967638641385376e-12
outer loop
vertex 223.29584660738269 -204.835304297313 5
vertex 224.46683303451175 -208.05256306096095 2
vertex 224.46063767475272 -208.03554144993552 2
endloop
endfacet
facet normal 0.9396926206701997 0.3420201436435757 -1.0967638641385376e-12
outer loop
vertex 223.29584660738269 -204.835304297313 5
vertex 224.46063767475272 -208.03554144993552 2
vertex 223.29584660737984 -204.83530429731474 2
endloop
endfacet
facet normal 0 0 1
outer loop
vertex 225.86954820000003 -211.90649130000008 5
vertex 225.99403333605179 -212.2485114 5
vertex 229.46931020000002 -221.79675609999998 5
endloop
endfacet
facet normal 0 0 1
outer loop
vertex 225.86954820000003 -211.90649130000008 5
vertex 229.46931020000002 -221.79675609999998 5
vertex 229.4693101999988 -221.7967561203958 2
endloop
endfacet
facet normal 0 0 1
outer loop
vertex 225.86954820000003 -211.90649130000008 5
vertex 229.4693101999988 -221.7967561203958 2
vertex 227.16826333354763 -215.47468179997745 2
endloop
endfacet
facet normal 0 0 1
outer loop
vertex 225.86954820000003 -211.90649130000008 5
vertex 227.16826333354763 -215.47468179997745 2
vertex 227.15805531931244 -215.44663551139837 2
endloop
endfacet
facet normal 0 0 1
outer loop
vertex 225.86954820000003 -211.90649130000008 5
vertex 227.15805531931244 -215.44663551139837 2
vertex 227.14916912748293 -215.42222090002758 2
endloop
endfacet
facet normal 0 0 1
outer loop
vertex 225.86954820000003 -211.90649130000008 5
vertex 227.14916912748293 -215.42222090002758 2
vertex 226.71259789570598 -214.2227513000003 2
endloop
endfacet
facet normal 0 0 1
outer loop
vertex 225.86954820000003 -211.90649130000008 5
vertex 226.71259789570598 -214.2227513000003 2
vertex 226.70525463040553 -214.20257584442354 2
endloop
endfacet
facet normal 0 0 1
outer loop
vertex 225.86954820000003 -211.90649130000008 5
vertex 226.70525463040553 -214.20257584442354 2
vertex 226.68350703207255 -214.1428248091392 2
endloop
endfacet
facet normal 0 0 1
outer loop
vertex 225.86954820000003 -211.90649130000008 5
vertex 226.68350703207255 -214.1428248091392 2
vertex 226.64819084871021 -214.0457943929121 2
endloop
endfacet
facet normal 0 0 1
outer loop
vertex 225.86954820000003 -211.90649130000008 5
vertex 226.64819084871021 -214.0457943929121 2
vertex 226.6006632614522 -213.91521342025715 2
endloop
endfacet
facet normal 0 0 1
outer loop
vertex 225.86954820000003 -211.90649130000008 5
vertex 226.6006632614522 -213.91521342025715 2
vertex 226.54275072879375 -213.75610004464212 2
endloop
endfacet
facet normal 0 0 1
outer loop
vertex 225.86954820000003 -211.90649130000008 5
vertex 226.54275072879375 -213.75610004464212 2
vertex 226.47667879694276 -213.57456890401306 2
endloop
endfacet
facet normal 0 0 1
outer loop
vertex 225.86954820000003 -211.90649130000008 5
vertex 226.47667879694276 -213.57456890401306 2
vertex 226.40498657311898 -213.37759613811414 2
endloop
endfacet
facet normal 0 0 1
outer loop
vertex 225.86954820000003 -211.90649130000008 5
vertex 226.40498657311898 -213.37759613811414 2
vertex 226.33042914932585 -213.17275130000564 2
endloop
endfacet
facet normal 0 0 1
outer loop
vertex 225.86954820000003 -211.90649130000008 5
vertex 226.33042914932585 -213.17275130000564 2
vertex 226.25587172552778 -212.96790646188347 2
endloop
endfacet
facet normal 0 0 1
outer loop
vertex 225.86954820000003 -211.90649130000008 5
vertex 226.25587172552778 -212.96790646188347 2
vertex 226.18417950170652 -212.77093369599157 2
endloop
endfacet
facet normal 0 0 1
outer loop
vertex 225.86954820000003 -211.90649130000008 5
vertex 226.18417950170652 -212.77093369599157 2
vertex 226.1181075698469 -212.5894025553387 2
endloop
endfacet
facet normal 0 0 1
outer loop
vertex 225.86954820000003 -211.90649130000008 5
vertex 226.1181075698469 -212.5894025553387 2
vertex 226.06019503720415 -212.43028917976693 2
endloop
endfacet
facet normal 0 0 1
outer loop
vertex 225.86954820000003 -211.90649130000008 5
vertex 226.06019503720415 -212.43028917976693 2
vertex 226.01266744992944 -212.29970820706603 2
endloop
endfacet
facet normal 0 0 1
outer loop
vertex 225.86954820000003 -211.90649130000008 5
vertex 226.01266744992944 -212.29970820706603 2
vertex 225.9773512665803 -212.20267779087519 2
endloop
endfacet
facet normal 0 0 1
outer loop
vertex 225.86954820000003 -211.90649130000008 5
vertex 225.9773512665803 -212.20267779087519 2
vertex 225.95560366824185 -212.14292675557581 2
endloop
endfacet
facet normal 0 0 1
outer loop
vertex 225.86954820000003 -211.90649130000008 5
vertex 225.95560366824185 -212.14292675557581 2
vertex 225.94826040294186 -212.12275130000032 2
endloop
endfacet
facet normal 0 0 1
outer loop
vertex 225.86954820000003 -211.90649130000008 5
vertex 225.94826040294186 -212.12275130000032 2
vertex 225.8695481999971 -211.90649130000182 2
endloop
endfacet
facet normal -0.34202011174852504 0.9396926322790482 0
outer loop
vertex 224.9298556 -212.2485114 5
vertex 225.86954820000003 -211.90649130000008 5
vertex 225.8695481999971 -211.90649130000182 2
endloop
endfacet
facet normal -0.34202011174852504 0.9396926322790482 0
outer loop
vertex 224.9298556 -212.2485114 5
vertex 225.8695481999971 -211.90649130000182 2
vertex 224.92985560000275 -212.24851139999967 2
endloop
endfacet
facet normal 0.9396926191337776 0.3420201478648609 9.024632836498119e-13
outer loop
vertex 223.561775 -208.48974089999996 5
vertex 224.9298556 -212.2485114 5
vertex 224.92985560000275 -212.24851139999967 2
endloop
endfacet
facet normal 0.9396926191337776 0.3420201478648609 9.024632836498119e-13
outer loop
vertex 223.561775 -208.48974089999996 5
vertex 224.92985560000275 -212.24851139999967 2
vertex 224.80537046221178 -211.90649130000182 2
endloop
endfacet
facet normal 0.9396926191337776 0.3420201478648609 9.024632836498119e-13
outer loop
vertex 223.561775 -208.48974089999996 5
vertex 224.80537046221178 -211.90649130000182 2
vertex 223.56177500000254 -208.48974089999908 2
endloop
endfacet
facet normal 0.3420201117484954 -0.9396926322790592 0
outer loop
vertex 224.50146761688518 -208.14772079385443 5
vertex 223.561775 -208.48974089999996 5
vertex 223.56177500000254 -208.48974089999908 2
endloop
endfacet
facet normal 0.3420201117484954 -0.9396926322790592 0
outer loop
vertex 224.50146761688518 -208.14772079385443 5
vertex 223.56177500000254 -208.48974089999908 2
vertex 224.50146761688208 -208.14772079385554 2
endloop
endfacet
facet normal 0.34202041428486213 -0.939692522164783 2.19098877322197e-13
outer loop
vertex 237.8829482 -199.52602875000002 5
vertex 223.29584660738269 -204.835304297313 5
vertex 223.29584660737984 -204.83530429731474 2
endloop
endfacet
facet normal 0.34202041428486213 -0.939692522164783 2.19098877322197e-13
outer loop
vertex 237.8829482 -199.52602875000002 5
vertex 223.29584660737984 -204.83530429731474 2
vertex 223.47421212444453 -204.77038450003886 2
endloop
endfacet
facet normal 0.34202041428486213 -0.939692522164783 2.19098877322197e-13
outer loop
vertex 237.8829482 -199.52602875000002 5
vertex 223.47421212444453 -204.77038450003886 2
vertex 223.5367832385668 -204.74761045654103 2
endloop
endfacet
facet normal 0.34202041428486213 -0.939692522164783 2.19098877322197e-13
outer loop
vertex 237.8829482 -199.52602875000002 5
vertex 223.5367832385668 -204.74761045654103 2
vertex 223.55768657853787 -204.74000225616888 2
endloop
endfacet
facet normal 0.34202041428486213 -0.939692522164783 2.19098877322197e-13
outer loop
vertex 237.8829482 -199.52602875000002 5
vertex 223.55768657853787 -204.74000225616888 2
vertex 237.88294820001101 -199.52602874999673 2
endloop
endfacet
facet normal 0.4127570477886591 -0.9108411604120614 0
outer loop
vertex 238.16108009696933 -199.39999041787524 5
vertex 237.8829482 -199.52602875000002 5
vertex 237.88294820001101 -199.52602874999673 2
endloop
endfacet
facet normal 0.4127570477886591 -0.9108411604120614 0
outer loop
vertex 238.16108009696933 -199.39999041787524 5
vertex 237.88294820001101 -199.52602874999673 2
vertex 238.1610800969611 -199.39999041788064 2
endloop
endfacet
facet normal 0.5466063488144653 -0.8373896938915114 0
outer loop
vertex 238.41678306054501 -199.23308023935178 5
vertex 238.16108009696933 -199.39999041787524 5
vertex 238.1610800969611 -199.39999041788064 2
endloop
endfacet
facet normal 0.5466063488144653 -0.8373896938915114 0
outer loop
vertex 238.41678306054501 -199.23308023935178 5
vertex 238.1610800969611 -199.39999041788064 2
vertex 238.41678306054317 -199.233080239353 2
endloop
endfacet
facet normal 0.6677138440804173 -0.7444180427846655 0
outer loop
vertex 238.6440964620213 -199.02918901642687 5
vertex 238.41678306054501 -199.23308023935178 5
vertex 238.41678306054317 -199.233080239353 2
endloop
endfacet
facet normal 0.6677138440804173 -0.7444180427846655 0
outer loop
vertex 238.6440964620213 -199.02918901642687 5
vertex 238.41678306054317 -199.233080239353 2
vertex 238.6440964620233 -199.02918901642465 2
endloop
endfacet
facet normal 0.7732564266392163 -0.6340934463161957 0
outer loop
vertex 238.8377214547699 -198.7930696071022 5
vertex 238.6440964620213 -199.02918901642687 5
vertex 238.6440964620233 -199.02918901642465 2
endloop
endfacet
facet normal 0.7732564266392163 -0.6340934463161957 0
outer loop
vertex 238.8377214547699 -198.7930696071022 5
vertex 238.6440964620233 -199.02918901642465 2
vertex 238.8377214547765 -198.79306960709437 2
endloop
endfacet
facet normal 0.8607738193841892 -0.5089876539394205 0
outer loop
vertex 238.99314449434766 -198.53022613268354 5
vertex 238.8377214547699 -198.7930696071022 5
vertex 238.8377214547765 -198.79306960709437 2
endloop
endfacet
facet normal 0.8607738193841892 -0.5089876539394205 0
outer loop
vertex 238.99314449434766 -198.53022613268354 5
vertex 238.8377214547765 -198.79306960709437 2
vertex 238.99314449434186 -198.53022613269658 2
endloop
endfacet
facet normal 0.9282259259619705 -0.3720169759191673 0
outer loop
vertex 239.10674255261998 -198.24678567256268 5
vertex 238.99314449434766 -198.53022613268354 5
vertex 238.99314449434186 -198.53022613269658 2
endloop
endfacet
facet normal 0.9282259259619705 -0.3720169759191673 0
outer loop
vertex 239.10674255261998 -198.24678567256268 5
vertex 238.99314449434186 -198.53022613269658 2
vertex 239.1067425526322 -198.24678567253073 2
endloop
endfacet
facet normal 0.9740403869552585 -0.22637430194271227 0
outer loop
vertex 239.17586757327223 -197.94935543738768 5
vertex 239.10674255261998 -198.24678567256268 5
vertex 239.1067425526322 -198.24678567253073 2
endloop
endfacet
facet normal 0.9740403869552585 -0.22637430194271227 0
outer loop
vertex 239.17586757327223 -197.94935543738768 5
vertex 239.1067425526322 -198.24678567253073 2
vertex 239.1758675732672 -197.94935543742992 2
endloop
endfacet
facet normal 0 0 1
outer loop
vertex 239.19890640000003 -197.6448674999999 5
vertex 239.19877164211516 -197.64664850000003 5
vertex 239.17586757327223 -197.94935543738768 5
endloop
endfacet
facet normal 0 0 1
outer loop
vertex 239.19890640000003 -197.6448674999999 5
vertex 239.17586757327223 -197.94935543738768 5
vertex 239.1758675732672 -197.94935543742992 2
endloop
endfacet
facet normal 0 0 1
outer loop
vertex 239.19890640000003 -197.6448674999999 5
vertex 239.1758675732672 -197.94935543742992 2
vertex 239.1989063999971 -197.6448675000142 2
endloop
endfacet
facet normal 0.9999996034950255 0.0008905109722646674 -9.80052864080675e-13
outer loop
vertex 239.1218105 -111.07 5
vertex 239.19890640000003 -197.6448674999999 5
vertex 239.1989063999971 -197.6448675000142 2
endloop
endfacet
facet normal 0.9999996034950255 0.0008905109722646674 -9.80052864080675e-13
outer loop
vertex 239.1218105 -111.07 5
vertex 239.1989063999971 -197.6448675000142 2
vertex 239.18457373820883 -181.54999999999998 2
endloop
endfacet
facet normal 0.9999996034950255 0.0008905109722646674 -9.80052864080675e-13
outer loop
vertex 239.1218105 -111.07 5
vertex 239.18457373820883 -181.54999999999998 2
vertex 239.18455577173717 -181.52982454442252 2
endloop
endfacet
facet normal 0.9999996034950255 0.0008905109722646674 -9.80052864080675e-13
outer loop
vertex 239.1218105 -111.07 5
vertex 239.18455577173717 -181.52982454442252 2
vertex 239.18450256276353 -181.47007350913586 2
endloop
endfacet
facet normal 0.9999996034950255 0.0008905109722646674 -9.80052864080675e-13
outer loop
vertex 239.1218105 -111.07 5
vertex 239.18450256276353 -181.47007350913586 2
vertex 239.184416156079 -181.37304309293623 2
endloop
endfacet
facet normal 0.9999996034950255 0.0008905109722646674 -9.80052864080675e-13
outer loop
vertex 239.1218105 -111.07 5
vertex 239.184416156079 -181.37304309293623 2
vertex 239.18429987224394 -181.24246212022734 2
endloop
endfacet
facet normal 0.9999996034950255 0.0008905109722646674 -9.80052864080675e-13
outer loop
vertex 239.1218105 -111.07 5
vertex 239.18429987224394 -181.24246212022734 2
vertex 239.18415817998098 -181.08334874465086 2
endloop
endfacet
facet normal 0.9999996034950255 0.0008905109722646674 -9.80052864080675e-13
outer loop
vertex 239.1218105 -111.07 5
vertex 239.18415817998098 -181.08334874465086 2
vertex 239.18399652444432 -180.90181760400586 2
endloop
endfacet
facet normal 0.9999996034950255 0.0008905109722646674 -9.80052864080675e-13
outer loop
vertex 239.1218105 -111.07 5
vertex 239.18399652444432 -180.90181760400586 2
vertex 239.18382111796555 -180.70484483813468 2
endloop
endfacet
facet normal 0.9999996034950255 0.0008905109722646674 -9.80052864080675e-13
outer loop
vertex 239.1218105 -111.07 5
vertex 239.18382111796555 -180.70484483813468 2
vertex 239.18363870131728 -180.50000000004133 2
endloop
endfacet
facet normal 0.9999996034950255 0.0008905109722646674 -9.80052864080675e-13
outer loop
vertex 239.1218105 -111.07 5
vertex 239.18363870131728 -180.50000000004133 2
vertex 239.18345628466892 -180.29515516180734 2
endloop
endfacet
facet normal 0.9999996034950255 0.0008905109722646674 -9.80052864080675e-13
outer loop
vertex 239.1218105 -111.07 5
vertex 239.18345628466892 -180.29515516180734 2
vertex 239.18328087819023 -180.0981823960601 2
endloop
endfacet
facet normal 0.9999996034950255 0.0008905109722646674 -9.80052864080675e-13
outer loop
vertex 239.1218105 -111.07 5
vertex 239.18328087819023 -180.0981823960601 2
vertex 239.18311922265354 -179.91665125534803 2
endloop
endfacet
facet normal 0.9999996034950255 0.0008905109722646674 -9.80052864080675e-13
outer loop
vertex 239.1218105 -111.07 5
vertex 239.18311922265354 -179.91665125534803 2
vertex 239.18297753039053 -179.75753787971325 2
endloop
endfacet
facet normal 0.9999996034950255 0.0008905109722646674 -9.80052864080675e-13
outer loop
vertex 239.1218105 -111.07 5
vertex 239.18297753039053 -179.75753787971325 2
vertex 239.18286124655552 -179.62695690709012 2
endloop
endfacet
facet normal 0.9999996034950255 0.0008905109722646674 -9.80052864080675e-13
outer loop
vertex 239.1218105 -111.07 5
vertex 239.18286124655552 -179.62695690709012 2
vertex 239.18277483987097 -179.52992649086463 2
endloop
endfacet
facet normal 0.9999996034950255 0.0008905109722646674 -9.80052864080675e-13
outer loop
vertex 239.1218105 -111.07 5
vertex 239.18277483987097 -179.52992649086463 2
vertex 239.18272163089736 -179.47017545558492 2
endloop
endfacet
facet normal 0.9999996034950255 0.0008905109722646674 -9.80052864080675e-13
outer loop
vertex 239.1218105 -111.07 5
vertex 239.18272163089736 -179.47017545558492 2
vertex 239.18270366442567 -179.45000000000022 2
endloop
endfacet
facet normal 0.9999996034950255 0.0008905109722646674 -9.80052864080675e-13
outer loop
vertex 239.1218105 -111.07 5
vertex 239.18270366442567 -179.45000000000022 2
vertex 239.17439519376046 -170.12000000000006 2
endloop
endfacet
facet normal 0.9999996034950255 0.0008905109722646674 -9.80052864080675e-13
outer loop
vertex 239.1218105 -111.07 5
vertex 239.17439519376046 -170.12000000000006 2
vertex 239.17437722728877 -170.09982454442533 2
endloop
endfacet
facet normal 0.9999996034950255 0.0008905109722646674 -9.80052864080675e-13
outer loop
vertex 239.1218105 -111.07 5
vertex 239.17437722728877 -170.09982454442533 2
vertex 239.17432401831513 -170.040073509133 2
endloop
endfacet
facet normal 0.9999996034950255 0.0008905109722646674 -9.80052864080675e-13
outer loop
vertex 239.1218105 -111.07 5
vertex 239.17432401831513 -170.040073509133 2
vertex 239.17423761163062 -169.94304309291553 2
endloop
endfacet
facet normal 0.9999996034950255 0.0008905109722646674 -9.80052864080675e-13
outer loop
vertex 239.1218105 -111.07 5
vertex 239.17423761163062 -169.94304309291553 2
vertex 239.17412132779558 -169.8124621202374 2
endloop
endfacet
facet normal 0.9999996034950255 0.0008905109722646674 -9.80052864080675e-13
outer loop
vertex 239.1218105 -111.07 5
vertex 239.17412132779558 -169.8124621202374 2
vertex 239.17397963553262 -169.6533487446802 2
endloop
endfacet
facet normal 0.9999996034950255 0.0008905109722646674 -9.80052864080675e-13
outer loop
vertex 239.1218105 -111.07 5
vertex 239.17397963553262 -169.6533487446802 2
vertex 239.17381797999596 -169.4718176040124 2
endloop
endfacet
facet normal 0.9999996034950255 0.0008905109722646674 -9.80052864080675e-13
outer loop
vertex 239.1218105 -111.07 5
vertex 239.17381797999596 -169.4718176040124 2
vertex 239.17364257351713 -169.27484483809886 2
endloop
endfacet
facet normal 0.9999996034950255 0.0008905109722646674 -9.80052864080675e-13
outer loop
vertex 239.1218105 -111.07 5
vertex 239.17364257351713 -169.27484483809886 2
vertex 239.17346015686886 -169.0700000000022 2
endloop
endfacet
facet normal 0.9999996034950255 0.0008905109722646674 -9.80052864080675e-13
outer loop
vertex 239.1218105 -111.07 5
vertex 239.17346015686886 -169.0700000000022 2
vertex 239.1732777402206 -168.8651551618977 2
endloop
endfacet
facet normal 0.9999996034950255 0.0008905109722646674 -9.80052864080675e-13
outer loop
vertex 239.1218105 -111.07 5
vertex 239.1732777402206 -168.8651551618977 2
vertex 239.1731023337418 -168.66818239602256 2
endloop
endfacet
facet normal 0.9999996034950255 0.0008905109722646674 -9.80052864080675e-13
outer loop
vertex 239.1218105 -111.07 5
vertex 239.1731023337418 -168.66818239602256 2
vertex 239.1729406782051 -168.48665125530601 2
endloop
endfacet
facet normal 0.9999996034950255 0.0008905109722646674 -9.80052864080675e-13
outer loop
vertex 239.1218105 -111.07 5
vertex 239.1729406782051 -168.48665125530601 2
vertex 239.17279898594217 -168.327537879751 2
endloop
endfacet
facet normal 0.9999996034950255 0.0008905109722646674 -9.80052864080675e-13
outer loop
vertex 239.1218105 -111.07 5
vertex 239.17279898594217 -168.327537879751 2
vertex 239.17268270210712 -168.1969569070842 2
endloop
endfacet
facet normal 0.9999996034950255 0.0008905109722646674 -9.80052864080675e-13
outer loop
vertex 239.1218105 -111.07 5
vertex 239.17268270210712 -168.1969569070842 2
vertex 239.17259629542258 -168.09992649085655 2
endloop
endfacet
facet normal 0.9999996034950255 0.0008905109722646674 -9.80052864080675e-13
outer loop
vertex 239.1218105 -111.07 5
vertex 239.17259629542258 -168.09992649085655 2
vertex 239.17254308644897 -168.04017545557855 2
endloop
endfacet
facet normal 0.9999996034950255 0.0008905109722646674 -9.80052864080675e-13
outer loop
vertex 239.1218105 -111.07 5
vertex 239.17254308644897 -168.04017545557855 2
vertex 239.17252511997728 -168.0200000000003 2
endloop
endfacet
facet normal 0.9999996034950255 0.0008905109722646674 -9.80052864080675e-13
outer loop
vertex 239.1218105 -111.07 5
vertex 239.17252511997728 -168.0200000000003 2
vertex 239.15073430784673 -143.54999999999708 2
endloop
endfacet
facet normal 0.9999996034950255 0.0008905109722646674 -9.80052864080675e-13
outer loop
vertex 239.1218105 -111.07 5
vertex 239.15073430784673 -143.54999999999708 2
vertex 239.15071634137504 -143.52982454442193 2
endloop
endfacet
facet normal 0.9999996034950255 0.0008905109722646674 -9.80052864080675e-13
outer loop
vertex 239.1218105 -111.07 5
vertex 239.15071634137504 -143.52982454442193 2
vertex 239.1506631324014 -143.47007350913017 2
endloop
endfacet
facet normal 0.9999996034950255 0.0008905109722646674 -9.80052864080675e-13
outer loop
vertex 239.1218105 -111.07 5
vertex 239.1506631324014 -143.47007350913017 2
vertex 239.1505767257169 -143.3730430929287 2
endloop
endfacet
facet normal 0.9999996034950255 0.0008905109722646674 -9.80052864080675e-13
outer loop
vertex 239.1218105 -111.07 5
vertex 239.1505767257169 -143.3730430929287 2
vertex 239.15046044188185 -143.24246212024138 2
endloop
endfacet
facet normal 0.9999996034950255 0.0008905109722646674 -9.80052864080675e-13
outer loop
vertex 239.1218105 -111.07 5
vertex 239.15046044188185 -143.24246212024138 2
vertex 239.15031874961892 -143.0833487446979 2
endloop
endfacet
facet normal 0.9999996034950255 0.0008905109722646674 -9.80052864080675e-13
outer loop
vertex 239.1218105 -111.07 5
vertex 239.15031874961892 -143.0833487446979 2
vertex 239.1501570940822 -142.90181760399255 2
endloop
endfacet
facet normal 0.9999996034950255 0.0008905109722646674 -9.80052864080675e-13
outer loop
vertex 239.1218105 -111.07 5
vertex 239.1501570940822 -142.90181760399255 2
vertex 239.14998168760337 -142.7048448380755 2
endloop
endfacet
facet normal 0.9999996034950255 0.0008905109722646674 -9.80052864080675e-13
outer loop
vertex 239.1218105 -111.07 5
vertex 239.14998168760337 -142.7048448380755 2
vertex 239.14979927095519 -142.50000000004104 2
endloop
endfacet
facet normal 0.9999996034950255 0.0008905109722646674 -9.80052864080675e-13
outer loop
vertex 239.1218105 -111.07 5
vertex 239.14979927095519 -142.50000000004104 2
vertex 239.14961685430683 -142.29515516183594 2
endloop
endfacet
facet normal 0.9999996034950255 0.0008905109722646674 -9.80052864080675e-13
outer loop
vertex 239.1218105 -111.07 5
vertex 239.14961685430683 -142.29515516183594 2
vertex 239.14944144782805 -142.09818239597317 2
endloop
endfacet
facet normal 0.9999996034950255 0.0008905109722646674 -9.80052864080675e-13
outer loop
vertex 239.1218105 -111.07 5
vertex 239.14944144782805 -142.09818239597317 2
vertex 239.14927979229145 -141.91665125539157 2
endloop
endfacet
facet normal 0.9999996034950255 0.0008905109722646674 -9.80052864080675e-13
outer loop
vertex 239.1218105 -111.07 5
vertex 239.14927979229145 -141.91665125539157 2
vertex 239.1491381000284 -141.75753787970075 2
endloop
endfacet
facet normal 0.9999996034950255 0.0008905109722646674 -9.80052864080675e-13
outer loop
vertex 239.1218105 -111.07 5
vertex 239.1491381000284 -141.75753787970075 2
vertex 239.14902181619345 -141.62695690712653 2
endloop
endfacet
facet normal 0.9999996034950255 0.0008905109722646674 -9.80052864080675e-13
outer loop
vertex 239.1218105 -111.07 5
vertex 239.14902181619345 -141.62695690712653 2
vertex 239.14893540950885 -141.5299264908414 2
endloop
endfacet
facet normal 0.9999996034950255 0.0008905109722646674 -9.80052864080675e-13
outer loop
vertex 239.1218105 -111.07 5
vertex 239.14893540950885 -141.5299264908414 2
vertex 239.14888220053524 -141.47017545557495 2
endloop
endfacet
facet normal 0.9999996034950255 0.0008905109722646674 -9.80052864080675e-13
outer loop
vertex 239.1218105 -111.07 5
vertex 239.14888220053524 -141.47017545557495 2
vertex 239.14886423406355 -141.44999999999612 2
endloop
endfacet
facet normal 0.9999996034950255 0.0008905109722646674 -9.80052864080675e-13
outer loop
vertex 239.1218105 -111.07 5
vertex 239.14886423406355 -141.44999999999612 2
vertex 239.14055576339834 -132.12000000000023 2
endloop
endfacet
facet normal 0.9999996034950255 0.0008905109722646674 -9.80052864080675e-13
outer loop
vertex 239.1218105 -111.07 5
vertex 239.14055576339834 -132.12000000000023 2
vertex 239.14053779692665 -132.0998245444237 2
endloop
endfacet
facet normal 0.9999996034950255 0.0008905109722646674 -9.80052864080675e-13
outer loop
vertex 239.1218105 -111.07 5
vertex 239.14053779692665 -132.0998245444237 2
vertex 239.14048458795304 -132.0400735091323 2
endloop
endfacet
facet normal 0.9999996034950255 0.0008905109722646674 -9.80052864080675e-13
outer loop
vertex 239.1218105 -111.07 5
vertex 239.14048458795304 -132.0400735091323 2
vertex 239.1403981812685 -131.9430430929175 2
endloop
endfacet
facet normal 0.9999996034950255 0.0008905109722646674 -9.80052864080675e-13
outer loop
vertex 239.1218105 -111.07 5
vertex 239.1403981812685 -131.9430430929175 2
vertex 239.14028189743345 -131.81246212025417 2
endloop
endfacet
facet normal 0.9999996034950255 0.0008905109722646674 -9.80052864080675e-13
outer loop
vertex 239.1218105 -111.07 5
vertex 239.14028189743345 -131.81246212025417 2
vertex 239.14014020517047 -131.6533487446587 2
endloop
endfacet
facet normal 0.9999996034950255 0.0008905109722646674 -9.80052864080675e-13
outer loop
vertex 239.1218105 -111.07 5
vertex 239.14014020517047 -131.6533487446587 2
vertex 239.1399785496338 -131.47181760398067 2
endloop
endfacet
facet normal 0.9999996034950255 0.0008905109722646674 -9.80052864080675e-13
outer loop
vertex 239.1218105 -111.07 5
vertex 239.1399785496338 -131.47181760398067 2
vertex 239.13980314315504 -131.27484483812947 2
endloop
endfacet
facet normal 0.9999996034950255 0.0008905109722646674 -9.80052864080675e-13
outer loop
vertex 239.1218105 -111.07 5
vertex 239.13980314315504 -131.27484483812947 2
vertex 239.13962072650676 -131.0700000000067 2
endloop
endfacet
facet normal 0.9999996034950255 0.0008905109722646674 -9.80052864080675e-13
outer loop
vertex 239.1218105 -111.07 5
vertex 239.13962072650676 -131.0700000000067 2
vertex 239.1394383098585 -130.86515516188382 2
endloop
endfacet
facet normal 0.9999996034950255 0.0008905109722646674 -9.80052864080675e-13
outer loop
vertex 239.1218105 -111.07 5
vertex 239.1394383098585 -130.86515516188382 2
vertex 239.1392629033797 -130.66818239600866 2
endloop
endfacet
facet normal 0.9999996034950255 0.0008905109722646674 -9.80052864080675e-13
outer loop
vertex 239.1218105 -111.07 5
vertex 239.1392629033797 -130.66818239600866 2
vertex 239.13910124784303 -130.4866512553492 2
endloop
endfacet
facet normal 0.9999996034950255 0.0008905109722646674 -9.80052864080675e-13
outer loop
vertex 239.1218105 -111.07 5
vertex 239.13910124784303 -130.4866512553492 2
vertex 239.13895955558004 -130.3275378797475 2
endloop
endfacet
facet normal 0.9999996034950255 0.0008905109722646674 -9.80052864080675e-13
outer loop
vertex 239.1218105 -111.07 5
vertex 239.13895955558004 -130.3275378797475 2
vertex 239.138843271745 -130.1969569070674 2
endloop
endfacet
facet normal 0.9999996034950255 0.0008905109722646674 -9.80052864080675e-13
outer loop
vertex 239.1218105 -111.07 5
vertex 239.138843271745 -130.1969569070674 2
vertex 239.1387568650605 -130.0999264908695 2
endloop
endfacet
facet normal 0.9999996034950255 0.0008905109722646674 -9.80052864080675e-13
outer loop
vertex 239.1218105 -111.07 5
vertex 239.1387568650605 -130.0999264908695 2
vertex 239.13870365608685 -130.04017545557608 2
endloop
endfacet
facet normal 0.9999996034950255 0.0008905109722646674 -9.80052864080675e-13
outer loop
vertex 239.1218105 -111.07 5
vertex 239.13870365608685 -130.04017545557608 2
vertex 239.13868568961516 -130.01999999999995 2
endloop
endfacet
facet normal 0.9999996034950255 0.0008905109722646674 -9.80052864080675e-13
outer loop
vertex 239.1218105 -111.07 5
vertex 239.13868568961516 -130.01999999999995 2
vertex 239.12181050000038 -111.07 2
endloop
endfacet
facet normal 0 1 0
outer loop
vertex 239.1218105 -111.07 5
vertex 239.12181050000038 -111.07 2
vertex 237.12180970000136 -111.07 2
endloop
endfacet
facet normal 0 1 0
outer loop
vertex 239.1218105 -111.07 5
vertex 237.12180970000136 -111.07 2
vertex 237.1218097 -111.07 5
endloop
endfacet
facet normal -0.9999996034948814 -0.0008905111339627103 -4.547480867070505e-13
outer loop
vertex 237.19890719999998 -197.64664850000003 5
vertex 237.1218097 -111.07 5
vertex 237.12180970000136 -111.07 2
endloop
endfacet
facet normal -0.9999996034948814 -0.0008905111339627103 -4.547480867070505e-13
outer loop
vertex 237.19890719999998 -197.64664850000003 5
vertex 237.12180970000136 -111.07 2
vertex 237.19766051856135 -196.2466874 2
endloop
endfacet
facet normal -0.9999996034948814 -0.0008905111339627103 -4.547480867070505e-13
outer loop
vertex 237.19890719999998 -197.64664850000003 5
vertex 237.19766051856135 -196.2466874 2
vertex 237.19890720000234 -197.64664849999994 2
endloop
endfacet
facet normal -0.34202033438825324 0.9396925512447928 0
outer loop
vertex 222.1419556499998 -203.1269341500001 5
vertex 237.19890719999998 -197.64664850000003 5
vertex 237.19890720000234 -197.64664849999994 2
endloop
endfacet
facet normal -0.34202033438825324 0.9396925512447928 0
outer loop
vertex 222.1419556499998 -203.1269341500001 5
vertex 237.19890720000234 -197.64664849999994 2
vertex 222.14195564997476 -203.12693415000993 2
endloop
endfacet
facet normal -0.42262453218935886 0.9063048630520117 0
outer loop
vertex 221.9049883281012 -203.2374358229408 5
vertex 222.1419556499998 -203.1269341500001 5
vertex 222.14195564997476 -203.12693415000993 2
endloop
endfacet
facet normal -0.42262453218935886 0.9063048630520117 0
outer loop
vertex 221.9049883281012 -203.2374358229408 5
vertex 222.14195564997476 -203.12693415000993 2
vertex 221.90498832811758 -203.23743582293133 2
endloop
endfacet
facet normal -0.5735810763906641 0.8191487952786887 0
outer loop
vertex 221.69080929832154 -203.3874074021574 5
vertex 221.9049883281012 -203.2374358229408 5
vertex 221.90498832811758 -203.23743582293133 2
endloop
endfacet
facet normal -0.5735810763906641 0.8191487952786887 0
outer loop
vertex 221.69080929832154 -203.3874074021574 5
vertex 221.90498832811758 -203.23743582293133 2
vertex 221.69080929831424 -203.38740740216454 2
endloop
endfacet
facet normal -0.7071098996772022 0.7071036626821395 0
outer loop
vertex 221.50592618880486 -203.57229214243222 5
vertex 221.69080929832154 -203.3874074021574 5
vertex 221.69080929831424 -203.38740740216454 2
endloop
endfacet
facet normal -0.7071098996772022 0.7071036626821395 0
outer loop
vertex 221.50592618880486 -203.57229214243222 5
vertex 221.69080929831424 -203.38740740216454 2
vertex 221.5059261888033 -203.5722921424336 2
endloop
endfacet
facet normal -0.8191538544860892 0.5735738511129869 0
outer loop
vertex 221.35595649874787 -203.78647249501958 5
vertex 221.50592618880486 -203.57229214243222 5
vertex 221.5059261888033 -203.5722921424336 2
endloop
endfacet
facet normal -0.8191538544860892 0.5735738511129869 0
outer loop
vertex 221.35595649874787 -203.78647249501958 5
vertex 221.5059261888033 -203.5722921424336 2
vertex 221.35595649875629 -203.78647249500673 2
endloop
endfacet
facet normal -0.9063085907524149 0.42261653816240047 0
outer loop
vertex 221.24545691596794 -204.0234407915833 5
vertex 221.35595649874787 -203.78647249501958 5
vertex 221.35595649875629 -203.78647249500673 2
endloop
endfacet
facet normal -0.9063085907524149 0.42261653816240047 0
outer loop
vertex 221.24545691596794 -204.0234407915833 5
vertex 221.35595649875629 -203.78647249500673 2
vertex 221.24545691595483 -204.02344079161662 2
endloop
endfacet
facet normal -0.9659259938807331 0.25881841964110264 0
outer loop
vertex 221.177784866241 -204.27599697356248 5
vertex 221.24545691596794 -204.0234407915833 5
vertex 221.24545691595483 -204.02344079161662 2
endloop
endfacet
facet normal -0.9659259938807331 0.25881841964110264 0
outer loop
vertex 221.177784866241 -204.27599697356248 5
vertex 221.24545691595483 -204.02344079161662 2
vertex 221.1777848662425 -204.27599697354134 2
endloop
endfacet
facet normal -0.9961946452135808 0.08715634714573635 0
outer loop
vertex 221.15499650107648 -204.53646735918016 5
vertex 221.177784866241 -204.27599697356248 5
vertex 221.1777848662425 -204.27599697354134 2
endloop
endfacet
facet normal -0.9961946452135808 0.08715634714573635 0
outer loop
vertex 221.15499650107648 -204.53646735918016 5
vertex 221.1777848662425 -204.27599697354134 2
vertex 221.1549965010762 -204.53646735918807 2
endloop
endfacet
facet normal -0.99619486028153 -0.08715388889007154 0
outer loop
vertex 221.1777842234923 -204.79693780103042 5
vertex 221.15499650107648 -204.53646735918016 5
vertex 221.1549965010762 -204.53646735918807 2
endloop
endfacet
facet normal -0.99619486028153 -0.08715388889007154 0
outer loop
vertex 221.1777842234923 -204.79693780103042 5
vertex 221.1549965010762 -204.53646735918807 2
vertex 221.177784223492 -204.796937801022 2
endloop
endfacet
facet normal 0 0 -1
outer loop
vertex 221.24545129999981 -205.0494982999994 5
vertex 221.18806353735917 -204.835304297313 5
vertex 221.1777842234923 -204.79693780103042 5
endloop
endfacet
facet normal 0 0 -1
outer loop
vertex 221.24545129999981 -205.0494982999994 5
vertex 221.1777842234923 -204.79693780103042 5
vertex 221.177784223492 -204.796937801022 2
endloop
endfacet
facet normal 0 0 -1
outer loop
vertex 221.24545129999981 -205.0494982999994 5
vertex 221.177784223492 -204.796937801022 2
vertex 221.2454512999975 -205.04949830001243 2
endloop
endfacet
facet normal -0.9063099710547243 -0.4226135780672277 0
outer loop
vertex 227.87144146798116 -223.18760555661123 5
vertex 227.76094210000002 -222.9506357000001 5
vertex 227.76094210002006 -222.95063570005115 2
endloop
endfacet
facet normal -0.9063099710547243 -0.4226135780672277 0
outer loop
vertex 227.87144146798116 -223.18760555661123 5
vertex 227.76094210002006 -222.95063570005115 2
vertex 227.87144146798258 -223.18760555662243 2
endloop
endfacet
facet normal -0.8191552199659687 -0.5735719009875792 0
outer loop
vertex 228.02141140704637 -223.4017873500563 5
vertex 227.87144146798116 -223.18760555661123 5
vertex 227.87144146798258 -223.18760555662243 2
endloop
endfacet
facet normal -0.8191552199659687 -0.5735719009875792 0
outer loop
vertex 228.02141140704637 -223.4017873500563 5
vertex 227.87144146798258 -223.18760555662243 2
vertex 228.02141140702824 -223.40178735006006 2
endloop
endfacet
facet normal -0.7071109569479995 -0.7071026054004358 0
outer loop
vertex 228.2062951756934 -223.58667330235494 5
vertex 228.02141140704637 -223.4017873500563 5
vertex 228.02141140702824 -223.40178735006006 2
endloop
endfacet
facet normal -0.7071109569479995 -0.7071026054004358 0
outer loop
vertex 228.2062951756934 -223.58667330235494 5
vertex 228.02141140702824 -223.40178735006006 2
vertex 228.2062951756853 -223.58667330235397 2
endloop
endfacet
facet normal -0.5735815758847885 -0.819148445524694 0
outer loop
vertex 228.42047519784802 -223.73664577108323 5
vertex 228.2062951756934 -223.58667330235494 5
vertex 228.2062951756853 -223.58667330235397 2
endloop
endfacet
facet normal -0.5735815758847885 -0.819148445524694 0
outer loop
vertex 228.42047519784802 -223.73664577108323 5
vertex 228.2062951756853 -223.58667330235397 2
vertex 228.42047519785734 -223.7366457710894 2
endloop
endfacet
facet normal -0.4226242823486481 -0.9063049795567109 0
outer loop
vertex 228.65744374934897 -223.84714793787728 5
vertex 228.42047519784802 -223.73664577108323 5
vertex 228.42047519785734 -223.7366457710894 2
endloop
endfacet
facet normal -0.4226242823486481 -0.9063049795567109 0
outer loop
vertex 228.65744374934897 -223.84714793787728 5
vertex 228.42047519785734 -223.7366457710894 2
vertex 228.65744374935534 -223.847147937873 2
endloop
endfacet
facet normal -0.2588258179809492 -0.965924011476313 0
outer loop
vertex 228.91000069102105 -223.91482226446874 5
vertex 228.65744374934897 -223.84714793787728 5
vertex 228.65744374935534 -223.847147937873 2
endloop
endfacet
facet normal -0.2588258179809492 -0.965924011476313 0
outer loop
vertex 228.91000069102105 -223.91482226446874 5
vertex 228.65744374935534 -223.847147937873 2
vertex 228.91000069100204 -223.91482226446954 2
endloop
endfacet
facet normal -0.0871630952563009 -0.9961940548032503 0
outer loop
vertex 229.17047224033996 -223.93761250935663 5
vertex 228.91000069102105 -223.91482226446874 5
vertex 228.91000069100204 -223.91482226446954 2
endloop
endfacet
facet normal -0.0871630952563009 -0.9961940548032503 0
outer loop
vertex 229.17047224033996 -223.93761250935663 5
vertex 228.91000069100204 -223.91482226446954 2
vertex 229.17047224036244 -223.93761250935597 2
endloop
endfacet
facet normal 0.08714802284731595 -0.9961953734653679 0
outer loop
vertex 229.43094413444484 -223.91482620540143 5
vertex 229.17047224033996 -223.93761250935663 5
vertex 229.17047224036244 -223.93761250935597 2
endloop
endfacet
facet normal 0.08714802284731595 -0.9961953734653679 0
outer loop
vertex 229.43094413444484 -223.91482620540143 5
vertex 229.17047224036244 -223.93761250935597 2
vertex 229.430944134483 -223.91482620539946 2
endloop
endfacet
facet normal 0.2588245396097483 -0.9659243540235446 0
outer loop
vertex 229.68350420000047 -223.84715139999977 5
vertex 229.43094413444484 -223.91482620540143 5
vertex 229.430944134483 -223.91482620539946 2
endloop
endfacet
facet normal 0.2588245396097483 -0.9659243540235446 0
outer loop
vertex 229.68350420000047 -223.84715139999977 5
vertex 229.430944134483 -223.91482620539946 2
vertex 229.6835042000221 -223.84715139998195 2
endloop
endfacet
facet normal 0 0 -1
outer loop
vertex 247.52310679999977 -217.35406700000004 5
vertex 235.3169189335136 -221.79675609999998 5
vertex 229.68350420000047 -223.84715139999977 5
endloop
endfacet
facet normal 0 0 -1
outer loop
vertex 247.52310679999977 -217.35406700000004 5
vertex 229.68350420000047 -223.84715139999977 5
vertex 229.6835042000221 -223.84715139998195 2
endloop
endfacet
facet normal 0 0 -1
outer loop
vertex 247.52310679999977 -217.35406700000004 5
vertex 229.6835042000221 -223.84715139998195 2
vertex 242.27748229039491 -219.26331820000016 2
endloop
endfacet
facet normal 0 0 -1
outer loop
vertex 247.52310679999977 -217.35406700000004 5
vertex 242.27748229039491 -219.26331820000016 2
vertex 247.52310680002947 -217.35406699998669 2
endloop
endfacet
facet normal 0.2588190439613786 -0.9659258265948364 -1.7386940649620892e-12
outer loop
vertex 274.9496213867793 -210.0051546 5
vertex 247.52310679999977 -217.35406700000004 5
vertex 247.52310680002947 -217.35406699998669 2
endloop
endfacet
facet normal 0.2588190439613786 -0.9659258265948364 -1.7386940649620892e-12
outer loop
vertex 274.9496213867793 -210.0051546 5
vertex 247.52310680002947 -217.35406699998669 2
vertex 267.65550637724346 -211.95960679999993 2
endloop
endfacet
facet normal 0.2588190439613786 -0.9659258265948364 -1.7386940649620892e-12
outer loop
vertex 274.9496213867793 -210.0051546 5
vertex 267.65550637724346 -211.95960679999993 2
vertex 274.9496213000154 -210.00515459999593 2
endloop
endfacet
facet normal 0.17364818137757057 -0.9848077523579221 -5.0234664501526474e-9
outer loop
vertex 293.4672272432404 -206.74000099743935 5
vertex 274.9496213867793 -210.0051546 5
vertex 274.9496213000154 -210.00515459999593 2
endloop
endfacet
facet normal 0.17364818137757057 -0.9848077523579221 -5.0234664501526474e-9
outer loop
vertex 293.4672272432404 -206.74000099743935 5
vertex 274.9496213000154 -210.00515459999593 2
vertex 282.1246694575135 -208.74 2
endloop
endfacet
facet normal 0.17364818137757057 -0.9848077523579221 -5.0234664501526474e-9
outer loop
vertex 293.4672272432404 -206.74000099743935 5
vertex 282.1246694575135 -208.74 2
vertex 293.46723290000085 -206.7399994571124 2
endloop
endfacet
facet normal 7.833591553207953e-9 -1 0
outer loop
vertex 357.2946583499999 -206.74000099743935 5
vertex 293.4672272432404 -206.74000099743935 5
vertex 293.46723290000085 -206.7399994571124 2
endloop
endfacet
facet normal 7.833591553207953e-9 -1 0
outer loop
vertex 357.2946583499999 -206.74000099743935 5
vertex 293.46723290000085 -206.7399994571124 2
vertex 357.2946583500426 -206.7399994571124 2
endloop
endfacet
facet normal 0.0870754202859984 -0.9962017221336333 0
outer loop
vertex 358.4223524995071 -206.64143066615773 5
vertex 357.2946583499999 -206.74000099743935 5
vertex 357.2946583500426 -206.7399994571124 2
endloop
endfacet
facet normal 0.0870754202859984 -0.9962017221336333 0
outer loop
vertex 358.4223524995071 -206.64143066615773 5
vertex 357.2946583500426 -206.7399994571124 2
vertex 358.42235210109385 -206.64143066615873 2
endloop
endfacet
facet normal 0.25858737863450093 -0.9659878713580917 0
outer loop
vertex 359.51584475797455 -206.34871136288453 5
vertex 358.4223524995071 -206.64143066615773 5
vertex 358.42235210109385 -206.64143066615873 2
endloop
endfacet
facet normal 0.25858737863450093 -0.9659878713580917 0
outer loop
vertex 359.51584475797455 -206.34871136288453 5
vertex 358.42235210109385 -206.64143066615873 2
vertex 359.5158447579883 -206.34871136287248 2
endloop
endfacet
facet normal 0.4222565812541451 -0.9064763535733085 0
outer loop
vertex 360.5419703486852 -205.87071954085545 5
vertex 359.51584475797455 -206.34871136288453 5
vertex 359.5158447579883 -206.34871136287248 2
endloop
endfacet
facet normal 0.4222565812541451 -0.9064763535733085 0
outer loop
vertex 360.5419703486852 -205.87071954085545 5
vertex 359.5158447579883 -206.34871136287248 2
vertex 360.54197034864944 -205.87071954088003 2
endloop
endfacet
facet normal 0.5731190674782238 -0.8194721072085925 0
outer loop
vertex 361.46960767398963 -205.22195232332658 5
vertex 360.5419703486852 -205.87071954085545 5
vertex 360.54197034864944 -205.87071954088003 2
endloop
endfacet
facet normal 0.5731190674782238 -0.8194721072085925 0
outer loop
vertex 361.46960767398963 -205.22195232332658 5
vertex 360.54197034864944 -205.87071954088003 2
vertex 361.4696076740278 -205.22195232332314 2
endloop
endfacet
facet normal 0 0 1
outer loop
vertex 362.27062220935704 -204.4220863195693 5
vertex 362.22353721645396 -204.46910379983643 5
vertex 362.0205948400512 -204.6717551880935 5
endloop
endfacet
facet normal 0 0 1
outer loop
vertex 362.27062220935704 -204.4220863195693 5
vertex 362.0205948400512 -204.6717551880935 5
vertex 361.95224978184586 -204.74000225 5
endloop
endfacet
facet normal 0 0 1
outer loop
vertex 362.27062220935704 -204.4220863195693 5
vertex 361.95224978184586 -204.74000225 5
vertex 361.46960767398963 -205.22195232332658 5
endloop
endfacet
facet normal 0 0 1
outer loop
vertex 362.27062220935704 -204.4220863195693 5
vertex 361.46960767398963 -205.22195232332658 5
vertex 361.4696076740278 -205.22195232332314 2
endloop
endfacet
facet normal 0 0 1
outer loop
vertex 362.27062220935704 -204.4220863195693 5
vertex 361.4696076740278 -205.22195232332314 2
vertex 362.2706222093675 -204.42208631954313 2
endloop
endfacet
facet normal 0 0 1
outer loop
vertex 362.92071980180583 -203.4953808484891 5
vertex 362.78486401740304 -203.68904146213592 5
vertex 362.46978172279967 -204.1381870821798 5
endloop
endfacet
facet normal 0 0 1
outer loop
vertex 362.92071980180583 -203.4953808484891 5
vertex 362.46978172279967 -204.1381870821798 5
vertex 362.27062220935704 -204.4220863195693 5
endloop
endfacet
facet normal 0 0 1
outer loop
vertex 362.92071980180583 -203.4953808484891 5
vertex 362.27062220935704 -204.4220863195693 5
vertex 362.2706222093675 -204.42208631954313 2
endloop
endfacet
facet normal 0 0 1
outer loop
vertex 362.92071980180583 -203.4953808484891 5
vertex 362.2706222093675 -204.42208631954313 2
vertex 362.92071980176854 -203.49538084852648 2
endloop
endfacet
facet normal 0 0 -1
outer loop
vertex 363.40018349281854 -202.46994217219594 5
vertex 363.3890633758628 -202.49372499084325 5
vertex 363.08908764152716 -203.13528915034712 5
endloop
endfacet
facet normal 0 0 -1
outer loop
vertex 363.40018349281854 -202.46994217219594 5
vertex 363.08908764152716 -203.13528915034712 5
vertex 362.92071980180583 -203.4953808484891 5
endloop
endfacet
facet normal 0 0 -1
outer loop
vertex 363.40018349281854 -202.46994217219594 5
vertex 362.92071980180583 -203.4953808484891 5
vertex 362.92071980176854 -203.49538084852648 2
endloop
endfacet
facet normal 0 0 -1
outer loop
vertex 363.40018349281854 -202.46994217219594 5
vertex 362.92071980176854 -203.49538084852648 2
vertex 363.40018349281877 -202.46994217221567 2
endloop
endfacet
facet normal 0 0 1
outer loop
vertex 363.6944715184884 -201.37687105475405 5
vertex 363.5849119484529 -201.78380708748102 5
vertex 363.40018349281854 -202.46994217219594 5
endloop
endfacet
facet normal 0 0 1
outer loop
vertex 363.6944715184884 -201.37687105475405 5
vertex 363.40018349281854 -202.46994217219594 5
vertex 363.40018349281877 -202.46994217221567 2
endloop
endfacet
facet normal 0 0 1
outer loop
vertex 363.6944715184884 -201.37687105475405 5
vertex 363.40018349281877 -202.46994217221567 2
vertex 363.69447151849334 -201.3768710547311 2
endloop
endfacet
facet normal 0 0 -1
outer loop
vertex 363.7946567000001 -200.24931899999982 5
vertex 363.72555231608044 -201.02706665594494 5
vertex 363.6944715184884 -201.37687105475405 5
endloop
endfacet
facet normal 0 0 -1
outer loop
vertex 363.7946567000001 -200.24931899999982 5
vertex 363.6944715184884 -201.37687105475405 5
vertex 363.69447151849334 -201.3768710547311 2
endloop
endfacet
facet normal 0 0 -1
outer loop
vertex 363.7946567000001 -200.24931899999982 5
vertex 363.69447151849334 -201.3768710547311 2
vertex 363.79465669999456 -200.24931900009454 2
endloop
endfacet
facet normal 0 0 -1
outer loop
vertex 363.93032320000003 -105.62369500000003 5
vertex 363.79466080616965 -200.246455 5
vertex 363.7946567000001 -200.24931899999982 5
endloop
endfacet
facet normal 0 0 -1
outer loop
vertex 363.93032320000003 -105.62369500000003 5
vertex 363.7946567000001 -200.24931899999982 5
vertex 363.79465669999456 -200.24931900009454 2
endloop
endfacet
facet normal 0 0 -1
outer loop
vertex 363.93032320000003 -105.62369500000003 5
vertex 363.79465669999456 -200.24931900009454 2
vertex 363.93032319999736 -105.62369499994244 2
endloop
endfacet
facet normal 0 0 1
outer loop
vertex 363.8515233697127 -104.6059047399678 5
vertex 363.87559235067886 -104.91678325718014 5
vertex 363.93014951044313 -105.62145159999984 5
endloop
endfacet
facet normal 0 0 1
outer loop
vertex 363.8515233697127 -104.6059047399678 5
vertex 363.93014951044313 -105.62145159999984 5
vertex 363.93032320000003 -105.62369500000003 5
endloop
endfacet
facet normal 0 0 1
outer loop
vertex 363.8515233697127 -104.6059047399678 5
vertex 363.93032320000003 -105.62369500000003 5
vertex 363.93032319999736 -105.62369499994244 2
endloop
endfacet
facet normal 0 0 1
outer loop
vertex 363.8515233697127 -104.6059047399678 5
vertex 363.93032319999736 -105.62369499994244 2
vertex 363.85152336971424 -104.605904739963 2
endloop
endfacet
facet normal 0 0 -1
outer loop
vertex 363.61434323418706 -103.6130039342567 5
vertex 363.7615697722936 -104.22933442072024 5
vertex 363.8515233697127 -104.6059047399678 5
endloop
endfacet
facet normal 0 0 -1
outer loop
vertex 363.61434323418706 -103.6130039342567 5
vertex 363.8515233697127 -104.6059047399678 5
vertex 363.85152336971424 -104.605904739963 2
endloop
endfacet
facet normal 0 0 -1
outer loop
vertex 363.61434323418706 -103.6130039342567 5
vertex 363.85152336971424 -104.605904739963 2
vertex 363.61434323418854 -103.61300393425294 2
endloop
endfacet
facet normal 0 0 -1
outer loop
vertex 363.2246328985951 -102.66948272039767 5
vertex 363.3500373674885 -102.9730973949582 5
vertex 363.59908706421487 -103.57606747479862 5
endloop
endfacet
facet normal 0 0 -1
outer loop
vertex 363.2246328985951 -102.66948272039767 5
vertex 363.59908706421487 -103.57606747479862 5
vertex 363.61434323418706 -103.6130039342567 5
endloop
endfacet
facet normal 0 0 -1
outer loop
vertex 363.2246328985951 -102.66948272039767 5
vertex 363.61434323418706 -103.6130039342567 5
vertex 363.61434323418854 -103.61300393425294 2
endloop
endfacet
facet normal 0 0 -1
outer loop
vertex 363.2246328985951 -102.66948272039767 5
vertex 363.61434323418854 -103.61300393425294 2
vertex 363.2246328985914 -102.66948272039106 2
endloop
endfacet
facet normal 0 0 1
outer loop
vertex 362.6920046622321 -101.7986132763941 5
vertex 362.80045684204305 -101.97593712647365 5
vertex 363.0814045741399 -102.43529841928833 5
endloop
endfacet
facet normal 0 0 1
outer loop
vertex 362.6920046622321 -101.7986132763941 5
vertex 363.0814045741399 -102.43529841928833 5
vertex 363.2246328985951 -102.66948272039767 5
endloop
endfacet
facet normal 0 0 1
outer loop
vertex 362.6920046622321 -101.7986132763941 5
vertex 363.2246328985951 -102.66948272039767 5
vertex 363.2246328985914 -102.66948272039106 2
endloop
endfacet
facet normal 0 0 1
outer loop
vertex 362.6920046622321 -101.7986132763941 5
vertex 363.2246328985914 -102.66948272039106 2
vertex 362.69200466226965 -101.7986132764016 2
endloop
endfacet
facet normal 0 0 1
outer loop
vertex 362.029595928842 -101.02187580684742 5
vertex 362.109009500526 -101.11499580000002 5
vertex 362.1563428892104 -101.17049871639975 5
endloop
endfacet
facet normal 0 0 1
outer loop
vertex 362.029595928842 -101.02187580684742 5
vertex 362.1563428892104 -101.17049871639975 5
vertex 362.2971766600308 -101.33563975585112 5
endloop
endfacet
facet normal 0 0 1
outer loop
vertex 362.029595928842 -101.02187580684742 5
vertex 362.2971766600308 -101.33563975585112 5
vertex 362.5280366853176 -101.60634517204187 5
endloop
endfacet
facet normal 0 0 1
outer loop
vertex 362.029595928842 -101.02187580684742 5
vertex 362.5280366853176 -101.60634517204187 5
vertex 362.6920046622321 -101.7986132763941 5
endloop
endfacet
facet normal 0 0 1
outer loop
vertex 362.029595928842 -101.02187580684742 5
vertex 362.6920046622321 -101.7986132763941 5
vertex 362.69200466226965 -101.7986132764016 2
endloop
endfacet
facet normal 0 0 1
outer loop
vertex 362.029595928842 -101.02187580684742 5
vertex 362.69200466226965 -101.7986132764016 2
vertex 362.02959592884946 -101.02187580684897 2
endloop
endfacet
facet normal 0.649905554573395 0.7600149802041061 0
outer loop
vertex 361.2537451693861 -100.35842872853473 5
vertex 362.029595928842 -101.02187580684742 5
vertex 362.02959592884946 -101.02187580684897 2
endloop
endfacet
facet normal 0.649905554573395 0.7600149802041061 0
outer loop
vertex 361.2537451693861 -100.35842872853473 5
vertex 362.02959592884946 -101.02187580684897 2
vertex 361.25374516936523 -100.35842872853532 2
endloop
endfacet
facet normal 0.52289744032002 0.8523956046970042 0
outer loop
vertex 360.38358892972457 -99.82463612344577 5
vertex 361.2537451693861 -100.35842872853473 5
vertex 361.25374516936523 -100.35842872853532 2
endloop
endfacet
facet normal 0.52289744032002 0.8523956046970042 0
outer loop
vertex 360.38358892972457 -99.82463612344577 5
vertex 361.25374516936523 -100.35842872853532 2
vertex 360.3835891622211 -99.82463612344128 2
endloop
endfacet
facet normal 0.38299193475179394 0.923751686285377 0
outer loop
vertex 359.44058982310105 -99.43366411475878 5
vertex 360.38358892972457 -99.82463612344577 5
vertex 360.3835891622211 -99.82463612344128 2
endloop
endfacet
facet normal 0.38299193475179394 0.923751686285377 0
outer loop
vertex 359.44058982310105 -99.43366411475878 5
vertex 360.3835891622211 -99.82463612344128 2
vertex 359.44059010392317 -99.43366411476062 2
endloop
endfacet
facet normal 0.2336398408625655 0.9723232100293169 0
outer loop
vertex 358.44800714961843 -99.1951561212405 5
vertex 359.44058982310105 -99.43366411475878 5
vertex 359.44059010392317 -99.43366411476062 2
endloop
endfacet
facet normal 0.2336398408625655 0.9723232100293169 0
outer loop
vertex 358.44800714961843 -99.1951561212405 5
vertex 359.44059010392317 -99.43366411476062 2
vertex 358.44800714965646 -99.19515612124086 2
endloop
endfacet
facet normal 0.0785203416518101 0.9969125116813827 0
outer loop
vertex 357.4303263999999 -99.115 5
vertex 358.44800714961843 -99.1951561212405 5
vertex 358.44800714965646 -99.19515612124086 2
endloop
endfacet
facet normal 0.0785203416518101 0.9969125116813827 0
outer loop
vertex 357.4303263999999 -99.115 5
vertex 358.44800714965646 -99.19515612124086 2
vertex 357.43032639997585 -99.115 2
endloop
endfacet
facet normal 0 1 0
outer loop
vertex 342.3 -99.115 5
vertex 342.3 -99.115 2
vertex 243.6169456000164 -99.115 2
endloop
endfacet
facet normal 0 1 0
outer loop
vertex 342.3 -99.115 5
vertex 243.6169456000164 -99.115 2
vertex 243.61694560000004 -99.115 5
endloop
endfacet
facet normal 0 1 0
outer loop
vertex 357.4303263999999 -99.115 5
vertex 357.43032639997585 -99.115 2
vertex 354.3 -99.115 2
endloop
endfacet
facet normal 0 1 0
outer loop
vertex 357.4303263999999 -99.115 5
vertex 354.3 -99.115 2
vertex 354.3 -99.115 5
endloop
endfacet
facet normal -1 0 0
outer loop
vertex 354.3 -99.115 5
vertex 354.3 -99.115 2
vertex 354.3 -101.115 2
endloop
endfacet
facet normal -1 0 0
outer loop
vertex 354.3 -99.115 5
vertex 354.3 -101.115 2
vertex 354.3 -101.11499580000002 5
endloop
endfacet
facet normal 0.0000013417133288839977 -0.9999999999990999 0
outer loop
vertex 357.4303258884166 -101.11499580000002 5
vertex 354.3 -101.11499580000002 5
vertex 354.3 -101.115 2
endloop
endfacet
facet normal 0.0000013417133288839977 -0.9999999999990999 0
outer loop
vertex 357.4303258884166 -101.11499580000002 5
vertex 354.3 -101.115 2
vertex 357.4303259000256 -101.11499579999989 2
endloop
endfacet
facet normal -0.07852967491121862 -0.9969117765170289 -3.0392663120613406e-10
outer loop
vertex 358.1349195474695 -101.17049871639975 5
vertex 357.4303258884166 -101.11499580000002 5
vertex 357.4303259000256 -101.11499579999989 2
endloop
endfacet
facet normal -0.07852967491121862 -0.9969117765170289 -3.0392663120613406e-10
outer loop
vertex 358.1349195474695 -101.17049871639975 5
vertex 357.4303259000256 -101.11499579999989 2
vertex 357.43037921782553 -101.115 2
endloop
endfacet
facet normal -0.07852967491121862 -0.9969117765170289 -3.0392663120613406e-10
outer loop
vertex 358.1349195474695 -101.17049871639975 5
vertex 357.43037921782553 -101.115 2
vertex 358.13491954746803 -101.1704987164003 2
endloop
endfacet
facet normal -0.23365389056510816 -0.9723198339146377 0
outer loop
vertex 358.82213219205016 -101.33563975585112 5
vertex 358.1349195474695 -101.17049871639975 5
vertex 358.13491954746803 -101.1704987164003 2
endloop
endfacet
facet normal -0.23365389056510816 -0.9723198339146377 0
outer loop
vertex 358.82213219205016 -101.33563975585112 5
vertex 358.13491954746803 -101.1704987164003 2
vertex 358.8221321920627 -101.33563975584939 2
endloop
endfacet
facet normal -0.38301426405054456 -0.9237424281334163 0
outer loop
vertex 359.47501147601326 -101.60634517204187 5
vertex 358.82213219205016 -101.33563975585112 5
vertex 358.8221321920627 -101.33563975584939 2
endloop
endfacet
facet normal -0.38301426405054456 -0.9237424281334163 0
outer loop
vertex 359.47501147601326 -101.60634517204187 5
vertex 358.8221321920627 -101.33563975584939 2
vertex 359.47501147600775 -101.60634517204022 2
endloop
endfacet
facet normal -0.5229263323121107 -0.8523778803879204 0
outer loop
vertex 360.07745198677134 -101.97593712647365 5
vertex 359.47501147601326 -101.60634517204187 5
vertex 359.47501147600775 -101.60634517204022 2
endloop
endfacet
facet normal -0.5229263323121107 -0.8523778803879204 0
outer loop
vertex 360.07745198677134 -101.97593712647365 5
vertex 359.47501147600775 -101.60634517204022 2
vertex 360.0774519867753 -101.97593712647291 2
endloop
endfacet
facet normal -0.6499387045022282 -0.7599866317179305 0
outer loop
vertex 360.61459254979576 -102.43529841928833 5
vertex 360.07745198677134 -101.97593712647365 5
vertex 360.0774519867753 -101.97593712647291 2
endloop
endfacet
facet normal -0.6499387045022282 -0.7599866317179305 0
outer loop
vertex 360.61459254979576 -102.43529841928833 5
vertex 360.0774519867753 -101.97593712647291 2
vertex 360.61459254975546 -102.43529841929022 2
endloop
endfacet
facet normal -0.7609182031590658 -0.6488478158252355 0
outer loop
vertex 361.0731828283144 -102.9730973949582 5
vertex 360.61459254979576 -102.43529841928833 5
vertex 360.61459254975546 -102.43529841929022 2
endloop
endfacet
facet normal -0.7609182031590658 -0.6488478158252355 0
outer loop
vertex 361.0731828283144 -102.9730973949582 5
vertex 360.61459254975546 -102.43529841929022 2
vertex 361.0731828283153 -102.97309739495697 2
endloop
endfacet
facet normal -0.853127154322864 -0.5217030367526839 0
outer loop
vertex 361.441910186399 -103.57606747479862 5
vertex 361.0731828283144 -102.9730973949582 5
vertex 361.0731828283153 -102.97309739495697 2
endloop
endfacet
facet normal -0.853127154322864 -0.5217030367526839 0
outer loop
vertex 361.441910186399 -103.57606747479862 5
vertex 361.0731828283153 -102.97309739495697 2
vertex 361.44191018641527 -103.57606747480281 2
endloop
endfacet
facet normal -0.924290921258868 -0.3816887382127398 -4.475428830516221e-12
outer loop
vertex 361.71167875230174 -104.22933442072024 5
vertex 361.441910186399 -103.57606747479862 5
vertex 361.44191018641527 -103.57606747480281 2
endloop
endfacet
facet normal -0.924290921258868 -0.3816887382127398 -4.475428830516221e-12
outer loop
vertex 361.71167875230174 -104.22933442072024 5
vertex 361.44191018641527 -103.57606747480281 2
vertex 361.6458811201911 -104.07000000000102 2
endloop
endfacet
facet normal -0.924290921258868 -0.3816887382127398 -4.475428830516221e-12
outer loop
vertex 361.71167875230174 -104.22933442072024 5
vertex 361.6458811201911 -104.07000000000102 2
vertex 361.71167875228986 -104.2293344207098 2
endloop
endfacet
facet normal -0.9726540158455644 -0.23225883289876514 0
outer loop
vertex 361.8758337980146 -104.91678325718014 5
vertex 361.71167875230174 -104.22933442072024 5
vertex 361.71167875228986 -104.2293344207098 2
endloop
endfacet
facet normal -0.9726540158455644 -0.23225883289876514 0
outer loop
vertex 361.8758337980146 -104.91678325718014 5
vertex 361.71167875228986 -104.2293344207098 2
vertex 361.87583379801237 -104.9167832571877 2
endloop
endfacet
facet normal -0.9970238140433775 -0.07709419063974113 0
outer loop
vertex 361.9303218 -105.62145159999984 5
vertex 361.8758337980146 -104.91678325718014 5
vertex 361.87583379801237 -104.9167832571877 2
endloop
endfacet
facet normal -0.9970238140433775 -0.07709419063974113 0
outer loop
vertex 361.9303218 -105.62145159999984 5
vertex 361.87583379801237 -104.9167832571877 2
vertex 361.9303218000026 -105.62145159999646 2
endloop
endfacet
facet normal -0.9999989723100617 0.0014336592413100714 -8.699837206608299e-13
outer loop
vertex 361.79466165 -200.246455 5
vertex 361.9303218 -105.62145159999984 5
vertex 361.9303218000026 -105.62145159999646 2
endloop
endfacet
facet normal -0.9999989723100617 0.0014336592413100714 -8.699837206608299e-13
outer loop
vertex 361.79466165 -200.246455 5
vertex 361.9303218000026 -105.62145159999646 2
vertex 361.92251043020974 -111.07 2
endloop
endfacet
facet normal -0.9999989723100617 0.0014336592413100714 -8.699837206608299e-13
outer loop
vertex 361.79466165 -200.246455 5
vertex 361.92251043020974 -111.07 2
vertex 361.89534255966726 -130.01999999999995 2
endloop
endfacet
facet normal -0.9999989723100617 0.0014336592413100714 -8.699837206608299e-13
outer loop
vertex 361.79466165 -200.246455 5
vertex 361.89534255966726 -130.01999999999995 2
vertex 361.8953136349092 -130.04017545557608 2
endloop
endfacet
facet normal -0.9999989723100617 0.0014336592413100714 -8.699837206608299e-13
outer loop
vertex 361.79466165 -200.246455 5
vertex 361.8953136349092 -130.04017545557608 2
vertex 361.89522797219723 -130.0999264908695 2
endloop
endfacet
facet normal -0.9999989723100617 0.0014336592413100714 -8.699837206608299e-13
outer loop
vertex 361.79466165 -200.246455 5
vertex 361.89522797219723 -130.0999264908695 2
vertex 361.8950888635014 -130.1969569070674 2
endloop
endfacet
facet normal -0.9999989723100617 0.0014336592413100714 -8.699837206608299e-13
outer loop
vertex 361.79466165 -200.246455 5
vertex 361.8950888635014 -130.1969569070674 2
vertex 361.8949016546908 -130.3275378797475 2
endloop
endfacet
facet normal -0.9999989723100617 0.0014336592413100714 -8.699837206608299e-13
outer loop
vertex 361.79466165 -200.246455 5
vertex 361.8949016546908 -130.3275378797475 2
vertex 361.894673540095 -130.4866512553492 2
endloop
endfacet
facet normal -0.9999989723100617 0.0014336592413100714 -8.699837206608299e-13
outer loop
vertex 361.79466165 -200.246455 5
vertex 361.894673540095 -130.4866512553492 2
vertex 361.89441328603016 -130.66818239600866 2
endloop
endfacet
facet normal -0.9999989723100617 0.0014336592413100714 -8.699837206608299e-13
outer loop
vertex 361.79466165 -200.246455 5
vertex 361.89441328603016 -130.66818239600866 2
vertex 361.8941308939139 -130.86515516188382 2
endloop
endfacet
facet normal -0.9999989723100617 0.0014336592413100714 -8.699837206608299e-13
outer loop
vertex 361.79466165 -200.246455 5
vertex 361.8941308939139 -130.86515516188382 2
vertex 361.8938372159169 -131.0700000000067 2
endloop
endfacet
facet normal -0.9999989723100617 0.0014336592413100714 -8.699837206608299e-13
outer loop
vertex 361.79466165 -200.246455 5
vertex 361.8938372159169 -131.0700000000067 2
vertex 361.89354353791987 -131.27484483812947 2
endloop
endfacet
facet normal -0.9999989723100617 0.0014336592413100714 -8.699837206608299e-13
outer loop
vertex 361.79466165 -200.246455 5
vertex 361.89354353791987 -131.27484483812947 2
vertex 361.8932611458036 -131.47181760398067 2
endloop
endfacet
facet normal -0.9999989723100617 0.0014336592413100714 -8.699837206608299e-13
outer loop
vertex 361.79466165 -200.246455 5
vertex 361.8932611458036 -131.47181760398067 2
vertex 361.8930008917387 -131.6533487446587 2
endloop
endfacet
facet normal -0.9999989723100617 0.0014336592413100714 -8.699837206608299e-13
outer loop
vertex 361.79466165 -200.246455 5
vertex 361.8930008917387 -131.6533487446587 2
vertex 361.89277277714297 -131.81246212025417 2
endloop
endfacet
facet normal -0.9999989723100617 0.0014336592413100714 -8.699837206608299e-13
outer loop
vertex 361.79466165 -200.246455 5
vertex 361.89277277714297 -131.81246212025417 2
vertex 361.8925855683324 -131.9430430929175 2
endloop
endfacet
facet normal -0.9999989723100617 0.0014336592413100714 -8.699837206608299e-13
outer loop
vertex 361.79466165 -200.246455 5
vertex 361.8925855683324 -131.9430430929175 2
vertex 361.8924464596365 -132.0400735091323 2
endloop
endfacet
facet normal -0.9999989723100617 0.0014336592413100714 -8.699837206608299e-13
outer loop
vertex 361.79466165 -200.246455 5
vertex 361.8924464596365 -132.0400735091323 2
vertex 361.89236079692455 -132.0998245444237 2
endloop
endfacet
facet normal -0.9999989723100617 0.0014336592413100714 -8.699837206608299e-13
outer loop
vertex 361.79466165 -200.246455 5
vertex 361.89236079692455 -132.0998245444237 2
vertex 361.8923318721665 -132.12000000000023 2
endloop
endfacet
facet normal -0.9999989723100617 0.0014336592413100714 -8.699837206608299e-13
outer loop
vertex 361.79466165 -200.246455 5
vertex 361.8923318721665 -132.12000000000023 2
vertex 361.8789558176989 -141.44999999999612 2
endloop
endfacet
facet normal -0.9999989723100617 0.0014336592413100714 -8.699837206608299e-13
outer loop
vertex 361.79466165 -200.246455 5
vertex 361.8789558176989 -141.44999999999612 2
vertex 361.87892689294085 -141.47017545557495 2
endloop
endfacet
facet normal -0.9999989723100617 0.0014336592413100714 -8.699837206608299e-13
outer loop
vertex 361.79466165 -200.246455 5
vertex 361.87892689294085 -141.47017545557495 2
vertex 361.8788412302289 -141.5299264908414 2
endloop
endfacet
facet normal -0.9999989723100617 0.0014336592413100714 -8.699837206608299e-13
outer loop
vertex 361.79466165 -200.246455 5
vertex 361.8788412302289 -141.5299264908414 2
vertex 361.87870212153297 -141.62695690712653 2
endloop
endfacet
facet normal -0.9999989723100617 0.0014336592413100714 -8.699837206608299e-13
outer loop
vertex 361.79466165 -200.246455 5
vertex 361.87870212153297 -141.62695690712653 2
vertex 361.8785149127225 -141.75753787970075 2
endloop
endfacet
facet normal -0.9999989723100617 0.0014336592413100714 -8.699837206608299e-13
outer loop
vertex 361.79466165 -200.246455 5
vertex 361.8785149127225 -141.75753787970075 2
vertex 361.8782867981266 -141.91665125539157 2
endloop
endfacet
facet normal -0.9999989723100617 0.0014336592413100714 -8.699837206608299e-13
outer loop
vertex 361.79466165 -200.246455 5
vertex 361.8782867981266 -141.91665125539157 2
vertex 361.87802654406187 -142.09818239597317 2
endloop
endfacet
facet normal -0.9999989723100617 0.0014336592413100714 -8.699837206608299e-13
outer loop
vertex 361.79466165 -200.246455 5
vertex 361.87802654406187 -142.09818239597317 2
vertex 361.8777441519456 -142.29515516183594 2
endloop
endfacet
facet normal -0.9999989723100617 0.0014336592413100714 -8.699837206608299e-13
outer loop
vertex 361.79466165 -200.246455 5
vertex 361.8777441519456 -142.29515516183594 2
vertex 361.87745047394844 -142.50000000004104 2
endloop
endfacet
facet normal -0.9999989723100617 0.0014336592413100714 -8.699837206608299e-13
outer loop
vertex 361.79466165 -200.246455 5
vertex 361.87745047394844 -142.50000000004104 2
vertex 361.8771567959516 -142.7048448380755 2
endloop
endfacet
facet normal -0.9999989723100617 0.0014336592413100714 -8.699837206608299e-13
outer loop
vertex 361.79466165 -200.246455 5
vertex 361.8771567959516 -142.7048448380755 2
vertex 361.87687440383525 -142.90181760399255 2
endloop
endfacet
facet normal -0.9999989723100617 0.0014336592413100714 -8.699837206608299e-13
outer loop
vertex 361.79466165 -200.246455 5
vertex 361.87687440383525 -142.90181760399255 2
vertex 361.8766141497703 -143.0833487446979 2
endloop
endfacet
facet normal -0.9999989723100617 0.0014336592413100714 -8.699837206608299e-13
outer loop
vertex 361.79466165 -200.246455 5
vertex 361.8766141497703 -143.0833487446979 2
vertex 361.8763860351746 -143.24246212024138 2
endloop
endfacet
facet normal -0.9999989723100617 0.0014336592413100714 -8.699837206608299e-13
outer loop
vertex 361.79466165 -200.246455 5
vertex 361.8763860351746 -143.24246212024138 2
vertex 361.876198826364 -143.3730430929287 2
endloop
endfacet
facet normal -0.9999989723100617 0.0014336592413100714 -8.699837206608299e-13
outer loop
vertex 361.79466165 -200.246455 5
vertex 361.876198826364 -143.3730430929287 2
vertex 361.87605971766817 -143.47007350913017 2
endloop
endfacet
facet normal -0.9999989723100617 0.0014336592413100714 -8.699837206608299e-13
outer loop
vertex 361.79466165 -200.246455 5
vertex 361.87605971766817 -143.47007350913017 2
vertex 361.8759740549562 -143.52982454442193 2
endloop
endfacet
facet normal -0.9999989723100617 0.0014336592413100714 -8.699837206608299e-13
outer loop
vertex 361.79466165 -200.246455 5
vertex 361.8759740549562 -143.52982454442193 2
vertex 361.87594513019815 -143.54999999999708 2
endloop
endfacet
facet normal -0.9999989723100617 0.0014336592413100714 -8.699837206608299e-13
outer loop
vertex 361.79466165 -200.246455 5
vertex 361.87594513019815 -143.54999999999708 2
vertex 361.8408634525108 -168.0200000000003 2
endloop
endfacet
facet normal -0.9999989723100617 0.0014336592413100714 -8.699837206608299e-13
outer loop
vertex 361.79466165 -200.246455 5
vertex 361.8408634525108 -168.0200000000003 2
vertex 361.84083452775275 -168.04017545557855 2
endloop
endfacet
facet normal -0.9999989723100617 0.0014336592413100714 -8.699837206608299e-13
outer loop
vertex 361.79466165 -200.246455 5
vertex 361.84083452775275 -168.04017545557855 2
vertex 361.84074886504084 -168.09992649085655 2
endloop
endfacet
facet normal -0.9999989723100617 0.0014336592413100714 -8.699837206608299e-13
outer loop
vertex 361.79466165 -200.246455 5
vertex 361.84074886504084 -168.09992649085655 2
vertex 361.8406097563449 -168.1969569070842 2
endloop
endfacet
facet normal -0.9999989723100617 0.0014336592413100714 -8.699837206608299e-13
outer loop
vertex 361.79466165 -200.246455 5
vertex 361.8406097563449 -168.1969569070842 2
vertex 361.84042254753433 -168.327537879751 2
endloop
endfacet
facet normal -0.9999989723100617 0.0014336592413100714 -8.699837206608299e-13
outer loop
vertex 361.79466165 -200.246455 5
vertex 361.84042254753433 -168.327537879751 2
vertex 361.84019443293863 -168.48665125530601 2
endloop
endfacet
facet normal -0.9999989723100617 0.0014336592413100714 -8.699837206608299e-13
outer loop
vertex 361.79466165 -200.246455 5
vertex 361.84019443293863 -168.48665125530601 2
vertex 361.8399341788737 -168.66818239602256 2
endloop
endfacet
facet normal -0.9999989723100617 0.0014336592413100714 -8.699837206608299e-13
outer loop
vertex 361.79466165 -200.246455 5
vertex 361.8399341788737 -168.66818239602256 2
vertex 361.83965178675743 -168.8651551618977 2
endloop
endfacet
facet normal -0.9999989723100617 0.0014336592413100714 -8.699837206608299e-13
outer loop
vertex 361.79466165 -200.246455 5
vertex 361.83965178675743 -168.8651551618977 2
vertex 361.83935810876045 -169.0700000000022 2
endloop
endfacet
facet normal -0.9999989723100617 0.0014336592413100714 -8.699837206608299e-13
outer loop
vertex 361.79466165 -200.246455 5
vertex 361.83935810876045 -169.0700000000022 2
vertex 361.8390644307635 -169.27484483809886 2
endloop
endfacet
facet normal -0.9999989723100617 0.0014336592413100714 -8.699837206608299e-13
outer loop
vertex 361.79466165 -200.246455 5
vertex 361.8390644307635 -169.27484483809886 2
vertex 361.8387820386471 -169.4718176040124 2
endloop
endfacet
facet normal -0.9999989723100617 0.0014336592413100714 -8.699837206608299e-13
outer loop
vertex 361.79466165 -200.246455 5
vertex 361.8387820386471 -169.4718176040124 2
vertex 361.83852178458227 -169.6533487446802 2
endloop
endfacet
facet normal -0.9999989723100617 0.0014336592413100714 -8.699837206608299e-13
outer loop
vertex 361.79466165 -200.246455 5
vertex 361.83852178458227 -169.6533487446802 2
vertex 361.8382936699865 -169.8124621202374 2
endloop
endfacet
facet normal -0.9999989723100617 0.0014336592413100714 -8.699837206608299e-13
outer loop
vertex 361.79466165 -200.246455 5
vertex 361.8382936699865 -169.8124621202374 2
vertex 361.8381064611759 -169.94304309291553 2
endloop
endfacet
facet normal -0.9999989723100617 0.0014336592413100714 -8.699837206608299e-13
outer loop
vertex 361.79466165 -200.246455 5
vertex 361.8381064611759 -169.94304309291553 2
vertex 361.83796735248006 -170.040073509133 2
endloop
endfacet
facet normal -0.9999989723100617 0.0014336592413100714 -8.699837206608299e-13
outer loop
vertex 361.79466165 -200.246455 5
vertex 361.83796735248006 -170.040073509133 2
vertex 361.8378816897681 -170.09982454442533 2
endloop
endfacet
facet normal -0.9999989723100617 0.0014336592413100714 -8.699837206608299e-13
outer loop
vertex 361.79466165 -200.246455 5
vertex 361.8378816897681 -170.09982454442533 2
vertex 361.83785276501004 -170.12000000000006 2
endloop
endfacet
facet normal -0.9999989723100617 0.0014336592413100714 -8.699837206608299e-13
outer loop
vertex 361.79466165 -200.246455 5
vertex 361.83785276501004 -170.12000000000006 2
vertex 361.82447671054246 -179.45000000000022 2
endloop
endfacet
facet normal -0.9999989723100617 0.0014336592413100714 -8.699837206608299e-13
outer loop
vertex 361.79466165 -200.246455 5
vertex 361.82447671054246 -179.45000000000022 2
vertex 361.82444778578434 -179.47017545558492 2
endloop
endfacet
facet normal -0.9999989723100617 0.0014336592413100714 -8.699837206608299e-13
outer loop
vertex 361.79466165 -200.246455 5
vertex 361.82444778578434 -179.47017545558492 2
vertex 361.82436212307243 -179.52992649086463 2
endloop
endfacet
facet normal -0.9999989723100617 0.0014336592413100714 -8.699837206608299e-13
outer loop
vertex 361.79466165 -200.246455 5
vertex 361.82436212307243 -179.52992649086463 2
vertex 361.82422301437657 -179.62695690709012 2
endloop
endfacet
facet normal -0.9999989723100617 0.0014336592413100714 -8.699837206608299e-13
outer loop
vertex 361.79466165 -200.246455 5
vertex 361.82422301437657 -179.62695690709012 2
vertex 361.82403580556604 -179.75753787971325 2
endloop
endfacet
facet normal -0.9999989723100617 0.0014336592413100714 -8.699837206608299e-13
outer loop
vertex 361.79466165 -200.246455 5
vertex 361.82403580556604 -179.75753787971325 2
vertex 361.8238076909702 -179.91665125534803 2
endloop
endfacet
facet normal -0.9999989723100617 0.0014336592413100714 -8.699837206608299e-13
outer loop
vertex 361.79466165 -200.246455 5
vertex 361.8238076909702 -179.91665125534803 2
vertex 361.8235474369053 -180.0981823960601 2
endloop
endfacet
facet normal -0.9999989723100617 0.0014336592413100714 -8.699837206608299e-13
outer loop
vertex 361.79466165 -200.246455 5
vertex 361.8235474369053 -180.0981823960601 2
vertex 361.8232650447892 -180.29515516180734 2
endloop
endfacet
facet normal -0.9999989723100617 0.0014336592413100714 -8.699837206608299e-13
outer loop
vertex 361.79466165 -200.246455 5
vertex 361.8232650447892 -180.29515516180734 2
vertex 361.822971366792 -180.50000000004133 2
endloop
endfacet
facet normal -0.9999989723100617 0.0014336592413100714 -8.699837206608299e-13
outer loop
vertex 361.79466165 -200.246455 5
vertex 361.822971366792 -180.50000000004133 2
vertex 361.822677688795 -180.70484483813468 2
endloop
endfacet
facet normal -0.9999989723100617 0.0014336592413100714 -8.699837206608299e-13
outer loop
vertex 361.79466165 -200.246455 5
vertex 361.822677688795 -180.70484483813468 2
vertex 361.82239529667874 -180.90181760400586 2
endloop
endfacet
facet normal -0.9999989723100617 0.0014336592413100714 -8.699837206608299e-13
outer loop
vertex 361.79466165 -200.246455 5
vertex 361.82239529667874 -180.90181760400586 2
vertex 361.8221350426139 -181.08334874465086 2
endloop
endfacet
facet normal -0.9999989723100617 0.0014336592413100714 -8.699837206608299e-13
outer loop
vertex 361.79466165 -200.246455 5
vertex 361.8221350426139 -181.08334874465086 2
vertex 361.82190692801817 -181.24246212022734 2
endloop
endfacet
facet normal -0.9999989723100617 0.0014336592413100714 -8.699837206608299e-13
outer loop
vertex 361.79466165 -200.246455 5
vertex 361.82190692801817 -181.24246212022734 2
vertex 361.8217197192075 -181.37304309293623 2
endloop
endfacet
facet normal -0.9999989723100617 0.0014336592413100714 -8.699837206608299e-13
outer loop
vertex 361.79466165 -200.246455 5
vertex 361.8217197192075 -181.37304309293623 2
vertex 361.8215806105117 -181.47007350913586 2
endloop
endfacet
facet normal -0.9999989723100617 0.0014336592413100714 -8.699837206608299e-13
outer loop
vertex 361.79466165 -200.246455 5
vertex 361.8215806105117 -181.47007350913586 2
vertex 361.82149494779975 -181.52982454442252 2
endloop
endfacet
facet normal -0.9999989723100617 0.0014336592413100714 -8.699837206608299e-13
outer loop
vertex 361.79466165 -200.246455 5
vertex 361.82149494779975 -181.52982454442252 2
vertex 361.8214660230417 -181.54999999999998 2
endloop
endfacet
facet normal -0.9999989723100617 0.0014336592413100714 -8.699837206608299e-13
outer loop
vertex 361.79466165 -200.246455 5
vertex 361.8214660230417 -181.54999999999998 2
vertex 361.7983914437995 -197.6448675000142 2
endloop
endfacet
facet normal -0.9999989723100617 0.0014336592413100714 -8.699837206608299e-13
outer loop
vertex 361.79466165 -200.246455 5
vertex 361.7983914437995 -197.6448675000142 2
vertex 361.79795491140555 -197.94935543742992 2
endloop
endfacet
facet normal -0.9999989723100617 0.0014336592413100714 -8.699837206608299e-13
outer loop
vertex 361.79466165 -200.246455 5
vertex 361.79795491140555 -197.94935543742992 2
vertex 361.7975284973621 -198.24678567253073 2
endloop
endfacet
facet normal -0.9999989723100617 0.0014336592413100714 -8.699837206608299e-13
outer loop
vertex 361.79466165 -200.246455 5
vertex 361.7975284973621 -198.24678567253073 2
vertex 361.79712213990945 -198.53022613269658 2
endloop
endfacet
facet normal -0.9999989723100617 0.0014336592413100714 -8.699837206608299e-13
outer loop
vertex 361.79466165 -200.246455 5
vertex 361.79712213990945 -198.53022613269658 2
vertex 361.7967453115461 -198.79306960709437 2
endloop
endfacet
facet normal -0.9999989723100617 0.0014336592413100714 -8.699837206608299e-13
outer loop
vertex 361.79466165 -200.246455 5
vertex 361.7967453115461 -198.79306960709437 2
vertex 361.796406796425 -199.02918901642465 2
endloop
endfacet
facet normal -0.9999989723100617 0.0014336592413100714 -8.699837206608299e-13
outer loop
vertex 361.79466165 -200.246455 5
vertex 361.796406796425 -199.02918901642465 2
vertex 361.7961144855886 -199.233080239353 2
endloop
endfacet
facet normal -0.9999989723100617 0.0014336592413100714 -8.699837206608299e-13
outer loop
vertex 361.79466165 -200.246455 5
vertex 361.7961144855886 -199.233080239353 2
vertex 361.79587519302277 -199.39999041788064 2
endloop
endfacet
facet normal -0.9999989723100617 0.0014336592413100714 -8.699837206608299e-13
outer loop
vertex 361.79466165 -200.246455 5
vertex 361.79587519302277 -199.39999041788064 2
vertex 361.7956944968175 -199.52602874999673 2
endloop
endfacet
facet normal -0.9999989723100617 0.0014336592413100714 -8.699837206608299e-13
outer loop
vertex 361.79466165 -200.246455 5
vertex 361.7956944968175 -199.52602874999673 2
vertex 361.7946616500051 -200.24645499998462 2
endloop
endfacet
facet normal -0.99607561144644 0.08850636294414443 0
outer loop
vertex 361.72530035077176 -201.02706665594494 5
vertex 361.79466165 -200.246455 5
vertex 361.7946616500051 -200.24645499998462 2
endloop
endfacet
facet normal -0.99607561144644 0.08850636294414443 0
outer loop
vertex 361.72530035077176 -201.02706665594494 5
vertex 361.7946616500051 -200.24645499998462 2
vertex 361.7253003507764 -201.02706665593394 2
endloop
endfacet
facet normal -0.9656154661642944 0.2599745593405487 0
outer loop
vertex 361.5215616295959 -201.78380708748102 5
vertex 361.72530035077176 -201.02706665594494 5
vertex 361.7253003507764 -201.02706665593394 2
endloop
endfacet
facet normal -0.9656154661642944 0.2599745593405487 0
outer loop
vertex 361.5215616295959 -201.78380708748102 5
vertex 361.7253003507764 -201.02706665593394 2
vertex 361.5215616296006 -201.7838070875193 2
endloop
endfacet
facet normal -0.9058690121814705 0.42355794499615596 0
outer loop
vertex 361.18962471132136 -202.49372499084325 5
vertex 361.5215616295959 -201.78380708748102 5
vertex 361.5215616296006 -201.7838070875193 2
endloop
endfacet
facet normal -0.9058690121814705 0.42355794499615596 0
outer loop
vertex 361.18962471132136 -202.49372499084325 5
vertex 361.5215616296006 -201.7838070875193 2
vertex 361.1896247113182 -202.49372499082088 2
endloop
endfacet
facet normal -0.8186483094290511 0.5742951727717697 0
outer loop
vertex 360.7395569647901 -203.13528915034712 5
vertex 361.18962471132136 -202.49372499084325 5
vertex 361.1896247113182 -202.49372499082088 2
endloop
endfacet
facet normal -0.8186483094290511 0.5742951727717697 0
outer loop
vertex 360.7395569647901 -203.13528915034712 5
vertex 361.1896247113182 -202.49372499082088 2
vertex 360.73955696479396 -203.13528915035408 2
endloop
endfacet
facet normal -0.7065986888027945 0.7076145087419926 0
outer loop
vertex 360.1850085679695 -203.68904146213592 5
vertex 360.7395569647901 -203.13528915034712 5
vertex 360.73955696479396 -203.13528915035408 2
endloop
endfacet
facet normal -0.7065986888027945 0.7076145087419926 0
outer loop
vertex 360.1850085679695 -203.68904146213592 5
vertex 360.73955696479396 -203.13528915035408 2
vertex 360.18500856799324 -203.6890414621519 2
endloop
endfacet
facet normal -0.573118521491087 0.8194724890585837 0
outer loop
vertex 359.5427985094811 -204.1381870821798 5
vertex 360.1850085679695 -203.68904146213592 5
vertex 360.18500856799324 -203.6890414621519 2
endloop
endfacet
facet normal -0.573118521491087 0.8194724890585837 0
outer loop
vertex 359.5427985094811 -204.1381870821798 5
vertex 360.18500856799324 -203.6890414621519 2
vertex 359.5427985094786 -204.13818708214765 2
endloop
endfacet
facet normal -0.42225614922250615 0.9064765548230029 0
outer loop
vertex 358.8324044827593 -204.46910379983643 5
vertex 359.5427985094811 -204.1381870821798 5
vertex 359.5427985094786 -204.13818708214765 2
endloop
endfacet
facet normal -0.42225614922250615 0.9064765548230029 0
outer loop
vertex 358.8324044827593 -204.46910379983643 5
vertex 359.5427985094786 -204.13818708214765 2
vertex 358.8324044827388 -204.46910379984186 2
endloop
endfacet
facet normal -0.2585871014497338 0.965987945558238 0
outer loop
vertex 358.0753721439083 -204.6717551880935 5
vertex 358.8324044827593 -204.46910379983643 5
vertex 358.8324044827388 -204.46910379984186 2
endloop
endfacet
facet normal -0.2585871014497338 0.965987945558238 0
outer loop
vertex 358.0753721439083 -204.6717551880935 5
vertex 358.8324044827388 -204.46910379984186 2
vertex 358.0753721438995 -204.67175518809447 2
endloop
endfacet
facet normal -0.08708183773785555 0.9962011611799084 0
outer loop
vertex 357.2946633000004 -204.73999983581393 5
vertex 358.0753721439083 -204.6717551880935 5
vertex 358.0753721438995 -204.67175518809447 2
endloop
endfacet
facet normal -0.08708183773785555 0.9962011611799084 0
outer loop
vertex 357.2946633000004 -204.73999983581393 5
vertex 358.0753721438995 -204.67175518809447 2
vertex 357.2946632999992 -204.73999983581402 2
endloop
endfacet
facet normal 0 0 1
outer loop
vertex 293.4672332500009 -204.74000225 5
vertex 300.99073412476247 -204.74000225 5
vertex 357.2946633000004 -204.73999983581393 5
endloop
endfacet
facet normal 0 0 1
outer loop
vertex 293.4672332500009 -204.74000225 5
vertex 357.2946633000004 -204.73999983581393 5
vertex 357.2946632999992 -204.73999983581402 2
endloop
endfacet
facet normal 0 0 1
outer loop
vertex 293.4672332500009 -204.74000225 5
vertex 357.2946632999992 -204.73999983581402 2
vertex 300.99073412474286 -204.74000225616888 2
endloop
endfacet
facet normal 0 0 1
outer loop
vertex 293.4672332500009 -204.74000225 5
vertex 300.99073412474286 -204.74000225616888 2
vertex 293.46723310855606 -204.74000225616888 2
endloop
endfacet
facet normal 0 -1 0
outer loop
vertex 342.3 -101.115 2
vertex 342.3 -101.115 5
vertex 243.61695459999993 -101.115 5
endloop
endfacet
facet normal 0 -1 0
outer loop
vertex 342.3 -101.115 2
vertex 243.61695459999993 -101.115 5
vertex 243.61695459998683 -101.115 2
endloop
endfacet
facet normal 0 -1 0
outer loop
vertex 239.3904922999989 -104.07000000000102 2
vertex 239.3904923 -104.0699999999994 5
vertex 237.3032412 -104.0699999999994 5
endloop
endfacet
facet normal 0 -1 0
outer loop
vertex 239.3904922999989 -104.07000000000102 2
vertex 237.3032412 -104.0699999999994 5
vertex 237.30324119999983 -104.07000000000102 2
endloop
endfacet
facet normal 1 0 0
outer loop
vertex 342.3 -99.115 2
vertex 342.3 -99.115 5
vertex 342.3 -101.115 5
endloop
endfacet
facet normal 1 0 0
outer loop
vertex 342.3 -99.115 2
vertex 342.3 -101.115 5
vertex 342.3 -101.115 2
endloop
endfacet
facet normal -0.08308146856273878 0.9965427585314435 0
outer loop
vertex 242.54064685034763 -99.20473070143537 5
vertex 243.61694560000004 -99.115 5
vertex 243.6169456000164 -99.115 2
endloop
endfacet
facet normal -0.08308146856273878 0.9965427585314435 0
outer loop
vertex 242.54064685034763 -99.20473070143537 5
vertex 243.6169456000164 -99.115 2
vertex 242.54064685032893 -99.20473070143366 2
endloop
endfacet
facet normal -0.2469465656524789 0.9690290984859258 0
outer loop
vertex 241.4940637527856 -99.47144106340146 5
vertex 242.54064685034763 -99.20473070143537 5
vertex 242.54064685032893 -99.20473070143366 2
endloop
endfacet
facet normal -0.2469465656524789 0.9690290984859258 0
outer loop
vertex 241.4940637527856 -99.47144106340146 5
vertex 242.54064685032893 -99.20473070143366 2
vertex 241.4940637527988 -99.47144106340339 2
endloop
endfacet
facet normal -0.40399377143014936 0.9147617354511743 0
outer loop
vertex 240.5060911809445 -99.90776754044936 5
vertex 241.4940637527856 -99.47144106340146 5
vertex 241.4940637527988 -99.47144106340339 2
endloop
endfacet
facet normal -0.40399377143014936 0.9147617354511743 0
outer loop
vertex 240.5060911809445 -99.90776754044936 5
vertex 241.4940637527988 -99.47144106340339 2
vertex 240.50609118094025 -99.90776754044569 2
endloop
endfacet
facet normal -0.549887205471546 0.835238924654912 0
outer loop
vertex 239.60400584384197 -100.50166369456015 5
vertex 240.5060911809445 -99.90776754044936 5
vertex 240.50609118094025 -99.90776754044569 2
endloop
endfacet
facet normal -0.549887205471546 0.835238924654912 0
outer loop
vertex 239.60400584384197 -100.50166369456015 5
vertex 240.50609118094025 -99.90776754044569 2
vertex 239.60400584383498 -100.50166369454286 2
endloop
endfacet
facet normal 0 0 -1
outer loop
vertex 238.81271320945336 -101.23673278250058 5
vertex 238.88750642770637 -101.16725383080043 5
vertex 238.94375701980627 -101.115 5
endloop
endfacet
facet normal 0 0 -1
outer loop
vertex 238.81271320945336 -101.23673278250058 5
vertex 238.94375701980627 -101.115 5
vertex 239.60400584384197 -100.50166369456015 5
endloop
endfacet
facet normal 0 0 -1
outer loop
vertex 238.81271320945336 -101.23673278250058 5
vertex 239.60400584384197 -100.50166369456015 5
vertex 239.60400584383498 -100.50166369454286 2
endloop
endfacet
facet normal 0 0 -1
outer loop
vertex 238.81271320945336 -101.23673278250058 5
vertex 239.60400584383498 -100.50166369454286 2
vertex 238.8127132094652 -101.23673278251569 2
endloop
endfacet
facet normal 0 0 -1
outer loop
vertex 238.15405989533798 -102.09268044976002 5
vertex 238.2815412180262 -101.9270131124284 5
vertex 238.55008414578654 -101.57803028997925 5
endloop
endfacet
facet normal 0 0 -1
outer loop
vertex 238.15405989533798 -102.09268044976002 5
vertex 238.55008414578654 -101.57803028997925 5
vertex 238.7464832505653 -101.32280139795887 5
endloop
endfacet
facet normal 0 0 -1
outer loop
vertex 238.15405989533798 -102.09268044976002 5
vertex 238.7464832505653 -101.32280139795887 5
vertex 238.81271320945336 -101.23673278250058 5
endloop
endfacet
facet normal 0 0 -1
outer loop
vertex 238.15405989533798 -102.09268044976002 5
vertex 238.81271320945336 -101.23673278250058 5
vertex 238.8127132094652 -101.23673278251569 2
endloop
endfacet
facet normal 0 0 -1
outer loop
vertex 238.15405989533798 -102.09268044976002 5
vertex 238.8127132094652 -101.23673278251569 2
vertex 238.15405989533247 -102.09268044977824 2
endloop
endfacet
facet normal 0 0 -1
outer loop
vertex 237.64623051036415 -103.04587503274958 5
vertex 237.738954369556 -102.871832563151 5
vertex 238.0107647297011 -102.36164514478396 5
endloop
endfacet
facet normal 0 0 -1
outer loop
vertex 237.64623051036415 -103.04587503274958 5
vertex 238.0107647297011 -102.36164514478396 5
vertex 238.15405989533798 -102.09268044976002 5
endloop
endfacet
facet normal 0 0 -1
outer loop
vertex 237.64623051036415 -103.04587503274958 5
vertex 238.15405989533798 -102.09268044976002 5
vertex 238.15405989533247 -102.09268044977824 2
endloop
endfacet
facet normal 0 0 -1
outer loop
vertex 237.64623051036415 -103.04587503274958 5
vertex 238.15405989533247 -102.09268044977824 2
vertex 237.64623051036588 -103.04587503274628 2
endloop
endfacet
facet normal 0 0 -1
outer loop
vertex 237.3032412 -104.0699999999994 5
vertex 237.51231628501483 -103.44572685759084 5
vertex 237.64623051036415 -103.04587503274958 5
endloop
endfacet
facet normal 0 0 -1
outer loop
vertex 237.3032412 -104.0699999999994 5
vertex 237.64623051036415 -103.04587503274958 5
vertex 237.64623051036588 -103.04587503274628 2
endloop
endfacet
facet normal 0 0 -1
outer loop
vertex 237.3032412 -104.0699999999994 5
vertex 237.64623051036588 -103.04587503274628 2
vertex 237.30324119999983 -104.07000000000102 2
endloop
endfacet
facet normal 0.9103222144311366 -0.4139003091484612 0
outer loop
vertex 239.6743333867491 -103.44572685759084 5
vertex 239.3904923 -104.0699999999994 5
vertex 239.3904922999989 -104.07000000000102 2
endloop
endfacet
facet normal 0.9103222144311366 -0.4139003091484612 0
outer loop
vertex 239.6743333867491 -103.44572685759084 5
vertex 239.3904922999989 -104.07000000000102 2
vertex 239.6743333867467 -103.44572685756206 2
endloop
endfacet
facet normal 0.836859203887255 -0.5474181882886153 0
outer loop
vertex 240.0497372461703 -102.871832563151 5
vertex 239.6743333867491 -103.44572685759084 5
vertex 239.6743333867467 -103.44572685756206 2
endloop
endfacet
facet normal 0.836859203887255 -0.5474181882886153 0
outer loop
vertex 240.0497372461703 -102.871832563151 5
vertex 239.6743333867467 -103.44572685756206 2
vertex 240.04973724617582 -102.87183256316473 2
endloop
endfacet
facet normal 0.7439611107897675 -0.6682229161233963 0
outer loop
vertex 240.50798555986077 -102.36164514478396 5
vertex 240.0497372461703 -102.871832563151 5
vertex 240.04973724617582 -102.87183256316473 2
endloop
endfacet
facet normal 0.7439611107897675 -0.6682229161233963 0
outer loop
vertex 240.50798555986077 -102.36164514478396 5
vertex 240.04973724617582 -102.87183256316473 2
vertex 240.50798555986037 -102.36164514479795 2
endloop
endfacet
facet normal 0.6337853854005228 -0.7735089432273622 0
outer loop
vertex 241.03843604323328 -101.9270131124284 5
vertex 240.50798555986077 -102.36164514478396 5
vertex 240.50798555986037 -102.36164514479795 2
endloop
endfacet
facet normal 0.6337853854005228 -0.7735089432273622 0
outer loop
vertex 241.03843604323328 -101.9270131124284 5
vertex 240.50798555986037 -102.36164514479795 2
vertex 241.03843604323527 -101.92701311241788 2
endloop
endfacet
facet normal 0.5088907309140056 -0.8608311239667215 0
outer loop
vertex 241.62876960021205 -101.57803028997925 5
vertex 241.03843604323328 -101.9270131124284 5
vertex 241.03843604323527 -101.92701311241788 2
endloop
endfacet
facet normal 0.5088907309140056 -0.8608311239667215 0
outer loop
vertex 241.62876960021205 -101.57803028997925 5
vertex 241.03843604323527 -101.92701311241788 2
vertex 241.62876960019423 -101.57803028998867 2
endloop
endfacet
facet normal 0.37217768054910294 -0.9281615021649465 0
outer loop
vertex 242.26527641992251 -101.32280139795887 5
vertex 241.62876960021205 -101.57803028997925 5
vertex 241.62876960019423 -101.57803028998867 2
endloop
endfacet
facet normal 0.37217768054910294 -0.9281615021649465 0
outer loop
vertex 242.26527641992251 -101.32280139795887 5
vertex 241.62876960019423 -101.57803028998867 2
vertex 242.2652764199144 -101.32280139796258 2
endloop
endfacet
facet normal 0.22682123603570403 -0.9739364080283863 0
outer loop
vertex 242.93317437111781 -101.16725383080043 5
vertex 242.26527641992251 -101.32280139795887 5
vertex 242.2652764199144 -101.32280139796258 2
endloop
endfacet
facet normal 0.22682123603570403 -0.9739364080283863 0
outer loop
vertex 242.93317437111781 -101.16725383080043 5
vertex 242.2652764199144 -101.32280139796258 2
vertex 242.93317437114277 -101.167253830799 2
endloop
endfacet
facet normal 0.07619687707614274 -0.9970927920328395 0
outer loop
vertex 243.61695459999993 -101.115 5
vertex 242.93317437111781 -101.16725383080043 5
vertex 242.93317437114277 -101.167253830799 2
endloop
endfacet
facet normal 0.07619687707614274 -0.9970927920328395 0
outer loop
vertex 243.61695459999993 -101.115 5
vertex 242.93317437114277 -101.167253830799 2
vertex 243.61695459998683 -101.115 2
endloop
endfacet
facet normal 0 0 1
outer loop
vertex 227.76094210000002 -222.9506357000001 5
vertex 227.3409636511386 -221.79675609999998 5
vertex 223.86568165598453 -212.2485114 5
endloop
endfacet
facet normal 0 0 1
outer loop
vertex 227.76094210000002 -222.9506357000001 5
vertex 223.86568165598453 -212.2485114 5
vertex 222.49759905515145 -208.48974089999996 5
endloop
endfacet
facet normal 0 0 1
outer loop
vertex 227.76094210000002 -222.9506357000001 5
vertex 222.49759905515145 -208.48974089999996 5
vertex 221.24545129999981 -205.0494982999994 5
endloop
endfacet
facet normal 0 0 1
outer loop
vertex 227.76094210000002 -222.9506357000001 5
vertex 221.24545129999981 -205.0494982999994 5
vertex 221.2454512999975 -205.04949830001243 2
endloop
endfacet
facet normal 0 0 1
outer loop
vertex 227.76094210000002 -222.9506357000001 5
vertex 221.2454512999975 -205.04949830001243 2
vertex 227.76094210002006 -222.95063570005115 2
endloop
endfacet
facet normal -0.9951847266721985 0.09801714032954566 0
outer loop
vertex 249.73459134442476 -213.37759613811414 2
vertex 249.75476679999971 -213.17275130000564 2
vertex 249.75476679999971 -213.1727513000057 0
endloop
endfacet
facet normal -0.9951847266721985 0.09801714032954566 0
outer loop
vertex 249.73459134442476 -213.37759613811414 2
vertex 249.75476679999971 -213.1727513000057 0
vertex 249.7345913444239 -213.37759613811423 0
endloop
endfacet
facet normal -0.9951847266721985 -0.09801714032954566 0
outer loop
vertex 249.75476679999971 -213.17275130000564 2
vertex 249.73459134442263 -212.96790646188347 2
vertex 249.7345913444202 -212.96790646188353 0
endloop
endfacet
facet normal -0.9951847266721985 -0.09801714032954566 0
outer loop
vertex 249.75476679999971 -213.17275130000564 2
vertex 249.7345913444202 -212.96790646188353 0
vertex 249.75476679999971 -213.1727513000057 0
endloop
endfacet
facet normal -0.956940335732188 -0.29028467725453194 0
outer loop
vertex 249.73459134442263 -212.96790646188347 2
vertex 249.6748403091273 -212.77093369599157 2
vertex 249.6748403091451 -212.7709336959916 0
endloop
endfacet
facet normal -0.956940335732188 -0.29028467725453194 0
outer loop
vertex 249.73459134442263 -212.96790646188347 2
vertex 249.6748403091451 -212.7709336959916 0
vertex 249.7345913444202 -212.96790646188353 0
endloop
endfacet
facet normal -0.8819212643483418 -0.4713967368260224 0
outer loop
vertex 249.6748403091273 -212.77093369599157 2
vertex 249.57780989293994 -212.5894025553387 2
vertex 249.5778098929147 -212.58940255533867 0
endloop
endfacet
facet normal -0.8819212643483418 -0.4713967368260224 0
outer loop
vertex 249.6748403091273 -212.77093369599157 2
vertex 249.5778098929147 -212.58940255533867 0
vertex 249.6748403091451 -212.7709336959916 0
endloop
endfacet
facet normal -0.7730104533627572 -0.6343932841636208 0
outer loop
vertex 249.57780989293994 -212.5894025553387 2
vertex 249.44722892024902 -212.43028917976693 2
vertex 249.44722892026275 -212.4302891797669 0
endloop
endfacet
facet normal -0.7730104533627572 -0.6343932841636208 0
outer loop
vertex 249.57780989293994 -212.5894025553387 2
vertex 249.44722892026275 -212.4302891797669 0
vertex 249.5778098929147 -212.58940255533867 0
endloop
endfacet
facet normal -0.6343932841636518 -0.7730104533627318 0
outer loop
vertex 249.44722892024902 -212.43028917976693 2
vertex 249.28811554465082 -212.29970820706603 2
vertex 249.28811554462106 -212.29970820706603 0
endloop
endfacet
facet normal -0.6343932841636518 -0.7730104533627318 0
outer loop
vertex 249.44722892024902 -212.43028917976693 2
vertex 249.28811554462106 -212.29970820706603 0
vertex 249.44722892026275 -212.4302891797669 0
endloop
endfacet
facet normal -0.4713967368259664 -0.8819212643483717 0
outer loop
vertex 249.28811554465082 -212.29970820706603 2
vertex 249.1065844039967 -212.20267779087519 2
vertex 249.10658440402304 -212.2026777908752 0
endloop
endfacet
facet normal -0.4713967368259664 -0.8819212643483717 0
outer loop
vertex 249.28811554465082 -212.29970820706603 2
vertex 249.10658440402304 -212.2026777908752 0
vertex 249.28811554462106 -212.29970820706603 0
endloop
endfacet
facet normal -0.29028467725450585 -0.9569403357321956 0
outer loop
vertex 249.1065844039967 -212.20267779087519 2
vertex 248.9096116381156 -212.14292675557581 2
vertex 248.90961163812761 -212.14292675557581 0
endloop
endfacet
facet normal -0.29028467725450585 -0.9569403357321956 0
outer loop
vertex 249.1065844039967 -212.20267779087519 2
vertex 248.90961163812761 -212.14292675557581 0
vertex 249.10658440402304 -212.2026777908752 0
endloop
endfacet
facet normal -0.09801714032954566 -0.9951847266721985 0
outer loop
vertex 248.9096116381156 -212.14292675557581 2
vertex 248.70476680000343 -212.12275130000032 2
vertex 248.70476680000345 -212.12275130000032 0
endloop
endfacet
facet normal -0.09801714032954566 -0.9951847266721985 0
outer loop
vertex 248.9096116381156 -212.14292675557581 2
vertex 248.70476680000345 -212.12275130000032 0
vertex 248.90961163812761 -212.14292675557581 0
endloop
endfacet
facet normal 0.09801714032954566 -0.9951847266721985 0
outer loop
vertex 248.70476680000343 -212.12275130000032 2
vertex 248.49992196186028 -212.14292675557581 2
vertex 248.49992196189777 -212.14292675557581 0
endloop
endfacet
facet normal 0.09801714032954566 -0.9951847266721985 0
outer loop
vertex 248.70476680000343 -212.12275130000032 2
vertex 248.49992196189777 -212.14292675557581 0
vertex 248.70476680000345 -212.12275130000032 0
endloop
endfacet
facet normal 0.2902846772545339 -0.9569403357321872 0
outer loop
vertex 248.49992196186028 -212.14292675557581 2
vertex 248.30294919602343 -212.20267779087519 2
vertex 248.30294919595195 -212.2026777908752 0
endloop
endfacet
facet normal 0.2902846772545339 -0.9569403357321872 0
outer loop
vertex 248.49992196186028 -212.14292675557581 2
vertex 248.30294919595195 -212.2026777908752 0
vertex 248.49992196189777 -212.14292675557581 0
endloop
endfacet
facet normal 0.47139673682602534 -0.8819212643483402 0
outer loop
vertex 248.30294919602343 -212.20267779087519 2
vertex 248.1214180553358 -212.29970820706603 2
vertex 248.12141805538857 -212.29970820706603 0
endloop
endfacet
facet normal 0.47139673682602534 -0.8819212643483402 0
outer loop
vertex 248.30294919602343 -212.20267779087519 2
vertex 248.12141805538857 -212.29970820706603 0
vertex 248.30294919595195 -212.2026777908752 0
endloop
endfacet
facet normal 0.6343932841636518 -0.7730104533627319 0
outer loop
vertex 248.1214180553358 -212.29970820706603 2
vertex 247.96230467975502 -212.43028917976693 2
vertex 247.96230467972555 -212.4302891797669 0
endloop
endfacet
facet normal 0.6343932841636518 -0.7730104533627319 0
outer loop
vertex 248.1214180553358 -212.29970820706603 2
vertex 247.96230467972555 -212.4302891797669 0
vertex 248.12141805538857 -212.29970820706603 0
endloop
endfacet
facet normal 0.7730104533627065 -0.6343932841636827 0
outer loop
vertex 247.96230467975502 -212.43028917976693 2
vertex 247.8317237070785 -212.5894025553387 2
vertex 247.83172370708573 -212.58940255533867 0
endloop
endfacet
facet normal 0.7730104533627065 -0.6343932841636827 0
outer loop
vertex 247.96230467975502 -212.43028917976693 2
vertex 247.83172370708573 -212.58940255533867 0
vertex 247.96230467972555 -212.4302891797669 0
endloop
endfacet
facet normal 0.8819212643483402 -0.47139673682602534 0
outer loop
vertex 247.8317237070785 -212.5894025553387 2
vertex 247.73469329086026 -212.77093369599157 2
vertex 247.73469329087763 -212.7709336959916 0
endloop
endfacet
facet normal 0.8819212643483402 -0.47139673682602534 0
outer loop
vertex 247.8317237070785 -212.5894025553387 2
vertex 247.73469329087763 -212.7709336959916 0
vertex 247.83172370708573 -212.58940255533867 0
endloop
endfacet
facet normal 0.9569403357321872 -0.2902846772545339 0
outer loop
vertex 247.73469329086026 -212.77093369599157 2
vertex 247.6749422555781 -212.96790646188347 2
vertex 247.6749422555663 -212.96790646188353 0
endloop
endfacet
facet normal 0.9569403357321872 -0.2902846772545339 0
outer loop
vertex 247.73469329086026 -212.77093369599157 2
vertex 247.6749422555663 -212.96790646188353 0
vertex 247.73469329087763 -212.7709336959916 0
endloop
endfacet
facet normal 0.9951847266721985 -0.09801714032954566 0
outer loop
vertex 247.6749422555781 -212.96790646188347 2
vertex 247.6547668 -213.17275130000564 2
vertex 247.65476680000089 -213.1727513000057 0
endloop
endfacet
facet normal 0.9951847266721985 -0.09801714032954566 0
outer loop
vertex 247.6749422555781 -212.96790646188347 2
vertex 247.65476680000089 -213.1727513000057 0
vertex 247.6749422555663 -212.96790646188353 0
endloop
endfacet
facet normal 0.9951847266721985 0.09801714032954566 0
outer loop
vertex 247.6547668 -213.17275130000564 2
vertex 247.67494225557417 -213.37759613811414 2
vertex 247.6749422553149 -213.37759613811423 0
endloop
endfacet
facet normal 0.9951847266721985 0.09801714032954566 0
outer loop
vertex 247.6547668 -213.17275130000564 2
vertex 247.6749422553149 -213.37759613811423 0
vertex 247.65476680000089 -213.1727513000057 0
endloop
endfacet
facet normal 0.956940335732188 0.29028467725453194 0
outer loop
vertex 247.67494225557417 -213.37759613811414 2
vertex 247.73469329087357 -213.57456890401306 2
vertex 247.73469329087067 -213.57456890401298 0
endloop
endfacet
facet normal 0.956940335732188 0.29028467725453194 0
outer loop
vertex 247.67494225557417 -213.37759613811414 2
vertex 247.73469329087067 -213.57456890401298 0
vertex 247.6749422553149 -213.37759613811423 0
endloop
endfacet
facet normal 0.8819212643483494 0.47139673682600847 0
outer loop
vertex 247.73469329087357 -213.57456890401306 2
vertex 247.83172370709255 -213.75610004464212 2
vertex 247.8317237070616 -213.756100044642 0
endloop
endfacet
facet normal 0.8819212643483494 0.47139673682600847 0
outer loop
vertex 247.73469329087357 -213.57456890401306 2
vertex 247.8317237070616 -213.756100044642 0
vertex 247.73469329087067 -213.57456890401298 0
endloop
endfacet
facet normal 0.7730104533627572 0.6343932841636208 0
outer loop
vertex 247.83172370709255 -213.75610004464212 2
vertex 247.96230467969917 -213.91521342025715 2
vertex 247.9623046797945 -213.91521342025723 0
endloop
endfacet
facet normal 0.7730104533627572 0.6343932841636208 0
outer loop
vertex 247.83172370709255 -213.75610004464212 2
vertex 247.9623046797945 -213.91521342025723 0
vertex 247.8317237070616 -213.756100044642 0
endloop
endfacet
facet normal 0.6343932841636208 0.7730104533627573 0
outer loop
vertex 247.96230467969917 -213.91521342025715 2
vertex 248.12141805539437 -214.0457943929121 2
vertex 248.1214180552606 -214.0457943929121 0
endloop
endfacet
facet normal 0.6343932841636208 0.7730104533627573 0
outer loop
vertex 247.96230467969917 -213.91521342025715 2
vertex 248.1214180552606 -214.0457943929121 0
vertex 247.9623046797945 -213.91521342025723 0
endloop
endfacet
facet normal 0.4713967368260224 0.8819212643483418 0
outer loop
vertex 248.12141805539437 -214.0457943929121 2
vertex 248.30294919600107 -214.1428248091392 2
vertex 248.30294919608707 -214.14282480913923 0
endloop
endfacet
facet normal 0.4713967368260224 0.8819212643483418 0
outer loop
vertex 248.12141805539437 -214.0457943929121 2
vertex 248.30294919608707 -214.14282480913923 0
vertex 248.1214180552606 -214.0457943929121 0
endloop
endfacet
facet normal 0.2902846772545339 0.9569403357321872 0
outer loop
vertex 248.30294919600107 -214.1428248091392 2
vertex 248.49992196187299 -214.20257584442354 2
vertex 248.4999219618631 -214.20257584442354 0
endloop
endfacet
facet normal 0.2902846772545339 0.9569403357321872 0
outer loop
vertex 248.30294919600107 -214.1428248091392 2
vertex 248.4999219618631 -214.20257584442354 0
vertex 248.30294919608707 -214.14282480913923 0
endloop
endfacet
facet normal 0.09801714032954566 0.9951847266721985 0
outer loop
vertex 248.49992196187299 -214.20257584442354 2
vertex 248.70476679999302 -214.2227513000003 2
vertex 248.70476679999314 -214.2227513000003 0
endloop
endfacet
facet normal 0.09801714032954566 0.9951847266721985 0
outer loop
vertex 248.49992196187299 -214.20257584442354 2
vertex 248.70476679999314 -214.2227513000003 0
vertex 248.4999219618631 -214.20257584442354 0
endloop
endfacet
facet normal -0.09801714032954566 0.9951847266721985 0
outer loop
vertex 248.70476679999302 -214.2227513000003 2
vertex 248.9096116381243 -214.20257584442354 2
vertex 248.90961163810184 -214.20257584442354 0
endloop
endfacet
facet normal -0.09801714032954566 0.9951847266721985 0
outer loop
vertex 248.70476679999302 -214.2227513000003 2
vertex 248.90961163810184 -214.20257584442354 0
vertex 248.70476679999314 -214.2227513000003 0
endloop
endfacet
facet normal -0.2902846772545339 0.9569403357321872 0
outer loop
vertex 248.9096116381243 -214.20257584442354 2
vertex 249.10658440396273 -214.1428248091392 2
vertex 249.10658440397992 -214.14282480913923 0
endloop
endfacet
facet normal -0.2902846772545339 0.9569403357321872 0
outer loop
vertex 248.9096116381243 -214.20257584442354 2
vertex 249.10658440397992 -214.14282480913923 0
vertex 248.90961163810184 -214.20257584442354 0
endloop
endfacet
facet normal -0.47139673682602534 0.8819212643483402 0
outer loop
vertex 249.10658440396273 -214.1428248091392 2
vertex 249.28811554468135 -214.0457943929121 2
vertex 249.28811554468126 -214.0457943929121 0
endloop
endfacet
facet normal -0.47139673682602534 0.8819212643483402 0
outer loop
vertex 249.10658440396273 -214.1428248091392 2
vertex 249.28811554468126 -214.0457943929121 0
vertex 249.10658440397992 -214.14282480913923 0
endloop
endfacet
facet normal -0.6343932841636518 0.7730104533627319 0
outer loop
vertex 249.28811554468135 -214.0457943929121 2
vertex 249.4472289202347 -213.91521342025715 2
vertex 249.4472289202468 -213.91521342025723 0
endloop
endfacet
facet normal -0.6343932841636518 0.7730104533627319 0
outer loop
vertex 249.28811554468135 -214.0457943929121 2
vertex 249.4472289202468 -213.91521342025723 0
vertex 249.28811554468126 -214.0457943929121 0
endloop
endfacet
facet normal -0.7730104533627319 0.6343932841636518 0
outer loop
vertex 249.4472289202347 -213.91521342025715 2
vertex 249.57780989294588 -213.75610004464212 2
vertex 249.5778098929134 -213.756100044642 0
endloop
endfacet
facet normal -0.7730104533627319 0.6343932841636518 0
outer loop
vertex 249.4472289202347 -213.91521342025715 2
vertex 249.5778098929134 -213.756100044642 0
vertex 249.4472289202468 -213.91521342025723 0
endloop
endfacet
facet normal -0.8819212643483402 0.47139673682602534 0
outer loop
vertex 249.57780989294588 -213.75610004464212 2
vertex 249.67484030911314 -213.57456890401306 2
vertex 249.67484030913434 -213.57456890401298 0
endloop
endfacet
facet normal -0.8819212643483402 0.47139673682602534 0
outer loop
vertex 249.57780989294588 -213.75610004464212 2
vertex 249.67484030913434 -213.57456890401298 0
vertex 249.5778098929134 -213.756100044642 0
endloop
endfacet
facet normal -0.9569403357321702 0.2902846772545899 0
outer loop
vertex 249.67484030911314 -213.57456890401306 2
vertex 249.73459134442476 -213.37759613811414 2
vertex 249.7345913444239 -213.37759613811423 0
endloop
endfacet
facet normal -0.9569403357321702 0.2902846772545899 0
outer loop
vertex 249.67484030911314 -213.57456890401306 2
vertex 249.7345913444239 -213.37759613811423 0
vertex 249.67484030913434 -213.57456890401298 0
endloop
endfacet
facet normal -0.9951847266721985 0.09801714032954566 0
outer loop
vertex 246.52982454442494 -169.27484483809886 2
vertex 246.5500000000001 -169.0700000000022 2
vertex 246.55000000000007 -169.07000000000218 0
endloop
endfacet
facet normal -0.9951847266721985 0.09801714032954566 0
outer loop
vertex 246.52982454442494 -169.27484483809886 2
vertex 246.55000000000007 -169.07000000000218 0
vertex 246.52982454307315 -169.27484483809866 0
endloop
endfacet
facet normal -0.9951847266721985 -0.09801714032954566 0
outer loop
vertex 246.5500000000001 -169.0700000000022 2
vertex 246.52982454442468 -168.8651551618977 2
vertex 246.5298245444208 -168.86515516189786 0
endloop
endfacet
facet normal -0.9951847266721985 -0.09801714032954566 0
outer loop
vertex 246.5500000000001 -169.0700000000022 2
vertex 246.5298245444208 -168.86515516189786 0
vertex 246.55000000000007 -169.07000000000218 0
endloop
endfacet
facet normal -0.956940335732188 -0.29028467725453194 0
outer loop
vertex 246.52982454442468 -168.8651551618977 2
vertex 246.470073509132 -168.66818239602256 2
vertex 246.47007350915234 -168.66818239602262 0
endloop
endfacet
facet normal -0.956940335732188 -0.29028467725453194 0
outer loop
vertex 246.52982454442468 -168.8651551618977 2
vertex 246.47007350915234 -168.66818239602262 0
vertex 246.5298245444208 -168.86515516189786 0
endloop
endfacet
facet normal -0.8819212643483584 -0.4713967368259914 0
outer loop
vertex 246.470073509132 -168.66818239602256 2
vertex 246.3730430929164 -168.48665125530601 2
vertex 246.3730430929147 -168.48665125530596 0
endloop
endfacet
facet normal -0.8819212643483584 -0.4713967368259914 0
outer loop
vertex 246.470073509132 -168.66818239602256 2
vertex 246.3730430929147 -168.48665125530596 0
vertex 246.47007350915234 -168.66818239602262 0
endloop
endfacet
facet normal -0.7730104533627319 -0.6343932841636518 0
outer loop
vertex 246.3730430929164 -168.48665125530601 2
vertex 246.2424621202573 -168.327537879751 2
vertex 246.2424621202407 -168.32753787975102 0
endloop
endfacet
facet normal -0.7730104533627319 -0.6343932841636518 0
outer loop
vertex 246.3730430929164 -168.48665125530601 2
vertex 246.2424621202407 -168.32753787975102 0
vertex 246.3730430929147 -168.48665125530596 0
endloop
endfacet
facet normal -0.6343932841636509 -0.7730104533627326 0
outer loop
vertex 246.2424621202573 -168.327537879751 2
vertex 246.08334874467133 -168.1969569070842 2
vertex 246.083348744662 -168.1969569070844 0
endloop
endfacet
facet normal -0.6343932841636509 -0.7730104533627326 0
outer loop
vertex 246.2424621202573 -168.327537879751 2
vertex 246.083348744662 -168.1969569070844 0
vertex 246.2424621202407 -168.32753787975102 0
endloop
endfacet
facet normal -0.47139673682599165 -0.8819212643483583 0
outer loop
vertex 246.08334874467133 -168.1969569070842 2
vertex 245.90181760396192 -168.09992649085655 2
vertex 245.90181760398815 -168.09992649085646 0
endloop
endfacet
facet normal -0.47139673682599165 -0.8819212643483583 0
outer loop
vertex 246.08334874467133 -168.1969569070842 2
vertex 245.90181760398815 -168.09992649085646 0
vertex 246.083348744662 -168.1969569070844 0
endloop
endfacet
facet normal -0.2902846772545199 -0.9569403357321915 0
outer loop
vertex 245.90181760396192 -168.09992649085655 2
vertex 245.70484483814064 -168.04017545557855 2
vertex 245.70484483811254 -168.04017545557852 0
endloop
endfacet
facet normal -0.2902846772545199 -0.9569403357321915 0
outer loop
vertex 245.90181760396192 -168.09992649085655 2
vertex 245.70484483811254 -168.04017545557852 0
vertex 245.90181760398815 -168.09992649085646 0
endloop
endfacet
facet normal -0.09801714032954582 -0.9951847266721984 0
outer loop
vertex 245.70484483814064 -168.04017545557855 2
vertex 245.50000000000355 -168.0200000000003 2
vertex 245.50000000000355 -168.0200000000003 0
endloop
endfacet
facet normal -0.09801714032954582 -0.9951847266721984 0
outer loop
vertex 245.70484483814064 -168.04017545557855 2
vertex 245.50000000000355 -168.0200000000003 0
vertex 245.70484483811254 -168.04017545557852 0
endloop
endfacet
facet normal 0.2902846772545339 -0.9569403357321872 0
outer loop
vertex 245.29515516186748 -168.04017545557855 2
vertex 245.09818239602933 -168.09992649085655 2
vertex 245.09818239602953 -168.09992649085646 0
endloop
endfacet
facet normal 0.2902846772545339 -0.9569403357321872 0
outer loop
vertex 245.29515516186748 -168.04017545557855 2
vertex 245.09818239602953 -168.09992649085646 0
vertex 245.29515516186768 -168.04017545557852 0
endloop
endfacet
facet normal 0.4713967368259914 -0.8819212643483584 0
outer loop
vertex 245.09818239602933 -168.09992649085655 2
vertex 244.9166512553262 -168.1969569070842 2
vertex 244.91665125532592 -168.1969569070844 0
endloop
endfacet
facet normal 0.4713967368259914 -0.8819212643483584 0
outer loop
vertex 245.09818239602933 -168.09992649085655 2
vertex 244.91665125532592 -168.1969569070844 0
vertex 245.09818239602953 -168.09992649085646 0
endloop
endfacet
facet normal 0.6343932841636518 -0.7730104533627319 0
outer loop
vertex 244.9166512553262 -168.1969569070842 2
vertex 244.75753787975688 -168.327537879751 2
vertex 244.75753787975697 -168.32753787975102 0
endloop
endfacet
facet normal 0.6343932841636518 -0.7730104533627319 0
outer loop
vertex 244.9166512553262 -168.1969569070842 2
vertex 244.75753787975697 -168.32753787975102 0
vertex 244.91665125532592 -168.1969569070844 0
endloop
endfacet
facet normal 0.7730104533627319 -0.6343932841636518 0
outer loop
vertex 244.75753787975688 -168.327537879751 2
vertex 244.62695690708003 -168.48665125530601 2
vertex 244.6269569071019 -168.48665125530596 0
endloop
endfacet
facet normal 0.7730104533627319 -0.6343932841636518 0
outer loop
vertex 244.75753787975688 -168.327537879751 2
vertex 244.6269569071019 -168.48665125530596 0
vertex 244.75753787975697 -168.32753787975102 0
endloop
endfacet
facet normal 0.8819212643483402 -0.47139673682602534 0
outer loop
vertex 244.62695690708003 -168.48665125530601 2
vertex 244.52992649086084 -168.66818239602256 2
vertex 244.5299264908454 -168.66818239602262 0
endloop
endfacet
facet normal 0.8819212643483402 -0.47139673682602534 0
outer loop
vertex 244.62695690708003 -168.48665125530601 2
vertex 244.5299264908454 -168.66818239602262 0
vertex 244.6269569071019 -168.48665125530596 0
endloop
endfacet
facet normal 0.9569403357321872 -0.2902846772545339 0
outer loop
vertex 244.52992649086084 -168.66818239602256 2
vertex 244.4701754555776 -168.8651551618977 2
vertex 244.4701754555715 -168.86515516189786 0
endloop
endfacet
facet normal 0.9569403357321872 -0.2902846772545339 0
outer loop
vertex 244.52992649086084 -168.66818239602256 2
vertex 244.4701754555715 -168.86515516189786 0
vertex 244.5299264908454 -168.66818239602262 0
endloop
endfacet
facet normal 0.9951847266721985 -0.09801714032954566 0
outer loop
vertex 244.4701754555776 -168.8651551618977 2
vertex 244.45 -169.0700000000022 2
vertex 244.45000000000226 -169.07000000000218 0
endloop
endfacet
facet normal 0.9951847266721985 -0.09801714032954566 0
outer loop
vertex 244.4701754555776 -168.8651551618977 2
vertex 244.45000000000226 -169.07000000000218 0
vertex 244.4701754555715 -168.86515516189786 0
endloop
endfacet
facet normal 0.9951847266721985 0.09801714032954566 0
outer loop
vertex 244.45 -169.0700000000022 2
vertex 244.47017545557458 -169.27484483809886 2
vertex 244.47017545557458 -169.27484483809866 0
endloop
endfacet
facet normal 0.9951847266721985 0.09801714032954566 0
outer loop
vertex 244.45 -169.0700000000022 2
vertex 244.47017545557458 -169.27484483809866 0
vertex 244.45000000000226 -169.07000000000218 0
endloop
endfacet
facet normal 0.9569403357321872 0.2902846772545339 0
outer loop
vertex 244.47017545557458 -169.27484483809886 2
vertex 244.52992649087543 -169.4718176040124 2
vertex 244.52992649087548 -169.47181760401247 0
endloop
endfacet
facet normal 0.9569403357321872 0.2902846772545339 0
outer loop
vertex 244.47017545557458 -169.27484483809886 2
vertex 244.52992649087548 -169.47181760401247 0
vertex 244.47017545557458 -169.27484483809866 0
endloop
endfacet
facet normal 0.8819212643483568 0.4713967368259944 0
outer loop
vertex 244.52992649087543 -169.4718176040124 2
vertex 244.6269569070842 -169.6533487446802 2
vertex 244.62695690708426 -169.65334874468024 0
endloop
endfacet
facet normal 0.8819212643483568 0.4713967368259944 0
outer loop
vertex 244.52992649087543 -169.4718176040124 2
vertex 244.62695690708426 -169.65334874468024 0
vertex 244.52992649087548 -169.47181760401247 0
endloop
endfacet
facet normal 0.7730104533627445 0.6343932841636364 0
outer loop
vertex 244.6269569070842 -169.6533487446802 2
vertex 244.75753787974116 -169.8124621202374 2
vertex 244.75753787974122 -169.81246212023746 0
endloop
endfacet
facet normal 0.7730104533627445 0.6343932841636364 0
outer loop
vertex 244.6269569070842 -169.6533487446802 2
vertex 244.75753787974122 -169.81246212023746 0
vertex 244.62695690708426 -169.65334874468024 0
endloop
endfacet
facet normal 0.6343932841636218 0.7730104533627565 0
outer loop
vertex 244.75753787974116 -169.8124621202374 2
vertex 244.91665125532916 -169.94304309291553 2
vertex 244.91665125532415 -169.94304309291553 0
endloop
endfacet
facet normal 0.6343932841636218 0.7730104533627565 0
outer loop
vertex 244.75753787974116 -169.8124621202374 2
vertex 244.91665125532415 -169.94304309291553 0
vertex 244.75753787974122 -169.81246212023746 0
endloop
endfacet
facet normal 0.47139673682604766 0.8819212643483283 0
outer loop
vertex 244.91665125532916 -169.94304309291553 2
vertex 245.09818239601003 -170.040073509133 2
vertex 245.09818239601097 -170.04007350913304 0
endloop
endfacet
facet normal 0.47139673682604766 0.8819212643483283 0
outer loop
vertex 244.91665125532916 -169.94304309291553 2
vertex 245.09818239601097 -170.04007350913304 0
vertex 244.91665125532415 -169.94304309291553 0
endloop
endfacet
facet normal 0.29028467725453294 0.9569403357321875 0
outer loop
vertex 245.09818239601003 -170.040073509133 2
vertex 245.2951551618787 -170.09982454442533 2
vertex 245.29515516189167 -170.09982454442533 0
endloop
endfacet
facet normal 0.29028467725453294 0.9569403357321875 0
outer loop
vertex 245.09818239601003 -170.040073509133 2
vertex 245.29515516189167 -170.09982454442533 0
vertex 245.09818239601097 -170.04007350913304 0
endloop
endfacet
facet normal 0.09801714032954582 0.9951847266721984 0
outer loop
vertex 245.2951551618787 -170.09982454442533 2
vertex 245.5000000000017 -170.12000000000006 2
vertex 245.50000000000176 -170.12000000000006 0
endloop
endfacet
facet normal 0.09801714032954582 0.9951847266721984 0
outer loop
vertex 245.2951551618787 -170.09982454442533 2
vertex 245.50000000000176 -170.12000000000006 0
vertex 245.29515516189167 -170.09982454442533 0
endloop
endfacet
facet normal -0.2902846772545339 0.9569403357321872 0
outer loop
vertex 245.70484483810148 -170.09982454442533 2
vertex 245.901817603987 -170.040073509133 2
vertex 245.90181760398698 -170.04007350913304 0
endloop
endfacet
facet normal -0.2902846772545339 0.9569403357321872 0
outer loop
vertex 245.70484483810148 -170.09982454442533 2
vertex 245.90181760398698 -170.04007350913304 0
vertex 245.70484483810165 -170.09982454442533 0
endloop
endfacet
facet normal -0.47139673682602534 0.8819212643483402 0
outer loop
vertex 245.901817603987 -170.040073509133 2
vertex 246.0833487446711 -169.94304309291553 2
vertex 246.0833487446711 -169.94304309291553 0
endloop
endfacet
facet normal -0.47139673682602534 0.8819212643483402 0
outer loop
vertex 245.901817603987 -170.040073509133 2
vertex 246.0833487446711 -169.94304309291553 0
vertex 245.90181760398698 -170.04007350913304 0
endloop
endfacet
facet normal -0.6343932841636518 0.7730104533627319 0
outer loop
vertex 246.0833487446711 -169.94304309291553 2
vertex 246.2424621202541 -169.8124621202374 2
vertex 246.2424621202509 -169.81246212023746 0
endloop
endfacet
facet normal -0.6343932841636518 0.7730104533627319 0
outer loop
vertex 246.0833487446711 -169.94304309291553 2
vertex 246.2424621202509 -169.81246212023746 0
vertex 246.0833487446711 -169.94304309291553 0
endloop
endfacet
facet normal -0.7730104533627319 0.6343932841636518 0
outer loop
vertex 246.2424621202541 -169.8124621202374 2
vertex 246.37304309290894 -169.6533487446802 2
vertex 246.37304309291514 -169.65334874468024 0
endloop
endfacet
facet normal -0.7730104533627319 0.6343932841636518 0
outer loop
vertex 246.2424621202541 -169.8124621202374 2
vertex 246.37304309291514 -169.65334874468024 0
vertex 246.2424621202509 -169.81246212023746 0
endloop
endfacet
facet normal -0.8819212643483402 0.47139673682602534 0
outer loop
vertex 246.37304309290894 -169.6533487446802 2
vertex 246.47007350912176 -169.4718176040124 2
vertex 246.47007350913267 -169.47181760401247 0
endloop
endfacet
facet normal -0.8819212643483402 0.47139673682602534 0
outer loop
vertex 246.37304309290894 -169.6533487446802 2
vertex 246.47007350913267 -169.47181760401247 0
vertex 246.37304309291514 -169.65334874468024 0
endloop
endfacet
facet normal -0.9569403357321872 0.2902846772545339 0
outer loop
vertex 246.47007350912176 -169.4718176040124 2
vertex 246.52982454442494 -169.27484483809886 2
vertex 246.52982454307315 -169.27484483809866 0
endloop
endfacet
facet normal -0.9569403357321872 0.2902846772545339 0
outer loop
vertex 246.47007350912176 -169.4718176040124 2
vertex 246.52982454307315 -169.27484483809866 0
vertex 246.47007350913267 -169.47181760401247 0
endloop
endfacet
facet normal -0.9951847266721985 0.09801714032954566 0
outer loop
vertex 246.52982454442414 -131.27484483812947 2
vertex 246.54999999999973 -131.0700000000067 2
vertex 246.55000000000007 -131.07000000000676 0
endloop
endfacet
facet normal -0.9951847266721985 0.09801714032954566 0
outer loop
vertex 246.52982454442414 -131.27484483812947 2
vertex 246.55000000000007 -131.07000000000676 0
vertex 246.52982454023123 -131.27484483812958 0
endloop
endfacet
facet normal -0.9951847266721985 -0.09801714032954566 0
outer loop
vertex 246.54999999999973 -131.0700000000067 2
vertex 246.5298245444229 -130.86515516188382 2
vertex 246.5298245444211 -130.8651551618836 0
endloop
endfacet
facet normal -0.9951847266721985 -0.09801714032954566 0
outer loop
vertex 246.54999999999973 -131.0700000000067 2
vertex 246.5298245444211 -130.8651551618836 0
vertex 246.55000000000007 -131.07000000000676 0
endloop
endfacet
facet normal -0.956940335732188 -0.29028467725453194 0
outer loop
vertex 246.5298245444229 -130.86515516188382 2
vertex 246.47007350913185 -130.66818239600866 2
vertex 246.47007350914157 -130.6681823960087 0
endloop
endfacet
facet normal -0.956940335732188 -0.29028467725453194 0
outer loop
vertex 246.5298245444229 -130.86515516188382 2
vertex 246.47007350914157 -130.6681823960087 0
vertex 246.5298245444211 -130.8651551618836 0
endloop
endfacet
facet normal -0.8819212643483402 -0.47139673682602534 0
outer loop
vertex 246.47007350913185 -130.66818239600866 2
vertex 246.3730430929371 -130.4866512553492 2
vertex 246.3730430929262 -130.48665125534927 0
endloop
endfacet
facet normal -0.8819212643483402 -0.47139673682602534 0
outer loop
vertex 246.47007350913185 -130.66818239600866 2
vertex 246.3730430929262 -130.48665125534927 0
vertex 246.47007350914157 -130.6681823960087 0
endloop
endfacet
facet normal -0.7730104533627319 -0.6343932841636518 0
outer loop
vertex 246.3730430929371 -130.4866512553492 2
vertex 246.24246212023277 -130.3275378797475 2
vertex 246.24246212025767 -130.32753787974747 0
endloop
endfacet
facet normal -0.7730104533627319 -0.6343932841636518 0
outer loop
vertex 246.3730430929371 -130.4866512553492 2
vertex 246.24246212025767 -130.32753787974747 0
vertex 246.3730430929262 -130.48665125534927 0
endloop
endfacet
facet normal -0.6343932841636518 -0.7730104533627319 0
outer loop
vertex 246.24246212023277 -130.3275378797475 2
vertex 246.08334874467144 -130.1969569070674 2
vertex 246.08334874467994 -130.19695690706746 0
endloop
endfacet
facet normal -0.6343932841636518 -0.7730104533627319 0
outer loop
vertex 246.24246212023277 -130.3275378797475 2
vertex 246.08334874467994 -130.19695690706746 0
vertex 246.24246212025767 -130.32753787974747 0
endloop
endfacet
facet normal -0.47139673682602545 -0.8819212643483402 0
outer loop
vertex 246.08334874467144 -130.1969569070674 2
vertex 245.90181760403095 -130.0999264908695 2
vertex 245.90181760394137 -130.09992649086945 0
endloop
endfacet
facet normal -0.47139673682602545 -0.8819212643483402 0
outer loop
vertex 246.08334874467144 -130.1969569070674 2
vertex 245.90181760394137 -130.09992649086945 0
vertex 246.08334874467994 -130.19695690706746 0
endloop
endfacet
facet normal -0.2902846772545049 -0.9569403357321961 0
outer loop
vertex 245.90181760403095 -130.0999264908695 2
vertex 245.70484483805575 -130.04017545557608 2
vertex 245.70484483813794 -130.04017545557608 0
endloop
endfacet
facet normal -0.2902846772545049 -0.9569403357321961 0
outer loop
vertex 245.90181760403095 -130.0999264908695 2
vertex 245.70484483813794 -130.04017545557608 0
vertex 245.90181760394137 -130.09992649086945 0
endloop
endfacet
facet normal -0.09801714032954582 -0.9951847266721984 0
outer loop
vertex 245.70484483805575 -130.04017545557608 2
vertex 245.50000000000585 -130.01999999999995 2
vertex 245.50000000000568 -130.01999999999995 0
endloop
endfacet
facet normal -0.09801714032954582 -0.9951847266721984 0
outer loop
vertex 245.70484483805575 -130.04017545557608 2
vertex 245.50000000000568 -130.01999999999995 0
vertex 245.70484483813794 -130.04017545557608 0
endloop
endfacet
facet normal 0.09801714032954582 -0.9951847266721984 0
outer loop
vertex 245.50000000000585 -130.01999999999995 2
vertex 245.29515516186686 -130.04017545557608 2
vertex 245.29515516189335 -130.04017545557608 0
endloop
endfacet
facet normal 0.09801714032954582 -0.9951847266721984 0
outer loop
vertex 245.50000000000585 -130.01999999999995 2
vertex 245.29515516189335 -130.04017545557608 0
vertex 245.50000000000568 -130.01999999999995 0
endloop
endfacet
facet normal 0.2902846772545339 -0.9569403357321872 0
outer loop
vertex 245.29515516186686 -130.04017545557608 2
vertex 245.09818239601785 -130.0999264908695 2
vertex 245.09818239597914 -130.09992649086945 0
endloop
endfacet
facet normal 0.2902846772545339 -0.9569403357321872 0
outer loop
vertex 245.29515516186686 -130.04017545557608 2
vertex 245.09818239597914 -130.09992649086945 0
vertex 245.29515516189335 -130.04017545557608 0
endloop
endfacet
facet normal 0.47139673682601946 -0.8819212643483434 0
outer loop
vertex 245.09818239601785 -130.0999264908695 2
vertex 244.91665125533393 -130.1969569070674 2
vertex 244.91665125536915 -130.19695690706746 0
endloop
endfacet
facet normal 0.47139673682601946 -0.8819212643483434 0
outer loop
vertex 245.09818239601785 -130.0999264908695 2
vertex 244.91665125536915 -130.19695690706746 0
vertex 245.09818239597914 -130.09992649086945 0
endloop
endfacet
facet normal 0.6343932841636518 -0.7730104533627319 0
outer loop
vertex 244.91665125533393 -130.1969569070674 2
vertex 244.75753787975836 -130.3275378797475 2
vertex 244.75753787974978 -130.32753787974747 0
endloop
endfacet
facet normal 0.6343932841636518 -0.7730104533627319 0
outer loop
vertex 244.91665125533393 -130.1969569070674 2
vertex 244.75753787974978 -130.32753787974747 0
vertex 244.91665125536915 -130.19695690706746 0
endloop
endfacet
facet normal 0.7730104533627319 -0.6343932841636518 0
outer loop
vertex 244.75753787975836 -130.3275378797475 2
vertex 244.6269569070808 -130.4866512553492 2
vertex 244.62695690706485 -130.48665125534927 0
endloop
endfacet
facet normal 0.7730104533627319 -0.6343932841636518 0
outer loop
vertex 244.75753787975836 -130.3275378797475 2
vertex 244.62695690706485 -130.48665125534927 0
vertex 244.75753787974978 -130.32753787974747 0
endloop
endfacet
facet normal 0.8819212643483402 -0.47139673682602534 0
outer loop
vertex 244.6269569070808 -130.4866512553492 2
vertex 244.52992649085945 -130.66818239600866 2
vertex 244.5299264908761 -130.6681823960087 0
endloop
endfacet
facet normal 0.8819212643483402 -0.47139673682602534 0
outer loop
vertex 244.6269569070808 -130.4866512553492 2
vertex 244.5299264908761 -130.6681823960087 0
vertex 244.62695690706485 -130.48665125534927 0
endloop
endfacet
facet normal 0.9569403357321872 -0.2902846772545339 0
outer loop
vertex 244.52992649085945 -130.66818239600866 2
vertex 244.47017545557773 -130.86515516188382 2
vertex 244.47017545557048 -130.8651551618836 0
endloop
endfacet
facet normal 0.9569403357321872 -0.2902846772545339 0
outer loop
vertex 244.52992649085945 -130.66818239600866 2
vertex 244.47017545557048 -130.8651551618836 0
vertex 244.5299264908761 -130.6681823960087 0
endloop
endfacet
facet normal 0.9951847266721985 -0.09801714032954566 0
outer loop
vertex 244.47017545557773 -130.86515516188382 2
vertex 244.4499999999998 -131.0700000000067 2
vertex 244.45000000000044 -131.07000000000676 0
endloop
endfacet
facet normal 0.9951847266721985 -0.09801714032954566 0
outer loop
vertex 244.47017545557773 -130.86515516188382 2
vertex 244.45000000000044 -131.07000000000676 0
vertex 244.47017545557048 -130.8651551618836 0
endloop
endfacet
facet normal 0.9951847266721985 0.09801714032954566 0
outer loop
vertex 244.4499999999998 -131.0700000000067 2
vertex 244.4701754555743 -131.27484483812947 2
vertex 244.47017545557696 -131.27484483812958 0
endloop
endfacet
facet normal 0.9951847266721985 0.09801714032954566 0
outer loop
vertex 244.4499999999998 -131.0700000000067 2
vertex 244.47017545557696 -131.27484483812958 0
vertex 244.45000000000044 -131.07000000000676 0
endloop
endfacet
facet normal 0.9569403357321872 0.2902846772545339 0
outer loop
vertex 244.4701754555743 -131.27484483812947 2
vertex 244.529926490869 -131.47181760398067 2
vertex 244.5299264908564 -131.47181760398075 0
endloop
endfacet
facet normal 0.9569403357321872 0.2902846772545339 0
outer loop
vertex 244.4701754555743 -131.27484483812947 2
vertex 244.5299264908564 -131.47181760398075 0
vertex 244.47017545557696 -131.27484483812958 0
endloop
endfacet
facet normal 0.8819212643483402 0.47139673682602534 0
outer loop
vertex 244.529926490869 -131.47181760398067 2
vertex 244.62695690709066 -131.6533487446587 2
vertex 244.6269569070827 -131.65334874465864 0
endloop
endfacet
facet normal 0.8819212643483402 0.47139673682602534 0
outer loop
vertex 244.529926490869 -131.47181760398067 2
vertex 244.6269569070827 -131.65334874465864 0
vertex 244.5299264908564 -131.47181760398075 0
endloop
endfacet
facet normal 0.7730104533627572 0.6343932841636208 0
outer loop
vertex 244.62695690709066 -131.6533487446587 2
vertex 244.7575378797494 -131.81246212025417 2
vertex 244.75753787977763 -131.81246212025414 0
endloop
endfacet
facet normal 0.7730104533627572 0.6343932841636208 0
outer loop
vertex 244.62695690709066 -131.6533487446587 2
vertex 244.75753787977763 -131.81246212025414 0
vertex 244.6269569070827 -131.65334874465864 0
endloop
endfacet
facet normal 0.6343932841636518 0.7730104533627319 0
outer loop
vertex 244.7575378797494 -131.81246212025417 2
vertex 244.9166512553387 -131.9430430929175 2
vertex 244.91665125531566 -131.9430430929175 0
endloop
endfacet
facet normal 0.6343932841636518 0.7730104533627319 0
outer loop
vertex 244.7575378797494 -131.81246212025417 2
vertex 244.91665125531566 -131.9430430929175 0
vertex 244.75753787977763 -131.81246212025414 0
endloop
endfacet
facet normal 0.4713967368260253 0.8819212643483403 0
outer loop
vertex 244.9166512553387 -131.9430430929175 2
vertex 245.09818239599304 -132.0400735091323 2
vertex 245.09818239601628 -132.0400735091323 0
endloop
endfacet
facet normal 0.4713967368260253 0.8819212643483403 0
outer loop
vertex 244.9166512553387 -131.9430430929175 2
vertex 245.09818239601628 -132.0400735091323 0
vertex 244.91665125531566 -131.9430430929175 0
endloop
endfacet
facet normal 0.2902846772545049 0.9569403357321961 0
outer loop
vertex 245.09818239599304 -132.0400735091323 2
vertex 245.29515516188275 -132.0998245444237 2
vertex 245.29515516187746 -132.09982454442374 0
endloop
endfacet
facet normal 0.2902846772545049 0.9569403357321961 0
outer loop
vertex 245.09818239599304 -132.0400735091323 2
vertex 245.29515516187746 -132.09982454442374 0
vertex 245.09818239601628 -132.0400735091323 0
endloop
endfacet
facet normal 0.09801714032954582 0.9951847266721984 0
outer loop
vertex 245.29515516188275 -132.0998245444237 2
vertex 245.49999999999977 -132.12000000000023 2
vertex 245.4999999999996 -132.12000000000023 0
endloop
endfacet
facet normal 0.09801714032954582 0.9951847266721984 0
outer loop
vertex 245.29515516188275 -132.0998245444237 2
vertex 245.4999999999996 -132.12000000000023 0
vertex 245.29515516187746 -132.09982454442374 0
endloop
endfacet
facet normal -0.09801714032954566 0.9951847266721985 0
outer loop
vertex 245.49999999999977 -132.12000000000023 2
vertex 245.70484483812 -132.0998245444237 2
vertex 245.7048448380975 -132.09982454442374 0
endloop
endfacet
facet normal -0.09801714032954566 0.9951847266721985 0
outer loop
vertex 245.49999999999977 -132.12000000000023 2
vertex 245.7048448380975 -132.09982454442374 0
vertex 245.4999999999996 -132.12000000000023 0
endloop
endfacet
facet normal -0.2902846772545339 0.9569403357321872 0
outer loop
vertex 245.70484483812 -132.0998245444237 2
vertex 245.90181760398343 -132.0400735091323 2
vertex 245.9018176040024 -132.0400735091323 0
endloop
endfacet
facet normal -0.2902846772545339 0.9569403357321872 0
outer loop
vertex 245.70484483812 -132.0998245444237 2
vertex 245.9018176040024 -132.0400735091323 0
vertex 245.7048448380975 -132.09982454442374 0
endloop
endfacet
facet normal -0.4713967368259914 0.8819212643483584 0
outer loop
vertex 245.90181760398343 -132.0400735091323 2
vertex 246.08334874467707 -131.9430430929175 2
vertex 246.08334874466462 -131.9430430929175 0
endloop
endfacet
facet normal -0.4713967368259914 0.8819212643483584 0
outer loop
vertex 245.90181760398343 -132.0400735091323 2
vertex 246.08334874466462 -131.9430430929175 0
vertex 245.9018176040024 -132.0400735091323 0
endloop
endfacet
facet normal -0.6343932841636518 0.7730104533627319 0
outer loop
vertex 246.08334874467707 -131.9430430929175 2
vertex 246.2424621202319 -131.81246212025417 2
vertex 246.2424621202497 -131.81246212025414 0
endloop
endfacet
facet normal -0.6343932841636518 0.7730104533627319 0
outer loop
vertex 246.08334874467707 -131.9430430929175 2
vertex 246.2424621202497 -131.81246212025414 0
vertex 246.08334874466462 -131.9430430929175 0
endloop
endfacet
facet normal -0.7730104533627319 0.6343932841636518 0
outer loop
vertex 246.2424621202319 -131.81246212025417 2
vertex 246.3730430929325 -131.6533487446587 2
vertex 246.3730430929165 -131.65334874465864 0
endloop
endfacet
facet normal -0.7730104533627319 0.6343932841636518 0
outer loop
vertex 246.2424621202319 -131.81246212025417 2
vertex 246.3730430929165 -131.65334874465864 0
vertex 246.2424621202497 -131.81246212025414 0
endloop
endfacet
facet normal -0.8819212643483402 0.47139673682602534 0
outer loop
vertex 246.3730430929325 -131.6533487446587 2
vertex 246.4700735091346 -131.47181760398067 2
vertex 246.47007350913512 -131.47181760398075 0
endloop
endfacet
facet normal -0.8819212643483402 0.47139673682602534 0
outer loop
vertex 246.3730430929325 -131.6533487446587 2
vertex 246.47007350913512 -131.47181760398075 0
vertex 246.3730430929165 -131.65334874465864 0
endloop
endfacet
facet normal -0.9569403357321872 0.2902846772545339 0
outer loop
vertex 246.4700735091346 -131.47181760398067 2
vertex 246.52982454442414 -131.27484483812947 2
vertex 246.52982454023123 -131.27484483812958 0
endloop
endfacet
facet normal -0.9569403357321872 0.2902846772545339 0
outer loop
vertex 246.4700735091346 -131.47181760398067 2
vertex 246.52982454023123 -131.27484483812958 0
vertex 246.47007350913512 -131.47181760398075 0
endloop
endfacet
facet normal -0.9951847266721816 0.09801714032971662 0
outer loop
vertex 356.52982454443054 -180.70484483813468 2
vertex 356.55000000000035 -180.50000000004133 2
vertex 356.55000000000035 -180.50000000004107 0
endloop
endfacet
facet normal -0.9951847266721816 0.09801714032971662 0
outer loop
vertex 356.52982454443054 -180.70484483813468 2
vertex 356.55000000000035 -180.50000000004107 0
vertex 356.529824544426 -180.70484483813473 0
endloop
endfacet
facet normal -0.9951847266721816 -0.09801714032971662 0
outer loop
vertex 356.55000000000035 -180.50000000004133 2
vertex 356.5298245444122 -180.29515516180734 2
vertex 356.52982454441224 -180.29515516180777 0
endloop
endfacet
facet normal -0.9951847266721816 -0.09801714032971662 0
outer loop
vertex 356.55000000000035 -180.50000000004133 2
vertex 356.52982454441224 -180.29515516180777 0
vertex 356.55000000000035 -180.50000000004107 0
endloop
endfacet
facet normal -0.9569403357322042 -0.2902846772544779 0
outer loop
vertex 356.5298245444122 -180.29515516180734 2
vertex 356.4700735091618 -180.0981823960601 2
vertex 356.47007350916164 -180.09818239605994 0
endloop
endfacet
facet normal -0.9569403357322042 -0.2902846772544779 0
outer loop
vertex 356.5298245444122 -180.29515516180734 2
vertex 356.47007350916164 -180.09818239605994 0
vertex 356.52982454441224 -180.29515516180777 0
endloop
endfacet
facet normal -0.8819212643483434 -0.47139673682601946 0
outer loop
vertex 356.4700735091618 -180.0981823960601 2
vertex 356.3730430929293 -179.91665125534803 2
vertex 356.37304309292915 -179.9166512553478 0
endloop
endfacet
facet normal -0.8819212643483434 -0.47139673682601946 0
outer loop
vertex 356.4700735091618 -180.0981823960601 2
vertex 356.37304309292915 -179.9166512553478 0
vertex 356.47007350916164 -180.09818239605994 0
endloop
endfacet
facet normal -0.7730104533627699 -0.6343932841636054 0
outer loop
vertex 356.3730430929293 -179.91665125534803 2
vertex 356.2424621202087 -179.75753787971325 2
vertex 356.24246212020876 -179.7575378797133 0
endloop
endfacet
facet normal -0.7730104533627699 -0.6343932841636054 0
outer loop
vertex 356.3730430929293 -179.91665125534803 2
vertex 356.24246212020876 -179.7575378797133 0
vertex 356.37304309292915 -179.9166512553478 0
endloop
endfacet
facet normal -0.634393284163578 -0.7730104533627924 0
outer loop
vertex 356.2424621202087 -179.75753787971325 2
vertex 356.08334874469267 -179.62695690709012 2
vertex 356.0833487446926 -179.62695690709006 0
endloop
endfacet
facet normal -0.634393284163578 -0.7730104533627924 0
outer loop
vertex 356.2424621202087 -179.75753787971325 2
vertex 356.0833487446926 -179.62695690709006 0
vertex 356.24246212020876 -179.7575378797133 0
endloop
endfacet
facet normal -0.471396736826014 -0.8819212643483463 0
outer loop
vertex 356.08334874469267 -179.62695690709012 2
vertex 355.9018176039936 -179.52992649086463 2
vertex 355.90181760399383 -179.5299264908647 0
endloop
endfacet
facet normal -0.471396736826014 -0.8819212643483463 0
outer loop
vertex 356.08334874469267 -179.62695690709012 2
vertex 355.90181760399383 -179.5299264908647 0
vertex 356.0833487446926 -179.62695690709006 0
endloop
endfacet
facet normal -0.2902846772545049 -0.9569403357321961 0
outer loop
vertex 355.9018176039936 -179.52992649086463 2
vertex 355.70484483814977 -179.47017545558492 2
vertex 355.7048448381498 -179.47017545558495 0
endloop
endfacet
facet normal -0.2902846772545049 -0.9569403357321961 0
outer loop
vertex 355.9018176039936 -179.52992649086463 2
vertex 355.7048448381498 -179.47017545558495 0
vertex 355.90181760399383 -179.5299264908647 0
endloop
endfacet
facet normal -0.09801714032957415 -0.9951847266721956 0
outer loop
vertex 355.70484483814977 -179.47017545558492 2
vertex 355.49999999995083 -179.45000000000022 2
vertex 355.49999999995066 -179.45000000000024 0
endloop
endfacet
facet normal -0.09801714032957415 -0.9951847266721956 0
outer loop
vertex 355.70484483814977 -179.47017545558492 2
vertex 355.49999999995066 -179.45000000000024 0
vertex 355.7048448381498 -179.47017545558495 0
endloop
endfacet
facet normal 0.09801714032957415 -0.9951847266721956 0
outer loop
vertex 355.49999999995083 -179.45000000000022 2
vertex 355.29515516188496 -179.47017545558492 2
vertex 355.29515516175155 -179.47017545558495 0
endloop
endfacet
facet normal 0.09801714032957415 -0.9951847266721956 0
outer loop
vertex 355.49999999995083 -179.45000000000022 2
vertex 355.29515516175155 -179.47017545558495 0
vertex 355.49999999995066 -179.45000000000024 0
endloop
endfacet
facet normal 0.2902846772545339 -0.9569403357321872 0
outer loop
vertex 355.29515516188496 -179.47017545558492 2
vertex 355.09818239601145 -179.52992649086463 2
vertex 355.0981823960407 -179.5299264908647 0
endloop
endfacet
facet normal 0.2902846772545339 -0.9569403357321872 0
outer loop
vertex 355.29515516188496 -179.47017545558492 2
vertex 355.0981823960407 -179.5299264908647 0
vertex 355.29515516175155 -179.47017545558495 0
endloop
endfacet
facet normal 0.47139673682602534 -0.8819212643483402 0
outer loop
vertex 355.09818239601145 -179.52992649086463 2
vertex 354.916651255333 -179.62695690709012 2
vertex 354.91665125531244 -179.62695690709006 0
endloop
endfacet
facet normal 0.47139673682602534 -0.8819212643483402 0
outer loop
vertex 355.09818239601145 -179.52992649086463 2
vertex 354.91665125531244 -179.62695690709006 0
vertex 355.0981823960407 -179.5299264908647 0
endloop
endfacet
facet normal 0.63439328416359 -0.7730104533627824 0
outer loop
vertex 354.916651255333 -179.62695690709012 2
vertex 354.7575378797686 -179.75753787971325 2
vertex 354.7575378798167 -179.7575378797133 0
endloop
endfacet
facet normal 0.63439328416359 -0.7730104533627824 0
outer loop
vertex 354.916651255333 -179.62695690709012 2
vertex 354.7575378798167 -179.7575378797133 0
vertex 354.91665125531244 -179.62695690709006 0
endloop
endfacet
facet normal 0.7730104533627319 -0.6343932841636518 0
outer loop
vertex 354.7575378797686 -179.75753787971325 2
vertex 354.62695690708 -179.91665125534803 2
vertex 354.62695690704845 -179.9166512553478 0
endloop
endfacet
facet normal 0.7730104533627319 -0.6343932841636518 0
outer loop
vertex 354.7575378797686 -179.75753787971325 2
vertex 354.62695690704845 -179.9166512553478 0
vertex 354.7575378798167 -179.7575378797133 0
endloop
endfacet
facet normal 0.8819212643483402 -0.47139673682602534 0
outer loop
vertex 354.62695690708 -179.91665125534803 2
vertex 354.5299264908558 -180.0981823960601 2
vertex 354.5299264908474 -180.09818239605994 0
endloop
endfacet
facet normal 0.8819212643483402 -0.47139673682602534 0
outer loop
vertex 354.62695690708 -179.91665125534803 2
vertex 354.5299264908474 -180.09818239605994 0
vertex 354.62695690704845 -179.9166512553478 0
endloop
endfacet
facet normal 0.9569403357322394 -0.2902846772543619 0
outer loop
vertex 354.5299264908558 -180.0981823960601 2
vertex 354.4701754555827 -180.29515516180734 2
vertex 354.47017545560516 -180.29515516180777 0
endloop
endfacet
facet normal 0.9569403357322394 -0.2902846772543619 0
outer loop
vertex 354.5299264908558 -180.0981823960601 2
vertex 354.47017545560516 -180.29515516180777 0
vertex 354.5299264908474 -180.09818239605994 0
endloop
endfacet
facet normal 0.9951847266721872 -0.09801714032965962 0
outer loop
vertex 354.4701754555827 -180.29515516180734 2
vertex 354.4499999999984 -180.50000000004133 2
vertex 354.44999999999465 -180.50000000004107 0
endloop
endfacet
facet normal 0.9951847266721872 -0.09801714032965962 0
outer loop
vertex 354.4701754555827 -180.29515516180734 2
vertex 354.44999999999465 -180.50000000004107 0
vertex 354.47017545560516 -180.29515516180777 0
endloop
endfacet
facet normal 0.9951847266721927 0.09801714032960263 0
outer loop
vertex 354.4499999999984 -180.50000000004133 2
vertex 354.47017545556565 -180.70484483813468 2
vertex 354.4701754555728 -180.70484483813473 0
endloop
endfacet
facet normal 0.9951847266721927 0.09801714032960263 0
outer loop
vertex 354.4499999999984 -180.50000000004133 2
vertex 354.4701754555728 -180.70484483813473 0
vertex 354.44999999999465 -180.50000000004107 0
endloop
endfacet
facet normal 0.9569403357322042 0.2902846772544779 0
outer loop
vertex 354.47017545556565 -180.70484483813468 2
vertex 354.52992649087844 -180.90181760400586 2
vertex 354.5299264908543 -180.90181760400583 0
endloop
endfacet
facet normal 0.9569403357322042 0.2902846772544779 0
outer loop
vertex 354.47017545556565 -180.70484483813468 2
vertex 354.5299264908543 -180.90181760400583 0
vertex 354.4701754555728 -180.70484483813473 0
endloop
endfacet
facet normal 0.8819212643483434 0.47139673682601946 0
outer loop
vertex 354.52992649087844 -180.90181760400586 2
vertex 354.6269569070734 -181.08334874465086 2
vertex 354.6269569070746 -181.08334874465083 0
endloop
endfacet
facet normal 0.8819212643483434 0.47139673682601946 0
outer loop
vertex 354.52992649087844 -180.90181760400586 2
vertex 354.6269569070746 -181.08334874465083 0
vertex 354.5299264908543 -180.90181760400583 0
endloop
endfacet
facet normal 0.7730104533627248 0.6343932841636603 0
outer loop
vertex 354.6269569070734 -181.08334874465086 2
vertex 354.7575378797286 -181.24246212022734 2
vertex 354.75753787974594 -181.24246212022743 0
endloop
endfacet
facet normal 0.7730104533627248 0.6343932841636603 0
outer loop
vertex 354.6269569070734 -181.08334874465086 2
vertex 354.75753787974594 -181.24246212022743 0
vertex 354.6269569070746 -181.08334874465083 0
endloop
endfacet
facet normal 0.6343932841635506 0.7730104533628148 0
outer loop
vertex 354.7575378797286 -181.24246212022734 2
vertex 354.91665125532836 -181.37304309293623 2
vertex 354.9166512553502 -181.37304309293614 0
endloop
endfacet
facet normal 0.6343932841635506 0.7730104533628148 0
outer loop
vertex 354.7575378797286 -181.24246212022734 2
vertex 354.9166512553502 -181.37304309293614 0
vertex 354.75753787974594 -181.24246212022743 0
endloop
endfacet
facet normal 0.4713967368259916 0.8819212643483583 0
outer loop
vertex 354.91665125532836 -181.37304309293623 2
vertex 355.0981823960198 -181.47007350913586 2
vertex 355.0981823959833 -181.4700735091359 0
endloop
endfacet
facet normal 0.4713967368259916 0.8819212643483583 0
outer loop
vertex 354.91665125532836 -181.37304309293623 2
vertex 355.0981823959833 -181.4700735091359 0
vertex 354.9166512553502 -181.37304309293614 0
endloop
endfacet
facet normal 0.2902846772545049 0.9569403357321961 0
outer loop
vertex 355.0981823960198 -181.47007350913586 2
vertex 355.2951551619339 -181.52982454442252 2
vertex 355.29515516188536 -181.52982454442252 0
endloop
endfacet
facet normal 0.2902846772545049 0.9569403357321961 0
outer loop
vertex 355.0981823960198 -181.47007350913586 2
vertex 355.29515516188536 -181.52982454442252 0
vertex 355.0981823959833 -181.4700735091359 0
endloop
endfacet
facet normal 0.09801714032957415 0.9951847266721956 0
outer loop
vertex 355.2951551619339 -181.52982454442252 2
vertex 355.5000000000496 -181.54999999999998 2
vertex 355.5000000000499 -181.55 0
endloop
endfacet
facet normal 0.09801714032957415 0.9951847266721956 0
outer loop
vertex 355.2951551619339 -181.52982454442252 2
vertex 355.5000000000499 -181.55 0
vertex 355.29515516188536 -181.52982454442252 0
endloop
endfacet
facet normal -0.09801714032957415 0.9951847266721956 0
outer loop
vertex 355.5000000000496 -181.54999999999998 2
vertex 355.7048448380887 -181.52982454442252 2
vertex 355.70484483811794 -181.52982454442252 0
endloop
endfacet
facet normal -0.09801714032957415 0.9951847266721956 0
outer loop
vertex 355.5000000000496 -181.54999999999998 2
vertex 355.70484483811794 -181.52982454442252 0
vertex 355.5000000000499 -181.55 0
endloop
endfacet
facet normal -0.2902846772545339 0.9569403357321872 0
outer loop
vertex 355.7048448380887 -181.52982454442252 2
vertex 355.90181760398104 -181.47007350913586 2
vertex 355.9018176039835 -181.4700735091359 0
endloop
endfacet
facet normal -0.2902846772545339 0.9569403357321872 0
outer loop
vertex 355.7048448380887 -181.52982454442252 2
vertex 355.9018176039835 -181.4700735091359 0
vertex 355.70484483811794 -181.52982454442252 0
endloop
endfacet
facet normal -0.47139673682602534 0.8819212643483402 0
outer loop
vertex 355.90181760398104 -181.47007350913586 2
vertex 356.0833487446362 -181.37304309293623 2
vertex 356.08334874467 -181.37304309293614 0
endloop
endfacet
facet normal -0.47139673682602534 0.8819212643483402 0
outer loop
vertex 355.90181760398104 -181.47007350913586 2
vertex 356.08334874467 -181.37304309293614 0
vertex 355.9018176039835 -181.4700735091359 0
endloop
endfacet
facet normal -0.634393284163604 0.7730104533627712 0
outer loop
vertex 356.0833487446362 -181.37304309293623 2
vertex 356.2424621202851 -181.24246212022734 2
vertex 356.24246212025236 -181.24246212022743 0
endloop
endfacet
facet normal -0.634393284163604 0.7730104533627712 0
outer loop
vertex 356.0833487446362 -181.37304309293623 2
vertex 356.24246212025236 -181.24246212022743 0
vertex 356.08334874467 -181.37304309293614 0
endloop
endfacet
facet normal -0.7730104533627319 0.6343932841636518 0
outer loop
vertex 356.2424621202851 -181.24246212022734 2
vertex 356.373043092931 -181.08334874465086 2
vertex 356.37304309292324 -181.08334874465083 0
endloop
endfacet
facet normal -0.7730104533627319 0.6343932841636518 0
outer loop
vertex 356.2424621202851 -181.24246212022734 2
vertex 356.37304309292324 -181.08334874465083 0
vertex 356.24246212025236 -181.24246212022743 0
endloop
endfacet
facet normal -0.8819212643483403 0.47139673682602534 0
outer loop
vertex 356.373043092931 -181.08334874465086 2
vertex 356.47007350912605 -180.90181760400586 2
vertex 356.4700735091325 -180.90181760400583 0
endloop
endfacet
facet normal -0.8819212643483403 0.47139673682602534 0
outer loop
vertex 356.373043092931 -181.08334874465086 2
vertex 356.4700735091325 -180.90181760400583 0
vertex 356.37304309292324 -181.08334874465083 0
endloop
endfacet
facet normal -0.9569403357322224 0.2902846772544179 0
outer loop
vertex 356.47007350912605 -180.90181760400586 2
vertex 356.52982454443054 -180.70484483813468 2
vertex 356.529824544426 -180.70484483813473 0
endloop
endfacet
facet normal -0.9569403357322224 0.2902846772544179 0
outer loop
vertex 356.47007350912605 -180.90181760400586 2
vertex 356.529824544426 -180.70484483813473 0
vertex 356.4700735091325 -180.90181760400583 0
endloop
endfacet
facet normal -0.9951847266721872 0.09801714032965962 0
outer loop
vertex 356.5298245444294 -142.7048448380755 2
vertex 356.5499999999986 -142.50000000004104 2
vertex 356.5499999999986 -142.50000000004107 0
endloop
endfacet
facet normal -0.9951847266721872 0.09801714032965962 0
outer loop
vertex 356.5298245444294 -142.7048448380755 2
vertex 356.5499999999986 -142.50000000004107 0
vertex 356.5298245444301 -142.7048448380752 0
endloop
endfacet
facet normal -0.9951847266721816 -0.09801714032971662 0
outer loop
vertex 356.5499999999986 -142.50000000004104 2
vertex 356.52982454441326 -142.29515516183594 2
vertex 356.52982454441326 -142.29515516183608 0
endloop
endfacet
facet normal -0.9951847266721816 -0.09801714032971662 0
outer loop
vertex 356.5499999999986 -142.50000000004104 2
vertex 356.52982454441326 -142.29515516183608 0
vertex 356.5499999999986 -142.50000000004107 0
endloop
endfacet
facet normal -0.9569403357322394 -0.2902846772543619 0
outer loop
vertex 356.52982454441326 -142.29515516183594 2
vertex 356.4700735091279 -142.09818239597317 2
vertex 356.4700735091278 -142.0981823959731 0
endloop
endfacet
facet normal -0.9569403357322394 -0.2902846772543619 0
outer loop
vertex 356.52982454441326 -142.29515516183594 2
vertex 356.4700735091278 -142.0981823959731 0
vertex 356.52982454441326 -142.29515516183608 0
endloop
endfacet
facet normal -0.8819212643483103 -0.4713967368260814 0
outer loop
vertex 356.4700735091279 -142.09818239597317 2
vertex 356.37304309296513 -141.91665125539157 2
vertex 356.3730430929651 -141.91665125539149 0
endloop
endfacet
facet normal -0.8819212643483103 -0.4713967368260814 0
outer loop
vertex 356.4700735091279 -142.09818239597317 2
vertex 356.3730430929651 -141.91665125539149 0
vertex 356.4700735091278 -142.0981823959731 0
endloop
endfacet
facet normal -0.773010453362763 -0.634393284163614 0
outer loop
vertex 356.37304309296513 -141.91665125539157 2
vertex 356.2424621201985 -141.75753787970075 2
vertex 356.2424621201985 -141.75753787970075 0
endloop
endfacet
facet normal -0.773010453362763 -0.634393284163614 0
outer loop
vertex 356.37304309296513 -141.91665125539157 2
vertex 356.2424621201985 -141.75753787970075 0
vertex 356.3730430929651 -141.91665125539149 0
endloop
endfacet
facet normal -0.63439328416359 -0.7730104533627825 0
outer loop
vertex 356.2424621201985 -141.75753787970075 2
vertex 356.08334874474207 -141.62695690712653 2
vertex 356.083348744742 -141.62695690712644 0
endloop
endfacet
facet normal -0.63439328416359 -0.7730104533627825 0
outer loop
vertex 356.2424621201985 -141.75753787970075 2
vertex 356.083348744742 -141.62695690712644 0
vertex 356.2424621201985 -141.75753787970075 0
endloop
endfacet
facet normal -0.47139673682600136 -0.8819212643483529 0
outer loop
vertex 356.08334874474207 -141.62695690712653 2
vertex 355.9018176039315 -141.5299264908414 2
vertex 355.90181760393165 -141.52992649084146 0
endloop
endfacet
facet normal -0.47139673682600136 -0.8819212643483529 0
outer loop
vertex 356.08334874474207 -141.62695690712653 2
vertex 355.90181760393165 -141.52992649084146 0
vertex 356.083348744742 -141.62695690712644 0
endloop
endfacet
facet normal -0.2902846772545082 -0.9569403357321951 0
outer loop
vertex 355.9018176039315 -141.5299264908414 2
vertex 355.7048448381313 -141.47017545557495 2
vertex 355.70484483813124 -141.47017545557492 0
endloop
endfacet
facet normal -0.2902846772545082 -0.9569403357321951 0
outer loop
vertex 355.9018176039315 -141.5299264908414 2
vertex 355.70484483813124 -141.47017545557492 0
vertex 355.90181760393165 -141.52992649084146 0
endloop
endfacet
facet normal -0.09801714032954582 -0.9951847266721984 0
outer loop
vertex 355.7048448381313 -141.47017545557495 2
vertex 355.499999999992 -141.44999999999612 2
vertex 355.49999999999216 -141.44999999999612 0
endloop
endfacet
facet normal -0.09801714032954582 -0.9951847266721984 0
outer loop
vertex 355.7048448381313 -141.47017545557495 2
vertex 355.49999999999216 -141.44999999999612 0
vertex 355.70484483813124 -141.47017545557492 0
endloop
endfacet
facet normal 0.09801714032957415 -0.9951847266721956 0
outer loop
vertex 355.499999999992 -141.44999999999612 2
vertex 355.2951551618785 -141.47017545557495 2
vertex 355.2951551618531 -141.47017545557492 0
endloop
endfacet
facet normal 0.09801714032957415 -0.9951847266721956 0
outer loop
vertex 355.499999999992 -141.44999999999612 2
vertex 355.2951551618531 -141.47017545557492 0
vertex 355.49999999999216 -141.44999999999612 0
endloop
endfacet
facet normal 0.2902846772545339 -0.9569403357321872 0
outer loop
vertex 355.2951551618785 -141.47017545557495 2
vertex 355.0981823960154 -141.5299264908414 2
vertex 355.0981823960773 -141.52992649084146 0
endloop
endfacet
facet normal 0.2902846772545339 -0.9569403357321872 0
outer loop
vertex 355.2951551618785 -141.47017545557495 2
vertex 355.0981823960773 -141.52992649084146 0
vertex 355.2951551618531 -141.47017545557492 0
endloop
endfacet
facet normal 0.47139673682602534 -0.8819212643483402 0
outer loop
vertex 355.0981823960154 -141.5299264908414 2
vertex 354.916651255337 -141.62695690712653 2
vertex 354.91665125520774 -141.62695690712644 0
endloop
endfacet
facet normal 0.47139673682602534 -0.8819212643483402 0
outer loop
vertex 355.0981823960154 -141.5299264908414 2
vertex 354.91665125520774 -141.62695690712644 0
vertex 355.0981823960773 -141.52992649084146 0
endloop
endfacet
facet normal 0.63439328416359 -0.7730104533627825 0
outer loop
vertex 354.916651255337 -141.62695690712653 2
vertex 354.75753787973713 -141.75753787970075 2
vertex 354.75753787987514 -141.75753787970075 0
endloop
endfacet
facet normal 0.63439328416359 -0.7730104533627825 0
outer loop
vertex 354.916651255337 -141.62695690712653 2
vertex 354.75753787987514 -141.75753787970075 0
vertex 354.91665125520774 -141.62695690712644 0
endloop
endfacet
facet normal 0.7730104533627712 -0.634393284163604 0
outer loop
vertex 354.75753787973713 -141.75753787970075 2
vertex 354.62695690710024 -141.91665125539157 2
vertex 354.6269569069744 -141.91665125539149 0
endloop
endfacet
facet normal 0.7730104533627712 -0.634393284163604 0
outer loop
vertex 354.75753787973713 -141.75753787970075 2
vertex 354.6269569069744 -141.91665125539149 0
vertex 354.75753787987514 -141.75753787970075 0
endloop
endfacet
facet normal 0.8819212643483402 -0.47139673682602534 0
outer loop
vertex 354.62695690710024 -141.91665125539157 2
vertex 354.5299264908617 -142.09818239597317 2
vertex 354.52992649093443 -142.0981823959731 0
endloop
endfacet
facet normal 0.8819212643483402 -0.47139673682602534 0
outer loop
vertex 354.62695690710024 -141.91665125539157 2
vertex 354.52992649093443 -142.0981823959731 0
vertex 354.6269569069744 -141.91665125539149 0
endloop
endfacet
facet normal 0.9569403357322224 -0.2902846772544179 0
outer loop
vertex 354.5299264908617 -142.09818239597317 2
vertex 354.47017545558055 -142.29515516183594 2
vertex 354.47017545557696 -142.29515516183608 0
endloop
endfacet
facet normal 0.9569403357322224 -0.2902846772544179 0
outer loop
vertex 354.5299264908617 -142.09818239597317 2
vertex 354.47017545557696 -142.29515516183608 0
vertex 354.52992649093443 -142.0981823959731 0
endloop
endfacet
facet normal 0.9951847266721927 -0.09801714032960263 0
outer loop
vertex 354.47017545558055 -142.29515516183594 2
vertex 354.4499999999988 -142.50000000004104 2
vertex 354.44999999999527 -142.50000000004107 0
endloop
endfacet
facet normal 0.9951847266721927 -0.09801714032960263 0
outer loop
vertex 354.47017545558055 -142.29515516183594 2
vertex 354.44999999999527 -142.50000000004107 0
vertex 354.47017545557696 -142.29515516183608 0
endloop
endfacet
facet normal 0.9951847266721816 0.09801714032971662 0
outer loop
vertex 354.4499999999988 -142.50000000004104 2
vertex 354.4701754555676 -142.7048448380755 2
vertex 354.47017545556724 -142.7048448380752 0
endloop
endfacet
facet normal 0.9951847266721816 0.09801714032971662 0
outer loop
vertex 354.4499999999988 -142.50000000004104 2
vertex 354.47017545556724 -142.7048448380752 0
vertex 354.44999999999527 -142.50000000004107 0
endloop
endfacet
facet normal 0.9569403357322224 0.2902846772544179 0
outer loop
vertex 354.4701754555676 -142.7048448380755 2
vertex 354.52992649086946 -142.90181760399255 2
vertex 354.52992649086946 -142.9018176039926 0
endloop
endfacet
facet normal 0.9569403357322224 0.2902846772544179 0
outer loop
vertex 354.4701754555676 -142.7048448380755 2
vertex 354.52992649086946 -142.9018176039926 0
vertex 354.47017545556724 -142.7048448380752 0
endloop
endfacet
facet normal 0.8819212643483434 0.47139673682601946 0
outer loop
vertex 354.52992649086946 -142.90181760399255 2
vertex 354.6269569070983 -143.0833487446979 2
vertex 354.6269569070982 -143.08334874469773 0
endloop
endfacet
facet normal 0.8819212643483434 0.47139673682601946 0
outer loop
vertex 354.52992649086946 -142.90181760399255 2
vertex 354.6269569070982 -143.08334874469773 0
vertex 354.52992649086946 -142.9018176039926 0
endloop
endfacet
facet normal 0.7730104533627769 0.6343932841635969 0
outer loop
vertex 354.6269569070983 -143.0833487446979 2
vertex 354.757537879744 -143.24246212024138 2
vertex 354.757537879744 -143.24246212024138 0
endloop
endfacet
facet normal 0.7730104533627769 0.6343932841635969 0
outer loop
vertex 354.6269569070983 -143.0833487446979 2
vertex 354.757537879744 -143.24246212024138 0
vertex 354.6269569070982 -143.08334874469773 0
endloop
endfacet
facet normal 0.634393284163566 0.7730104533628023 0
outer loop
vertex 354.757537879744 -143.24246212024138 2
vertex 354.9166512553382 -143.3730430929287 2
vertex 354.91665125533814 -143.3730430929286 0
endloop
endfacet
facet normal 0.634393284163566 0.7730104533628023 0
outer loop
vertex 354.757537879744 -143.24246212024138 2
vertex 354.91665125533814 -143.3730430929286 0
vertex 354.757537879744 -143.24246212024138 0
endloop
endfacet
facet normal 0.4713967368260239 0.881921264348341 0
outer loop
vertex 354.9166512553382 -143.3730430929287 2
vertex 355.0981823959923 -143.47007350913017 2
vertex 355.0981823959925 -143.47007350913023 0
endloop
endfacet
facet normal 0.4713967368260239 0.881921264348341 0
outer loop
vertex 354.9166512553382 -143.3730430929287 2
vertex 355.0981823959925 -143.47007350913023 0
vertex 354.91665125533814 -143.3730430929286 0
endloop
endfacet
facet normal 0.2902846772545334 0.9569403357321874 0
outer loop
vertex 355.0981823959923 -143.47007350913017 2
vertex 355.2951551618758 -143.52982454442193 2
vertex 355.29515516187587 -143.52982454442193 0
endloop
endfacet
facet normal 0.2902846772545334 0.9569403357321874 0
outer loop
vertex 355.0981823959923 -143.47007350913017 2
vertex 355.29515516187587 -143.52982454442193 0
vertex 355.0981823959925 -143.47007350913023 0
endloop
endfacet
facet normal 0.09801714032957415 0.9951847266721956 0
outer loop
vertex 355.2951551618758 -143.52982454442193 2
vertex 355.49999999997806 -143.54999999999708 2
vertex 355.49999999997834 -143.5499999999971 0
endloop
endfacet
facet normal 0.09801714032957415 0.9951847266721956 0
outer loop
vertex 355.2951551618758 -143.52982454442193 2
vertex 355.49999999997834 -143.5499999999971 0
vertex 355.29515516187587 -143.52982454442193 0
endloop
endfacet
facet normal -0.09801714032957415 0.9951847266721956 0
outer loop
vertex 355.49999999997806 -143.54999999999708 2
vertex 355.70484483808036 -143.52982454442193 2
vertex 355.70484483812027 -143.52982454442193 0
endloop
endfacet
facet normal -0.09801714032957415 0.9951847266721956 0
outer loop
vertex 355.49999999997806 -143.54999999999708 2
vertex 355.70484483812027 -143.52982454442193 0
vertex 355.49999999997834 -143.5499999999971 0
endloop
endfacet
facet normal -0.2902846772545339 0.9569403357321872 0
outer loop
vertex 355.70484483808036 -143.52982454442193 2
vertex 355.90181760400066 -143.47007350913017 2
vertex 355.90181760398247 -143.47007350913023 0
endloop
endfacet
facet normal -0.2902846772545339 0.9569403357321872 0
outer loop
vertex 355.70484483808036 -143.52982454442193 2
vertex 355.90181760398247 -143.47007350913023 0
vertex 355.70484483812027 -143.52982454442193 0
endloop
endfacet
facet normal -0.47139673682602534 0.8819212643483402 0
outer loop
vertex 355.90181760400066 -143.47007350913017 2
vertex 356.08334874463804 -143.3730430929287 2
vertex 356.0833487446736 -143.3730430929286 0
endloop
endfacet
facet normal -0.47139673682602534 0.8819212643483402 0
outer loop
vertex 355.90181760400066 -143.47007350913017 2
vertex 356.0833487446736 -143.3730430929286 0
vertex 355.90181760398247 -143.47007350913023 0
endloop
endfacet
facet normal -0.63439328416359 0.7730104533627825 0
outer loop
vertex 356.08334874463804 -143.3730430929287 2
vertex 356.24246212025975 -143.24246212024138 2
vertex 356.2424621202497 -143.24246212024138 0
endloop
endfacet
facet normal -0.63439328416359 0.7730104533627825 0
outer loop
vertex 356.08334874463804 -143.3730430929287 2
vertex 356.2424621202497 -143.24246212024138 0
vertex 356.0833487446736 -143.3730430929286 0
endloop
endfacet
facet normal -0.7730104533627319 0.6343932841636518 0
outer loop
vertex 356.24246212025975 -143.24246212024138 2
vertex 356.3730430928943 -143.0833487446979 2
vertex 356.37304309292307 -143.08334874469773 0
endloop
endfacet
facet normal -0.7730104533627319 0.6343932841636518 0
outer loop
vertex 356.24246212025975 -143.24246212024138 2
vertex 356.37304309292307 -143.08334874469773 0
vertex 356.2424621202497 -143.24246212024138 0
endloop
endfacet
facet normal -0.8819212643483402 0.47139673682602534 0
outer loop
vertex 356.3730430928943 -143.0833487446979 2
vertex 356.47007350913924 -142.90181760399255 2
vertex 356.47007350912565 -142.9018176039926 0
endloop
endfacet
facet normal -0.8819212643483402 0.47139673682602534 0
outer loop
vertex 356.3730430928943 -143.0833487446979 2
vertex 356.47007350912565 -142.9018176039926 0
vertex 356.37304309292307 -143.08334874469773 0
endloop
endfacet
facet normal -0.9569403357322394 0.2902846772543619 0
outer loop
vertex 356.47007350913924 -142.90181760399255 2
vertex 356.5298245444294 -142.7048448380755 2
vertex 356.5298245444301 -142.7048448380752 0
endloop
endfacet
facet normal -0.9569403357322394 0.2902846772543619 0
outer loop
vertex 356.47007350913924 -142.90181760399255 2
vertex 356.5298245444301 -142.7048448380752 0
vertex 356.47007350912565 -142.9018176039926 0
endloop
endfacet
facet normal 0.09801714032954566 -0.9951847266721985 0
outer loop
vertex 245.50000000000355 -168.0200000000003 2
vertex 245.29515516186748 -168.04017545557855 2
vertex 245.29515516186768 -168.04017545557852 0
endloop
endfacet
facet normal 0.09801714032954566 -0.9951847266721985 0
outer loop
vertex 245.50000000000355 -168.0200000000003 2
vertex 245.29515516186768 -168.04017545557852 0
vertex 245.50000000000355 -168.0200000000003 0
endloop
endfacet
facet normal -0.09801714032954566 0.9951847266721985 0
outer loop
vertex 245.5000000000017 -170.12000000000006 2
vertex 245.70484483810148 -170.09982454442533 2
vertex 245.70484483810165 -170.09982454442533 0
endloop
endfacet
facet normal -0.09801714032954566 0.9951847266721985 0
outer loop
vertex 245.5000000000017 -170.12000000000006 2
vertex 245.70484483810165 -170.09982454442533 0
vertex 245.50000000000176 -170.12000000000006 0
endloop
endfacet
endsolid csg.js
