solid bottomR
facet normal 0 0 -1
outer loop
vertex 144.38304550000007 -97.11500011841207 0
vertex 144.3830731069985 -97.11500229225634 0
vertex 62.85509519729686 -97.11500229225634 0
endloop
endfacet
facet normal 0 0 -1
outer loop
vertex 144.38304550000007 -97.11500011841207 0
vertex 62.85509519729686 -97.11500229225634 0
vertex 94.3846110676685 -97.11500011841207 0
endloop
endfacet
facet normal 0 0 -1
outer loop
vertex 62.85509519729686 -97.11500229225634 0
vertex 144.3830731069985 -97.11500229225634 0
vertex 145.71348474088623 -97.2197622395512 0
endloop
endfacet
facet normal 0 0 -1
outer loop
vertex 62.85509519729686 -97.11500229225634 0
vertex 145.71348474088623 -97.2197622395512 0
vertex 147.01112977071452 -97.5314823739005 0
endloop
endfacet
facet normal 0 0 -1
outer loop
vertex 62.85509519729686 -97.11500229225634 0
vertex 147.01112977071452 -97.5314823739005 0
vertex 148.24398928085787 -98.04247111530846 0
endloop
endfacet
facet normal 0 0 -1
outer loop
vertex 62.85509519729686 -97.11500229225634 0
vertex 148.24398928085787 -98.04247111530846 0
vertex 149.38167175606173 -98.74013195784579 0
endloop
endfacet
facet normal 0 0 -1
outer loop
vertex 62.85509519729686 -97.11500229225634 0
vertex 149.38167175606173 -98.74013195784579 0
vertex 150.39613191297104 -99.60726669688069 0
endloop
endfacet
facet normal 0 0 -1
outer loop
vertex 62.85509519729686 -97.11500229225634 0
vertex 150.39613191297104 -99.60726669688069 0
vertex 151.26236205112914 -100.62249938614097 0
endloop
endfacet
facet normal 0 0 -1
outer loop
vertex 62.85509519729686 -97.11500229225634 0
vertex 151.26236205112914 -100.62249938614097 0
vertex 151.95900852379816 -101.76080328129132 0
endloop
endfacet
facet normal 0 0 -1
outer loop
vertex 62.85509519729686 -97.11500229225634 0
vertex 151.95900852379816 -101.76080328129132 0
vertex 152.46889813182034 -102.99411778020367 0
endloop
endfacet
facet normal 0 0 -1
outer loop
vertex 62.85509519729686 -97.11500229225634 0
vertex 152.46889813182034 -102.99411778020367 0
vertex 152.77946146426714 -104.29204015158663 0
endloop
endfacet
facet normal 0 0 -1
outer loop
vertex 62.85509519729686 -97.11500229225634 0
vertex 152.77946146426714 -104.29204015158663 0
vertex 152.88304275000002 -105.62257500000013 0
endloop
endfacet
facet normal 0 0 -1
outer loop
vertex 62.85509519729686 -97.11500229225634 0
vertex 152.88304275000002 -105.62257500000013 0
vertex 152.861316364397 -130.01999999999995 0
endloop
endfacet
facet normal 0 0 -1
outer loop
vertex 62.85509519729686 -97.11500229225634 0
vertex 152.861316364397 -130.01999999999995 0
vertex 142.50000000000176 -130.01999999999995 0
endloop
endfacet
facet normal 0 0 -1
outer loop
vertex 62.85509519729686 -97.11500229225634 0
vertex 142.50000000000176 -130.01999999999995 0
vertex 22.10465593461103 -130.01999999999995 0
endloop
endfacet
facet normal 0 0 -1
outer loop
vertex 62.85509519729686 -97.11500229225634 0
vertex 22.10465593461103 -130.01999999999995 0
vertex 22.069682400000005 -105.62718639999994 0
endloop
endfacet
facet normal 0 0 -1
outer loop
vertex 62.85509519729686 -97.11500229225634 0
vertex 22.069682400000005 -105.62718639999994 0
vertex 22.17261855022204 -104.29613950690265 0
endloop
endfacet
facet normal 0 0 -1
outer loop
vertex 62.85509519729686 -97.11500229225634 0
vertex 22.17261855022204 -104.29613950690265 0
vertex 22.48269064031811 -102.99762971464067 0
endloop
endfacet
facet normal 0 0 -1
outer loop
vertex 62.85509519729686 -97.11500229225634 0
vertex 22.48269064031811 -102.99762971464067 0
vertex 22.992253571706755 -101.76368563138124 0
endloop
endfacet
facet normal 0 0 -1
outer loop
vertex 62.85509519729686 -97.11500229225634 0
vertex 22.992253571706755 -101.76368563138124 0
vertex 23.688737379829803 -100.62474634999754 0
endloop
endfacet
facet normal 0 0 -1
outer loop
vertex 62.85509519729686 -97.11500229225634 0
vertex 23.688737379829803 -100.62474634999754 0
vertex 24.55496111167031 -99.60890737257378 0
endloop
endfacet
facet normal 0 0 -1
outer loop
vertex 62.85509519729686 -97.11500229225634 0
vertex 24.55496111167031 -99.60890737257378 0
vertex 25.569556647731872 -98.74122754691201 0
endloop
endfacet
facet normal 0 0 -1
outer loop
vertex 62.85509519729686 -97.11500229225634 0
vertex 25.569556647731872 -98.74122754691201 0
vertex 26.707495813586007 -98.04311091161955 0
endloop
endfacet
facet normal 0 0 -1
outer loop
vertex 62.85509519729686 -97.11500229225634 0
vertex 26.707495813586007 -98.04311091161955 0
vertex 27.94070777812783 -97.53177869850636 0
endloop
endfacet
facet normal 0 0 -1
outer loop
vertex 62.85509519729686 -97.11500229225634 0
vertex 27.94070777812783 -97.53177869850636 0
vertex 29.238771508483808 -97.21984451700183 0
endloop
endfacet
facet normal 0 0 -1
outer loop
vertex 62.85509519729686 -97.11500229225634 0
vertex 29.238771508483808 -97.21984451700183 0
vertex 30.56966620000003 -97.11500229225634 0
endloop
endfacet
facet normal 0 0 -1
outer loop
vertex 142.50000000000176 -130.01999999999995 0
vertex 142.2951551618897 -130.04017545557608 0
vertex 22.104684861450096 -130.04017545557608 0
endloop
endfacet
facet normal 0 0 -1
outer loop
vertex 142.50000000000176 -130.01999999999995 0
vertex 22.104684861450096 -130.04017545557608 0
vertex 22.10465593461103 -130.01999999999995 0
endloop
endfacet
facet normal 0 0 -1
outer loop
vertex 152.861316364397 -130.01999999999995 0
vertex 152.861298397758 -130.04017545557608 0
vertex 142.70484483811387 -130.04017545557608 0
endloop
endfacet
facet normal 0 0 -1
outer loop
vertex 152.861316364397 -130.01999999999995 0
vertex 142.70484483811387 -130.04017545557608 0
vertex 142.50000000000176 -130.01999999999995 0
endloop
endfacet
facet normal 0 0 -1
outer loop
vertex 142.2951551618897 -130.04017545557608 0
vertex 142.0981823959866 -130.09992649086945 0
vertex 22.10477053032517 -130.09992649086945 0
endloop
endfacet
facet normal 0 0 -1
outer loop
vertex 142.2951551618897 -130.04017545557608 0
vertex 22.10477053032517 -130.09992649086945 0
vertex 22.104684861450096 -130.04017545557608 0
endloop
endfacet
facet normal 0 0 -1
outer loop
vertex 152.861298397758 -130.04017545557608 0
vertex 152.86124518828885 -130.09992649086945 0
vertex 142.90181760400273 -130.09992649086945 0
endloop
endfacet
facet normal 0 0 -1
outer loop
vertex 152.861298397758 -130.04017545557608 0
vertex 142.90181760400273 -130.09992649086945 0
vertex 142.70484483811387 -130.04017545557608 0
endloop
endfacet
facet normal 0 0 -1
outer loop
vertex 142.0981823959866 -130.09992649086945 0
vertex 141.91665125537176 -130.19695690706746 0
vertex 22.104909649029338 -130.19695690706746 0
endloop
endfacet
facet normal 0 0 -1
outer loop
vertex 142.0981823959866 -130.09992649086945 0
vertex 22.104909649029338 -130.19695690706746 0
vertex 22.10477053032517 -130.09992649086945 0
endloop
endfacet
facet normal 0 0 -1
outer loop
vertex 152.86124518828885 -130.09992649086945 0
vertex 152.86115878079963 -130.19695690706746 0
vertex 143.08334874465035 -130.19695690706746 0
endloop
endfacet
facet normal 0 0 -1
outer loop
vertex 152.86124518828885 -130.09992649086945 0
vertex 143.08334874465035 -130.19695690706746 0
vertex 142.90181760400273 -130.09992649086945 0
endloop
endfacet
facet normal 0 0 -1
outer loop
vertex 141.91665125537176 -130.19695690706746 0
vertex 141.75753787974622 -130.32753787974747 0
vertex 22.105096871308916 -130.32753787974747 0
endloop
endfacet
facet normal 0 0 -1
outer loop
vertex 141.91665125537176 -130.19695690706746 0
vertex 22.105096871308916 -130.32753787974747 0
vertex 22.104909649029338 -130.19695690706746 0
endloop
endfacet
facet normal 0 0 -1
outer loop
vertex 152.86115878079963 -130.19695690706746 0
vertex 152.86104249588166 -130.32753787974747 0
vertex 143.24246212023567 -130.32753787974747 0
endloop
endfacet
facet normal 0 0 -1
outer loop
vertex 152.86115878079963 -130.19695690706746 0
vertex 143.24246212023567 -130.32753787974747 0
vertex 143.08334874465035 -130.19695690706746 0
endloop
endfacet
facet normal 0 0 -1
outer loop
vertex 141.75753787974622 -130.32753787974747 0
vertex 141.62695690706127 -130.48665125534927 0
vertex 22.105325002316675 -130.48665125534927 0
endloop
endfacet
facet normal 0 0 -1
outer loop
vertex 141.75753787974622 -130.32753787974747 0
vertex 22.105325002316675 -130.48665125534927 0
vertex 22.105096871308916 -130.32753787974747 0
endloop
endfacet
facet normal 0 0 -1
outer loop
vertex 152.86104249588166 -130.32753787974747 0
vertex 152.8609008022991 -130.48665125534927 0
vertex 143.37304309292924 -130.48665125534927 0
endloop
endfacet
facet normal 0 0 -1
outer loop
vertex 152.86104249588166 -130.32753787974747 0
vertex 143.37304309292924 -130.48665125534927 0
vertex 143.24246212023567 -130.32753787974747 0
endloop
endfacet
facet normal 0 0 -1
outer loop
vertex 141.62695690706127 -130.48665125534927 0
vertex 141.52992649087653 -130.6681823960087 0
vertex 22.105585275105824 -130.6681823960087 0
endloop
endfacet
facet normal 0 0 -1
outer loop
vertex 141.62695690706127 -130.48665125534927 0
vertex 22.105585275105824 -130.6681823960087 0
vertex 22.105325002316675 -130.48665125534927 0
endloop
endfacet
facet normal 0 0 -1
outer loop
vertex 152.8609008022991 -130.48665125534927 0
vertex 152.86073914525699 -130.6681823960087 0
vertex 143.47007350913356 -130.6681823960087 0
endloop
endfacet
facet normal 0 0 -1
outer loop
vertex 152.8609008022991 -130.48665125534927 0
vertex 143.47007350913356 -130.6681823960087 0
vertex 143.37304309292924 -130.48665125534927 0
endloop
endfacet
facet normal 0 0 -1
outer loop
vertex 141.52992649087653 -130.6681823960087 0
vertex 141.47017545557304 -130.8651551618836 0
vertex 22.105867687539188 -130.8651551618836 0
endloop
endfacet
facet normal 0 0 -1
outer loop
vertex 141.52992649087653 -130.6681823960087 0
vertex 22.105867687539188 -130.8651551618836 0
vertex 22.105585275105824 -130.6681823960087 0
endloop
endfacet
facet normal 0 0 -1
outer loop
vertex 152.86073914525699 -130.6681823960087 0
vertex 152.86056373714467 -130.8651551618836 0
vertex 143.5298245444227 -130.8651551618836 0
endloop
endfacet
facet normal 0 0 -1
outer loop
vertex 152.86073914525699 -130.6681823960087 0
vertex 143.5298245444227 -130.8651551618836 0
vertex 143.47007350913356 -130.6681823960087 0
endloop
endfacet
facet normal 0 0 -1
outer loop
vertex 141.47017545557304 -130.8651551618836 0
vertex 141.45000000000059 -131.07000000000676 0
vertex 22.106161386665207 -131.07000000000676 0
endloop
endfacet
facet normal 0 0 -1
outer loop
vertex 141.47017545557304 -130.8651551618836 0
vertex 22.106161386665207 -131.07000000000676 0
vertex 22.105867687539188 -130.8651551618836 0
endloop
endfacet
facet normal 0 0 -1
outer loop
vertex 152.86056373714467 -130.8651551618836 0
vertex 152.86038131879758 -131.07000000000676 0
vertex 143.54999999999993 -131.07000000000676 0
endloop
endfacet
facet normal 0 0 -1
outer loop
vertex 152.86056373714467 -130.8651551618836 0
vertex 143.54999999999993 -131.07000000000676 0
vertex 143.5298245444227 -130.8651551618836 0
endloop
endfacet
facet normal 0 0 -1
outer loop
vertex 141.45000000000059 -131.07000000000676 0
vertex 141.4701754555774 -131.27484483812958 0
vertex 22.106455085791254 -131.27484483812958 0
endloop
endfacet
facet normal 0 0 -1
outer loop
vertex 141.45000000000059 -131.07000000000676 0
vertex 22.106455085791254 -131.27484483812958 0
vertex 22.106161386665207 -131.07000000000676 0
endloop
endfacet
facet normal 0 0 -1
outer loop
vertex 152.86038131879758 -131.07000000000676 0
vertex 152.86019890045048 -131.27484483812958 0
vertex 143.52982454442275 -131.27484483812958 0
endloop
endfacet
facet normal 0 0 -1
outer loop
vertex 152.86038131879758 -131.07000000000676 0
vertex 143.52982454442275 -131.27484483812958 0
vertex 143.54999999999993 -131.07000000000676 0
endloop
endfacet
facet normal 0 0 -1
outer loop
vertex 141.4701754555774 -131.27484483812958 0
vertex 141.52992649085957 -131.47181760398075 0
vertex 22.10673749822456 -131.47181760398075 0
endloop
endfacet
facet normal 0 0 -1
outer loop
vertex 141.4701754555774 -131.27484483812958 0
vertex 22.10673749822456 -131.47181760398075 0
vertex 22.106455085791254 -131.27484483812958 0
endloop
endfacet
facet normal 0 0 -1
outer loop
vertex 152.86019890045048 -131.27484483812958 0
vertex 152.86002349233817 -131.47181760398075 0
vertex 143.4700735091346 -131.47181760398075 0
endloop
endfacet
facet normal 0 0 -1
outer loop
vertex 152.86019890045048 -131.27484483812958 0
vertex 143.4700735091346 -131.47181760398075 0
vertex 143.52982454442275 -131.27484483812958 0
endloop
endfacet
facet normal 0 0 -1
outer loop
vertex 141.52992649085957 -131.47181760398075 0
vertex 141.62695690707375 -131.65334874465864 0
vertex 22.106997771013738 -131.65334874465864 0
endloop
endfacet
facet normal 0 0 -1
outer loop
vertex 141.52992649085957 -131.47181760398075 0
vertex 22.106997771013738 -131.65334874465864 0
vertex 22.10673749822456 -131.47181760398075 0
endloop
endfacet
facet normal 0 0 -1
outer loop
vertex 152.86002349233817 -131.47181760398075 0
vertex 152.85986183529604 -131.65334874465864 0
vertex 143.3730430929149 -131.65334874465864 0
endloop
endfacet
facet normal 0 0 -1
outer loop
vertex 152.86002349233817 -131.47181760398075 0
vertex 143.3730430929149 -131.65334874465864 0
vertex 143.4700735091346 -131.47181760398075 0
endloop
endfacet
facet normal 0 0 -1
outer loop
vertex 141.62695690707375 -131.65334874465864 0
vertex 141.75753787976214 -131.81246212025414 0
vertex 22.107225902021497 -131.81246212025414 0
endloop
endfacet
facet normal 0 0 -1
outer loop
vertex 141.62695690707375 -131.65334874465864 0
vertex 22.107225902021497 -131.81246212025414 0
vertex 22.106997771013738 -131.65334874465864 0
endloop
endfacet
facet normal 0 0 -1
outer loop
vertex 152.85986183529604 -131.65334874465864 0
vertex 152.85972014171352 -131.81246212025414 0
vertex 143.24246212024607 -131.81246212025414 0
endloop
endfacet
facet normal 0 0 -1
outer loop
vertex 152.85986183529604 -131.65334874465864 0
vertex 143.24246212024607 -131.81246212025414 0
vertex 143.3730430929149 -131.65334874465864 0
endloop
endfacet
facet normal 0 0 -1
outer loop
vertex 141.75753787976214 -131.81246212025414 0
vertex 141.9166512553271 -131.9430430929175 0
vertex 22.107413124301047 -131.9430430929175 0
endloop
endfacet
facet normal 0 0 -1
outer loop
vertex 141.75753787976214 -131.81246212025414 0
vertex 22.107413124301047 -131.9430430929175 0
vertex 22.107225902021497 -131.81246212025414 0
endloop
endfacet
facet normal 0 0 -1
outer loop
vertex 152.85972014171352 -131.81246212025414 0
vertex 152.85960385679556 -131.9430430929175 0
vertex 143.08334874467468 -131.9430430929175 0
endloop
endfacet
facet normal 0 0 -1
outer loop
vertex 152.85972014171352 -131.81246212025414 0
vertex 143.08334874467468 -131.9430430929175 0
vertex 143.24246212024607 -131.81246212025414 0
endloop
endfacet
facet normal 0 0 -1
outer loop
vertex 141.9166512553271 -131.9430430929175 0
vertex 142.09818239600617 -132.0400735091323 0
vertex 22.107552243005244 -132.0400735091323 0
endloop
endfacet
facet normal 0 0 -1
outer loop
vertex 141.9166512553271 -131.9430430929175 0
vertex 22.107552243005244 -132.0400735091323 0
vertex 22.107413124301047 -131.9430430929175 0
endloop
endfacet
facet normal 0 0 -1
outer loop
vertex 152.85960385679556 -131.9430430929175 0
vertex 152.85951744930634 -132.0400735091323 0
vertex 142.90181760398383 -132.0400735091323 0
endloop
endfacet
facet normal 0 0 -1
outer loop
vertex 152.85960385679556 -131.9430430929175 0
vertex 142.90181760398383 -132.0400735091323 0
vertex 143.08334874467468 -131.9430430929175 0
endloop
endfacet
facet normal 0 0 -1
outer loop
vertex 142.09818239600617 -132.0400735091323 0
vertex 142.2951551618887 -132.09982454442374 0
vertex 22.107637911880317 -132.09982454442374 0
endloop
endfacet
facet normal 0 0 -1
outer loop
vertex 142.09818239600617 -132.0400735091323 0
vertex 22.107637911880317 -132.09982454442374 0
vertex 22.107552243005244 -132.0400735091323 0
endloop
endfacet
facet normal 0 0 -1
outer loop
vertex 152.85951744930634 -132.0400735091323 0
vertex 152.85946423983717 -132.09982454442374 0
vertex 142.70484483810642 -132.09982454442374 0
endloop
endfacet
facet normal 0 0 -1
outer loop
vertex 152.85951744930634 -132.0400735091323 0
vertex 142.70484483810642 -132.09982454442374 0
vertex 142.90181760398383 -132.0400735091323 0
endloop
endfacet
facet normal 0 0 -1
outer loop
vertex 142.2951551618887 -132.09982454442374 0
vertex 142.5000000000045 -132.12000000000023 0
vertex 22.107666838719382 -132.12000000000023 0
endloop
endfacet
facet normal 0 0 -1
outer loop
vertex 142.2951551618887 -132.09982454442374 0
vertex 22.107666838719382 -132.12000000000023 0
vertex 22.107637911880317 -132.09982454442374 0
endloop
endfacet
facet normal 0 0 -1
outer loop
vertex 152.85946423983717 -132.09982454442374 0
vertex 152.8594462731982 -132.12000000000023 0
vertex 142.5000000000045 -132.12000000000023 0
endloop
endfacet
facet normal 0 0 -1
outer loop
vertex 152.85946423983717 -132.09982454442374 0
vertex 142.5000000000045 -132.12000000000023 0
vertex 142.70484483810642 -132.09982454442374 0
endloop
endfacet
facet normal 0 0 -1
outer loop
vertex 142.5000000000045 -132.12000000000023 0
vertex 152.8594462731982 -132.12000000000023 0
vertex 152.8511377251577 -141.44999999999612 0
endloop
endfacet
facet normal 0 0 -1
outer loop
vertex 142.5000000000045 -132.12000000000023 0
vertex 152.8511377251577 -141.44999999999612 0
vertex 32.49999999999886 -141.44999999999612 0
endloop
endfacet
facet normal 0 0 -1
outer loop
vertex 142.5000000000045 -132.12000000000023 0
vertex 32.49999999999886 -141.44999999999612 0
vertex 22.121043855543746 -141.44999999999612 0
endloop
endfacet
facet normal 0 0 -1
outer loop
vertex 142.5000000000045 -132.12000000000023 0
vertex 22.121043855543746 -141.44999999999612 0
vertex 22.107666838719382 -132.12000000000023 0
endloop
endfacet
facet normal 0 0 -1
outer loop
vertex 32.49999999999886 -141.44999999999612 0
vertex 32.29515516186041 -141.47017545557492 0
vertex 22.12107278238284 -141.47017545557492 0
endloop
endfacet
facet normal 0 0 -1
outer loop
vertex 32.49999999999886 -141.44999999999612 0
vertex 22.12107278238284 -141.47017545557492 0
vertex 22.121043855543746 -141.44999999999612 0
endloop
endfacet
facet normal 0 0 -1
outer loop
vertex 152.8511377251577 -141.44999999999612 0
vertex 152.8511197585187 -141.47017545557492 0
vertex 32.704844838140104 -141.47017545557492 0
endloop
endfacet
facet normal 0 0 -1
outer loop
vertex 152.8511377251577 -141.44999999999612 0
vertex 32.704844838140104 -141.47017545557492 0
vertex 32.49999999999886 -141.44999999999612 0
endloop
endfacet
facet normal 0 0 -1
outer loop
vertex 32.29515516186041 -141.47017545557492 0
vertex 32.09818239608384 -141.52992649084146 0
vertex 22.121158451257884 -141.52992649084146 0
endloop
endfacet
facet normal 0 0 -1
outer loop
vertex 32.29515516186041 -141.47017545557492 0
vertex 22.121158451257884 -141.52992649084146 0
vertex 22.12107278238284 -141.47017545557492 0
endloop
endfacet
facet normal 0 0 -1
outer loop
vertex 152.8511197585187 -141.47017545557492 0
vertex 152.85106654904956 -141.52992649084146 0
vertex 32.901817603963565 -141.52992649084146 0
endloop
endfacet
facet normal 0 0 -1
outer loop
vertex 152.8511197585187 -141.47017545557492 0
vertex 32.901817603963565 -141.52992649084146 0
vertex 32.704844838140104 -141.47017545557492 0
endloop
endfacet
facet normal 0 0 -1
outer loop
vertex 32.09818239608384 -141.52992649084146 0
vertex 31.91665125520757 -141.62695690712644 0
vertex 22.121297569962167 -141.62695690712644 0
endloop
endfacet
facet normal 0 0 -1
outer loop
vertex 32.09818239608384 -141.52992649084146 0
vertex 22.121297569962167 -141.62695690712644 0
vertex 22.121158451257884 -141.52992649084146 0
endloop
endfacet
facet normal 0 0 -1
outer loop
vertex 152.85106654904956 -141.52992649084146 0
vertex 152.85098014156029 -141.62695690712644 0
vertex 33.08334874466195 -141.62695690712644 0
endloop
endfacet
facet normal 0 0 -1
outer loop
vertex 152.85106654904956 -141.52992649084146 0
vertex 33.08334874466195 -141.62695690712644 0
vertex 32.901817603963565 -141.52992649084146 0
endloop
endfacet
facet normal 0 0 -1
outer loop
vertex 31.91665125520757 -141.62695690712644 0
vertex 31.757537879875088 -141.75753787970075 0
vertex 22.121484792241603 -141.75753787970075 0
endloop
endfacet
facet normal 0 0 -1
outer loop
vertex 31.91665125520757 -141.62695690712644 0
vertex 22.121484792241603 -141.75753787970075 0
vertex 22.121297569962167 -141.62695690712644 0
endloop
endfacet
facet normal 0 0 -1
outer loop
vertex 152.85098014156029 -141.62695690712644 0
vertex 152.8508638566424 -141.75753787970075 0
vertex 33.242462120254544 -141.75753787970075 0
endloop
endfacet
facet normal 0 0 -1
outer loop
vertex 152.85098014156029 -141.62695690712644 0
vertex 33.242462120254544 -141.75753787970075 0
vertex 33.08334874466195 -141.62695690712644 0
endloop
endfacet
facet normal 0 0 -1
outer loop
vertex 31.757537879875088 -141.75753787970075 0
vertex 31.62695690698817 -141.91665125539149 0
vertex 22.121712923249504 -141.91665125539149 0
endloop
endfacet
facet normal 0 0 -1
outer loop
vertex 31.757537879875088 -141.75753787970075 0
vertex 22.121712923249504 -141.91665125539149 0
vertex 22.121484792241603 -141.75753787970075 0
endloop
endfacet
facet normal 0 0 -1
outer loop
vertex 152.8508638566424 -141.75753787970075 0
vertex 152.8507221630598 -141.91665125539149 0
vertex 33.37304309292222 -141.91665125539149 0
endloop
endfacet
facet normal 0 0 -1
outer loop
vertex 152.8508638566424 -141.75753787970075 0
vertex 33.37304309292222 -141.91665125539149 0
vertex 33.242462120254544 -141.75753787970075 0
endloop
endfacet
facet normal 0 0 -1
outer loop
vertex 31.62695690698817 -141.91665125539149 0
vertex 31.529926490918996 -142.0981823959731 0
vertex 22.12197319603854 -142.0981823959731 0
endloop
endfacet
facet normal 0 0 -1
outer loop
vertex 31.62695690698817 -141.91665125539149 0
vertex 22.12197319603854 -142.0981823959731 0
vertex 22.121712923249504 -141.91665125539149 0
endloop
endfacet
facet normal 0 0 -1
outer loop
vertex 152.8507221630598 -141.91665125539149 0
vertex 152.85056050601773 -142.0981823959731 0
vertex 33.47007350913043 -142.0981823959731 0
endloop
endfacet
facet normal 0 0 -1
outer loop
vertex 152.8507221630598 -141.91665125539149 0
vertex 33.47007350913043 -142.0981823959731 0
vertex 33.37304309292222 -141.91665125539149 0
endloop
endfacet
facet normal 0 0 -1
outer loop
vertex 31.529926490918996 -142.0981823959731 0
vertex 31.47017545557668 -142.29515516183608 0
vertex 22.122255608471846 -142.29515516183608 0
endloop
endfacet
facet normal 0 0 -1
outer loop
vertex 31.529926490918996 -142.0981823959731 0
vertex 22.122255608471846 -142.29515516183608 0
vertex 22.12197319603854 -142.0981823959731 0
endloop
endfacet
facet normal 0 0 -1
outer loop
vertex 152.85056050601773 -142.0981823959731 0
vertex 152.85038509790542 -142.29515516183608 0
vertex 33.529824544422866 -142.29515516183608 0
endloop
endfacet
facet normal 0 0 -1
outer loop
vertex 152.85056050601773 -142.0981823959731 0
vertex 33.529824544422866 -142.29515516183608 0
vertex 33.47007350913043 -142.0981823959731 0
endloop
endfacet
facet normal 0 0 -1
outer loop
vertex 31.47017545557668 -142.29515516183608 0
vertex 31.4499999999895 -142.50000000004107 0
vertex 22.122549307598007 -142.50000000004107 0
endloop
endfacet
facet normal 0 0 -1
outer loop
vertex 31.47017545557668 -142.29515516183608 0
vertex 22.122549307598007 -142.50000000004107 0
vertex 22.122255608471846 -142.29515516183608 0
endloop
endfacet
facet normal 0 0 -1
outer loop
vertex 152.85038509790542 -142.29515516183608 0
vertex 152.85020267955827 -142.50000000004107 0
vertex 33.54999999999964 -142.50000000004107 0
endloop
endfacet
facet normal 0 0 -1
outer loop
vertex 152.85038509790542 -142.29515516183608 0
vertex 33.54999999999964 -142.50000000004107 0
vertex 33.529824544422866 -142.29515516183608 0
endloop
endfacet
facet normal 0 0 -1
outer loop
vertex 31.4499999999895 -142.50000000004107 0
vertex 31.470175455568466 -142.7048448380752 0
vertex 22.12284300672391 -142.7048448380752 0
endloop
endfacet
facet normal 0 0 -1
outer loop
vertex 31.4499999999895 -142.50000000004107 0
vertex 22.12284300672391 -142.7048448380752 0
vertex 22.122549307598007 -142.50000000004107 0
endloop
endfacet
facet normal 0 0 -1
outer loop
vertex 152.85020267955827 -142.50000000004107 0
vertex 152.85002026121126 -142.7048448380752 0
vertex 33.52982454442761 -142.7048448380752 0
endloop
endfacet
facet normal 0 0 -1
outer loop
vertex 152.85020267955827 -142.50000000004107 0
vertex 33.52982454442761 -142.7048448380752 0
vertex 33.54999999999964 -142.50000000004107 0
endloop
endfacet
facet normal 0 0 -1
outer loop
vertex 31.470175455568466 -142.7048448380752 0
vertex 31.52992649088077 -142.9018176039926 0
vertex 22.123125419157333 -142.9018176039926 0
endloop
endfacet
facet normal 0 0 -1
outer loop
vertex 31.470175455568466 -142.7048448380752 0
vertex 22.123125419157333 -142.9018176039926 0
vertex 22.12284300672391 -142.7048448380752 0
endloop
endfacet
facet normal 0 0 -1
outer loop
vertex 152.85002026121126 -142.7048448380752 0
vertex 152.8498448530989 -142.9018176039926 0
vertex 33.470073509134124 -142.9018176039926 0
endloop
endfacet
facet normal 0 0 -1
outer loop
vertex 152.85002026121126 -142.7048448380752 0
vertex 33.470073509134124 -142.9018176039926 0
vertex 33.52982454442761 -142.7048448380752 0
endloop
endfacet
facet normal 0 0 -1
outer loop
vertex 31.52992649088077 -142.9018176039926 0
vertex 31.626956907092676 -143.08334874469773 0
vertex 22.123385691946538 -143.08334874469773 0
endloop
endfacet
facet normal 0 0 -1
outer loop
vertex 31.52992649088077 -142.9018176039926 0
vertex 22.123385691946538 -143.08334874469773 0
vertex 22.123125419157333 -142.9018176039926 0
endloop
endfacet
facet normal 0 0 -1
outer loop
vertex 152.8498448530989 -142.9018176039926 0
vertex 152.84968319605673 -143.08334874469773 0
vertex 33.37304309292389 -143.08334874469773 0
endloop
endfacet
facet normal 0 0 -1
outer loop
vertex 152.8498448530989 -142.9018176039926 0
vertex 33.37304309292389 -143.08334874469773 0
vertex 33.470073509134124 -142.9018176039926 0
endloop
endfacet
facet normal 0 0 -1
outer loop
vertex 31.626956907092676 -143.08334874469773 0
vertex 31.757537879713936 -143.24246212024138 0
vertex 22.123613822954212 -143.24246212024138 0
endloop
endfacet
facet normal 0 0 -1
outer loop
vertex 31.626956907092676 -143.08334874469773 0
vertex 22.123613822954212 -143.24246212024138 0
vertex 22.123385691946538 -143.08334874469773 0
endloop
endfacet
facet normal 0 0 -1
outer loop
vertex 152.84968319605673 -143.08334874469773 0
vertex 152.84954150247424 -143.24246212024138 0
vertex 33.24246212024124 -143.24246212024138 0
endloop
endfacet
facet normal 0 0 -1
outer loop
vertex 152.84968319605673 -143.08334874469773 0
vertex 33.24246212024124 -143.24246212024138 0
vertex 33.37304309292389 -143.08334874469773 0
endloop
endfacet
facet normal 0 0 -1
outer loop
vertex 31.757537879713936 -143.24246212024138 0
vertex 31.916651255360108 -143.3730430929286 0
vertex 22.12380104523379 -143.3730430929286 0
endloop
endfacet
facet normal 0 0 -1
outer loop
vertex 31.757537879713936 -143.24246212024138 0
vertex 22.12380104523379 -143.3730430929286 0
vertex 22.123613822954212 -143.24246212024138 0
endloop
endfacet
facet normal 0 0 -1
outer loop
vertex 152.84954150247424 -143.24246212024138 0
vertex 152.84942521755627 -143.3730430929286 0
vertex 33.0833487446732 -143.3730430929286 0
endloop
endfacet
facet normal 0 0 -1
outer loop
vertex 152.84954150247424 -143.24246212024138 0
vertex 33.0833487446732 -143.3730430929286 0
vertex 33.24246212024124 -143.24246212024138 0
endloop
endfacet
facet normal 0 0 -1
outer loop
vertex 31.916651255360108 -143.3730430929286 0
vertex 32.09818239597274 -143.47007350913023 0
vertex 22.123940163937988 -143.47007350913023 0
endloop
endfacet
facet normal 0 0 -1
outer loop
vertex 31.916651255360108 -143.3730430929286 0
vertex 22.123940163937988 -143.47007350913023 0
vertex 22.12380104523379 -143.3730430929286 0
endloop
endfacet
facet normal 0 0 -1
outer loop
vertex 152.84942521755627 -143.3730430929286 0
vertex 152.84933881006705 -143.47007350913023 0
vertex 32.90181760398909 -143.47007350913023 0
endloop
endfacet
facet normal 0 0 -1
outer loop
vertex 152.84942521755627 -143.3730430929286 0
vertex 32.90181760398909 -143.47007350913023 0
vertex 33.0833487446732 -143.3730430929286 0
endloop
endfacet
facet normal 0 0 -1
outer loop
vertex 32.09818239597274 -143.47007350913023 0
vertex 32.2951551618996 -143.52982454442193 0
vertex 22.124025832813032 -143.52982454442193 0
endloop
endfacet
facet normal 0 0 -1
outer loop
vertex 32.09818239597274 -143.47007350913023 0
vertex 22.124025832813032 -143.52982454442193 0
vertex 22.123940163937988 -143.47007350913023 0
endloop
endfacet
facet normal 0 0 -1
outer loop
vertex 152.84933881006705 -143.47007350913023 0
vertex 152.84928560059788 -143.52982454442193 0
vertex 32.70484483810989 -143.52982454442193 0
endloop
endfacet
facet normal 0 0 -1
outer loop
vertex 152.84933881006705 -143.47007350913023 0
vertex 32.70484483810989 -143.52982454442193 0
vertex 32.90181760398909 -143.47007350913023 0
endloop
endfacet
facet normal 0 0 -1
outer loop
vertex 32.2951551618996 -143.52982454442193 0
vertex 32.49999999999281 -143.5499999999971 0
vertex 22.124054759652125 -143.5499999999971 0
endloop
endfacet
facet normal 0 0 -1
outer loop
vertex 32.2951551618996 -143.52982454442193 0
vertex 22.124054759652125 -143.5499999999971 0
vertex 22.124025832813032 -143.52982454442193 0
endloop
endfacet
facet normal 0 0 -1
outer loop
vertex 152.84928560059788 -143.52982454442193 0
vertex 152.8492676339589 -143.5499999999971 0
vertex 32.49999999999281 -143.5499999999971 0
endloop
endfacet
facet normal 0 0 -1
outer loop
vertex 152.84928560059788 -143.52982454442193 0
vertex 32.49999999999281 -143.5499999999971 0
vertex 32.70484483810989 -143.52982454442193 0
endloop
endfacet
facet normal 0 0 -1
outer loop
vertex 32.49999999999281 -143.5499999999971 0
vertex 152.8492676339589 -143.5499999999971 0
vertex 152.82747661889456 -168.0200000000003 0
endloop
endfacet
facet normal 0 0 -1
outer loop
vertex 32.49999999999281 -143.5499999999971 0
vertex 152.82747661889456 -168.0200000000003 0
vertex 142.49999999999912 -168.0200000000003 0
endloop
endfacet
facet normal 0 0 -1
outer loop
vertex 32.49999999999281 -143.5499999999971 0
vertex 142.49999999999912 -168.0200000000003 0
vertex 22.159138961334037 -168.0200000000003 0
endloop
endfacet
facet normal 0 0 -1
outer loop
vertex 32.49999999999281 -143.5499999999971 0
vertex 22.159138961334037 -168.0200000000003 0
vertex 22.124054759652125 -143.5499999999971 0
endloop
endfacet
facet normal 0 0 -1
outer loop
vertex 142.49999999999912 -168.0200000000003 0
vertex 142.29515516186572 -168.04017545557852 0
vertex 22.15916788817313 -168.04017545557852 0
endloop
endfacet
facet normal 0 0 -1
outer loop
vertex 142.49999999999912 -168.0200000000003 0
vertex 22.15916788817313 -168.04017545557852 0
vertex 22.159138961334037 -168.0200000000003 0
endloop
endfacet
facet normal 0 0 -1
outer loop
vertex 152.82747661889456 -168.0200000000003 0
vertex 152.82745865225556 -168.04017545557852 0
vertex 142.7048448381217 -168.04017545557852 0
endloop
endfacet
facet normal 0 0 -1
outer loop
vertex 152.82747661889456 -168.0200000000003 0
vertex 142.7048448381217 -168.04017545557852 0
vertex 142.49999999999912 -168.0200000000003 0
endloop
endfacet
facet normal 0 0 -1
outer loop
vertex 142.29515516186572 -168.04017545557852 0
vertex 142.0981823960377 -168.09992649085646 0
vertex 22.159253557048174 -168.09992649085646 0
endloop
endfacet
facet normal 0 0 -1
outer loop
vertex 142.29515516186572 -168.04017545557852 0
vertex 22.159253557048174 -168.09992649085646 0
vertex 22.15916788817313 -168.04017545557852 0
endloop
endfacet
facet normal 0 0 -1
outer loop
vertex 152.82745865225556 -168.04017545557852 0
vertex 152.82740544278641 -168.09992649085646 0
vertex 142.90181760399923 -168.09992649085646 0
endloop
endfacet
facet normal 0 0 -1
outer loop
vertex 152.82745865225556 -168.04017545557852 0
vertex 142.90181760399923 -168.09992649085646 0
vertex 142.7048448381217 -168.04017545557852 0
endloop
endfacet
facet normal 0 0 -1
outer loop
vertex 142.0981823960377 -168.09992649085646 0
vertex 141.9166512553179 -168.1969569070844 0
vertex 22.1593926757524 -168.1969569070844 0
endloop
endfacet
facet normal 0 0 -1
outer loop
vertex 142.0981823960377 -168.09992649085646 0
vertex 22.1593926757524 -168.1969569070844 0
vertex 22.159253557048174 -168.09992649085646 0
endloop
endfacet
facet normal 0 0 -1
outer loop
vertex 152.82740544278641 -168.09992649085646 0
vertex 152.82731903529717 -168.1969569070844 0
vertex 143.08334874466527 -168.1969569070844 0
endloop
endfacet
facet normal 0 0 -1
outer loop
vertex 152.82740544278641 -168.09992649085646 0
vertex 143.08334874466527 -168.1969569070844 0
vertex 142.90181760399923 -168.09992649085646 0
endloop
endfacet
facet normal 0 0 -1
outer loop
vertex 141.9166512553179 -168.1969569070844 0
vertex 141.75753787976103 -168.32753787975102 0
vertex 22.15957989803195 -168.32753787975102 0
endloop
endfacet
facet normal 0 0 -1
outer loop
vertex 141.9166512553179 -168.1969569070844 0
vertex 22.15957989803195 -168.32753787975102 0
vertex 22.1593926757524 -168.1969569070844 0
endloop
endfacet
facet normal 0 0 -1
outer loop
vertex 152.82731903529717 -168.1969569070844 0
vertex 152.8272027503792 -168.32753787975102 0
vertex 143.24246212024542 -168.32753787975102 0
endloop
endfacet
facet normal 0 0 -1
outer loop
vertex 152.82731903529717 -168.1969569070844 0
vertex 143.24246212024542 -168.32753787975102 0
vertex 143.08334874466527 -168.1969569070844 0
endloop
endfacet
facet normal 0 0 -1
outer loop
vertex 141.75753787976103 -168.32753787975102 0
vertex 141.62695690709802 -168.48665125530596 0
vertex 22.159808029039652 -168.48665125530596 0
endloop
endfacet
facet normal 0 0 -1
outer loop
vertex 141.75753787976103 -168.32753787975102 0
vertex 22.159808029039652 -168.48665125530596 0
vertex 22.15957989803195 -168.32753787975102 0
endloop
endfacet
facet normal 0 0 -1
outer loop
vertex 152.8272027503792 -168.32753787975102 0
vertex 152.8270610567967 -168.48665125530596 0
vertex 143.37304309290053 -168.48665125530596 0
endloop
endfacet
facet normal 0 0 -1
outer loop
vertex 152.8272027503792 -168.32753787975102 0
vertex 143.37304309290053 -168.48665125530596 0
vertex 143.24246212024542 -168.32753787975102 0
endloop
endfacet
facet normal 0 0 -1
outer loop
vertex 141.62695690709802 -168.48665125530596 0
vertex 141.52992649084533 -168.66818239602262 0
vertex 22.160068301828886 -168.66818239602262 0
endloop
endfacet
facet normal 0 0 -1
outer loop
vertex 141.62695690709802 -168.48665125530596 0
vertex 22.160068301828886 -168.66818239602262 0
vertex 22.159808029039652 -168.48665125530596 0
endloop
endfacet
facet normal 0 0 -1
outer loop
vertex 152.8270610567967 -168.48665125530596 0
vertex 152.82689939975455 -168.66818239602262 0
vertex 143.47007350913543 -168.66818239602262 0
endloop
endfacet
facet normal 0 0 -1
outer loop
vertex 152.8270610567967 -168.48665125530596 0
vertex 143.47007350913543 -168.66818239602262 0
vertex 143.37304309290053 -168.48665125530596 0
endloop
endfacet
facet normal 0 0 -1
outer loop
vertex 141.52992649084533 -168.66818239602262 0
vertex 141.47017545557216 -168.86515516189786 0
vertex 22.160350714262222 -168.86515516189786 0
endloop
endfacet
facet normal 0 0 -1
outer loop
vertex 141.52992649084533 -168.66818239602262 0
vertex 22.160350714262222 -168.86515516189786 0
vertex 22.160068301828886 -168.66818239602262 0
endloop
endfacet
facet normal 0 0 -1
outer loop
vertex 152.82689939975455 -168.66818239602262 0
vertex 152.8267239916422 -168.86515516189786 0
vertex 143.52982454442466 -168.86515516189786 0
endloop
endfacet
facet normal 0 0 -1
outer loop
vertex 152.82689939975455 -168.66818239602262 0
vertex 143.52982454442466 -168.86515516189786 0
vertex 143.47007350913543 -168.66818239602262 0
endloop
endfacet
facet normal 0 0 -1
outer loop
vertex 141.47017545557216 -168.86515516189786 0
vertex 141.45000000000223 -169.07000000000218 0
vertex 22.16064441338824 -169.07000000000218 0
endloop
endfacet
facet normal 0 0 -1
outer loop
vertex 141.47017545557216 -168.86515516189786 0
vertex 22.16064441338824 -169.07000000000218 0
vertex 22.160350714262222 -168.86515516189786 0
endloop
endfacet
facet normal 0 0 -1
outer loop
vertex 152.8267239916422 -168.86515516189786 0
vertex 152.82654157329515 -169.07000000000218 0
vertex 143.55 -169.07000000000218 0
endloop
endfacet
facet normal 0 0 -1
outer loop
vertex 152.8267239916422 -168.86515516189786 0
vertex 143.55 -169.07000000000218 0
vertex 143.52982454442466 -168.86515516189786 0
endloop
endfacet
facet normal 0 0 -1
outer loop
vertex 141.45000000000223 -169.07000000000218 0
vertex 141.47017545557458 -169.27484483809866 0
vertex 22.16093811251423 -169.27484483809866 0
endloop
endfacet
facet normal 0 0 -1
outer loop
vertex 141.45000000000223 -169.07000000000218 0
vertex 22.16093811251423 -169.27484483809866 0
vertex 22.16064441338824 -169.07000000000218 0
endloop
endfacet
facet normal 0 0 -1
outer loop
vertex 152.82654157329515 -169.07000000000218 0
vertex 152.82635915494808 -169.27484483809866 0
vertex 143.52982454442542 -169.27484483809866 0
endloop
endfacet
facet normal 0 0 -1
outer loop
vertex 152.82654157329515 -169.07000000000218 0
vertex 143.52982454442542 -169.27484483809866 0
vertex 143.55 -169.07000000000218 0
endloop
endfacet
facet normal 0 0 -1
outer loop
vertex 141.47017545557458 -169.27484483809866 0
vertex 141.52992649087707 -169.47181760401247 0
vertex 22.161220524947623 -169.47181760401247 0
endloop
endfacet
facet normal 0 0 -1
outer loop
vertex 141.47017545557458 -169.27484483809866 0
vertex 22.161220524947623 -169.47181760401247 0
vertex 22.16093811251423 -169.27484483809866 0
endloop
endfacet
facet normal 0 0 -1
outer loop
vertex 152.82635915494808 -169.27484483809866 0
vertex 152.8261837468357 -169.47181760401247 0
vertex 143.4700735091356 -169.47181760401247 0
endloop
endfacet
facet normal 0 0 -1
outer loop
vertex 152.82635915494808 -169.27484483809866 0
vertex 143.4700735091356 -169.47181760401247 0
vertex 143.52982454442542 -169.27484483809866 0
endloop
endfacet
facet normal 0 0 -1
outer loop
vertex 141.52992649087707 -169.47181760401247 0
vertex 141.62695690707892 -169.65334874468024 0
vertex 22.1614807977368 -169.65334874468024 0
endloop
endfacet
facet normal 0 0 -1
outer loop
vertex 141.52992649087707 -169.47181760401247 0
vertex 22.1614807977368 -169.65334874468024 0
vertex 22.161220524947623 -169.47181760401247 0
endloop
endfacet
facet normal 0 0 -1
outer loop
vertex 152.8261837468357 -169.47181760401247 0
vertex 152.82602208979358 -169.65334874468024 0
vertex 143.37304309291426 -169.65334874468024 0
endloop
endfacet
facet normal 0 0 -1
outer loop
vertex 152.8261837468357 -169.47181760401247 0
vertex 143.37304309291426 -169.65334874468024 0
vertex 143.4700735091356 -169.47181760401247 0
endloop
endfacet
facet normal 0 0 -1
outer loop
vertex 141.62695690707892 -169.65334874468024 0
vertex 141.75753787972144 -169.81246212023746 0
vertex 22.161708928744503 -169.81246212023746 0
endloop
endfacet
facet normal 0 0 -1
outer loop
vertex 141.62695690707892 -169.65334874468024 0
vertex 22.161708928744503 -169.81246212023746 0
vertex 22.1614807977368 -169.65334874468024 0
endloop
endfacet
facet normal 0 0 -1
outer loop
vertex 152.82602208979358 -169.65334874468024 0
vertex 152.8258803962111 -169.81246212023746 0
vertex 143.24246212024465 -169.81246212023746 0
endloop
endfacet
facet normal 0 0 -1
outer loop
vertex 152.82602208979358 -169.65334874468024 0
vertex 143.24246212024465 -169.81246212023746 0
vertex 143.37304309291426 -169.65334874468024 0
endloop
endfacet
facet normal 0 0 -1
outer loop
vertex 141.75753787972144 -169.81246212023746 0
vertex 141.91665125533788 -169.94304309291553 0
vertex 22.16189615102408 -169.94304309291553 0
endloop
endfacet
facet normal 0 0 -1
outer loop
vertex 141.75753787972144 -169.81246212023746 0
vertex 22.16189615102408 -169.94304309291553 0
vertex 22.161708928744503 -169.81246212023746 0
endloop
endfacet
facet normal 0 0 -1
outer loop
vertex 152.8258803962111 -169.81246212023746 0
vertex 152.82576411129313 -169.94304309291553 0
vertex 143.0833487446747 -169.94304309291553 0
endloop
endfacet
facet normal 0 0 -1
outer loop
vertex 152.8258803962111 -169.81246212023746 0
vertex 143.0833487446747 -169.94304309291553 0
vertex 143.24246212024465 -169.81246212023746 0
endloop
endfacet
facet normal 0 0 -1
outer loop
vertex 141.91665125533788 -169.94304309291553 0
vertex 142.0981823960173 -170.04007350913304 0
vertex 22.16203526972828 -170.04007350913304 0
endloop
endfacet
facet normal 0 0 -1
outer loop
vertex 141.91665125533788 -169.94304309291553 0
vertex 22.16203526972828 -170.04007350913304 0
vertex 22.16189615102408 -169.94304309291553 0
endloop
endfacet
facet normal 0 0 -1
outer loop
vertex 152.82576411129313 -169.94304309291553 0
vertex 152.82567770380388 -170.04007350913304 0
vertex 142.901817603984 -170.04007350913304 0
endloop
endfacet
facet normal 0 0 -1
outer loop
vertex 152.82576411129313 -169.94304309291553 0
vertex 142.901817603984 -170.04007350913304 0
vertex 143.0833487446747 -169.94304309291553 0
endloop
endfacet
facet normal 0 0 -1
outer loop
vertex 142.0981823960173 -170.04007350913304 0
vertex 142.29515516190315 -170.09982454442533 0
vertex 22.16212093860335 -170.09982454442533 0
endloop
endfacet
facet normal 0 0 -1
outer loop
vertex 142.0981823960173 -170.04007350913304 0
vertex 22.16212093860335 -170.09982454442533 0
vertex 22.16203526972828 -170.04007350913304 0
endloop
endfacet
facet normal 0 0 -1
outer loop
vertex 152.82567770380388 -170.04007350913304 0
vertex 152.82562449433473 -170.09982454442533 0
vertex 142.70484483811177 -170.09982454442533 0
endloop
endfacet
facet normal 0 0 -1
outer loop
vertex 152.82567770380388 -170.04007350913304 0
vertex 142.70484483811177 -170.09982454442533 0
vertex 142.901817603984 -170.04007350913304 0
endloop
endfacet
facet normal 0 0 -1
outer loop
vertex 142.29515516190315 -170.09982454442533 0
vertex 142.49999999998352 -170.12000000000006 0
vertex 22.162149865442416 -170.12000000000006 0
endloop
endfacet
facet normal 0 0 -1
outer loop
vertex 142.29515516190315 -170.09982454442533 0
vertex 22.162149865442416 -170.12000000000006 0
vertex 22.16212093860335 -170.09982454442533 0
endloop
endfacet
facet normal 0 0 -1
outer loop
vertex 152.82562449433473 -170.09982454442533 0
vertex 152.82560652769573 -170.12000000000006 0
vertex 142.49999999998352 -170.12000000000006 0
endloop
endfacet
facet normal 0 0 -1
outer loop
vertex 152.82562449433473 -170.09982454442533 0
vertex 142.49999999998352 -170.12000000000006 0
vertex 142.70484483811177 -170.09982454442533 0
endloop
endfacet
facet normal 0 0 -1
outer loop
vertex 142.49999999998352 -170.12000000000006 0
vertex 152.82560652769573 -170.12000000000006 0
vertex 152.81729797965528 -179.45000000000024 0
endloop
endfacet
facet normal 0 0 -1
outer loop
vertex 142.49999999998352 -170.12000000000006 0
vertex 152.81729797965528 -179.45000000000024 0
vertex 32.50000000000108 -179.45000000000024 0
endloop
endfacet
facet normal 0 0 -1
outer loop
vertex 142.49999999998352 -170.12000000000006 0
vertex 32.50000000000108 -179.45000000000024 0
vertex 22.17552688226678 -179.45000000000024 0
endloop
endfacet
facet normal 0 0 -1
outer loop
vertex 142.49999999998352 -170.12000000000006 0
vertex 22.17552688226678 -179.45000000000024 0
vertex 22.162149865442416 -170.12000000000006 0
endloop
endfacet
facet normal 0 0 -1
outer loop
vertex 32.50000000000108 -179.45000000000024 0
vertex 32.29515516180089 -179.47017545558495 0
vertex 22.175555809105873 -179.47017545558495 0
endloop
endfacet
facet normal 0 0 -1
outer loop
vertex 32.50000000000108 -179.45000000000024 0
vertex 22.175555809105873 -179.47017545558495 0
vertex 22.17552688226678 -179.45000000000024 0
endloop
endfacet
facet normal 0 0 -1
outer loop
vertex 152.81729797965528 -179.45000000000024 0
vertex 152.81728001301624 -179.47017545558495 0
vertex 32.70484483809912 -179.47017545558495 0
endloop
endfacet
facet normal 0 0 -1
outer loop
vertex 152.81729797965528 -179.45000000000024 0
vertex 32.70484483809912 -179.47017545558495 0
vertex 32.50000000000108 -179.45000000000024 0
endloop
endfacet
facet normal 0 0 -1
outer loop
vertex 32.29515516180089 -179.47017545558495 0
vertex 32.09818239602893 -179.5299264908647 0
vertex 22.175641477980918 -179.5299264908647 0
endloop
endfacet
facet normal 0 0 -1
outer loop
vertex 32.29515516180089 -179.47017545558495 0
vertex 22.175641477980918 -179.5299264908647 0
vertex 22.175555809105873 -179.47017545558495 0
endloop
endfacet
facet normal 0 0 -1
outer loop
vertex 152.81728001301624 -179.47017545558495 0
vertex 152.81722680354713 -179.5299264908647 0
vertex 32.901817603981584 -179.5299264908647 0
endloop
endfacet
facet normal 0 0 -1
outer loop
vertex 152.81728001301624 -179.47017545558495 0
vertex 32.901817603981584 -179.5299264908647 0
vertex 32.70484483809912 -179.47017545558495 0
endloop
endfacet
facet normal 0 0 -1
outer loop
vertex 32.09818239602893 -179.5299264908647 0
vertex 31.91665125531489 -179.62695690709006 0
vertex 22.175780596685144 -179.62695690709006 0
endloop
endfacet
facet normal 0 0 -1
outer loop
vertex 32.09818239602893 -179.5299264908647 0
vertex 22.175780596685144 -179.62695690709006 0
vertex 22.175641477980918 -179.5299264908647 0
endloop
endfacet
facet normal 0 0 -1
outer loop
vertex 152.81722680354713 -179.5299264908647 0
vertex 152.81714039605788 -179.62695690709006 0
vertex 33.083348744694575 -179.62695690709006 0
endloop
endfacet
facet normal 0 0 -1
outer loop
vertex 152.81722680354713 -179.5299264908647 0
vertex 33.083348744694575 -179.62695690709006 0
vertex 32.901817603981584 -179.5299264908647 0
endloop
endfacet
facet normal 0 0 -1
outer loop
vertex 31.91665125531489 -179.62695690709006 0
vertex 31.757537879815544 -179.7575378797133 0
vertex 22.175967818964637 -179.7575378797133 0
endloop
endfacet
facet normal 0 0 -1
outer loop
vertex 31.91665125531489 -179.62695690709006 0
vertex 22.175967818964637 -179.7575378797133 0
vertex 22.175780596685144 -179.62695690709006 0
endloop
endfacet
facet normal 0 0 -1
outer loop
vertex 152.81714039605788 -179.62695690709006 0
vertex 152.81702411113994 -179.7575378797133 0
vertex 33.24246212023945 -179.7575378797133 0
endloop
endfacet
facet normal 0 0 -1
outer loop
vertex 152.81714039605788 -179.62695690709006 0
vertex 33.24246212023945 -179.7575378797133 0
vertex 33.083348744694575 -179.62695690709006 0
endloop
endfacet
facet normal 0 0 -1
outer loop
vertex 31.757537879815544 -179.7575378797133 0
vertex 31.626956907035236 -179.9166512553478 0
vertex 22.176195949972453 -179.9166512553478 0
endloop
endfacet
facet normal 0 0 -1
outer loop
vertex 31.757537879815544 -179.7575378797133 0
vertex 22.176195949972453 -179.9166512553478 0
vertex 22.175967818964637 -179.7575378797133 0
endloop
endfacet
facet normal 0 0 -1
outer loop
vertex 152.81702411113994 -179.7575378797133 0
vertex 152.8168824175574 -179.9166512553478 0
vertex 33.373043092925656 -179.9166512553478 0
endloop
endfacet
facet normal 0 0 -1
outer loop
vertex 152.81702411113994 -179.7575378797133 0
vertex 33.373043092925656 -179.9166512553478 0
vertex 33.24246212023945 -179.7575378797133 0
endloop
endfacet
facet normal 0 0 -1
outer loop
vertex 31.626956907035236 -179.9166512553478 0
vertex 31.52992649084962 -180.09818239605994 0
vertex 22.176456222761686 -180.09818239605994 0
endloop
endfacet
facet normal 0 0 -1
outer loop
vertex 31.626956907035236 -179.9166512553478 0
vertex 22.176456222761686 -180.09818239605994 0
vertex 22.176195949972453 -179.9166512553478 0
endloop
endfacet
facet normal 0 0 -1
outer loop
vertex 152.8168824175574 -179.9166512553478 0
vertex 152.8167207605152 -180.09818239605994 0
vertex 33.470073509128696 -180.09818239605994 0
endloop
endfacet
facet normal 0 0 -1
outer loop
vertex 152.8168824175574 -179.9166512553478 0
vertex 33.470073509128696 -180.09818239605994 0
vertex 33.373043092925656 -179.9166512553478 0
endloop
endfacet
facet normal 0 0 -1
outer loop
vertex 31.52992649084962 -180.09818239605994 0
vertex 31.47017545560496 -180.29515516180777 0
vertex 22.176738635194823 -180.29515516180777 0
endloop
endfacet
facet normal 0 0 -1
outer loop
vertex 31.52992649084962 -180.09818239605994 0
vertex 22.176738635194823 -180.29515516180777 0
vertex 22.176456222761686 -180.09818239605994 0
endloop
endfacet
facet normal 0 0 -1
outer loop
vertex 152.8167207605152 -180.09818239605994 0
vertex 152.816545352403 -180.29515516180777 0
vertex 33.529824544431506 -180.29515516180777 0
endloop
endfacet
facet normal 0 0 -1
outer loop
vertex 152.8167207605152 -180.09818239605994 0
vertex 33.529824544431506 -180.29515516180777 0
vertex 33.470073509128696 -180.09818239605994 0
endloop
endfacet
facet normal 0 0 -1
outer loop
vertex 31.47017545560496 -180.29515516180777 0
vertex 31.44999999999473 -180.50000000004107 0
vertex 22.17703233432104 -180.50000000004107 0
endloop
endfacet
facet normal 0 0 -1
outer loop
vertex 31.47017545560496 -180.29515516180777 0
vertex 22.17703233432104 -180.50000000004107 0
vertex 22.176738635194823 -180.29515516180777 0
endloop
endfacet
facet normal 0 0 -1
outer loop
vertex 152.816545352403 -180.29515516180777 0
vertex 152.81636293405583 -180.50000000004107 0
vertex 33.55000000000271 -180.50000000004107 0
endloop
endfacet
facet normal 0 0 -1
outer loop
vertex 152.816545352403 -180.29515516180777 0
vertex 33.55000000000271 -180.50000000004107 0
vertex 33.529824544431506 -180.29515516180777 0
endloop
endfacet
facet normal 0 0 -1
outer loop
vertex 31.44999999999473 -180.50000000004107 0
vertex 31.47017545557688 -180.70484483813473 0
vertex 22.17732603344703 -180.70484483813473 0
endloop
endfacet
facet normal 0 0 -1
outer loop
vertex 31.44999999999473 -180.50000000004107 0
vertex 22.17732603344703 -180.70484483813473 0
vertex 22.17703233432104 -180.50000000004107 0
endloop
endfacet
facet normal 0 0 -1
outer loop
vertex 152.81636293405583 -180.50000000004107 0
vertex 152.81618051570877 -180.70484483813473 0
vertex 33.52982454442221 -180.70484483813473 0
endloop
endfacet
facet normal 0 0 -1
outer loop
vertex 152.81636293405583 -180.50000000004107 0
vertex 33.52982454442221 -180.70484483813473 0
vertex 33.55000000000271 -180.50000000004107 0
endloop
endfacet
facet normal 0 0 -1
outer loop
vertex 31.47017545557688 -180.70484483813473 0
vertex 31.52992649086815 -180.90181760400583 0
vertex 22.177608445880367 -180.90181760400583 0
endloop
endfacet
facet normal 0 0 -1
outer loop
vertex 31.47017545557688 -180.70484483813473 0
vertex 22.177608445880367 -180.90181760400583 0
vertex 22.17732603344703 -180.70484483813473 0
endloop
endfacet
facet normal 0 0 -1
outer loop
vertex 152.81618051570877 -180.70484483813473 0
vertex 152.81600510759642 -180.90181760400583 0
vertex 33.47007350913714 -180.90181760400583 0
endloop
endfacet
facet normal 0 0 -1
outer loop
vertex 152.81618051570877 -180.70484483813473 0
vertex 33.47007350913714 -180.90181760400583 0
vertex 33.52982454442221 -180.70484483813473 0
endloop
endfacet
facet normal 0 0 -1
outer loop
vertex 31.52992649086815 -180.90181760400583 0
vertex 31.626956907064738 -181.08334874465083 0
vertex 22.177868718669487 -181.08334874465083 0
endloop
endfacet
facet normal 0 0 -1
outer loop
vertex 31.52992649086815 -180.90181760400583 0
vertex 22.177868718669487 -181.08334874465083 0
vertex 22.177608445880367 -180.90181760400583 0
endloop
endfacet
facet normal 0 0 -1
outer loop
vertex 152.81600510759642 -180.90181760400583 0
vertex 152.81584345055433 -181.08334874465083 0
vertex 33.37304309291969 -181.08334874465083 0
endloop
endfacet
facet normal 0 0 -1
outer loop
vertex 152.81600510759642 -180.90181760400583 0
vertex 33.37304309291969 -181.08334874465083 0
vertex 33.47007350913714 -180.90181760400583 0
endloop
endfacet
facet normal 0 0 -1
outer loop
vertex 31.626956907064738 -181.08334874465083 0
vertex 31.75753787973761 -181.24246212022743 0
vertex 22.178096849677218 -181.24246212022743 0
endloop
endfacet
facet normal 0 0 -1
outer loop
vertex 31.626956907064738 -181.08334874465083 0
vertex 22.178096849677218 -181.24246212022743 0
vertex 22.177868718669487 -181.08334874465083 0
endloop
endfacet
facet normal 0 0 -1
outer loop
vertex 152.81584345055433 -181.08334874465083 0
vertex 152.8157017569718 -181.24246212022743 0
vertex 33.24246212023533 -181.24246212022743 0
endloop
endfacet
facet normal 0 0 -1
outer loop
vertex 152.81584345055433 -181.08334874465083 0
vertex 33.24246212023533 -181.24246212022743 0
vertex 33.37304309291969 -181.08334874465083 0
endloop
endfacet
facet normal 0 0 -1
outer loop
vertex 31.75753787973761 -181.24246212022743 0
vertex 31.91665125535789 -181.37304309293614 0
vertex 22.178284071956824 -181.37304309293614 0
endloop
endfacet
facet normal 0 0 -1
outer loop
vertex 31.75753787973761 -181.24246212022743 0
vertex 22.178284071956824 -181.37304309293614 0
vertex 22.178096849677218 -181.24246212022743 0
endloop
endfacet
facet normal 0 0 -1
outer loop
vertex 152.8157017569718 -181.24246212022743 0
vertex 152.8155854720538 -181.37304309293614 0
vertex 33.08334874468022 -181.37304309293614 0
endloop
endfacet
facet normal 0 0 -1
outer loop
vertex 152.8157017569718 -181.24246212022743 0
vertex 33.08334874468022 -181.37304309293614 0
vertex 33.24246212023533 -181.24246212022743 0
endloop
endfacet
facet normal 0 0 -1
outer loop
vertex 31.91665125535789 -181.37304309293614 0
vertex 32.09818239600875 -181.4700735091359 0
vertex 22.17842319066102 -181.4700735091359 0
endloop
endfacet
facet normal 0 0 -1
outer loop
vertex 31.91665125535789 -181.37304309293614 0
vertex 22.17842319066102 -181.4700735091359 0
vertex 22.178284071956824 -181.37304309293614 0
endloop
endfacet
facet normal 0 0 -1
outer loop
vertex 152.8155854720538 -181.37304309293614 0
vertex 152.8154990645646 -181.4700735091359 0
vertex 32.901817604009096 -181.4700735091359 0
endloop
endfacet
facet normal 0 0 -1
outer loop
vertex 152.8155854720538 -181.37304309293614 0
vertex 32.901817604009096 -181.4700735091359 0
vertex 33.08334874468022 -181.37304309293614 0
endloop
endfacet
facet normal 0 0 -1
outer loop
vertex 32.09818239600875 -181.4700735091359 0
vertex 32.29515516187544 -181.52982454442252 0
vertex 22.178508859536066 -181.52982454442252 0
endloop
endfacet
facet normal 0 0 -1
outer loop
vertex 32.09818239600875 -181.4700735091359 0
vertex 22.178508859536066 -181.52982454442252 0
vertex 22.17842319066102 -181.4700735091359 0
endloop
endfacet
facet normal 0 0 -1
outer loop
vertex 152.8154990645646 -181.4700735091359 0
vertex 152.81544585509545 -181.52982454442252 0
vertex 32.70484483808744 -181.52982454442252 0
endloop
endfacet
facet normal 0 0 -1
outer loop
vertex 152.8154990645646 -181.4700735091359 0
vertex 32.70484483808744 -181.52982454442252 0
vertex 32.901817604009096 -181.4700735091359 0
endloop
endfacet
facet normal 0 0 -1
outer loop
vertex 32.29515516187544 -181.52982454442252 0
vertex 32.500000000001336 -181.55 0
vertex 22.17853778637516 -181.55 0
endloop
endfacet
facet normal 0 0 -1
outer loop
vertex 32.29515516187544 -181.52982454442252 0
vertex 22.17853778637516 -181.55 0
vertex 22.178508859536066 -181.52982454442252 0
endloop
endfacet
facet normal 0 0 -1
outer loop
vertex 152.81544585509545 -181.52982454442252 0
vertex 152.81542788845644 -181.55 0
vertex 32.500000000001336 -181.55 0
endloop
endfacet
facet normal 0 0 -1
outer loop
vertex 152.81544585509545 -181.52982454442252 0
vertex 32.500000000001336 -181.55 0
vertex 32.70484483808744 -181.52982454442252 0
endloop
endfacet
facet normal 0 0 -1
outer loop
vertex 32.500000000001336 -181.55 0
vertex 152.81542788845644 -181.55 0
vertex 152.8023402 -196.2466874 0
endloop
endfacet
facet normal 0 0 -1
outer loop
vertex 32.500000000001336 -181.55 0
vertex 152.8023402 -196.2466874 0
vertex 22.199609365647632 -196.2466874 0
endloop
endfacet
facet normal 0 0 -1
outer loop
vertex 32.500000000001336 -181.55 0
vertex 22.199609365647632 -196.2466874 0
vertex 22.17853778637516 -181.55 0
endloop
endfacet
facet normal 0 0 -1
outer loop
vertex 152.8023402 -196.2466874 0
vertex 166.5420803 -201.247544 0
vertex 167.09501370675005 -201.5053789265396 0
endloop
endfacet
facet normal 0 0 -1
outer loop
vertex 152.8023402 -196.2466874 0
vertex 167.09501370675005 -201.5053789265396 0
vertex 167.59476913881147 -201.85531374573108 0
endloop
endfacet
facet normal 0 0 -1
outer loop
vertex 152.8023402 -196.2466874 0
vertex 167.59476913881147 -201.85531374573108 0
vertex 168.0261666376794 -202.2867138703573 0
endloop
endfacet
facet normal 0 0 -1
outer loop
vertex 152.8023402 -196.2466874 0
vertex 168.0261666376794 -202.2867138703573 0
vertex 168.37609841504562 -202.78647143232777 0
endloop
endfacet
facet normal 0 0 -1
outer loop
vertex 152.8023402 -196.2466874 0
vertex 168.37609841504562 -202.78647143232777 0
vertex 168.63393197611742 -203.3394015584216 0
endloop
endfacet
facet normal 0 0 -1
outer loop
vertex 152.8023402 -196.2466874 0
vertex 168.63393197611742 -203.3394015584216 0
vertex 168.79183318243506 -203.92870375475283 0
endloop
endfacet
facet normal 0 0 -1
outer loop
vertex 152.8023402 -196.2466874 0
vertex 168.79183318243506 -203.92870375475283 0
vertex 168.8450042880877 -204.53647238102508 0
endloop
endfacet
facet normal 0 0 -1
outer loop
vertex 152.8023402 -196.2466874 0
vertex 168.8450042880877 -204.53647238102508 0
vertex 168.79182971672446 -205.14424070408685 0
endloop
endfacet
facet normal 0 0 -1
outer loop
vertex 152.8023402 -196.2466874 0
vertex 168.79182971672446 -205.14424070408685 0
vertex 168.63392515000004 -205.73354199999997 0
endloop
endfacet
facet normal 0 0 -1
outer loop
vertex 152.8023402 -196.2466874 0
vertex 168.63392515000004 -205.73354199999997 0
vertex 167.5396651758524 -208.74 0
endloop
endfacet
facet normal 0 0 -1
outer loop
vertex 152.8023402 -196.2466874 0
vertex 167.5396651758524 -208.74 0
vertex 94.35778979999995 -208.74 0
endloop
endfacet
facet normal 0 0 -1
outer loop
vertex 152.8023402 -196.2466874 0
vertex 94.35778979999995 -208.74 0
vertex 30.70533670000009 -208.74 0
endloop
endfacet
facet normal 0 0 -1
outer loop
vertex 152.8023402 -196.2466874 0
vertex 30.70533670000009 -208.74 0
vertex 29.23073887607825 -208.6111084929824 0
endloop
endfacet
facet normal 0 0 -1
outer loop
vertex 152.8023402 -196.2466874 0
vertex 29.23073887607825 -208.6111084929824 0
vertex 27.800862999511054 -208.2283610934821 0
endloop
endfacet
facet normal 0 0 -1
outer loop
vertex 152.8023402 -196.2466874 0
vertex 27.800862999511054 -208.2283610934821 0
vertex 26.459067880718152 -207.60335993076777 0
endloop
endfacet
facet normal 0 0 -1
outer loop
vertex 152.8023402 -196.2466874 0
vertex 26.459067880718152 -207.60335993076777 0
vertex 25.24604455879006 -206.75505867845726 0
endloop
endfacet
facet normal 0 0 -1
outer loop
vertex 152.8023402 -196.2466874 0
vertex 25.24604455879006 -206.75505867845726 0
vertex 24.198578962310165 -205.70918276879954 0
endloop
endfacet
facet normal 0 0 -1
outer loop
vertex 152.8023402 -196.2466874 0
vertex 24.198578962310165 -205.70918276879954 0
vertex 23.348436345851297 -204.49744924780887 0
endloop
endfacet
facet normal 0 0 -1
outer loop
vertex 152.8023402 -196.2466874 0
vertex 23.348436345851297 -204.49744924780887 0
vertex 22.721397982541987 -203.1566049297947 0
endloop
endfacet
facet normal 0 0 -1
outer loop
vertex 152.8023402 -196.2466874 0
vertex 22.721397982541987 -203.1566049297947 0
vertex 22.33647932578222 -201.72731202003473 0
endloop
endfacet
facet normal 0 0 -1
outer loop
vertex 152.8023402 -196.2466874 0
vertex 22.33647932578222 -201.72731202003473 0
vertex 22.205353349999996 -200.2529149999999 0
endloop
endfacet
facet normal 0 0 -1
outer loop
vertex 152.8023402 -196.2466874 0
vertex 22.205353349999996 -200.2529149999999 0
vertex 22.199609365647632 -196.2466874 0
endloop
endfacet
facet normal 0 0 -1
outer loop
vertex 167.5396651758524 -208.74 0
vertex 166.36782547154473 -211.95960679999993 0
vertex 112.61708679999961 -211.95960679999993 0
endloop
endfacet
facet normal 0 0 -1
outer loop
vertex 167.5396651758524 -208.74 0
vertex 112.61708679999961 -211.95960679999993 0
vertex 94.35778979999995 -208.74 0
endloop
endfacet
facet normal 0 0 -1
outer loop
vertex 166.36782547154473 -211.95960679999993 0
vertex 166.30844579740568 -212.12275130000032 0
vertex 139.2952331999993 -212.12275130000032 0
endloop
endfacet
facet normal 0 0 -1
outer loop
vertex 166.36782547154473 -211.95960679999993 0
vertex 139.2952331999993 -212.12275130000032 0
vertex 113.22595036903834 -212.12275130000032 0
endloop
endfacet
facet normal 0 0 -1
outer loop
vertex 166.36782547154473 -211.95960679999993 0
vertex 113.22595036903834 -212.12275130000032 0
vertex 112.61708679999961 -211.95960679999993 0
endloop
endfacet
facet normal 0 0 -1
outer loop
vertex 139.2952331999993 -212.12275130000032 0
vertex 139.09038836189362 -212.14292675557581 0
vertex 113.3012461950616 -212.14292675557581 0
endloop
endfacet
facet normal 0 0 -1
outer loop
vertex 139.2952331999993 -212.12275130000032 0
vertex 113.3012461950616 -212.14292675557581 0
vertex 113.22595036903834 -212.12275130000032 0
endloop
endfacet
facet normal 0 0 -1
outer loop
vertex 166.30844579740568 -212.12275130000032 0
vertex 166.30110254049126 -212.14292675557581 0
vertex 139.50007803810487 -212.14292675557581 0
endloop
endfacet
facet normal 0 0 -1
outer loop
vertex 166.30844579740568 -212.12275130000032 0
vertex 139.50007803810487 -212.14292675557581 0
vertex 139.2952331999993 -212.12275130000032 0
endloop
endfacet
facet normal 0 0 -1
outer loop
vertex 139.09038836189362 -212.14292675557581 0
vertex 138.89341559596792 -212.2026777908752 0
vertex 113.52424009682393 -212.2026777908752 0
endloop
endfacet
facet normal 0 0 -1
outer loop
vertex 139.09038836189362 -212.14292675557581 0
vertex 113.52424009682393 -212.2026777908752 0
vertex 113.3012461950616 -212.14292675557581 0
endloop
endfacet
facet normal 0 0 -1
outer loop
vertex 166.30110254049126 -212.14292675557581 0
vertex 166.27935496698714 -212.2026777908752 0
vertex 139.69705080401368 -212.2026777908752 0
endloop
endfacet
facet normal 0 0 -1
outer loop
vertex 166.30110254049126 -212.14292675557581 0
vertex 139.69705080401368 -212.2026777908752 0
vertex 139.50007803810487 -212.14292675557581 0
endloop
endfacet
facet normal 0 0 -1
outer loop
vertex 138.89341559596792 -212.2026777908752 0
vertex 138.7118844553877 -212.29970820706603 0
vertex 113.88636254353293 -212.29970820706603 0
endloop
endfacet
facet normal 0 0 -1
outer loop
vertex 138.89341559596792 -212.2026777908752 0
vertex 113.88636254353293 -212.29970820706603 0
vertex 113.52424009682393 -212.2026777908752 0
endloop
endfacet
facet normal 0 0 -1
outer loop
vertex 166.27935496698714 -212.2026777908752 0
vertex 166.24403882396683 -212.29970820706603 0
vertex 139.87858194464783 -212.29970820706603 0
endloop
endfacet
facet normal 0 0 -1
outer loop
vertex 166.27935496698714 -212.2026777908752 0
vertex 139.87858194464783 -212.29970820706603 0
vertex 139.69705080401368 -212.2026777908752 0
endloop
endfacet
facet normal 0 0 -1
outer loop
vertex 138.7118844553877 -212.29970820706603 0
vertex 138.55277107971614 -212.4302891797669 0
vertex 114.37369737300625 -212.4302891797669 0
endloop
endfacet
facet normal 0 0 -1
outer loop
vertex 138.7118844553877 -212.29970820706603 0
vertex 114.37369737300625 -212.4302891797669 0
vertex 113.88636254353293 -212.29970820706603 0
endloop
endfacet
facet normal 0 0 -1
outer loop
vertex 166.24403882396683 -212.29970820706603 0
vertex 166.19651129096562 -212.4302891797669 0
vertex 140.03769532025854 -212.4302891797669 0
endloop
endfacet
facet normal 0 0 -1
outer loop
vertex 166.24403882396683 -212.29970820706603 0
vertex 140.03769532025854 -212.4302891797669 0
vertex 139.87858194464783 -212.29970820706603 0
endloop
endfacet
facet normal 0 0 -1
outer loop
vertex 138.55277107971614 -212.4302891797669 0
vertex 138.4221901070842 -212.58940255533867 0
vertex 114.96751658071595 -212.58940255533867 0
endloop
endfacet
facet normal 0 0 -1
outer loop
vertex 138.55277107971614 -212.4302891797669 0
vertex 114.96751658071595 -212.58940255533867 0
vertex 114.37369737300625 -212.4302891797669 0
endloop
endfacet
facet normal 0 0 -1
outer loop
vertex 166.19651129096562 -212.4302891797669 0
vertex 166.13859882445527 -212.58940255533867 0
vertex 140.16827629292746 -212.58940255533867 0
endloop
endfacet
facet normal 0 0 -1
outer loop
vertex 166.19651129096562 -212.4302891797669 0
vertex 140.16827629292746 -212.58940255533867 0
vertex 140.03769532025854 -212.4302891797669 0
endloop
endfacet
facet normal 0 0 -1
outer loop
vertex 138.4221901070842 -212.58940255533867 0
vertex 138.32515969088507 -212.7709336959916 0
vertex 115.6450000275337 -212.7709336959916 0
endloop
endfacet
facet normal 0 0 -1
outer loop
vertex 138.4221901070842 -212.58940255533867 0
vertex 115.6450000275337 -212.7709336959916 0
vertex 114.96751658071595 -212.58940255533867 0
endloop
endfacet
facet normal 0 0 -1
outer loop
vertex 166.13859882445527 -212.58940255533867 0
vertex 166.07252696804557 -212.7709336959916 0
vertex 140.2653067091283 -212.7709336959916 0
endloop
endfacet
facet normal 0 0 -1
outer loop
vertex 166.13859882445527 -212.58940255533867 0
vertex 140.2653067091283 -212.7709336959916 0
vertex 140.16827629292746 -212.58940255533867 0
endloop
endfacet
facet normal 0 0 -1
outer loop
vertex 138.32515969088507 -212.7709336959916 0
vertex 138.26540865556362 -212.96790646188353 0
vertex 116.38011240486856 -212.96790646188353 0
endloop
endfacet
facet normal 0 0 -1
outer loop
vertex 138.32515969088507 -212.7709336959916 0
vertex 116.38011240486856 -212.96790646188353 0
vertex 115.6450000275337 -212.7709336959916 0
endloop
endfacet
facet normal 0 0 -1
outer loop
vertex 166.07252696804557 -212.7709336959916 0
vertex 166.00083482609224 -212.96790646188353 0
vertex 140.3250577444226 -212.96790646188353 0
endloop
endfacet
facet normal 0 0 -1
outer loop
vertex 166.07252696804557 -212.7709336959916 0
vertex 140.3250577444226 -212.96790646188353 0
vertex 140.2653067091283 -212.7709336959916 0
endloop
endfacet
facet normal 0 0 -1
outer loop
vertex 138.26540865556362 -212.96790646188353 0
vertex 138.24523320000083 -213.1727513000057 0
vertex 117.14460375602002 -213.1727513000057 0
endloop
endfacet
facet normal 0 0 -1
outer loop
vertex 138.26540865556362 -212.96790646188353 0
vertex 117.14460375602002 -213.1727513000057 0
vertex 116.38011240486856 -212.96790646188353 0
endloop
endfacet
facet normal 0 0 -1
outer loop
vertex 166.00083482609224 -212.96790646188353 0
vertex 165.92627748743396 -213.1727513000057 0
vertex 140.3452331999997 -213.1727513000057 0
endloop
endfacet
facet normal 0 0 -1
outer loop
vertex 166.00083482609224 -212.96790646188353 0
vertex 140.3452331999997 -213.1727513000057 0
vertex 140.3250577444226 -212.96790646188353 0
endloop
endfacet
facet normal 0 0 -1
outer loop
vertex 138.24523320000083 -213.1727513000057 0
vertex 138.26540865586264 -213.37759613811423 0
vertex 117.90909510712058 -213.37759613811423 0
endloop
endfacet
facet normal 0 0 -1
outer loop
vertex 138.24523320000083 -213.1727513000057 0
vertex 117.90909510712058 -213.37759613811423 0
vertex 117.14460375602002 -213.1727513000057 0
endloop
endfacet
facet normal 0 0 -1
outer loop
vertex 165.92627748743396 -213.1727513000057 0
vertex 165.8517201487807 -213.37759613811423 0
vertex 140.32505774442393 -213.37759613811423 0
endloop
endfacet
facet normal 0 0 -1
outer loop
vertex 165.92627748743396 -213.1727513000057 0
vertex 140.32505774442393 -213.37759613811423 0
vertex 140.3452331999997 -213.1727513000057 0
endloop
endfacet
facet normal 0 0 -1
outer loop
vertex 138.26540865586264 -213.37759613811423 0
vertex 138.3251596908724 -213.57456890401298 0
vertex 118.64420748448089 -213.57456890401298 0
endloop
endfacet
facet normal 0 0 -1
outer loop
vertex 138.26540865586264 -213.37759613811423 0
vertex 118.64420748448089 -213.57456890401298 0
vertex 117.90909510712058 -213.37759613811423 0
endloop
endfacet
facet normal 0 0 -1
outer loop
vertex 165.8517201487807 -213.37759613811423 0
vertex 165.7800280068249 -213.57456890401298 0
vertex 140.2653067091336 -213.57456890401298 0
endloop
endfacet
facet normal 0 0 -1
outer loop
vertex 165.8517201487807 -213.37759613811423 0
vertex 140.2653067091336 -213.57456890401298 0
vertex 140.32505774442393 -213.37759613811423 0
endloop
endfacet
facet normal 0 0 -1
outer loop
vertex 138.3251596908724 -213.57456890401298 0
vertex 138.42219010706046 -213.756100044642 0
vertex 119.32169093120942 -213.756100044642 0
endloop
endfacet
facet normal 0 0 -1
outer loop
vertex 138.3251596908724 -213.57456890401298 0
vertex 119.32169093120942 -213.756100044642 0
vertex 118.64420748448089 -213.57456890401298 0
endloop
endfacet
facet normal 0 0 -1
outer loop
vertex 165.7800280068249 -213.57456890401298 0
vertex 165.71395615042385 -213.756100044642 0
vertex 140.16827629291353 -213.756100044642 0
endloop
endfacet
facet normal 0 0 -1
outer loop
vertex 165.7800280068249 -213.57456890401298 0
vertex 140.16827629291353 -213.756100044642 0
vertex 140.2653067091336 -213.57456890401298 0
endloop
endfacet
facet normal 0 0 -1
outer loop
vertex 138.42219010706046 -213.756100044642 0
vertex 138.55277107976502 -213.91521342025723 0
vertex 119.9155101390813 -213.91521342025723 0
endloop
endfacet
facet normal 0 0 -1
outer loop
vertex 138.42219010706046 -213.756100044642 0
vertex 119.9155101390813 -213.91521342025723 0
vertex 119.32169093120942 -213.756100044642 0
endloop
endfacet
facet normal 0 0 -1
outer loop
vertex 165.71395615042385 -213.756100044642 0
vertex 165.6560436838977 -213.91521342025723 0
vertex 140.03769532024305 -213.91521342025723 0
endloop
endfacet
facet normal 0 0 -1
outer loop
vertex 165.71395615042385 -213.756100044642 0
vertex 140.03769532024305 -213.91521342025723 0
vertex 140.16827629291353 -213.756100044642 0
endloop
endfacet
facet normal 0 0 -1
outer loop
vertex 138.55277107976502 -213.91521342025723 0
vertex 138.71188445531968 -214.0457943929121 0
vertex 120.40284496838291 -214.0457943929121 0
endloop
endfacet
facet normal 0 0 -1
outer loop
vertex 138.55277107976502 -213.91521342025723 0
vertex 120.40284496838291 -214.0457943929121 0
vertex 119.9155101390813 -213.91521342025723 0
endloop
endfacet
facet normal 0 0 -1
outer loop
vertex 165.6560436838977 -213.91521342025723 0
vertex 165.60851615091323 -214.0457943929121 0
vertex 139.878581944675 -214.0457943929121 0
endloop
endfacet
facet normal 0 0 -1
outer loop
vertex 165.6560436838977 -213.91521342025723 0
vertex 139.878581944675 -214.0457943929121 0
vertex 140.03769532024305 -213.91521342025723 0
endloop
endfacet
facet normal 0 0 -1
outer loop
vertex 138.71188445531968 -214.0457943929121 0
vertex 138.89341559602178 -214.14282480913923 0
vertex 120.76496741522746 -214.14282480913923 0
endloop
endfacet
facet normal 0 0 -1
outer loop
vertex 138.71188445531968 -214.0457943929121 0
vertex 120.76496741522746 -214.14282480913923 0
vertex 120.40284496838291 -214.0457943929121 0
endloop
endfacet
facet normal 0 0 -1
outer loop
vertex 165.60851615091323 -214.0457943929121 0
vertex 165.5732000078797 -214.14282480913923 0
vertex 139.69705080398896 -214.14282480913923 0
endloop
endfacet
facet normal 0 0 -1
outer loop
vertex 165.60851615091323 -214.0457943929121 0
vertex 139.69705080398896 -214.14282480913923 0
vertex 139.878581944675 -214.0457943929121 0
endloop
endfacet
facet normal 0 0 -1
outer loop
vertex 138.89341559602178 -214.14282480913923 0
vertex 139.09038836188077 -214.20257584442354 0
vertex 120.98796131693348 -214.20257584442354 0
endloop
endfacet
facet normal 0 0 -1
outer loop
vertex 138.89341559602178 -214.14282480913923 0
vertex 120.98796131693348 -214.20257584442354 0
vertex 120.76496741522746 -214.14282480913923 0
endloop
endfacet
facet normal 0 0 -1
outer loop
vertex 165.5732000078797 -214.14282480913923 0
vertex 165.5514524343811 -214.20257584442354 0
vertex 139.50007803810473 -214.20257584442354 0
endloop
endfacet
facet normal 0 0 -1
outer loop
vertex 165.5732000078797 -214.14282480913923 0
vertex 139.50007803810473 -214.20257584442354 0
vertex 139.69705080398896 -214.14282480913923 0
endloop
endfacet
facet normal 0 0 -1
outer loop
vertex 139.09038836188077 -214.20257584442354 0
vertex 139.29523319999944 -214.2227513000003 0
vertex 121.0632571429615 -214.2227513000003 0
endloop
endfacet
facet normal 0 0 -1
outer loop
vertex 139.09038836188077 -214.20257584442354 0
vertex 121.0632571429615 -214.2227513000003 0
vertex 120.98796131693348 -214.20257584442354 0
endloop
endfacet
facet normal 0 0 -1
outer loop
vertex 165.5514524343811 -214.20257584442354 0
vertex 165.5441091774662 -214.2227513000003 0
vertex 139.29523319999944 -214.2227513000003 0
endloop
endfacet
facet normal 0 0 -1
outer loop
vertex 165.5514524343811 -214.20257584442354 0
vertex 139.29523319999944 -214.2227513000003 0
vertex 139.50007803810473 -214.20257584442354 0
endloop
endfacet
facet normal 0 0 -1
outer loop
vertex 139.29523319999944 -214.2227513000003 0
vertex 165.5441091774662 -214.2227513000003 0
vertex 163.70949495512104 -219.26331820000024 0
endloop
endfacet
facet normal 0 0 -1
outer loop
vertex 139.29523319999944 -214.2227513000003 0
vertex 163.70949495512104 -219.26331820000024 0
vertex 139.8749091000008 -219.26331820000024 0
endloop
endfacet
facet normal 0 0 -1
outer loop
vertex 139.29523319999944 -214.2227513000003 0
vertex 139.8749091000008 -219.26331820000024 0
vertex 121.0632571429615 -214.2227513000003 0
endloop
endfacet
facet normal 0 0 -1
outer loop
vertex 163.70949495512104 -219.26331820000024 0
vertex 162.11845009999993 -223.6346830000002 0
vertex 161.890700447214 -224.13444610259447 0
endloop
endfacet
facet normal 0 0 -1
outer loop
vertex 163.70949495512104 -219.26331820000024 0
vertex 161.890700447214 -224.13444610259447 0
vertex 161.58756933445812 -224.59242901229194 0
endloop
endfacet
facet normal 0 0 -1
outer loop
vertex 163.70949495512104 -219.26331820000024 0
vertex 161.58756933445812 -224.59242901229194 0
vertex 161.21652583450816 -224.99735312646823 0
endloop
endfacet
facet normal 0 0 -1
outer loop
vertex 163.70949495512104 -219.26331820000024 0
vertex 161.21652583450816 -224.99735312646823 0
vertex 160.7867063049425 -225.33924783116618 0
endloop
endfacet
facet normal 0 0 -1
outer loop
vertex 163.70949495512104 -219.26331820000024 0
vertex 160.7867063049425 -225.33924783116618 0
vertex 160.30869436982863 -225.60969451165033 0
endloop
endfacet
facet normal 0 0 -1
outer loop
vertex 163.70949495512104 -219.26331820000024 0
vertex 160.30869436982863 -225.60969451165033 0
vertex 159.79426031476953 -225.80203384743973 0
endloop
endfacet
facet normal 0 0 -1
outer loop
vertex 163.70949495512104 -219.26331820000024 0
vertex 159.79426031476953 -225.80203384743973 0
vertex 159.25607126229414 -225.91152978750972 0
endloop
endfacet
facet normal 0 0 -1
outer loop
vertex 163.70949495512104 -219.26331820000024 0
vertex 159.25607126229414 -225.91152978750972 0
vertex 158.70737926405795 -225.93548616803608 0
endloop
endfacet
facet normal 0 0 -1
outer loop
vertex 163.70949495512104 -219.26331820000024 0
vertex 158.70737926405795 -225.93548616803608 0
vertex 158.16169499009487 -225.87331310115178 0
endloop
endfacet
facet normal 0 0 -1
outer loop
vertex 163.70949495512104 -219.26331820000024 0
vertex 158.16169499009487 -225.87331310115178 0
vertex 157.63245505000037 -225.7265415000001 0
endloop
endfacet
facet normal 0 0 -1
outer loop
vertex 163.70949495512104 -219.26331820000024 0
vertex 157.63245505000037 -225.7265415000001 0
vertex 139.8749091000008 -219.26331820000024 0
endloop
endfacet
facet normal 0 0 1
outer loop
vertex 159.25607126229426 -225.91152978750972 2
vertex 159.7942603147693 -225.8020338474398 2
vertex 160.30869436982866 -225.6096945116503 2
endloop
endfacet
facet normal 0 0 1
outer loop
vertex 159.25607126229426 -225.91152978750972 2
vertex 160.30869436982866 -225.6096945116503 2
vertex 160.78670630494253 -225.33924783116615 2
endloop
endfacet
facet normal 0 0 1
outer loop
vertex 159.25607126229426 -225.91152978750972 2
vertex 160.78670630494253 -225.33924783116615 2
vertex 161.216525834508 -224.99735312646845 2
endloop
endfacet
facet normal 0 0 1
outer loop
vertex 159.25607126229426 -225.91152978750972 2
vertex 161.216525834508 -224.99735312646845 2
vertex 161.5875693344581 -224.59242901229197 2
endloop
endfacet
facet normal 0 0 1
outer loop
vertex 159.25607126229426 -225.91152978750972 2
vertex 161.5875693344581 -224.59242901229197 2
vertex 161.89070044721407 -224.1344461025943 2
endloop
endfacet
facet normal 0 0 1
outer loop
vertex 159.25607126229426 -225.91152978750972 2
vertex 161.89070044721407 -224.1344461025943 2
vertex 161.98040051167246 -223.93761250935597 2
endloop
endfacet
facet normal 0 0 1
outer loop
vertex 159.25607126229426 -225.91152978750972 2
vertex 161.98040051167246 -223.93761250935597 2
vertex 158.82952775966953 -223.93761250935597 2
endloop
endfacet
facet normal 0 0 1
outer loop
vertex 159.25607126229426 -225.91152978750972 2
vertex 158.82952775966953 -223.93761250935597 2
vertex 152.7174169524229 -223.93761250935597 2
endloop
endfacet
facet normal 0 0 1
outer loop
vertex 159.25607126229426 -225.91152978750972 2
vertex 152.7174169524229 -223.93761250935597 2
vertex 157.63245505000052 -225.72654150000017 2
endloop
endfacet
facet normal 0 0 1
outer loop
vertex 159.25607126229426 -225.91152978750972 2
vertex 157.63245505000052 -225.72654150000017 2
vertex 158.16169499009476 -225.87331310115178 2
endloop
endfacet
facet normal 0 0 1
outer loop
vertex 159.25607126229426 -225.91152978750972 2
vertex 158.16169499009476 -225.87331310115178 2
vertex 158.70737926405783 -225.93548616803608 2
endloop
endfacet
facet normal 0 0 1
outer loop
vertex 158.82952775966953 -223.93761250935597 2
vertex 158.56905586554961 -223.91482620539946 2
vertex 152.6548121466229 -223.91482620539946 2
endloop
endfacet
facet normal 0 0 1
outer loop
vertex 158.82952775966953 -223.93761250935597 2
vertex 152.6548121466229 -223.91482620539946 2
vertex 152.7174169524229 -223.93761250935597 2
endloop
endfacet
facet normal 0 0 1
outer loop
vertex 161.98040051167246 -223.93761250935597 2
vertex 161.99078637315935 -223.91482226446954 2
vertex 159.0899993089717 -223.91482226446954 2
endloop
endfacet
facet normal 0 0 1
outer loop
vertex 161.98040051167246 -223.93761250935597 2
vertex 159.0899993089717 -223.91482226446954 2
vertex 158.82952775966953 -223.93761250935597 2
endloop
endfacet
facet normal 0 0 1
outer loop
vertex 158.56905586554961 -223.91482620539946 2
vertex 158.3164957999347 -223.84715139998195 2
vertex 152.46887729475748 -223.84715139998195 2
endloop
endfacet
facet normal 0 0 1
outer loop
vertex 158.56905586554961 -223.91482620539946 2
vertex 152.46887729475748 -223.84715139998195 2
vertex 152.6548121466229 -223.91482620539946 2
endloop
endfacet
facet normal 0 0 1
outer loop
vertex 161.99078637315935 -223.91482226446954 2
vertex 162.02162659386568 -223.847147937873 2
vertex 159.3425562506632 -223.847147937873 2
endloop
endfacet
facet normal 0 0 1
outer loop
vertex 161.99078637315935 -223.91482226446954 2
vertex 159.3425562506632 -223.847147937873 2
vertex 159.0899993089717 -223.91482226446954 2
endloop
endfacet
facet normal 0 0 1
outer loop
vertex 162.02162659386568 -223.847147937873 2
vertex 162.07198411323117 -223.7366457710894 2
vertex 159.57952480214166 -223.7366457710894 2
endloop
endfacet
facet normal 0 0 1
outer loop
vertex 162.02162659386568 -223.847147937873 2
vertex 159.57952480214166 -223.7366457710894 2
vertex 159.3425562506632 -223.847147937873 2
endloop
endfacet
facet normal 0 0 1
outer loop
vertex 162.07198411323117 -223.7366457710894 2
vertex 162.11845009999985 -223.63468300000036 2
vertex 162.13592418096334 -223.58667330235397 2
endloop
endfacet
facet normal 0 0 1
outer loop
vertex 162.07198411323117 -223.7366457710894 2
vertex 162.13592418096334 -223.58667330235397 2
vertex 159.7937048243061 -223.58667330235397 2
endloop
endfacet
facet normal 0 0 1
outer loop
vertex 162.07198411323117 -223.7366457710894 2
vertex 159.7937048243061 -223.58667330235397 2
vertex 159.57952480214166 -223.7366457710894 2
endloop
endfacet
facet normal 0 0 1
outer loop
vertex 162.13592418096334 -223.58667330235397 2
vertex 162.2032170875589 -223.40178735006006 2
vertex 159.97858859294863 -223.40178735006006 2
endloop
endfacet
facet normal 0 0 1
outer loop
vertex 162.13592418096334 -223.58667330235397 2
vertex 159.97858859294863 -223.40178735006006 2
vertex 159.7937048243061 -223.58667330235397 2
endloop
endfacet
facet normal 0 0 1
outer loop
vertex 162.2032170875589 -223.40178735006006 2
vertex 162.2811727961535 -223.18760555662243 2
vertex 160.12855853200864 -223.18760555662243 2
endloop
endfacet
facet normal 0 0 1
outer loop
vertex 162.2032170875589 -223.40178735006006 2
vertex 160.12855853200864 -223.18760555662243 2
vertex 159.97858859294863 -223.40178735006006 2
endloop
endfacet
facet normal 0 0 1
outer loop
vertex 162.2811727961535 -223.18760555662243 2
vertex 162.36742267196266 -222.95063570005115 2
vertex 160.23905789997912 -222.95063570005115 2
endloop
endfacet
facet normal 0 0 1
outer loop
vertex 162.2811727961535 -223.18760555662243 2
vertex 160.23905789997912 -222.95063570005115 2
vertex 160.12855853200864 -223.18760555662243 2
endloop
endfacet
facet normal 0 0 1
outer loop
vertex 158.3164957999347 -223.84715139998195 2
vertex 145.7225177095913 -219.26331820000016 2
vertex 139.87490910000048 -219.26331820000016 2
endloop
endfacet
facet normal 0 0 1
outer loop
vertex 158.3164957999347 -223.84715139998195 2
vertex 139.87490910000048 -219.26331820000016 2
vertex 152.46887729475748 -223.84715139998195 2
endloop
endfacet
facet normal 0 0 1
outer loop
vertex 160.83165794619418 -215.47489820004733 2
vertex 141.16152790013476 -215.47489820004733 2
vertex 158.53068985604367 -221.7967561203958 2
endloop
endfacet
facet normal 0 0 1
outer loop
vertex 160.83165794619418 -215.47489820004733 2
vertex 160.84191015310918 -215.44673049282707 2
vertex 141.07860578243847 -215.44673049282707 2
endloop
endfacet
facet normal 0 0 1
outer loop
vertex 160.83165794619418 -215.47489820004733 2
vertex 141.07860578243847 -215.44673049282707 2
vertex 141.16152790013476 -215.47489820004733 2
endloop
endfacet
facet normal 0 0 1
outer loop
vertex 160.84191015310918 -215.44673049282707 2
vertex 160.85083091527193 -215.42222090002758 2
vertex 140.99453512429946 -215.42222090002758 2
endloop
endfacet
facet normal 0 0 1
outer loop
vertex 160.84191015310918 -215.44673049282707 2
vertex 140.99453512429946 -215.42222090002758 2
vertex 141.07860578243847 -215.44673049282707 2
endloop
endfacet
facet normal 0 0 1
outer loop
vertex 160.85083091527193 -215.42222090002758 2
vertex 161.28740214315175 -214.2227513000003 2
vertex 139.29523319999947 -214.2227513000003 2
endloop
endfacet
facet normal 0 0 1
outer loop
vertex 160.85083091527193 -215.42222090002758 2
vertex 139.29523319999947 -214.2227513000003 2
vertex 136.51805650900192 -214.2227513000003 2
endloop
endfacet
facet normal 0 0 1
outer loop
vertex 160.85083091527193 -215.42222090002758 2
vertex 136.51805650900192 -214.2227513000003 2
vertex 140.99453512429946 -215.42222090002758 2
endloop
endfacet
facet normal 0 0 1
outer loop
vertex 139.29523319999947 -214.2227513000003 2
vertex 139.09038836188085 -214.20257584442354 2
vertex 136.44276073206746 -214.20257584442354 2
endloop
endfacet
facet normal 0 0 1
outer loop
vertex 139.29523319999947 -214.2227513000003 2
vertex 136.44276073206746 -214.20257584442354 2
vertex 136.51805650900192 -214.2227513000003 2
endloop
endfacet
facet normal 0 0 1
outer loop
vertex 161.28740214315175 -214.2227513000003 2
vertex 161.29474540838666 -214.20257584442354 2
vertex 139.50007803811823 -214.20257584442354 2
endloop
endfacet
facet normal 0 0 1
outer loop
vertex 161.28740214315175 -214.2227513000003 2
vertex 139.50007803811823 -214.20257584442354 2
vertex 139.29523319999947 -214.2227513000003 2
endloop
endfacet
facet normal 0 0 1
outer loop
vertex 139.09038836188085 -214.20257584442354 2
vertex 138.89341559602173 -214.1428248091392 2
vertex 136.2197669757554 -214.1428248091392 2
endloop
endfacet
facet normal 0 0 1
outer loop
vertex 139.09038836188085 -214.20257584442354 2
vertex 136.2197669757554 -214.1428248091392 2
vertex 136.44276073206746 -214.20257584442354 2
endloop
endfacet
facet normal 0 0 1
outer loop
vertex 161.29474540838666 -214.20257584442354 2
vertex 161.31649300652552 -214.1428248091392 2
vertex 139.69705080396508 -214.1428248091392 2
endloop
endfacet
facet normal 0 0 1
outer loop
vertex 161.29474540838666 -214.20257584442354 2
vertex 139.69705080396508 -214.1428248091392 2
vertex 139.50007803811823 -214.20257584442354 2
endloop
endfacet
facet normal 0 0 1
outer loop
vertex 138.89341559602173 -214.1428248091392 2
vertex 138.71188445531968 -214.0457943929121 2
vertex 135.85764476501808 -214.0457943929121 2
endloop
endfacet
facet normal 0 0 1
outer loop
vertex 138.89341559602173 -214.1428248091392 2
vertex 135.85764476501808 -214.0457943929121 2
vertex 136.2197669757554 -214.1428248091392 2
endloop
endfacet
facet normal 0 0 1
outer loop
vertex 161.31649300652552 -214.1428248091392 2
vertex 161.35180918957258 -214.0457943929121 2
vertex 139.87858194468728 -214.0457943929121 2
endloop
endfacet
facet normal 0 0 1
outer loop
vertex 161.31649300652552 -214.1428248091392 2
vertex 139.87858194468728 -214.0457943929121 2
vertex 139.69705080396508 -214.1428248091392 2
endloop
endfacet
facet normal 0 0 1
outer loop
vertex 138.71188445531968 -214.0457943929121 2
vertex 138.55277107976494 -213.91521342025715 2
vertex 135.37031025346292 -213.91521342025715 2
endloop
endfacet
facet normal 0 0 1
outer loop
vertex 138.71188445531968 -214.0457943929121 2
vertex 135.37031025346292 -213.91521342025715 2
vertex 135.85764476501808 -214.0457943929121 2
endloop
endfacet
facet normal 0 0 1
outer loop
vertex 161.35180918957258 -214.0457943929121 2
vertex 161.3993367764063 -213.91521342025715 2
vertex 140.03769532023082 -213.91521342025715 2
endloop
endfacet
facet normal 0 0 1
outer loop
vertex 161.35180918957258 -214.0457943929121 2
vertex 140.03769532023082 -213.91521342025715 2
vertex 139.87858194468728 -214.0457943929121 2
endloop
endfacet
facet normal 0 0 1
outer loop
vertex 138.55277107976494 -213.91521342025715 2
vertex 138.42219010706054 -213.75610004464212 2
vertex 134.7764914327673 -213.75610004464212 2
endloop
endfacet
facet normal 0 0 1
outer loop
vertex 138.55277107976494 -213.91521342025715 2
vertex 134.7764914327673 -213.75610004464212 2
vertex 135.37031025346292 -213.91521342025715 2
endloop
endfacet
facet normal 0 0 1
outer loop
vertex 161.3993367764063 -213.91521342025715 2
vertex 161.45724930854783 -213.75610004464212 2
vertex 140.16827629294397 -213.75610004464212 2
endloop
endfacet
facet normal 0 0 1
outer loop
vertex 161.3993367764063 -213.91521342025715 2
vertex 140.16827629294397 -213.75610004464212 2
vertex 140.03769532023082 -213.91521342025715 2
endloop
endfacet
facet normal 0 0 1
outer loop
vertex 138.42219010706054 -213.75610004464212 2
vertex 138.32515969087245 -213.57456890401306 2
vertex 134.099008427764 -213.57456890401306 2
endloop
endfacet
facet normal 0 0 1
outer loop
vertex 138.42219010706054 -213.75610004464212 2
vertex 134.099008427764 -213.57456890401306 2
vertex 134.7764914327673 -213.75610004464212 2
endloop
endfacet
facet normal 0 0 1
outer loop
vertex 161.45724930854783 -213.75610004464212 2
vertex 161.523321239809 -213.57456890401306 2
vertex 140.26530670911322 -213.57456890401306 2
endloop
endfacet
facet normal 0 0 1
outer loop
vertex 161.45724930854783 -213.75610004464212 2
vertex 140.26530670911322 -213.57456890401306 2
vertex 140.16827629294397 -213.75610004464212 2
endloop
endfacet
facet normal 0 0 1
outer loop
vertex 138.32515969087245 -213.57456890401306 2
vertex 138.26540865557604 -213.37759613811414 2
vertex 133.363896529703 -213.37759613811414 2
endloop
endfacet
facet normal 0 0 1
outer loop
vertex 138.32515969087245 -213.57456890401306 2
vertex 133.363896529703 -213.37759613811414 2
vertex 134.099008427764 -213.57456890401306 2
endloop
endfacet
facet normal 0 0 1
outer loop
vertex 161.523321239809 -213.57456890401306 2
vertex 161.59501346299282 -213.37759613811414 2
vertex 140.32505774442498 -213.37759613811414 2
endloop
endfacet
facet normal 0 0 1
outer loop
vertex 161.523321239809 -213.57456890401306 2
vertex 140.32505774442498 -213.37759613811414 2
vertex 140.26530670911322 -213.57456890401306 2
endloop
endfacet
facet normal 0 0 1
outer loop
vertex 138.26540865557604 -213.37759613811414 2
vertex 138.2452332 -213.17275130000564 2
vertex 132.59940567705786 -213.17275130000564 2
endloop
endfacet
facet normal 0 0 1
outer loop
vertex 138.26540865557604 -213.37759613811414 2
vertex 132.59940567705786 -213.17275130000564 2
vertex 133.363896529703 -213.37759613811414 2
endloop
endfacet
facet normal 0 0 1
outer loop
vertex 161.59501346299282 -213.37759613811414 2
vertex 161.6695708861204 -213.17275130000564 2
vertex 140.3452331999997 -213.17275130000564 2
endloop
endfacet
facet normal 0 0 1
outer loop
vertex 161.59501346299282 -213.37759613811414 2
vertex 140.3452331999997 -213.17275130000564 2
vertex 140.32505774442498 -213.37759613811414 2
endloop
endfacet
facet normal 0 0 1
outer loop
vertex 138.2452332 -213.17275130000564 2
vertex 138.265408655578 -212.96790646188347 2
vertex 131.8349148243617 -212.96790646188347 2
endloop
endfacet
facet normal 0 0 1
outer loop
vertex 138.2452332 -213.17275130000564 2
vertex 131.8349148243617 -212.96790646188347 2
vertex 132.59940567705786 -213.17275130000564 2
endloop
endfacet
facet normal 0 0 1
outer loop
vertex 161.6695708861204 -213.17275130000564 2
vertex 161.74412830925291 -212.96790646188347 2
vertex 140.3250577444226 -212.96790646188347 2
endloop
endfacet
facet normal 0 0 1
outer loop
vertex 161.6695708861204 -213.17275130000564 2
vertex 140.3250577444226 -212.96790646188347 2
vertex 140.3452331999997 -213.17275130000564 2
endloop
endfacet
facet normal 0 0 1
outer loop
vertex 138.265408655578 -212.96790646188347 2
vertex 138.32515969085748 -212.77093369599157 2
vertex 131.0998029263269 -212.77093369599157 2
endloop
endfacet
facet normal 0 0 1
outer loop
vertex 138.265408655578 -212.96790646188347 2
vertex 131.0998029263269 -212.77093369599157 2
vertex 131.8349148243617 -212.96790646188347 2
endloop
endfacet
facet normal 0 0 1
outer loop
vertex 161.74412830925291 -212.96790646188347 2
vertex 161.8158205324342 -212.77093369599157 2
vertex 140.2653067091283 -212.77093369599157 2
endloop
endfacet
facet normal 0 0 1
outer loop
vertex 161.74412830925291 -212.96790646188347 2
vertex 140.2653067091283 -212.77093369599157 2
vertex 140.3250577444226 -212.96790646188347 2
endloop
endfacet
facet normal 0 0 1
outer loop
vertex 138.32515969085748 -212.77093369599157 2
vertex 138.42219010708618 -212.5894025553387 2
vertex 130.42231992123473 -212.5894025553387 2
endloop
endfacet
facet normal 0 0 1
outer loop
vertex 138.32515969085748 -212.77093369599157 2
vertex 130.42231992123473 -212.5894025553387 2
vertex 131.0998029263269 -212.77093369599157 2
endloop
endfacet
facet normal 0 0 1
outer loop
vertex 161.8158205324342 -212.77093369599157 2
vertex 161.88189246370402 -212.5894025553387 2
vertex 140.1682762929275 -212.5894025553387 2
endloop
endfacet
facet normal 0 0 1
outer loop
vertex 161.8158205324342 -212.77093369599157 2
vertex 140.1682762929275 -212.5894025553387 2
vertex 140.2653067091283 -212.77093369599157 2
endloop
endfacet
facet normal 0 0 1
outer loop
vertex 138.42219010708618 -212.5894025553387 2
vertex 138.55277107975348 -212.43028917976693 2
vertex 129.82850110070055 -212.43028917976693 2
endloop
endfacet
facet normal 0 0 1
outer loop
vertex 138.42219010708618 -212.5894025553387 2
vertex 129.82850110070055 -212.43028917976693 2
vertex 130.42231992123473 -212.5894025553387 2
endloop
endfacet
facet normal 0 0 1
outer loop
vertex 161.88189246370402 -212.5894025553387 2
vertex 161.9398049958298 -212.43028917976693 2
vertex 140.0376953202586 -212.43028917976693 2
endloop
endfacet
facet normal 0 0 1
outer loop
vertex 161.88189246370402 -212.5894025553387 2
vertex 140.0376953202586 -212.43028917976693 2
vertex 140.1682762929275 -212.5894025553387 2
endloop
endfacet
facet normal 0 0 1
outer loop
vertex 138.55277107975348 -212.43028917976693 2
vertex 138.7118844553261 -212.29970820706603 2
vertex 129.34116658897386 -212.29970820706603 2
endloop
endfacet
facet normal 0 0 1
outer loop
vertex 138.55277107975348 -212.43028917976693 2
vertex 129.34116658897386 -212.29970820706603 2
vertex 129.82850110070055 -212.43028917976693 2
endloop
endfacet
facet normal 0 0 1
outer loop
vertex 161.9398049958298 -212.43028917976693 2
vertex 161.98733258268027 -212.29970820706603 2
vertex 139.87858194464783 -212.29970820706603 2
endloop
endfacet
facet normal 0 0 1
outer loop
vertex 161.9398049958298 -212.43028917976693 2
vertex 139.87858194464783 -212.29970820706603 2
vertex 140.0376953202586 -212.43028917976693 2
endloop
endfacet
facet normal 0 0 1
outer loop
vertex 138.7118844553261 -212.29970820706603 2
vertex 138.8934155960226 -212.20267779087519 2
vertex 128.97904437837187 -212.20267779087519 2
endloop
endfacet
facet normal 0 0 1
outer loop
vertex 138.7118844553261 -212.29970820706603 2
vertex 128.97904437837187 -212.20267779087519 2
vertex 129.34116658897386 -212.29970820706603 2
endloop
endfacet
facet normal 0 0 1
outer loop
vertex 161.98733258268027 -212.29970820706603 2
vertex 162.02264876571414 -212.20267779087519 2
vertex 139.69705080401363 -212.20267779087519 2
endloop
endfacet
facet normal 0 0 1
outer loop
vertex 161.98733258268027 -212.29970820706603 2
vertex 139.69705080401363 -212.20267779087519 2
vertex 139.87858194464783 -212.29970820706603 2
endloop
endfacet
facet normal 0 0 1
outer loop
vertex 138.8934155960226 -212.20267779087519 2
vertex 139.09038836187656 -212.14292675557581 2
vertex 128.7560506220037 -212.14292675557581 2
endloop
endfacet
facet normal 0 0 1
outer loop
vertex 138.8934155960226 -212.20267779087519 2
vertex 128.7560506220037 -212.14292675557581 2
vertex 128.97904437837187 -212.20267779087519 2
endloop
endfacet
facet normal 0 0 1
outer loop
vertex 162.02264876571414 -212.20267779087519 2
vertex 162.04439636385845 -212.14292675557581 2
vertex 139.500078038105 -212.14292675557581 2
endloop
endfacet
facet normal 0 0 1
outer loop
vertex 162.02264876571414 -212.20267779087519 2
vertex 139.500078038105 -212.14292675557581 2
vertex 139.69705080401363 -212.20267779087519 2
endloop
endfacet
facet normal 0 0 1
outer loop
vertex 139.09038836187656 -212.14292675557581 2
vertex 139.2952331999992 -212.12275130000032 2
vertex 128.680754845074 -212.12275130000032 2
endloop
endfacet
facet normal 0 0 1
outer loop
vertex 139.09038836187656 -212.14292675557581 2
vertex 128.680754845074 -212.12275130000032 2
vertex 128.7560506220037 -212.14292675557581 2
endloop
endfacet
facet normal 0 0 1
outer loop
vertex 162.04439636385845 -212.14292675557581 2
vertex 162.05173962909288 -212.12275130000032 2
vertex 139.2952331999992 -212.12275130000032 2
endloop
endfacet
facet normal 0 0 1
outer loop
vertex 162.04439636385845 -212.14292675557581 2
vertex 139.2952331999992 -212.12275130000032 2
vertex 139.500078038105 -212.14292675557581 2
endloop
endfacet
facet normal 0 0 1
outer loop
vertex 145.7225177095913 -219.26331820000016 2
vertex 140.47689319995007 -217.35406699998669 2
vertex 120.34449362275521 -211.95960679999993 2
endloop
endfacet
facet normal 0 0 1
outer loop
vertex 145.7225177095913 -219.26331820000016 2
vertex 120.34449362275521 -211.95960679999993 2
vertex 112.61708679999983 -211.95960679999993 2
endloop
endfacet
facet normal 0 0 1
outer loop
vertex 145.7225177095913 -219.26331820000016 2
vertex 112.61708679999983 -211.95960679999993 2
vertex 139.87490910000048 -219.26331820000016 2
endloop
endfacet
facet normal 0 0 1
outer loop
vertex 139.2952331999992 -212.12275130000032 2
vertex 162.05173962909288 -212.12275130000032 2
vertex 162.13045183133502 -211.90649130000182 2
endloop
endfacet
facet normal 0 0 1
outer loop
vertex 139.2952331999992 -212.12275130000032 2
vertex 162.13045183133502 -211.90649130000182 2
vertex 127.87366205563147 -211.90649130000182 2
endloop
endfacet
facet normal 0 0 1
outer loop
vertex 139.2952331999992 -212.12275130000032 2
vertex 127.87366205563147 -211.90649130000182 2
vertex 128.680754845074 -212.12275130000032 2
endloop
endfacet
facet normal 0 0 1
outer loop
vertex 163.19462953779015 -211.90649130000182 2
vertex 162.13045183133502 -211.90649130000182 2
vertex 163.07014439999918 -212.24851139999967 2
endloop
endfacet
facet normal 0 0 1
outer loop
vertex 120.34449362275521 -211.95960679999993 2
vertex 113.0503786999925 -210.00515459999593 2
vertex 105.87532691974977 -208.74 2
endloop
endfacet
facet normal 0 0 1
outer loop
vertex 120.34449362275521 -211.95960679999993 2
vertex 105.87532691974977 -208.74 2
vertex 94.35778979999986 -208.74 2
endloop
endfacet
facet normal 0 0 1
outer loop
vertex 120.34449362275521 -211.95960679999993 2
vertex 94.35778979999986 -208.74 2
vertex 112.61708679999983 -211.95960679999993 2
endloop
endfacet
facet normal 0 0 1
outer loop
vertex 162.13045183133502 -211.90649130000182 2
vertex 163.19462953779015 -211.90649130000182 2
vertex 164.4382250000002 -208.48974089999908 2
endloop
endfacet
facet normal 0 0 1
outer loop
vertex 162.13045183133502 -211.90649130000182 2
vertex 164.4382250000002 -208.48974089999908 2
vertex 163.49853240000246 -208.14772079385554 2
endloop
endfacet
facet normal 0 0 1
outer loop
vertex 162.13045183133502 -211.90649130000182 2
vertex 163.49853240000246 -208.14772079385554 2
vertex 113.84574744783073 -208.14772079385554 2
endloop
endfacet
facet normal 0 0 1
outer loop
vertex 162.13045183133502 -211.90649130000182 2
vertex 113.84574744783073 -208.14772079385554 2
vertex 127.87366205563147 -211.90649130000182 2
endloop
endfacet
facet normal 0 0 1
outer loop
vertex 163.49853240000246 -208.14772079385554 2
vertex 163.52561844821383 -208.07330289998913 2
vertex 113.56801624324046 -208.07330289998913 2
endloop
endfacet
facet normal 0 0 1
outer loop
vertex 163.49853240000246 -208.14772079385554 2
vertex 113.56801624324046 -208.07330289998913 2
vertex 113.84574744783073 -208.14772079385554 2
endloop
endfacet
facet normal 0 0 1
outer loop
vertex 163.52561844821383 -208.07330289998913 2
vertex 163.53316713351535 -208.05256306096095 2
vertex 113.48326034484911 -208.05256306096095 2
endloop
endfacet
facet normal 0 0 1
outer loop
vertex 163.52561844821383 -208.07330289998913 2
vertex 113.48326034484911 -208.05256306096095 2
vertex 113.56801624324046 -208.07330289998913 2
endloop
endfacet
facet normal 0 0 1
outer loop
vertex 163.53316713351535 -208.05256306096095 2
vertex 163.53936249427883 -208.03554144993552 2
vertex 113.3976783873663 -208.03554144993552 2
endloop
endfacet
facet normal 0 0 1
outer loop
vertex 163.53316713351535 -208.05256306096095 2
vertex 113.3976783873663 -208.03554144993552 2
vertex 113.48326034484911 -208.05256306096095 2
endloop
endfacet
facet normal 0 0 1
outer loop
vertex 94.35778979999986 -208.74 2
vertex 105.87532691974977 -208.74 2
vertex 94.53276709998507 -206.74000164859874 2
endloop
endfacet
facet normal 0 0 1
outer loop
vertex 94.35778979999986 -208.74 2
vertex 94.53276709998507 -206.74000164859874 2
vertex 30.70534164994274 -206.74000164859874 2
endloop
endfacet
facet normal 0 0 1
outer loop
vertex 94.35778979999986 -208.74 2
vertex 30.70534164994274 -206.74000164859874 2
vertex 25.230965096234087 -206.74000164859874 2
endloop
endfacet
facet normal 0 0 1
outer loop
vertex 94.35778979999986 -208.74 2
vertex 25.230965096234087 -206.74000164859874 2
vertex 25.246044558790146 -206.75505867845732 2
endloop
endfacet
facet normal 0 0 1
outer loop
vertex 94.35778979999986 -208.74 2
vertex 25.246044558790146 -206.75505867845732 2
vertex 26.45906788071821 -207.6033599307678 2
endloop
endfacet
facet normal 0 0 1
outer loop
vertex 94.35778979999986 -208.74 2
vertex 26.45906788071821 -207.6033599307678 2
vertex 27.800862999511082 -208.22836109348214 2
endloop
endfacet
facet normal 0 0 1
outer loop
vertex 94.35778979999986 -208.74 2
vertex 27.800862999511082 -208.22836109348214 2
vertex 29.230738876078163 -208.6111084929824 2
endloop
endfacet
facet normal 0 0 1
outer loop
vertex 94.35778979999986 -208.74 2
vertex 29.230738876078163 -208.6111084929824 2
vertex 30.705336700000004 -208.74 2
endloop
endfacet
facet normal 0 0 1
outer loop
vertex 30.70534164994274 -206.74000164859874 2
vertex 29.57764750049904 -206.64143066615873 2
vertex 25.132244246749707 -206.64143066615873 2
endloop
endfacet
facet normal 0 0 1
outer loop
vertex 30.70534164994274 -206.74000164859874 2
vertex 25.132244246749707 -206.64143066615873 2
vertex 25.230965096234087 -206.74000164859874 2
endloop
endfacet
facet normal 0 0 1
outer loop
vertex 29.57764750049904 -206.64143066615873 2
vertex 28.484155241982506 -206.34871136287248 2
vertex 24.839079893858298 -206.34871136287248 2
endloop
endfacet
facet normal 0 0 1
outer loop
vertex 29.57764750049904 -206.64143066615873 2
vertex 24.839079893858298 -206.34871136287248 2
vertex 25.132244246749707 -206.64143066615873 2
endloop
endfacet
facet normal 0 0 1
outer loop
vertex 28.484155241982506 -206.34871136287248 2
vertex 27.458029651350728 -205.87071954088003 2
vertex 24.36036133444452 -205.87071954088003 2
endloop
endfacet
facet normal 0 0 1
outer loop
vertex 28.484155241982506 -206.34871136287248 2
vertex 24.36036133444452 -205.87071954088003 2
vertex 24.839079893858298 -206.34871136287248 2
endloop
endfacet
facet normal 0 0 1
outer loop
vertex 27.458029651350728 -205.87071954088003 2
vertex 26.53039232600662 -205.22195232332314 2
vertex 23.856741919211032 -205.22195232332314 2
endloop
endfacet
facet normal 0 0 1
outer loop
vertex 27.458029651350728 -205.87071954088003 2
vertex 23.856741919211032 -205.22195232332314 2
vertex 24.19857896231005 -205.70918276879937 2
endloop
endfacet
facet normal 0 0 1
outer loop
vertex 27.458029651350728 -205.87071954088003 2
vertex 24.19857896231005 -205.70918276879937 2
vertex 24.36036133444452 -205.87071954088003 2
endloop
endfacet
facet normal 0 0 1
outer loop
vertex 162.36742267196266 -222.95063570005115 2
vertex 168.63392515000012 -205.73354199999977 2
vertex 168.79182971672444 -205.14424070408708 2
endloop
endfacet
facet normal 0 0 1
outer loop
vertex 162.36742267196266 -222.95063570005115 2
vertex 168.79182971672444 -205.14424070408708 2
vertex 168.80011887319316 -205.04949830001243 2
endloop
endfacet
facet normal 0 0 1
outer loop
vertex 162.36742267196266 -222.95063570005115 2
vertex 168.80011887319316 -205.04949830001243 2
vertex 166.75454875792735 -205.04949830001243 2
endloop
endfacet
facet normal 0 0 1
outer loop
vertex 162.36742267196266 -222.95063570005115 2
vertex 166.75454875792735 -205.04949830001243 2
vertex 160.23905789997912 -222.95063570005115 2
endloop
endfacet
facet normal 0 0 1
outer loop
vertex 168.80011887319316 -205.04949830001243 2
vertex 168.82221577388296 -204.796937801022 2
vertex 166.82221579184434 -204.796937801022 2
endloop
endfacet
facet normal 0 0 1
outer loop
vertex 168.80011887319316 -205.04949830001243 2
vertex 166.82221579184434 -204.796937801022 2
vertex 166.75454875792735 -205.04949830001243 2
endloop
endfacet
facet normal 0 0 1
outer loop
vertex 163.53936249427883 -208.03554144993552 2
vertex 164.7041534000012 -204.83530429731474 2
vertex 164.52578759028526 -204.77038450003886 2
endloop
endfacet
facet normal 0 0 1
outer loop
vertex 163.53936249427883 -208.03554144993552 2
vertex 164.52578759028526 -204.77038450003886 2
vertex 94.88006348467725 -204.77038450003886 2
endloop
endfacet
facet normal 0 0 1
outer loop
vertex 163.53936249427883 -208.03554144993552 2
vertex 94.88006348467725 -204.77038450003886 2
vertex 113.3976783873663 -208.03554144993552 2
endloop
endfacet
facet normal 0 0 1
outer loop
vertex 164.52578759028526 -204.77038450003886 2
vertex 164.4632163735001 -204.74761045654103 2
vertex 94.7070799540276 -204.74761045654103 2
endloop
endfacet
facet normal 0 0 1
outer loop
vertex 164.52578759028526 -204.77038450003886 2
vertex 94.7070799540276 -204.74761045654103 2
vertex 94.88006348467725 -204.77038450003886 2
endloop
endfacet
facet normal 0 0 1
outer loop
vertex 164.4632163735001 -204.74761045654103 2
vertex 164.4423201778654 -204.74000486897577 2
vertex 148.79477530034777 -204.74000486897577 2
endloop
endfacet
facet normal 0 0 1
outer loop
vertex 164.4632163735001 -204.74761045654103 2
vertex 148.79477530034777 -204.74000486897577 2
vertex 94.70775732921916 -204.74000225616888 2
endloop
endfacet
facet normal 0 0 1
outer loop
vertex 164.4632163735001 -204.74761045654103 2
vertex 94.70775732921916 -204.74000225616888 2
vertex 94.53276674992561 -204.74000225616888 2
endloop
endfacet
facet normal 0 0 1
outer loop
vertex 164.4632163735001 -204.74761045654103 2
vertex 94.53276674992561 -204.74000225616888 2
vertex 94.7070799540276 -204.74761045654103 2
endloop
endfacet
facet normal 0 0 1
outer loop
vertex 168.82221577388296 -204.796937801022 2
vertex 168.8450042880877 -204.53647233102507 2
vertex 166.84500350470208 -204.53646735918807 2
endloop
endfacet
facet normal 0 0 1
outer loop
vertex 168.82221577388296 -204.796937801022 2
vertex 166.84500350470208 -204.53646735918807 2
vertex 166.82221579184434 -204.796937801022 2
endloop
endfacet
facet normal 0 0 1
outer loop
vertex 26.53039232600662 -205.22195232332314 2
vertex 25.729377790615814 -204.42208631954313 2
vertex 23.313193292978525 -204.42208631954313 2
endloop
endfacet
facet normal 0 0 1
outer loop
vertex 26.53039232600662 -205.22195232332314 2
vertex 23.313193292978525 -204.42208631954313 2
vertex 23.348436345851354 -204.49744924780896 2
endloop
endfacet
facet normal 0 0 1
outer loop
vertex 26.53039232600662 -205.22195232332314 2
vertex 23.348436345851354 -204.49744924780896 2
vertex 23.856741919211032 -205.22195232332314 2
endloop
endfacet
facet normal 0 0 1
outer loop
vertex 168.8450042880877 -204.53647233102507 2
vertex 168.82221640112877 -204.27599697354134 2
vertex 166.8222151337563 -204.27599697354134 2
endloop
endfacet
facet normal 0 0 1
outer loop
vertex 168.8450042880877 -204.53647233102507 2
vertex 166.8222151337563 -204.27599697354134 2
vertex 166.84500350470208 -204.53646735918807 2
endloop
endfacet
facet normal 0 0 1
outer loop
vertex 168.82221640112877 -204.27599697354134 2
vertex 168.80012132933356 -204.02344079161662 2
vertex 166.75454308404454 -204.02344079161662 2
endloop
endfacet
facet normal 0 0 1
outer loop
vertex 168.82221640112877 -204.27599697354134 2
vertex 166.75454308404454 -204.02344079161662 2
vertex 166.8222151337563 -204.27599697354134 2
endloop
endfacet
facet normal 0 0 1
outer loop
vertex 168.80012132933356 -204.02344079161662 2
vertex 168.79183318243506 -203.9287037047529 2
vertex 168.75372288904953 -203.78647249500673 2
endloop
endfacet
facet normal 0 0 1
outer loop
vertex 168.80012132933356 -204.02344079161662 2
vertex 168.75372288904953 -203.78647249500673 2
vertex 166.64404350123036 -203.78647249500673 2
endloop
endfacet
facet normal 0 0 1
outer loop
vertex 168.80012132933356 -204.02344079161662 2
vertex 166.64404350123036 -203.78647249500673 2
vertex 166.75454308404454 -204.02344079161662 2
endloop
endfacet
facet normal 0 0 1
outer loop
vertex 168.75372288904953 -203.78647249500673 2
vertex 168.69633410575406 -203.5722921424336 2
vertex 166.49407381121273 -203.5722921424336 2
endloop
endfacet
facet normal 0 0 1
outer loop
vertex 168.75372288904953 -203.78647249500673 2
vertex 166.49407381121273 -203.5722921424336 2
vertex 166.64404350123036 -203.78647249500673 2
endloop
endfacet
facet normal 0 0 1
outer loop
vertex 25.729377790615814 -204.42208631954313 2
vertex 25.07928019821179 -203.49538084852648 2
vertex 22.879824650542332 -203.49538084852648 2
endloop
endfacet
facet normal 0 0 1
outer loop
vertex 25.729377790615814 -204.42208631954313 2
vertex 22.879824650542332 -203.49538084852648 2
vertex 23.313193292978525 -204.42208631954313 2
endloop
endfacet
facet normal 0 0 1
outer loop
vertex 168.69633410575406 -203.5722921424336 2
vertex 168.64679496658246 -203.38740740216454 2
vertex 166.30919070169273 -203.38740740216454 2
endloop
endfacet
facet normal 0 0 1
outer loop
vertex 168.69633410575406 -203.5722921424336 2
vertex 166.30919070169273 -203.38740740216454 2
vertex 166.49407381121273 -203.5722921424336 2
endloop
endfacet
facet normal 0 0 1
outer loop
vertex 168.64679496658246 -203.38740740216454 2
vertex 168.63393197611748 -203.3394015084213 2
vertex 168.5863849632919 -203.23743582293133 2
endloop
endfacet
facet normal 0 0 1
outer loop
vertex 168.64679496658246 -203.38740740216454 2
vertex 168.5863849632919 -203.23743582293133 2
vertex 166.09501167187318 -203.23743582293133 2
endloop
endfacet
facet normal 0 0 1
outer loop
vertex 168.64679496658246 -203.38740740216454 2
vertex 166.09501167187318 -203.23743582293133 2
vertex 166.30919070169273 -203.38740740216454 2
endloop
endfacet
facet normal 0 0 1
outer loop
vertex 168.5863849632919 -203.23743582293133 2
vertex 168.53485758489597 -203.12693415000993 2
vertex 165.8580443500336 -203.12693415000993 2
endloop
endfacet
facet normal 0 0 1
outer loop
vertex 168.5863849632919 -203.23743582293133 2
vertex 165.8580443500336 -203.12693415000993 2
vertex 166.09501167187318 -203.23743582293133 2
endloop
endfacet
facet normal 0 0 1
outer loop
vertex 25.07928019821179 -203.49538084852648 2
vertex 24.599816507190866 -202.46994217221567 2
vertex 22.536474861123423 -202.46994217221567 2
endloop
endfacet
facet normal 0 0 1
outer loop
vertex 25.07928019821179 -203.49538084852648 2
vertex 22.536474861123423 -202.46994217221567 2
vertex 22.721397982542015 -203.15660492979475 2
endloop
endfacet
facet normal 0 0 1
outer loop
vertex 25.07928019821179 -203.49538084852648 2
vertex 22.721397982542015 -203.15660492979475 2
vertex 22.879824650542332 -203.49538084852648 2
endloop
endfacet
facet normal 0 0 1
outer loop
vertex 24.599816507190866 -202.46994217221567 2
vertex 24.30552848150782 -201.3768710547311 2
vertex 22.305312745203793 -201.3768710547311 2
endloop
endfacet
facet normal 0 0 1
outer loop
vertex 24.599816507190866 -202.46994217221567 2
vertex 22.305312745203793 -201.3768710547311 2
vertex 22.33647932578222 -201.72731202003467 2
endloop
endfacet
facet normal 0 0 1
outer loop
vertex 24.599816507190866 -202.46994217221567 2
vertex 22.33647932578222 -201.72731202003467 2
vertex 22.536474861123423 -202.46994217221567 2
endloop
endfacet
facet normal 0 0 1
outer loop
vertex 24.30552848150782 -201.3768710547311 2
vertex 24.205343299999697 -200.24931900009454 2
vertex 22.20534819418529 -200.24931900009454 2
endloop
endfacet
facet normal 0 0 1
outer loop
vertex 24.30552848150782 -201.3768710547311 2
vertex 22.20534819418529 -200.24931900009454 2
vertex 22.205353349999996 -200.25291500000054 2
endloop
endfacet
facet normal 0 0 1
outer loop
vertex 24.30552848150782 -201.3768710547311 2
vertex 22.205353349999996 -200.25291500000054 2
vertex 22.305312745203793 -201.3768710547311 2
endloop
endfacet
facet normal 0 0 1
outer loop
vertex 164.4423201778654 -204.74000486897577 2
vertex 150.1170518000161 -199.52602874999673 2
vertex 26.204305503188294 -199.52602874999673 2
endloop
endfacet
facet normal 0 0 1
outer loop
vertex 164.4423201778654 -204.74000486897577 2
vertex 26.204305503188294 -199.52602874999673 2
vertex 26.205338350000744 -200.24645499998462 2
endloop
endfacet
facet normal 0 0 1
outer loop
vertex 164.4423201778654 -204.74000486897577 2
vertex 26.205338350000744 -200.24645499998462 2
vertex 26.274699649224004 -201.02706665593394 2
endloop
endfacet
facet normal 0 0 1
outer loop
vertex 164.4423201778654 -204.74000486897577 2
vertex 26.274699649224004 -201.02706665593394 2
vertex 26.47843837041742 -201.7838070875193 2
endloop
endfacet
facet normal 0 0 1
outer loop
vertex 164.4423201778654 -204.74000486897577 2
vertex 26.47843837041742 -201.7838070875193 2
vertex 26.810375288663778 -202.49372499082088 2
endloop
endfacet
facet normal 0 0 1
outer loop
vertex 164.4423201778654 -204.74000486897577 2
vertex 26.810375288663778 -202.49372499082088 2
vertex 27.260443035215644 -203.13528915035408 2
endloop
endfacet
facet normal 0 0 1
outer loop
vertex 164.4423201778654 -204.74000486897577 2
vertex 27.260443035215644 -203.13528915035408 2
vertex 27.814991432045332 -203.6890414621519 2
endloop
endfacet
facet normal 0 0 1
outer loop
vertex 164.4423201778654 -204.74000486897577 2
vertex 27.814991432045332 -203.6890414621519 2
vertex 28.4572014904642 -204.13818708214765 2
endloop
endfacet
facet normal 0 0 1
outer loop
vertex 164.4423201778654 -204.74000486897577 2
vertex 28.4572014904642 -204.13818708214765 2
vertex 29.167595517267813 -204.46910379984186 2
endloop
endfacet
facet normal 0 0 1
outer loop
vertex 164.4423201778654 -204.74000486897577 2
vertex 29.167595517267813 -204.46910379984186 2
vertex 29.92462785610124 -204.67175518809447 2
endloop
endfacet
facet normal 0 0 1
outer loop
vertex 164.4423201778654 -204.74000486897577 2
vertex 29.92462785610124 -204.67175518809447 2
vertex 30.70533669999992 -204.73999983581402 2
endloop
endfacet
facet normal 0 0 1
outer loop
vertex 164.4423201778654 -204.74000486897577 2
vertex 30.70533669999992 -204.73999983581402 2
vertex 94.53276674992561 -204.74000225616888 2
endloop
endfacet
facet normal 0 0 1
outer loop
vertex 164.4423201778654 -204.74000486897577 2
vertex 94.53276674992561 -204.74000225616888 2
vertex 94.70775732921916 -204.74000225616888 2
endloop
endfacet
facet normal 0 0 1
outer loop
vertex 164.4423201778654 -204.74000486897577 2
vertex 94.70775732921916 -204.74000225616888 2
vertex 148.79477530034777 -204.74000486897577 2
endloop
endfacet
facet normal 0 0 1
outer loop
vertex 150.1170518000161 -199.52602874999673 2
vertex 149.83891990302476 -199.39999041788064 2
vertex 26.204124806983003 -199.39999041788064 2
endloop
endfacet
facet normal 0 0 1
outer loop
vertex 150.1170518000161 -199.52602874999673 2
vertex 26.204124806983003 -199.39999041788064 2
vertex 26.204305503188294 -199.52602874999673 2
endloop
endfacet
facet normal 0 0 1
outer loop
vertex 149.83891990302476 -199.39999041788064 2
vertex 149.58321693945 -199.233080239353 2
vertex 26.203885514417152 -199.233080239353 2
endloop
endfacet
facet normal 0 0 1
outer loop
vertex 149.83891990302476 -199.39999041788064 2
vertex 26.203885514417152 -199.233080239353 2
vertex 26.204124806983003 -199.39999041788064 2
endloop
endfacet
facet normal 0 0 1
outer loop
vertex 149.58321693945 -199.233080239353 2
vertex 149.3559035379706 -199.02918901642465 2
vertex 26.203593203580766 -199.02918901642465 2
endloop
endfacet
facet normal 0 0 1
outer loop
vertex 149.58321693945 -199.233080239353 2
vertex 26.203593203580766 -199.02918901642465 2
vertex 26.203885514417152 -199.233080239353 2
endloop
endfacet
facet normal 0 0 1
outer loop
vertex 149.3559035379706 -199.02918901642465 2
vertex 149.16227854524334 -198.79306960709437 2
vertex 26.20325468845965 -198.79306960709437 2
endloop
endfacet
facet normal 0 0 1
outer loop
vertex 149.3559035379706 -199.02918901642465 2
vertex 26.20325468845965 -198.79306960709437 2
vertex 26.203593203580766 -199.02918901642465 2
endloop
endfacet
facet normal 0 0 1
outer loop
vertex 149.16227854524334 -198.79306960709437 2
vertex 149.00685550565348 -198.53022613269658 2
vertex 26.202877860096294 -198.53022613269658 2
endloop
endfacet
facet normal 0 0 1
outer loop
vertex 149.16227854524334 -198.79306960709437 2
vertex 26.202877860096294 -198.53022613269658 2
vertex 26.20325468845965 -198.79306960709437 2
endloop
endfacet
facet normal 0 0 1
outer loop
vertex 149.00685550565348 -198.53022613269658 2
vertex 148.89325744737533 -198.24678567253073 2
vertex 26.20247150264359 -198.24678567253073 2
endloop
endfacet
facet normal 0 0 1
outer loop
vertex 149.00685550565348 -198.53022613269658 2
vertex 26.20247150264359 -198.24678567253073 2
vertex 26.202877860096294 -198.53022613269658 2
endloop
endfacet
facet normal 0 0 1
outer loop
vertex 148.89325744737533 -198.24678567253073 2
vertex 148.82413242673 -197.94935543742992 2
vertex 26.20204508860016 -197.94935543742992 2
endloop
endfacet
facet normal 0 0 1
outer loop
vertex 148.89325744737533 -198.24678567253073 2
vertex 26.20204508860016 -197.94935543742992 2
vertex 26.20247150264359 -198.24678567253073 2
endloop
endfacet
facet normal 0 0 1
outer loop
vertex 148.82413242673 -197.94935543742992 2
vertex 148.80109359999744 -197.6448675000142 2
vertex 26.201608556206196 -197.6448675000142 2
endloop
endfacet
facet normal 0 0 1
outer loop
vertex 148.82413242673 -197.94935543742992 2
vertex 26.201608556206196 -197.6448675000142 2
vertex 26.20204508860016 -197.94935543742992 2
endloop
endfacet
facet normal 0 0 1
outer loop
vertex 168.53485758489597 -203.12693415000993 2
vertex 168.37609841504562 -202.78647138232785 2
vertex 168.02616663767944 -202.28671382035736 2
endloop
endfacet
facet normal 0 0 1
outer loop
vertex 168.53485758489597 -203.12693415000993 2
vertex 168.02616663767944 -202.28671382035736 2
vertex 167.59476913881144 -201.85531369573127 2
endloop
endfacet
facet normal 0 0 1
outer loop
vertex 168.53485758489597 -203.12693415000993 2
vertex 167.59476913881144 -201.85531369573127 2
vertex 167.0950137067502 -201.5053788765395 2
endloop
endfacet
facet normal 0 0 1
outer loop
vertex 168.53485758489597 -203.12693415000993 2
vertex 167.0950137067502 -201.5053788765395 2
vertex 166.5420802999997 -201.24754390000032 2
endloop
endfacet
facet normal 0 0 1
outer loop
vertex 168.53485758489597 -203.12693415000993 2
vertex 166.5420802999997 -201.24754390000032 2
vertex 152.8023402 -196.2466874 2
endloop
endfacet
facet normal 0 0 1
outer loop
vertex 168.53485758489597 -203.12693415000993 2
vertex 152.8023402 -196.2466874 2
vertex 150.80233948143783 -196.2466874 2
endloop
endfacet
facet normal 0 0 1
outer loop
vertex 168.53485758489597 -203.12693415000993 2
vertex 150.80233948143783 -196.2466874 2
vertex 150.80109279999678 -197.64664849999994 2
endloop
endfacet
facet normal 0 0 1
outer loop
vertex 168.53485758489597 -203.12693415000993 2
vertex 150.80109279999678 -197.64664849999994 2
vertex 165.8580443500336 -203.12693415000993 2
endloop
endfacet
facet normal 0 0 1
outer loop
vertex 148.80109359999744 -197.6448675000142 2
vertex 148.8154262617865 -181.54999999999998 2
vertex 32.50000000000114 -181.54999999999998 2
endloop
endfacet
facet normal 0 0 1
outer loop
vertex 148.80109359999744 -197.6448675000142 2
vertex 32.50000000000114 -181.54999999999998 2
vertex 26.178533976963564 -181.54999999999998 2
endloop
endfacet
facet normal 0 0 1
outer loop
vertex 148.80109359999744 -197.6448675000142 2
vertex 26.178533976963564 -181.54999999999998 2
vertex 26.201608556206196 -197.6448675000142 2
endloop
endfacet
facet normal 0 0 1
outer loop
vertex 32.50000000000114 -181.54999999999998 2
vertex 32.2951551618755 -181.52982454442252 2
vertex 26.17850505220551 -181.52982454442252 2
endloop
endfacet
facet normal 0 0 1
outer loop
vertex 32.50000000000114 -181.54999999999998 2
vertex 26.17850505220551 -181.52982454442252 2
vertex 26.178533976963564 -181.54999999999998 2
endloop
endfacet
facet normal 0 0 1
outer loop
vertex 148.8154262617865 -181.54999999999998 2
vertex 148.8154442282582 -181.52982454442252 2
vertex 32.70484483812689 -181.52982454442252 2
endloop
endfacet
facet normal 0 0 1
outer loop
vertex 148.8154262617865 -181.54999999999998 2
vertex 32.70484483812689 -181.52982454442252 2
vertex 32.50000000000114 -181.54999999999998 2
endloop
endfacet
facet normal 0 0 1
outer loop
vertex 32.2951551618755 -181.52982454442252 2
vertex 32.098182396008696 -181.47007350913586 2
vertex 26.17841938949354 -181.47007350913586 2
endloop
endfacet
facet normal 0 0 1
outer loop
vertex 32.2951551618755 -181.52982454442252 2
vertex 26.17841938949354 -181.47007350913586 2
vertex 26.17850505220551 -181.52982454442252 2
endloop
endfacet
facet normal 0 0 1
outer loop
vertex 148.8154442282582 -181.52982454442252 2
vertex 148.81549743723184 -181.47007350913586 2
vertex 32.90181760395777 -181.47007350913586 2
endloop
endfacet
facet normal 0 0 1
outer loop
vertex 148.8154442282582 -181.52982454442252 2
vertex 32.90181760395777 -181.47007350913586 2
vertex 32.70484483812689 -181.52982454442252 2
endloop
endfacet
facet normal 0 0 1
outer loop
vertex 32.098182396008696 -181.47007350913586 2
vertex 31.916651255358005 -181.37304309293623 2
vertex 26.178280280797708 -181.37304309293623 2
endloop
endfacet
facet normal 0 0 1
outer loop
vertex 32.098182396008696 -181.47007350913586 2
vertex 26.178280280797708 -181.37304309293623 2
vertex 26.17841938949354 -181.47007350913586 2
endloop
endfacet
facet normal 0 0 1
outer loop
vertex 148.81549743723184 -181.47007350913586 2
vertex 148.81558384391636 -181.37304309293623 2
vertex 33.083348744652284 -181.37304309293623 2
endloop
endfacet
facet normal 0 0 1
outer loop
vertex 148.81549743723184 -181.47007350913586 2
vertex 33.083348744652284 -181.37304309293623 2
vertex 32.90181760395777 -181.47007350913586 2
endloop
endfacet
facet normal 0 0 1
outer loop
vertex 31.916651255358005 -181.37304309293623 2
vertex 31.757537879737555 -181.24246212022734 2
vertex 26.178093071987036 -181.24246212022734 2
endloop
endfacet
facet normal 0 0 1
outer loop
vertex 31.916651255358005 -181.37304309293623 2
vertex 26.178093071987036 -181.24246212022734 2
vertex 26.178280280797708 -181.37304309293623 2
endloop
endfacet
facet normal 0 0 1
outer loop
vertex 148.81558384391636 -181.37304309293623 2
vertex 148.81570012775146 -181.24246212022734 2
vertex 33.242462120289616 -181.24246212022734 2
endloop
endfacet
facet normal 0 0 1
outer loop
vertex 148.81558384391636 -181.37304309293623 2
vertex 33.242462120289616 -181.24246212022734 2
vertex 33.083348744652284 -181.37304309293623 2
endloop
endfacet
facet normal 0 0 1
outer loop
vertex 31.757537879737555 -181.24246212022734 2
vertex 31.626956907064766 -181.08334874465086 2
vertex 26.177864957391307 -181.08334874465086 2
endloop
endfacet
facet normal 0 0 1
outer loop
vertex 31.757537879737555 -181.24246212022734 2
vertex 26.177864957391307 -181.08334874465086 2
vertex 26.178093071987036 -181.24246212022734 2
endloop
endfacet
facet normal 0 0 1
outer loop
vertex 148.81570012775146 -181.24246212022734 2
vertex 148.8158418200144 -181.08334874465086 2
vertex 33.37304309292011 -181.08334874465086 2
endloop
endfacet
facet normal 0 0 1
outer loop
vertex 148.81570012775146 -181.24246212022734 2
vertex 33.37304309292011 -181.08334874465086 2
vertex 33.242462120289616 -181.24246212022734 2
endloop
endfacet
facet normal 0 0 1
outer loop
vertex 31.626956907064766 -181.08334874465086 2
vertex 31.52992649086815 -180.90181760400586 2
vertex 26.177604703326466 -180.90181760400586 2
endloop
endfacet
facet normal 0 0 1
outer loop
vertex 31.626956907064766 -181.08334874465086 2
vertex 26.177604703326466 -180.90181760400586 2
vertex 26.177864957391307 -181.08334874465086 2
endloop
endfacet
facet normal 0 0 1
outer loop
vertex 148.8158418200144 -181.08334874465086 2
vertex 148.81600347555107 -180.90181760400586 2
vertex 33.4700735091219 -180.90181760400586 2
endloop
endfacet
facet normal 0 0 1
outer loop
vertex 148.8158418200144 -181.08334874465086 2
vertex 33.4700735091219 -180.90181760400586 2
vertex 33.37304309292011 -181.08334874465086 2
endloop
endfacet
facet normal 0 0 1
outer loop
vertex 31.52992649086815 -180.90181760400586 2
vertex 31.470175455580176 -180.70484483813468 2
vertex 26.17732231121019 -180.70484483813468 2
endloop
endfacet
facet normal 0 0 1
outer loop
vertex 31.52992649086815 -180.90181760400586 2
vertex 26.17732231121019 -180.70484483813468 2
vertex 26.177604703326466 -180.90181760400586 2
endloop
endfacet
facet normal 0 0 1
outer loop
vertex 148.81600347555107 -180.90181760400586 2
vertex 148.81617888202987 -180.70484483813468 2
vertex 33.5298245444242 -180.70484483813468 2
endloop
endfacet
facet normal 0 0 1
outer loop
vertex 148.81600347555107 -180.90181760400586 2
vertex 33.5298245444242 -180.70484483813468 2
vertex 33.4700735091219 -180.90181760400586 2
endloop
endfacet
facet normal 0 0 1
outer loop
vertex 31.470175455580176 -180.70484483813468 2
vertex 31.45000000000249 -180.50000000004133 2
vertex 26.17702863321321 -180.50000000004133 2
endloop
endfacet
facet normal 0 0 1
outer loop
vertex 31.470175455580176 -180.70484483813468 2
vertex 26.17702863321321 -180.50000000004133 2
vertex 26.17732231121019 -180.70484483813468 2
endloop
endfacet
facet normal 0 0 1
outer loop
vertex 148.81617888202987 -180.70484483813468 2
vertex 148.81636129867812 -180.50000000004133 2
vertex 33.54999999999649 -180.50000000004133 2
endloop
endfacet
facet normal 0 0 1
outer loop
vertex 148.81617888202987 -180.70484483813468 2
vertex 33.54999999999649 -180.50000000004133 2
vertex 33.5298245444242 -180.70484483813468 2
endloop
endfacet
facet normal 0 0 1
outer loop
vertex 31.45000000000249 -180.50000000004133 2
vertex 31.470175455582734 -180.29515516180734 2
vertex 26.176734955216034 -180.29515516180734 2
endloop
endfacet
facet normal 0 0 1
outer loop
vertex 31.45000000000249 -180.50000000004133 2
vertex 26.176734955216034 -180.29515516180734 2
vertex 26.17702863321321 -180.50000000004133 2
endloop
endfacet
facet normal 0 0 1
outer loop
vertex 148.81636129867812 -180.50000000004133 2
vertex 148.8165437153265 -180.29515516180734 2
vertex 33.529824544417096 -180.29515516180734 2
endloop
endfacet
facet normal 0 0 1
outer loop
vertex 148.81636129867812 -180.50000000004133 2
vertex 33.529824544417096 -180.29515516180734 2
vertex 33.54999999999649 -180.50000000004133 2
endloop
endfacet
facet normal 0 0 1
outer loop
vertex 31.470175455582734 -180.29515516180734 2
vertex 31.529926490855644 -180.0981823960601 2
vertex 26.1764525630999 -180.0981823960601 2
endloop
endfacet
facet normal 0 0 1
outer loop
vertex 31.470175455582734 -180.29515516180734 2
vertex 26.1764525630999 -180.0981823960601 2
vertex 26.176734955216034 -180.29515516180734 2
endloop
endfacet
facet normal 0 0 1
outer loop
vertex 148.8165437153265 -180.29515516180734 2
vertex 148.8167191218052 -180.0981823960601 2
vertex 33.47007350916138 -180.0981823960601 2
endloop
endfacet
facet normal 0 0 1
outer loop
vertex 148.8165437153265 -180.29515516180734 2
vertex 33.47007350916138 -180.0981823960601 2
vertex 33.529824544417096 -180.29515516180734 2
endloop
endfacet
facet normal 0 0 1
outer loop
vertex 31.529926490855644 -180.0981823960601 2
vertex 31.62695690708216 -179.91665125534803 2
vertex 26.176192309034974 -179.91665125534803 2
endloop
endfacet
facet normal 0 0 1
outer loop
vertex 31.529926490855644 -180.0981823960601 2
vertex 26.176192309034974 -179.91665125534803 2
vertex 26.1764525630999 -180.0981823960601 2
endloop
endfacet
facet normal 0 0 1
outer loop
vertex 148.8167191218052 -180.0981823960601 2
vertex 148.8168807773419 -179.91665125534803 2
vertex 33.37304309293063 -179.91665125534803 2
endloop
endfacet
facet normal 0 0 1
outer loop
vertex 148.8167191218052 -180.0981823960601 2
vertex 33.37304309293063 -179.91665125534803 2
vertex 33.47007350916138 -180.0981823960601 2
endloop
endfacet
facet normal 0 0 1
outer loop
vertex 31.62695690708216 -179.91665125534803 2
vertex 31.757537879755233 -179.75753787971325 2
vertex 26.17596419443916 -179.75753787971325 2
endloop
endfacet
facet normal 0 0 1
outer loop
vertex 31.62695690708216 -179.91665125534803 2
vertex 26.17596419443916 -179.75753787971325 2
vertex 26.176192309034974 -179.91665125534803 2
endloop
endfacet
facet normal 0 0 1
outer loop
vertex 148.8168807773419 -179.91665125534803 2
vertex 148.81702246960492 -179.75753787971325 2
vertex 33.242462120205204 -179.75753787971325 2
endloop
endfacet
facet normal 0 0 1
outer loop
vertex 148.8168807773419 -179.91665125534803 2
vertex 33.242462120205204 -179.75753787971325 2
vertex 33.37304309293063 -179.91665125534803 2
endloop
endfacet
facet normal 0 0 1
outer loop
vertex 31.757537879755233 -179.75753787971325 2
vertex 31.916651255331857 -179.62695690709012 2
vertex 26.17577698562863 -179.62695690709012 2
endloop
endfacet
facet normal 0 0 1
outer loop
vertex 31.757537879755233 -179.75753787971325 2
vertex 26.17577698562863 -179.62695690709012 2
vertex 26.17596419443916 -179.75753787971325 2
endloop
endfacet
facet normal 0 0 1
outer loop
vertex 148.81702246960492 -179.75753787971325 2
vertex 148.81713875343993 -179.62695690709012 2
vertex 33.083348744722656 -179.62695690709012 2
endloop
endfacet
facet normal 0 0 1
outer loop
vertex 148.81702246960492 -179.75753787971325 2
vertex 33.083348744722656 -179.62695690709012 2
vertex 33.242462120205204 -179.75753787971325 2
endloop
endfacet
facet normal 0 0 1
outer loop
vertex 31.916651255331857 -179.62695690709012 2
vertex 32.09818239600267 -179.52992649086463 2
vertex 26.175637876932768 -179.52992649086463 2
endloop
endfacet
facet normal 0 0 1
outer loop
vertex 31.916651255331857 -179.62695690709012 2
vertex 26.175637876932768 -179.52992649086463 2
vertex 26.17577698562863 -179.62695690709012 2
endloop
endfacet
facet normal 0 0 1
outer loop
vertex 148.81713875343993 -179.62695690709012 2
vertex 148.81722516012448 -179.52992649086463 2
vertex 32.901817603995 -179.52992649086463 2
endloop
endfacet
facet normal 0 0 1
outer loop
vertex 148.81713875343993 -179.62695690709012 2
vertex 32.901817603995 -179.52992649086463 2
vertex 33.083348744722656 -179.62695690709012 2
endloop
endfacet
facet normal 0 0 1
outer loop
vertex 32.09818239600267 -179.52992649086463 2
vertex 32.295155161898066 -179.47017545558492 2
vertex 26.1755522142208 -179.47017545558492 2
endloop
endfacet
facet normal 0 0 1
outer loop
vertex 32.09818239600267 -179.52992649086463 2
vertex 26.1755522142208 -179.47017545558492 2
vertex 26.175637876932768 -179.52992649086463 2
endloop
endfacet
facet normal 0 0 1
outer loop
vertex 148.81722516012448 -179.52992649086463 2
vertex 148.81727836909812 -179.47017545558492 2
vertex 32.70484483813766 -179.47017545558492 2
endloop
endfacet
facet normal 0 0 1
outer loop
vertex 148.81722516012448 -179.52992649086463 2
vertex 32.70484483813766 -179.47017545558492 2
vertex 32.901817603995 -179.52992649086463 2
endloop
endfacet
facet normal 0 0 1
outer loop
vertex 32.295155161898066 -179.47017545558492 2
vertex 32.500000000001165 -179.45000000000022 2
vertex 26.175523289462745 -179.45000000000022 2
endloop
endfacet
facet normal 0 0 1
outer loop
vertex 32.295155161898066 -179.47017545558492 2
vertex 26.175523289462745 -179.45000000000022 2
vertex 26.1755522142208 -179.47017545558492 2
endloop
endfacet
facet normal 0 0 1
outer loop
vertex 148.81727836909812 -179.47017545558492 2
vertex 148.8172963355698 -179.45000000000022 2
vertex 32.500000000001165 -179.45000000000022 2
endloop
endfacet
facet normal 0 0 1
outer loop
vertex 148.81727836909812 -179.47017545558492 2
vertex 32.500000000001165 -179.45000000000022 2
vertex 32.70484483813766 -179.47017545558492 2
endloop
endfacet
facet normal 0 0 1
outer loop
vertex 32.500000000001165 -179.45000000000022 2
vertex 148.8172963355698 -179.45000000000022 2
vertex 148.8256048062355 -170.12000000000006 2
endloop
endfacet
facet normal 0 0 1
outer loop
vertex 32.500000000001165 -179.45000000000022 2
vertex 148.8256048062355 -170.12000000000006 2
vertex 142.49999999998343 -170.12000000000006 2
endloop
endfacet
facet normal 0 0 1
outer loop
vertex 32.500000000001165 -179.45000000000022 2
vertex 142.49999999998343 -170.12000000000006 2
vertex 26.162147234994848 -170.12000000000006 2
endloop
endfacet
facet normal 0 0 1
outer loop
vertex 32.500000000001165 -179.45000000000022 2
vertex 26.162147234994848 -170.12000000000006 2
vertex 26.175523289462745 -179.45000000000022 2
endloop
endfacet
facet normal 0 0 1
outer loop
vertex 142.49999999998343 -170.12000000000006 2
vertex 142.2951551618826 -170.09982454442533 2
vertex 26.162118310236792 -170.09982454442533 2
endloop
endfacet
facet normal 0 0 1
outer loop
vertex 142.49999999998343 -170.12000000000006 2
vertex 26.162118310236792 -170.09982454442533 2
vertex 26.162147234994848 -170.12000000000006 2
endloop
endfacet
facet normal 0 0 1
outer loop
vertex 148.8256048062355 -170.12000000000006 2
vertex 148.8256227727072 -170.09982454442533 2
vertex 142.70484483809608 -170.09982454442533 2
endloop
endfacet
facet normal 0 0 1
outer loop
vertex 148.8256048062355 -170.12000000000006 2
vertex 142.70484483809608 -170.09982454442533 2
vertex 142.49999999998343 -170.12000000000006 2
endloop
endfacet
facet normal 0 0 1
outer loop
vertex 142.2951551618826 -170.09982454442533 2
vertex 142.09818239602043 -170.040073509133 2
vertex 26.162032647524825 -170.040073509133 2
endloop
endfacet
facet normal 0 0 1
outer loop
vertex 142.2951551618826 -170.09982454442533 2
vertex 26.162032647524825 -170.040073509133 2
vertex 26.162118310236792 -170.09982454442533 2
endloop
endfacet
facet normal 0 0 1
outer loop
vertex 148.8256227727072 -170.09982454442533 2
vertex 148.8256759816808 -170.040073509133 2
vertex 142.90181760399457 -170.040073509133 2
endloop
endfacet
facet normal 0 0 1
outer loop
vertex 148.8256227727072 -170.09982454442533 2
vertex 142.90181760399457 -170.040073509133 2
vertex 142.70484483809608 -170.09982454442533 2
endloop
endfacet
facet normal 0 0 1
outer loop
vertex 142.09818239602043 -170.040073509133 2
vertex 141.91665125533424 -169.94304309291553 2
vertex 26.161893538828963 -169.94304309291553 2
endloop
endfacet
facet normal 0 0 1
outer loop
vertex 142.09818239602043 -170.040073509133 2
vertex 26.161893538828963 -169.94304309291553 2
vertex 26.162032647524825 -170.040073509133 2
endloop
endfacet
facet normal 0 0 1
outer loop
vertex 148.8256759816808 -170.040073509133 2
vertex 148.82576238836535 -169.94304309291553 2
vertex 143.0833487446689 -169.94304309291553 2
endloop
endfacet
facet normal 0 0 1
outer loop
vertex 148.8256759816808 -170.040073509133 2
vertex 143.0833487446689 -169.94304309291553 2
vertex 142.90181760399457 -170.040073509133 2
endloop
endfacet
facet normal 0 0 1
outer loop
vertex 141.91665125533424 -169.94304309291553 2
vertex 141.75753787975594 -169.8124621202374 2
vertex 26.161706330018347 -169.8124621202374 2
endloop
endfacet
facet normal 0 0 1
outer loop
vertex 141.91665125533424 -169.94304309291553 2
vertex 26.161706330018347 -169.8124621202374 2
vertex 26.161893538828963 -169.94304309291553 2
endloop
endfacet
facet normal 0 0 1
outer loop
vertex 148.82576238836535 -169.94304309291553 2
vertex 148.82587867220042 -169.8124621202374 2
vertex 143.24246212025625 -169.8124621202374 2
endloop
endfacet
facet normal 0 0 1
outer loop
vertex 148.82576238836535 -169.94304309291553 2
vertex 143.24246212025625 -169.8124621202374 2
vertex 143.0833487446689 -169.94304309291553 2
endloop
endfacet
facet normal 0 0 1
outer loop
vertex 141.75753787975594 -169.8124621202374 2
vertex 141.62695690706212 -169.6533487446802 2
vertex 26.161478215422648 -169.6533487446802 2
endloop
endfacet
facet normal 0 0 1
outer loop
vertex 141.75753787975594 -169.8124621202374 2
vertex 26.161478215422648 -169.6533487446802 2
vertex 26.161706330018347 -169.8124621202374 2
endloop
endfacet
facet normal 0 0 1
outer loop
vertex 148.82587867220042 -169.8124621202374 2
vertex 148.82602036446335 -169.6533487446802 2
vertex 143.3730430929057 -169.6533487446802 2
endloop
endfacet
facet normal 0 0 1
outer loop
vertex 148.82587867220042 -169.8124621202374 2
vertex 143.3730430929057 -169.6533487446802 2
vertex 143.24246212025625 -169.8124621202374 2
endloop
endfacet
facet normal 0 0 1
outer loop
vertex 141.62695690706212 -169.6533487446802 2
vertex 141.52992649086997 -169.4718176040124 2
vertex 26.161217961357778 -169.4718176040124 2
endloop
endfacet
facet normal 0 0 1
outer loop
vertex 141.62695690706212 -169.6533487446802 2
vertex 26.161217961357778 -169.4718176040124 2
vertex 26.161478215422648 -169.6533487446802 2
endloop
endfacet
facet normal 0 0 1
outer loop
vertex 148.82602036446335 -169.6533487446802 2
vertex 148.82618202000003 -169.4718176040124 2
vertex 143.47007350912148 -169.4718176040124 2
endloop
endfacet
facet normal 0 0 1
outer loop
vertex 148.82602036446335 -169.6533487446802 2
vertex 143.47007350912148 -169.4718176040124 2
vertex 143.3730430929057 -169.6533487446802 2
endloop
endfacet
facet normal 0 0 1
outer loop
vertex 141.52992649086997 -169.4718176040124 2
vertex 141.47017545557628 -169.27484483809886 2
vertex 26.160935569241417 -169.27484483809886 2
endloop
endfacet
facet normal 0 0 1
outer loop
vertex 141.52992649086997 -169.4718176040124 2
vertex 26.160935569241417 -169.27484483809886 2
vertex 26.161217961357778 -169.4718176040124 2
endloop
endfacet
facet normal 0 0 1
outer loop
vertex 148.82618202000003 -169.4718176040124 2
vertex 148.82635742647886 -169.27484483809886 2
vertex 143.52982454442432 -169.27484483809886 2
endloop
endfacet
facet normal 0 0 1
outer loop
vertex 148.82618202000003 -169.4718176040124 2
vertex 143.52982454442432 -169.27484483809886 2
vertex 143.47007350912148 -169.4718176040124 2
endloop
endfacet
facet normal 0 0 1
outer loop
vertex 141.47017545557628 -169.27484483809886 2
vertex 141.44999999999996 -169.0700000000022 2
vertex 26.16064189124444 -169.0700000000022 2
endloop
endfacet
facet normal 0 0 1
outer loop
vertex 141.47017545557628 -169.27484483809886 2
vertex 26.16064189124444 -169.0700000000022 2
vertex 26.160935569241417 -169.27484483809886 2
endloop
endfacet
facet normal 0 0 1
outer loop
vertex 148.82635742647886 -169.27484483809886 2
vertex 148.82653984312714 -169.0700000000022 2
vertex 143.54999999999998 -169.0700000000022 2
endloop
endfacet
facet normal 0 0 1
outer loop
vertex 148.82635742647886 -169.27484483809886 2
vertex 143.54999999999998 -169.0700000000022 2
vertex 143.52982454442432 -169.27484483809886 2
endloop
endfacet
facet normal 0 0 1
outer loop
vertex 141.44999999999996 -169.0700000000022 2
vertex 141.47017545557762 -168.8651551618977 2
vertex 26.16034821324743 -168.8651551618977 2
endloop
endfacet
facet normal 0 0 1
outer loop
vertex 141.44999999999996 -169.0700000000022 2
vertex 26.16034821324743 -168.8651551618977 2
vertex 26.16064189124444 -169.0700000000022 2
endloop
endfacet
facet normal 0 0 1
outer loop
vertex 148.82653984312714 -169.0700000000022 2
vertex 148.8267222597754 -168.8651551618977 2
vertex 143.5298245444246 -168.8651551618977 2
endloop
endfacet
facet normal 0 0 1
outer loop
vertex 148.82653984312714 -169.0700000000022 2
vertex 143.5298245444246 -168.8651551618977 2
vertex 143.54999999999998 -169.0700000000022 2
endloop
endfacet
facet normal 0 0 1
outer loop
vertex 141.47017545557762 -168.8651551618977 2
vertex 141.52992649086147 -168.66818239602256 2
vertex 26.160065821131155 -168.66818239602256 2
endloop
endfacet
facet normal 0 0 1
outer loop
vertex 141.47017545557762 -168.8651551618977 2
vertex 26.160065821131155 -168.66818239602256 2
vertex 26.16034821324743 -168.8651551618977 2
endloop
endfacet
facet normal 0 0 1
outer loop
vertex 148.8267222597754 -168.8651551618977 2
vertex 148.8268976662542 -168.66818239602256 2
vertex 143.4700735091354 -168.66818239602256 2
endloop
endfacet
facet normal 0 0 1
outer loop
vertex 148.8267222597754 -168.8651551618977 2
vertex 143.4700735091354 -168.66818239602256 2
vertex 143.5298245444246 -168.8651551618977 2
endloop
endfacet
facet normal 0 0 1
outer loop
vertex 141.52992649086147 -168.66818239602256 2
vertex 141.62695690708006 -168.48665125530601 2
vertex 26.1598055670662 -168.48665125530601 2
endloop
endfacet
facet normal 0 0 1
outer loop
vertex 141.52992649086147 -168.66818239602256 2
vertex 26.1598055670662 -168.48665125530601 2
vertex 26.160065821131155 -168.66818239602256 2
endloop
endfacet
facet normal 0 0 1
outer loop
vertex 148.8268976662542 -168.66818239602256 2
vertex 148.82705932179093 -168.48665125530601 2
vertex 143.37304309290056 -168.48665125530601 2
endloop
endfacet
facet normal 0 0 1
outer loop
vertex 148.8268976662542 -168.66818239602256 2
vertex 143.37304309290056 -168.48665125530601 2
vertex 143.4700735091354 -168.66818239602256 2
endloop
endfacet
facet normal 0 0 1
outer loop
vertex 141.62695690708006 -168.48665125530601 2
vertex 141.757537879753 -168.327537879751 2
vertex 26.1595774524705 -168.327537879751 2
endloop
endfacet
facet normal 0 0 1
outer loop
vertex 141.62695690708006 -168.48665125530601 2
vertex 26.1595774524705 -168.327537879751 2
vertex 26.1598055670662 -168.48665125530601 2
endloop
endfacet
facet normal 0 0 1
outer loop
vertex 148.82705932179093 -168.48665125530601 2
vertex 148.82720101405388 -168.327537879751 2
vertex 143.2424621202454 -168.327537879751 2
endloop
endfacet
facet normal 0 0 1
outer loop
vertex 148.82705932179093 -168.48665125530601 2
vertex 143.2424621202454 -168.327537879751 2
vertex 143.37304309290056 -168.48665125530601 2
endloop
endfacet
facet normal 0 0 1
outer loop
vertex 141.757537879753 -168.327537879751 2
vertex 141.91665125533007 -168.1969569070842 2
vertex 26.159390243659914 -168.1969569070842 2
endloop
endfacet
facet normal 0 0 1
outer loop
vertex 141.757537879753 -168.327537879751 2
vertex 26.159390243659914 -168.1969569070842 2
vertex 26.1595774524705 -168.327537879751 2
endloop
endfacet
facet normal 0 0 1
outer loop
vertex 148.82720101405388 -168.327537879751 2
vertex 148.82731729788892 -168.1969569070842 2
vertex 143.0833487446762 -168.1969569070842 2
endloop
endfacet
facet normal 0 0 1
outer loop
vertex 148.82720101405388 -168.327537879751 2
vertex 143.0833487446762 -168.1969569070842 2
vertex 143.2424621202454 -168.327537879751 2
endloop
endfacet
facet normal 0 0 1
outer loop
vertex 141.91665125533007 -168.1969569070842 2
vertex 142.09818239602117 -168.09992649085655 2
vertex 26.159251134964023 -168.09992649085655 2
endloop
endfacet
facet normal 0 0 1
outer loop
vertex 141.91665125533007 -168.1969569070842 2
vertex 26.159251134964023 -168.09992649085655 2
vertex 26.159390243659914 -168.1969569070842 2
endloop
endfacet
facet normal 0 0 1
outer loop
vertex 148.82731729788892 -168.1969569070842 2
vertex 148.82740370457347 -168.09992649085655 2
vertex 142.90181760396263 -168.09992649085655 2
endloop
endfacet
facet normal 0 0 1
outer loop
vertex 148.82731729788892 -168.1969569070842 2
vertex 142.90181760396263 -168.09992649085655 2
vertex 143.0833487446762 -168.1969569070842 2
endloop
endfacet
facet normal 0 0 1
outer loop
vertex 142.09818239602117 -168.09992649085655 2
vertex 142.29515516187584 -168.04017545557855 2
vertex 26.159165472252084 -168.04017545557855 2
endloop
endfacet
facet normal 0 0 1
outer loop
vertex 142.09818239602117 -168.09992649085655 2
vertex 26.159165472252084 -168.04017545557855 2
vertex 26.159251134964023 -168.09992649085655 2
endloop
endfacet
facet normal 0 0 1
outer loop
vertex 148.82740370457347 -168.09992649085655 2
vertex 148.82745691354708 -168.04017545557855 2
vertex 142.70484483815991 -168.04017545557855 2
endloop
endfacet
facet normal 0 0 1
outer loop
vertex 148.82740370457347 -168.09992649085655 2
vertex 142.70484483815991 -168.04017545557855 2
vertex 142.90181760396263 -168.09992649085655 2
endloop
endfacet
facet normal 0 0 1
outer loop
vertex 142.29515516187584 -168.04017545557855 2
vertex 142.49999999999915 -168.0200000000003 2
vertex 26.15913654749403 -168.0200000000003 2
endloop
endfacet
facet normal 0 0 1
outer loop
vertex 142.29515516187584 -168.04017545557855 2
vertex 26.15913654749403 -168.0200000000003 2
vertex 26.159165472252084 -168.04017545557855 2
endloop
endfacet
facet normal 0 0 1
outer loop
vertex 148.82745691354708 -168.04017545557855 2
vertex 148.82747488001877 -168.0200000000003 2
vertex 142.49999999999915 -168.0200000000003 2
endloop
endfacet
facet normal 0 0 1
outer loop
vertex 148.82745691354708 -168.04017545557855 2
vertex 142.49999999999915 -168.0200000000003 2
vertex 142.70484483815991 -168.04017545557855 2
endloop
endfacet
facet normal 0 0 1
outer loop
vertex 142.49999999999915 -168.0200000000003 2
vertex 148.82747488001877 -168.0200000000003 2
vertex 148.84926569215057 -143.54999999999708 2
endloop
endfacet
facet normal 0 0 1
outer loop
vertex 142.49999999999915 -168.0200000000003 2
vertex 148.84926569215057 -143.54999999999708 2
vertex 32.499999999992525 -143.54999999999708 2
endloop
endfacet
facet normal 0 0 1
outer loop
vertex 142.49999999999915 -168.0200000000003 2
vertex 32.499999999992525 -143.54999999999708 2
vertex 26.124054869805974 -143.54999999999708 2
endloop
endfacet
facet normal 0 0 1
outer loop
vertex 142.49999999999915 -168.0200000000003 2
vertex 26.124054869805974 -143.54999999999708 2
vertex 26.15913654749403 -168.0200000000003 2
endloop
endfacet
facet normal 0 0 1
outer loop
vertex 32.499999999992525 -143.54999999999708 2
vertex 32.29515516189397 -143.52982454442193 2
vertex 26.12402594504792 -143.52982454442193 2
endloop
endfacet
facet normal 0 0 1
outer loop
vertex 32.499999999992525 -143.54999999999708 2
vertex 26.12402594504792 -143.52982454442193 2
vertex 26.124054869805974 -143.54999999999708 2
endloop
endfacet
facet normal 0 0 1
outer loop
vertex 148.84926569215057 -143.54999999999708 2
vertex 148.84928365862226 -143.52982454442193 2
vertex 32.7048448380981 -143.52982454442193 2
endloop
endfacet
facet normal 0 0 1
outer loop
vertex 148.84926569215057 -143.54999999999708 2
vertex 32.7048448380981 -143.52982454442193 2
vertex 32.499999999992525 -143.54999999999708 2
endloop
endfacet
facet normal 0 0 1
outer loop
vertex 32.29515516189397 -143.52982454442193 2
vertex 32.098182396020746 -143.47007350913017 2
vertex 26.12394028233595 -143.47007350913017 2
endloop
endfacet
facet normal 0 0 1
outer loop
vertex 32.29515516189397 -143.52982454442193 2
vertex 26.12394028233595 -143.47007350913017 2
vertex 26.12402594504792 -143.52982454442193 2
endloop
endfacet
facet normal 0 0 1
outer loop
vertex 148.84928365862226 -143.52982454442193 2
vertex 148.84933686759587 -143.47007350913017 2
vertex 32.90181760399207 -143.47007350913017 2
endloop
endfacet
facet normal 0 0 1
outer loop
vertex 148.84928365862226 -143.52982454442193 2
vertex 32.90181760399207 -143.47007350913017 2
vertex 32.7048448380981 -143.52982454442193 2
endloop
endfacet
facet normal 0 0 1
outer loop
vertex 32.098182396020746 -143.47007350913017 2
vertex 31.916651255315827 -143.3730430929287 2
vertex 26.123801173640118 -143.3730430929287 2
endloop
endfacet
facet normal 0 0 1
outer loop
vertex 32.098182396020746 -143.47007350913017 2
vertex 26.123801173640118 -143.3730430929287 2
vertex 26.12394028233595 -143.47007350913017 2
endloop
endfacet
facet normal 0 0 1
outer loop
vertex 148.84933686759587 -143.47007350913017 2
vertex 148.8494232742804 -143.3730430929287 2
vertex 33.083348744641654 -143.3730430929287 2
endloop
endfacet
facet normal 0 0 1
outer loop
vertex 148.84933686759587 -143.47007350913017 2
vertex 33.083348744641654 -143.3730430929287 2
vertex 32.90181760399207 -143.47007350913017 2
endloop
endfacet
facet normal 0 0 1
outer loop
vertex 31.916651255315827 -143.3730430929287 2
vertex 31.757537879768563 -143.24246212024138 2
vertex 26.123613964829502 -143.24246212024138 2
endloop
endfacet
facet normal 0 0 1
outer loop
vertex 31.916651255315827 -143.3730430929287 2
vertex 26.123613964829502 -143.24246212024138 2
vertex 26.123801173640118 -143.3730430929287 2
endloop
endfacet
facet normal 0 0 1
outer loop
vertex 148.8494232742804 -143.3730430929287 2
vertex 148.84953955811545 -143.24246212024138 2
vertex 33.242462120258295 -143.24246212024138 2
endloop
endfacet
facet normal 0 0 1
outer loop
vertex 148.8494232742804 -143.3730430929287 2
vertex 33.242462120258295 -143.24246212024138 2
vertex 33.083348744641654 -143.3730430929287 2
endloop
endfacet
facet normal 0 0 1
outer loop
vertex 31.757537879768563 -143.24246212024138 2
vertex 31.626956907065647 -143.0833487446979 2
vertex 26.123385850233802 -143.0833487446979 2
endloop
endfacet
facet normal 0 0 1
outer loop
vertex 31.757537879768563 -143.24246212024138 2
vertex 26.123385850233802 -143.0833487446979 2
vertex 26.123613964829502 -143.24246212024138 2
endloop
endfacet
facet normal 0 0 1
outer loop
vertex 148.84953955811545 -143.24246212024138 2
vertex 148.8496812503784 -143.0833487446979 2
vertex 33.37304309288865 -143.0833487446979 2
endloop
endfacet
facet normal 0 0 1
outer loop
vertex 148.84953955811545 -143.24246212024138 2
vertex 33.37304309288865 -143.0833487446979 2
vertex 33.242462120258295 -143.24246212024138 2
endloop
endfacet
facet normal 0 0 1
outer loop
vertex 31.626956907065647 -143.0833487446979 2
vertex 31.529926490863716 -142.90181760399255 2
vertex 26.123125596168876 -142.90181760399255 2
endloop
endfacet
facet normal 0 0 1
outer loop
vertex 31.626956907065647 -143.0833487446979 2
vertex 26.123125596168876 -142.90181760399255 2
vertex 26.123385850233802 -143.0833487446979 2
endloop
endfacet
facet normal 0 0 1
outer loop
vertex 148.8496812503784 -143.0833487446979 2
vertex 148.8498429059151 -142.90181760399255 2
vertex 33.470073509137336 -142.90181760399255 2
endloop
endfacet
facet normal 0 0 1
outer loop
vertex 148.8496812503784 -143.0833487446979 2
vertex 33.470073509137336 -142.90181760399255 2
vertex 33.37304309288865 -143.0833487446979 2
endloop
endfacet
facet normal 0 0 1
outer loop
vertex 31.529926490863716 -142.90181760399255 2
vertex 31.470175455579295 -142.7048448380755 2
vertex 26.122843204052515 -142.7048448380755 2
endloop
endfacet
facet normal 0 0 1
outer loop
vertex 31.529926490863716 -142.90181760399255 2
vertex 26.122843204052515 -142.7048448380755 2
vertex 26.123125596168876 -142.90181760399255 2
endloop
endfacet
facet normal 0 0 1
outer loop
vertex 148.8498429059151 -142.90181760399255 2
vertex 148.85001831239396 -142.7048448380755 2
vertex 33.52982454442369 -142.7048448380755 2
endloop
endfacet
facet normal 0 0 1
outer loop
vertex 148.8498429059151 -142.90181760399255 2
vertex 33.52982454442369 -142.7048448380755 2
vertex 33.470073509137336 -142.90181760399255 2
endloop
endfacet
facet normal 0 0 1
outer loop
vertex 31.470175455579295 -142.7048448380755 2
vertex 31.44999999999996 -142.50000000004104 2
vertex 26.12254952605562 -142.50000000004104 2
endloop
endfacet
facet normal 0 0 1
outer loop
vertex 31.470175455579295 -142.7048448380755 2
vertex 26.12254952605562 -142.50000000004104 2
vertex 26.122843204052515 -142.7048448380755 2
endloop
endfacet
facet normal 0 0 1
outer loop
vertex 148.85001831239396 -142.7048448380755 2
vertex 148.85020072904217 -142.50000000004104 2
vertex 33.54999999999606 -142.50000000004104 2
endloop
endfacet
facet normal 0 0 1
outer loop
vertex 148.85001831239396 -142.7048448380755 2
vertex 33.54999999999606 -142.50000000004104 2
vertex 33.52982454442369 -142.7048448380755 2
endloop
endfacet
facet normal 0 0 1
outer loop
vertex 31.44999999999996 -142.50000000004104 2
vertex 31.470175455574662 -142.29515516183594 2
vertex 26.122255848058472 -142.29515516183594 2
endloop
endfacet
facet normal 0 0 1
outer loop
vertex 31.44999999999996 -142.50000000004104 2
vertex 26.122255848058472 -142.29515516183594 2
vertex 26.12254952605562 -142.50000000004104 2
endloop
endfacet
facet normal 0 0 1
outer loop
vertex 148.85020072904217 -142.50000000004104 2
vertex 148.85038314569053 -142.29515516183594 2
vertex 33.52982454441437 -142.29515516183594 2
endloop
endfacet
facet normal 0 0 1
outer loop
vertex 148.85020072904217 -142.50000000004104 2
vertex 33.52982454441437 -142.29515516183594 2
vertex 33.54999999999606 -142.50000000004104 2
endloop
endfacet
facet normal 0 0 1
outer loop
vertex 31.470175455574662 -142.29515516183594 2
vertex 31.529926490861925 -142.09818239597317 2
vertex 26.121973455942197 -142.09818239597317 2
endloop
endfacet
facet normal 0 0 1
outer loop
vertex 31.470175455574662 -142.29515516183594 2
vertex 26.121973455942197 -142.09818239597317 2
vertex 26.122255848058472 -142.29515516183594 2
endloop
endfacet
facet normal 0 0 1
outer loop
vertex 148.85038314569053 -142.29515516183594 2
vertex 148.8505585521693 -142.09818239597317 2
vertex 33.47007350913728 -142.09818239597317 2
endloop
endfacet
facet normal 0 0 1
outer loop
vertex 148.85038314569053 -142.29515516183594 2
vertex 33.47007350913728 -142.09818239597317 2
vertex 33.52982454441437 -142.29515516183594 2
endloop
endfacet
facet normal 0 0 1
outer loop
vertex 31.529926490861925 -142.09818239597317 2
vertex 31.62695690708236 -141.91665125539157 2
vertex 26.12171320187747 -141.91665125539157 2
endloop
endfacet
facet normal 0 0 1
outer loop
vertex 31.529926490861925 -142.09818239597317 2
vertex 26.12171320187747 -141.91665125539157 2
vertex 26.121973455942197 -142.09818239597317 2
endloop
endfacet
facet normal 0 0 1
outer loop
vertex 148.8505585521693 -142.09818239597317 2
vertex 148.8507202077059 -141.91665125539157 2
vertex 33.37304309296755 -141.91665125539157 2
endloop
endfacet
facet normal 0 0 1
outer loop
vertex 148.8505585521693 -142.09818239597317 2
vertex 33.37304309296755 -141.91665125539157 2
vertex 33.47007350913728 -142.09818239597317 2
endloop
endfacet
facet normal 0 0 1
outer loop
vertex 31.62695690708236 -141.91665125539157 2
vertex 31.75753787975384 -141.75753787970075 2
vertex 26.12148508728157 -141.75753787970075 2
endloop
endfacet
facet normal 0 0 1
outer loop
vertex 31.62695690708236 -141.91665125539157 2
vertex 26.12148508728157 -141.75753787970075 2
vertex 26.12171320187747 -141.91665125539157 2
endloop
endfacet
facet normal 0 0 1
outer loop
vertex 148.8507202077059 -141.91665125539157 2
vertex 148.85086189996898 -141.75753787970075 2
vertex 33.24246212015649 -141.75753787970075 2
endloop
endfacet
facet normal 0 0 1
outer loop
vertex 148.8507202077059 -141.91665125539157 2
vertex 33.24246212015649 -141.75753787970075 2
vertex 33.37304309296755 -141.91665125539157 2
endloop
endfacet
facet normal 0 0 1
outer loop
vertex 31.75753787975384 -141.75753787970075 2
vertex 31.916651255332596 -141.62695690712653 2
vertex 26.121297878471097 -141.62695690712653 2
endloop
endfacet
facet normal 0 0 1
outer loop
vertex 31.75753787975384 -141.75753787970075 2
vertex 26.121297878471097 -141.62695690712653 2
vertex 26.12148508728157 -141.75753787970075 2
endloop
endfacet
facet normal 0 0 1
outer loop
vertex 148.85086189996898 -141.75753787970075 2
vertex 148.85097818380393 -141.62695690712653 2
vertex 33.08334874479644 -141.62695690712653 2
endloop
endfacet
facet normal 0 0 1
outer loop
vertex 148.85086189996898 -141.75753787970075 2
vertex 33.08334874479644 -141.62695690712653 2
vertex 33.24246212015649 -141.75753787970075 2
endloop
endfacet
facet normal 0 0 1
outer loop
vertex 31.916651255332596 -141.62695690712653 2
vertex 32.09818239601705 -141.5299264908414 2
vertex 26.12115876977515 -141.5299264908414 2
endloop
endfacet
facet normal 0 0 1
outer loop
vertex 31.916651255332596 -141.62695690712653 2
vertex 26.12115876977515 -141.5299264908414 2
vertex 26.121297878471097 -141.62695690712653 2
endloop
endfacet
facet normal 0 0 1
outer loop
vertex 148.85097818380393 -141.62695690712653 2
vertex 148.85106459048853 -141.5299264908414 2
vertex 32.90181760385366 -141.5299264908414 2
endloop
endfacet
facet normal 0 0 1
outer loop
vertex 148.85097818380393 -141.62695690712653 2
vertex 32.90181760385366 -141.5299264908414 2
vertex 33.08334874479644 -141.62695690712653 2
endloop
endfacet
facet normal 0 0 1
outer loop
vertex 32.09818239601705 -141.5299264908414 2
vertex 32.29515516188448 -141.47017545557495 2
vertex 26.12107310706321 -141.47017545557495 2
endloop
endfacet
facet normal 0 0 1
outer loop
vertex 32.09818239601705 -141.5299264908414 2
vertex 26.12107310706321 -141.47017545557495 2
vertex 26.12115876977515 -141.5299264908414 2
endloop
endfacet
facet normal 0 0 1
outer loop
vertex 148.85106459048853 -141.5299264908414 2
vertex 148.85111779946214 -141.47017545557495 2
vertex 32.704844838162444 -141.47017545557495 2
endloop
endfacet
facet normal 0 0 1
outer loop
vertex 148.85106459048853 -141.5299264908414 2
vertex 32.704844838162444 -141.47017545557495 2
vertex 32.90181760385366 -141.5299264908414 2
endloop
endfacet
facet normal 0 0 1
outer loop
vertex 32.29515516188448 -141.47017545557495 2
vertex 32.499999999998835 -141.44999999999612 2
vertex 26.121044182305155 -141.44999999999612 2
endloop
endfacet
facet normal 0 0 1
outer loop
vertex 32.29515516188448 -141.47017545557495 2
vertex 26.121044182305155 -141.44999999999612 2
vertex 26.12107310706321 -141.47017545557495 2
endloop
endfacet
facet normal 0 0 1
outer loop
vertex 148.85111779946214 -141.47017545557495 2
vertex 148.85113576593383 -141.44999999999612 2
vertex 32.499999999998835 -141.44999999999612 2
endloop
endfacet
facet normal 0 0 1
outer loop
vertex 148.85111779946214 -141.47017545557495 2
vertex 32.499999999998835 -141.44999999999612 2
vertex 32.704844838162444 -141.47017545557495 2
endloop
endfacet
facet normal 0 0 1
outer loop
vertex 32.499999999998835 -141.44999999999612 2
vertex 148.85113576593383 -141.44999999999612 2
vertex 148.85944423659953 -132.12000000000023 2
endloop
endfacet
facet normal 0 0 1
outer loop
vertex 32.499999999998835 -141.44999999999612 2
vertex 148.85944423659953 -132.12000000000023 2
vertex 142.50000000000463 -132.12000000000023 2
endloop
endfacet
facet normal 0 0 1
outer loop
vertex 32.499999999998835 -141.44999999999612 2
vertex 142.50000000000463 -132.12000000000023 2
vertex 26.107668127837258 -132.12000000000023 2
endloop
endfacet
facet normal 0 0 1
outer loop
vertex 32.499999999998835 -141.44999999999612 2
vertex 26.107668127837258 -132.12000000000023 2
vertex 26.121044182305155 -141.44999999999612 2
endloop
endfacet
facet normal 0 0 1
outer loop
vertex 142.50000000000463 -132.12000000000023 2
vertex 142.29515516188857 -132.0998245444237 2
vertex 26.107639203079202 -132.0998245444237 2
endloop
endfacet
facet normal 0 0 1
outer loop
vertex 142.50000000000463 -132.12000000000023 2
vertex 26.107639203079202 -132.0998245444237 2
vertex 26.107668127837258 -132.12000000000023 2
endloop
endfacet
facet normal 0 0 1
outer loop
vertex 148.85944423659953 -132.12000000000023 2
vertex 148.85946220307122 -132.0998245444237 2
vertex 142.7048448381207 -132.0998245444237 2
endloop
endfacet
facet normal 0 0 1
outer loop
vertex 148.85944423659953 -132.12000000000023 2
vertex 142.7048448381207 -132.0998245444237 2
vertex 142.50000000000463 -132.12000000000023 2
endloop
endfacet
facet normal 0 0 1
outer loop
vertex 142.29515516188857 -132.0998245444237 2
vertex 142.09818239600614 -132.0400735091323 2
vertex 26.107553540367235 -132.0400735091323 2
endloop
endfacet
facet normal 0 0 1
outer loop
vertex 142.29515516188857 -132.0998245444237 2
vertex 26.107553540367235 -132.0400735091323 2
vertex 26.107639203079202 -132.0998245444237 2
endloop
endfacet
facet normal 0 0 1
outer loop
vertex 148.85946220307122 -132.0998245444237 2
vertex 148.85951541204486 -132.0400735091323 2
vertex 142.90181760399 -132.0400735091323 2
endloop
endfacet
facet normal 0 0 1
outer loop
vertex 148.85946220307122 -132.0998245444237 2
vertex 142.90181760399 -132.0400735091323 2
vertex 142.7048448381207 -132.0998245444237 2
endloop
endfacet
facet normal 0 0 1
outer loop
vertex 142.09818239600614 -132.0400735091323 2
vertex 141.9166512553271 -131.9430430929175 2
vertex 26.107414431671373 -131.9430430929175 2
endloop
endfacet
facet normal 0 0 1
outer loop
vertex 142.09818239600614 -132.0400735091323 2
vertex 26.107414431671373 -131.9430430929175 2
vertex 26.107553540367235 -132.0400735091323 2
endloop
endfacet
facet normal 0 0 1
outer loop
vertex 148.85951541204486 -132.0400735091323 2
vertex 148.8596018187294 -131.9430430929175 2
vertex 143.08334874466453 -131.9430430929175 2
endloop
endfacet
facet normal 0 0 1
outer loop
vertex 148.85951541204486 -132.0400735091323 2
vertex 143.08334874466453 -131.9430430929175 2
vertex 142.90181760399 -132.0400735091323 2
endloop
endfacet
facet normal 0 0 1
outer loop
vertex 141.9166512553271 -131.9430430929175 2
vertex 141.75753787976214 -131.81246212025417 2
vertex 26.107227222860786 -131.81246212025417 2
endloop
endfacet
facet normal 0 0 1
outer loop
vertex 141.9166512553271 -131.9430430929175 2
vertex 26.107227222860786 -131.81246212025417 2
vertex 26.107414431671373 -131.9430430929175 2
endloop
endfacet
facet normal 0 0 1
outer loop
vertex 148.8596018187294 -131.9430430929175 2
vertex 148.85971810256441 -131.81246212025417 2
vertex 143.24246212023797 -131.81246212025417 2
endloop
endfacet
facet normal 0 0 1
outer loop
vertex 148.8596018187294 -131.9430430929175 2
vertex 143.24246212023797 -131.81246212025417 2
vertex 143.08334874466453 -131.9430430929175 2
endloop
endfacet
facet normal 0 0 1
outer loop
vertex 141.75753787976214 -131.81246212025417 2
vertex 141.6269569070738 -131.6533487446587 2
vertex 26.106999108265 -131.6533487446587 2
endloop
endfacet
facet normal 0 0 1
outer loop
vertex 141.75753787976214 -131.81246212025417 2
vertex 26.106999108265 -131.6533487446587 2
vertex 26.107227222860786 -131.81246212025417 2
endloop
endfacet
facet normal 0 0 1
outer loop
vertex 148.85971810256441 -131.81246212025417 2
vertex 148.8598597948274 -131.6533487446587 2
vertex 143.37304309293094 -131.6533487446587 2
endloop
endfacet
facet normal 0 0 1
outer loop
vertex 148.85971810256441 -131.81246212025417 2
vertex 143.37304309293094 -131.6533487446587 2
vertex 143.24246212023797 -131.81246212025417 2
endloop
endfacet
facet normal 0 0 1
outer loop
vertex 141.6269569070738 -131.6533487446587 2
vertex 141.52992649085954 -131.47181760398067 2
vertex 26.10673885420013 -131.47181760398067 2
endloop
endfacet
facet normal 0 0 1
outer loop
vertex 141.6269569070738 -131.6533487446587 2
vertex 26.10673885420013 -131.47181760398067 2
vertex 26.106999108265 -131.6533487446587 2
endloop
endfacet
facet normal 0 0 1
outer loop
vertex 148.8598597948274 -131.6533487446587 2
vertex 148.8600214503641 -131.47181760398067 2
vertex 143.47007350913452 -131.47181760398067 2
endloop
endfacet
facet normal 0 0 1
outer loop
vertex 148.8598597948274 -131.6533487446587 2
vertex 143.47007350913452 -131.47181760398067 2
vertex 143.37304309293094 -131.6533487446587 2
endloop
endfacet
facet normal 0 0 1
outer loop
vertex 141.52992649085954 -131.47181760398067 2
vertex 141.4701754555776 -131.27484483812947 2
vertex 26.106456462083884 -131.27484483812947 2
endloop
endfacet
facet normal 0 0 1
outer loop
vertex 141.52992649085954 -131.47181760398067 2
vertex 26.106456462083884 -131.27484483812947 2
vertex 26.10673885420013 -131.47181760398067 2
endloop
endfacet
facet normal 0 0 1
outer loop
vertex 148.8600214503641 -131.47181760398067 2
vertex 148.86019685684286 -131.27484483812947 2
vertex 143.52982454442503 -131.27484483812947 2
endloop
endfacet
facet normal 0 0 1
outer loop
vertex 148.8600214503641 -131.47181760398067 2
vertex 143.52982454442503 -131.27484483812947 2
vertex 143.47007350913452 -131.47181760398067 2
endloop
endfacet
facet normal 0 0 1
outer loop
vertex 141.4701754555776 -131.27484483812947 2
vertex 141.45000000000016 -131.0700000000067 2
vertex 26.106162784086848 -131.0700000000067 2
endloop
endfacet
facet normal 0 0 1
outer loop
vertex 141.4701754555776 -131.27484483812947 2
vertex 26.106162784086848 -131.0700000000067 2
vertex 26.106456462083884 -131.27484483812947 2
endloop
endfacet
facet normal 0 0 1
outer loop
vertex 148.86019685684286 -131.27484483812947 2
vertex 148.86037927349116 -131.0700000000067 2
vertex 143.54999999999993 -131.0700000000067 2
endloop
endfacet
facet normal 0 0 1
outer loop
vertex 148.86019685684286 -131.27484483812947 2
vertex 143.54999999999993 -131.0700000000067 2
vertex 143.52982454442503 -131.27484483812947 2
endloop
endfacet
facet normal 0 0 1
outer loop
vertex 141.45000000000016 -131.0700000000067 2
vertex 141.4701754555778 -130.86515516188382 2
vertex 26.10586910608984 -130.86515516188382 2
endloop
endfacet
facet normal 0 0 1
outer loop
vertex 141.45000000000016 -131.0700000000067 2
vertex 26.10586910608984 -130.86515516188382 2
vertex 26.106162784086848 -131.0700000000067 2
endloop
endfacet
facet normal 0 0 1
outer loop
vertex 148.86037927349116 -131.0700000000067 2
vertex 148.86056169013946 -130.86515516188382 2
vertex 143.52982454442275 -130.86515516188382 2
endloop
endfacet
facet normal 0 0 1
outer loop
vertex 148.86037927349116 -131.0700000000067 2
vertex 143.52982454442275 -130.86515516188382 2
vertex 143.54999999999993 -131.0700000000067 2
endloop
endfacet
facet normal 0 0 1
outer loop
vertex 141.4701754555778 -130.86515516188382 2
vertex 141.52992649086207 -130.66818239600866 2
vertex 26.105586713973537 -130.66818239600866 2
endloop
endfacet
facet normal 0 0 1
outer loop
vertex 141.4701754555778 -130.86515516188382 2
vertex 26.105586713973537 -130.66818239600866 2
vertex 26.10586910608984 -130.86515516188382 2
endloop
endfacet
facet normal 0 0 1
outer loop
vertex 148.86056169013946 -130.86515516188382 2
vertex 148.86073709661827 -130.66818239600866 2
vertex 143.47007350913353 -130.66818239600866 2
endloop
endfacet
facet normal 0 0 1
outer loop
vertex 148.86056169013946 -130.86515516188382 2
vertex 143.47007350913353 -130.66818239600866 2
vertex 143.52982454442275 -130.86515516188382 2
endloop
endfacet
facet normal 0 0 1
outer loop
vertex 141.52992649086207 -130.66818239600866 2
vertex 141.62695690708136 -130.4866512553492 2
vertex 26.105326459908696 -130.4866512553492 2
endloop
endfacet
facet normal 0 0 1
outer loop
vertex 141.52992649086207 -130.66818239600866 2
vertex 26.105326459908696 -130.4866512553492 2
vertex 26.105586713973537 -130.66818239600866 2
endloop
endfacet
facet normal 0 0 1
outer loop
vertex 148.86073709661827 -130.66818239600866 2
vertex 148.86089875215492 -130.4866512553492 2
vertex 143.37304309292918 -130.4866512553492 2
endloop
endfacet
facet normal 0 0 1
outer loop
vertex 148.86073709661827 -130.66818239600866 2
vertex 143.37304309292918 -130.4866512553492 2
vertex 143.47007350913353 -130.66818239600866 2
endloop
endfacet
facet normal 0 0 1
outer loop
vertex 141.62695690708136 -130.4866512553492 2
vertex 141.75753787975452 -130.3275378797475 2
vertex 26.10509834531291 -130.3275378797475 2
endloop
endfacet
facet normal 0 0 1
outer loop
vertex 141.62695690708136 -130.4866512553492 2
vertex 26.10509834531291 -130.3275378797475 2
vertex 26.105326459908696 -130.4866512553492 2
endloop
endfacet
facet normal 0 0 1
outer loop
vertex 148.86089875215492 -130.4866512553492 2
vertex 148.8610404444179 -130.3275378797475 2
vertex 143.24246212023573 -130.3275378797475 2
endloop
endfacet
facet normal 0 0 1
outer loop
vertex 148.86089875215492 -130.4866512553492 2
vertex 143.24246212023573 -130.3275378797475 2
vertex 143.37304309292918 -130.4866512553492 2
endloop
endfacet
facet normal 0 0 1
outer loop
vertex 141.75753787975452 -130.3275378797475 2
vertex 141.9166512553302 -130.1969569070674 2
vertex 26.104911136502295 -130.1969569070674 2
endloop
endfacet
facet normal 0 0 1
outer loop
vertex 141.75753787975452 -130.3275378797475 2
vertex 26.104911136502295 -130.1969569070674 2
vertex 26.10509834531291 -130.3275378797475 2
endloop
endfacet
facet normal 0 0 1
outer loop
vertex 148.8610404444179 -130.3275378797475 2
vertex 148.86115672825295 -130.1969569070674 2
vertex 143.0833487446503 -130.1969569070674 2
endloop
endfacet
facet normal 0 0 1
outer loop
vertex 148.8610404444179 -130.3275378797475 2
vertex 143.0833487446503 -130.1969569070674 2
vertex 143.24246212023573 -130.3275378797475 2
endloop
endfacet
facet normal 0 0 1
outer loop
vertex 141.9166512553302 -130.1969569070674 2
vertex 142.09818239602058 -130.0999264908695 2
vertex 26.10477202780646 -130.0999264908695 2
endloop
endfacet
facet normal 0 0 1
outer loop
vertex 141.9166512553302 -130.1969569070674 2
vertex 26.10477202780646 -130.0999264908695 2
vertex 26.104911136502295 -130.1969569070674 2
endloop
endfacet
facet normal 0 0 1
outer loop
vertex 148.86115672825295 -130.1969569070674 2
vertex 148.8612431349375 -130.0999264908695 2
vertex 142.90181760400287 -130.0999264908695 2
endloop
endfacet
facet normal 0 0 1
outer loop
vertex 148.86115672825295 -130.1969569070674 2
vertex 142.90181760400287 -130.0999264908695 2
vertex 143.0833487446503 -130.1969569070674 2
endloop
endfacet
facet normal 0 0 1
outer loop
vertex 142.09818239602058 -130.0999264908695 2
vertex 142.2951551618753 -130.04017545557608 2
vertex 26.104686365094494 -130.04017545557608 2
endloop
endfacet
facet normal 0 0 1
outer loop
vertex 142.09818239602058 -130.0999264908695 2
vertex 26.104686365094494 -130.04017545557608 2
vertex 26.10477202780646 -130.0999264908695 2
endloop
endfacet
facet normal 0 0 1
outer loop
vertex 148.8612431349375 -130.0999264908695 2
vertex 148.8612963439111 -130.04017545557608 2
vertex 142.70484483811381 -130.04017545557608 2
endloop
endfacet
facet normal 0 0 1
outer loop
vertex 148.8612431349375 -130.0999264908695 2
vertex 142.70484483811381 -130.04017545557608 2
vertex 142.90181760400287 -130.0999264908695 2
endloop
endfacet
facet normal 0 0 1
outer loop
vertex 142.2951551618753 -130.04017545557608 2
vertex 142.5000000000017 -130.01999999999995 2
vertex 26.10465744033644 -130.01999999999995 2
endloop
endfacet
facet normal 0 0 1
outer loop
vertex 142.2951551618753 -130.04017545557608 2
vertex 26.10465744033644 -130.01999999999995 2
vertex 26.104686365094494 -130.04017545557608 2
endloop
endfacet
facet normal 0 0 1
outer loop
vertex 148.8612963439111 -130.04017545557608 2
vertex 148.8613143103828 -130.01999999999995 2
vertex 142.5000000000017 -130.01999999999995 2
endloop
endfacet
facet normal 0 0 1
outer loop
vertex 148.8612963439111 -130.04017545557608 2
vertex 142.5000000000017 -130.01999999999995 2
vertex 142.70484483811381 -130.04017545557608 2
endloop
endfacet
facet normal 0 0 1
outer loop
vertex 142.5000000000017 -130.01999999999995 2
vertex 148.8613143103828 -130.01999999999995 2
vertex 148.87818949999857 -111.07 2
endloop
endfacet
facet normal 0 0 1
outer loop
vertex 142.5000000000017 -130.01999999999995 2
vertex 148.87818949999857 -111.07 2
vertex 26.077489569793386 -111.07 2
endloop
endfacet
facet normal 0 0 1
outer loop
vertex 142.5000000000017 -130.01999999999995 2
vertex 26.077489569793386 -111.07 2
vertex 26.10465744033644 -130.01999999999995 2
endloop
endfacet
facet normal 0 0 1
outer loop
vertex 152.8023402 -196.2466874 2
vertex 152.8781917111673 -111.07 2
vertex 150.87819030000023 -111.07 2
endloop
endfacet
facet normal 0 0 1
outer loop
vertex 152.8023402 -196.2466874 2
vertex 150.87819030000023 -111.07 2
vertex 150.80233948143783 -196.2466874 2
endloop
endfacet
facet normal 0 0 1
outer loop
vertex 24.205343299999697 -200.24931900009454 2
vertex 24.069676799999854 -105.62369499994244 2
vertex 22.069952406475863 -105.62369499994244 2
endloop
endfacet
facet normal 0 0 1
outer loop
vertex 24.205343299999697 -200.24931900009454 2
vertex 22.069952406475863 -105.62369499994244 2
vertex 22.069682400000005 -105.62718639999994 2
endloop
endfacet
facet normal 0 0 1
outer loop
vertex 24.205343299999697 -200.24931900009454 2
vertex 22.069682400000005 -105.62718639999994 2
vertex 22.20534819418529 -200.24931900009454 2
endloop
endfacet
facet normal 0 0 1
outer loop
vertex 24.069676799999854 -105.62369499994244 2
vertex 24.14847663028769 -104.605904739963 2
vertex 22.14866293999583 -104.605904739963 2
endloop
endfacet
facet normal 0 0 1
outer loop
vertex 24.069676799999854 -105.62369499994244 2
vertex 22.14866293999583 -104.605904739963 2
vertex 22.069952406475863 -105.62369499994244 2
endloop
endfacet
facet normal 0 0 1
outer loop
vertex 148.87818949999857 -111.07 2
vertex 150.87819030000023 -111.07 2
vertex 152.8781917111673 -111.07 2
endloop
endfacet
facet normal 0 0 1
outer loop
vertex 148.87818949999857 -111.07 2
vertex 152.8781917111673 -111.07 2
vertex 152.88304275000002 -105.62257500000013 2
endloop
endfacet
facet normal 0 0 1
outer loop
vertex 148.87818949999857 -111.07 2
vertex 152.88304275000002 -105.62257500000013 2
vertex 152.77946146426714 -104.29204015158662 2
endloop
endfacet
facet normal 0 0 1
outer loop
vertex 148.87818949999857 -111.07 2
vertex 152.77946146426714 -104.29204015158662 2
vertex 152.72633230112626 -104.07000000000102 2
endloop
endfacet
facet normal 0 0 1
outer loop
vertex 148.87818949999857 -111.07 2
vertex 152.72633230112626 -104.07000000000102 2
vertex 150.69675880000221 -104.07000000000102 2
endloop
endfacet
facet normal 0 0 1
outer loop
vertex 148.87818949999857 -111.07 2
vertex 150.69675880000221 -104.07000000000102 2
vertex 148.60950775000023 -104.07000000000102 2
endloop
endfacet
facet normal 0 0 1
outer loop
vertex 148.87818949999857 -111.07 2
vertex 148.60950775000023 -104.07000000000102 2
vertex 26.354118879806123 -104.07000000000102 2
endloop
endfacet
facet normal 0 0 1
outer loop
vertex 148.87818949999857 -111.07 2
vertex 26.354118879806123 -104.07000000000102 2
vertex 26.28832124770196 -104.2293344207098 2
endloop
endfacet
facet normal 0 0 1
outer loop
vertex 148.87818949999857 -111.07 2
vertex 26.28832124770196 -104.2293344207098 2
vertex 26.124166201984934 -104.9167832571877 2
endloop
endfacet
facet normal 0 0 1
outer loop
vertex 148.87818949999857 -111.07 2
vertex 26.124166201984934 -104.9167832571877 2
vertex 26.069678200000283 -105.62145159999646 2
endloop
endfacet
facet normal 0 0 1
outer loop
vertex 148.87818949999857 -111.07 2
vertex 26.069678200000283 -105.62145159999646 2
vertex 26.077489569793386 -111.07 2
endloop
endfacet
facet normal 0 0 1
outer loop
vertex 24.14847663028769 -104.605904739963 2
vertex 24.38565676581308 -103.61300393425294 2
vertex 22.33574498645899 -103.61300393425294 2
endloop
endfacet
facet normal 0 0 1
outer loop
vertex 24.14847663028769 -104.605904739963 2
vertex 22.33574498645899 -103.61300393425294 2
vertex 22.17261855022207 -104.29613950690263 2
endloop
endfacet
facet normal 0 0 1
outer loop
vertex 24.14847663028769 -104.605904739963 2
vertex 22.17261855022207 -104.29613950690263 2
vertex 22.14866293999583 -104.605904739963 2
endloop
endfacet
facet normal 0 0 1
outer loop
vertex 152.72633230112626 -104.07000000000102 2
vertex 152.48128246634013 -103.04587503274628 2
vertex 150.35376948963665 -103.04587503274628 2
endloop
endfacet
facet normal 0 0 1
outer loop
vertex 152.72633230112626 -104.07000000000102 2
vertex 150.35376948963665 -103.04587503274628 2
vertex 150.69675880000221 -104.07000000000102 2
endloop
endfacet
facet normal 0 0 1
outer loop
vertex 24.38565676581308 -103.61300393425294 2
vertex 24.77536710140646 -102.66948272039106 2
vertex 22.618200463319567 -102.66948272039106 2
endloop
endfacet
facet normal 0 0 1
outer loop
vertex 24.38565676581308 -103.61300393425294 2
vertex 22.618200463319567 -102.66948272039106 2
vertex 22.48269064031811 -102.99762971464065 2
endloop
endfacet
facet normal 0 0 1
outer loop
vertex 24.38565676581308 -103.61300393425294 2
vertex 22.48269064031811 -102.99762971464065 2
vertex 22.33574498645899 -103.61300393425294 2
endloop
endfacet
facet normal 0 0 1
outer loop
vertex 152.48128246634013 -103.04587503274628 2
vertex 152.46889813182037 -102.99411778020374 2
vertex 152.0962166077869 -102.09268044977824 2
endloop
endfacet
facet normal 0 0 1
outer loop
vertex 152.48128246634013 -103.04587503274628 2
vertex 152.0962166077869 -102.09268044977824 2
vertex 149.8459401046743 -102.09268044977824 2
endloop
endfacet
facet normal 0 0 1
outer loop
vertex 152.48128246634013 -103.04587503274628 2
vertex 149.8459401046743 -102.09268044977824 2
vertex 150.35376948963665 -103.04587503274628 2
endloop
endfacet
facet normal 0 0 1
outer loop
vertex 24.77536710140646 -102.66948272039106 2
vertex 25.3079953377607 -101.7986132764016 2
vertex 22.977830038724562 -101.7986132764016 2
endloop
endfacet
facet normal 0 0 1
outer loop
vertex 24.77536710140646 -102.66948272039106 2
vertex 22.977830038724562 -101.7986132764016 2
vertex 22.618200463319567 -102.66948272039106 2
endloop
endfacet
facet normal 0 0 1
outer loop
vertex 152.0962166077869 -102.09268044977824 2
vertex 151.95900852379816 -101.76080328129133 2
vertex 151.63827531190512 -101.23673278251569 2
endloop
endfacet
facet normal 0 0 1
outer loop
vertex 152.0962166077869 -102.09268044977824 2
vertex 151.63827531190512 -101.23673278251569 2
vertex 149.1872867905565 -101.23673278251569 2
endloop
endfacet
facet normal 0 0 1
outer loop
vertex 152.0962166077869 -102.09268044977824 2
vertex 149.1872867905565 -101.23673278251569 2
vertex 149.8459401046743 -102.09268044977824 2
endloop
endfacet
facet normal 0 0 1
outer loop
vertex 151.63827531190512 -101.23673278251569 2
vertex 151.56387115097317 -101.11515813952678 2
vertex 149.09373232747325 -101.11515482530861 2
endloop
endfacet
facet normal 0 0 1
outer loop
vertex 151.63827531190512 -101.23673278251569 2
vertex 149.09373232747325 -101.11515482530861 2
vertex 149.05640959377953 -101.11515482530861 2
endloop
endfacet
facet normal 0 0 1
outer loop
vertex 151.63827531190512 -101.23673278251569 2
vertex 149.05640959377953 -101.11515482530861 2
vertex 149.1872867905565 -101.23673278251569 2
endloop
endfacet
facet normal 0 0 1
outer loop
vertex 148.60950775000023 -104.07000000000102 2
vertex 148.3256666632376 -103.44572685756206 2
vertex 147.95026280384417 -102.87183256316473 2
endloop
endfacet
facet normal 0 0 1
outer loop
vertex 148.60950775000023 -104.07000000000102 2
vertex 147.95026280384417 -102.87183256316473 2
vertex 147.49201449015393 -102.36164514479795 2
endloop
endfacet
facet normal 0 0 1
outer loop
vertex 148.60950775000023 -104.07000000000102 2
vertex 147.49201449015393 -102.36164514479795 2
vertex 146.96156400675156 -101.92701311241788 2
endloop
endfacet
facet normal 0 0 1
outer loop
vertex 148.60950775000023 -104.07000000000102 2
vertex 146.96156400675156 -101.92701311241788 2
vertex 146.37123044980655 -101.57803028998867 2
endloop
endfacet
facet normal 0 0 1
outer loop
vertex 148.60950775000023 -104.07000000000102 2
vertex 146.37123044980655 -101.57803028998867 2
vertex 145.73472363008182 -101.32280139796258 2
endloop
endfacet
facet normal 0 0 1
outer loop
vertex 148.60950775000023 -104.07000000000102 2
vertex 145.73472363008182 -101.32280139796258 2
vertex 145.0668256788645 -101.167253830799 2
endloop
endfacet
facet normal 0 0 1
outer loop
vertex 148.60950775000023 -104.07000000000102 2
vertex 145.0668256788645 -101.167253830799 2
vertex 144.38304550000123 -101.115 2
endloop
endfacet
facet normal 0 0 1
outer loop
vertex 148.60950775000023 -104.07000000000102 2
vertex 144.38304550000123 -101.115 2
vertex 45.69999999999999 -101.115 2
endloop
endfacet
facet normal 0 0 1
outer loop
vertex 148.60950775000023 -104.07000000000102 2
vertex 45.69999999999999 -101.115 2
vertex 33.70000009198753 -101.115 2
endloop
endfacet
facet normal 0 0 1
outer loop
vertex 148.60950775000023 -104.07000000000102 2
vertex 33.70000009198753 -101.115 2
vertex 30.569620782202264 -101.115 2
endloop
endfacet
facet normal 0 0 1
outer loop
vertex 148.60950775000023 -104.07000000000102 2
vertex 30.569620782202264 -101.115 2
vertex 29.86508045252424 -101.1704987164003 2
endloop
endfacet
facet normal 0 0 1
outer loop
vertex 148.60950775000023 -104.07000000000102 2
vertex 29.86508045252424 -101.1704987164003 2
vertex 29.177867807952907 -101.33563975584939 2
endloop
endfacet
facet normal 0 0 1
outer loop
vertex 148.60950775000023 -104.07000000000102 2
vertex 29.177867807952907 -101.33563975584939 2
vertex 28.524988523989748 -101.60634517204022 2
endloop
endfacet
facet normal 0 0 1
outer loop
vertex 148.60950775000023 -104.07000000000102 2
vertex 28.524988523989748 -101.60634517204022 2
vertex 27.92254801323017 -101.97593712647291 2
endloop
endfacet
facet normal 0 0 1
outer loop
vertex 148.60950775000023 -104.07000000000102 2
vertex 27.92254801323017 -101.97593712647291 2
vertex 27.38540745020245 -102.43529841929022 2
endloop
endfacet
facet normal 0 0 1
outer loop
vertex 148.60950775000023 -104.07000000000102 2
vertex 27.38540745020245 -102.43529841929022 2
vertex 26.92681717168668 -102.97309739495697 2
endloop
endfacet
facet normal 0 0 1
outer loop
vertex 148.60950775000023 -104.07000000000102 2
vertex 26.92681717168668 -102.97309739495697 2
vertex 26.558089813598684 -103.57606747480281 2
endloop
endfacet
facet normal 0 0 1
outer loop
vertex 148.60950775000023 -104.07000000000102 2
vertex 26.558089813598684 -103.57606747480281 2
vertex 26.354118879806123 -104.07000000000102 2
endloop
endfacet
facet normal 0 0 1
outer loop
vertex 151.56377436895917 -101.115 2
vertex 149.05624298018736 -101.115 2
vertex 149.05640959377953 -101.11515482530861 2
endloop
endfacet
facet normal 0 0 1
outer loop
vertex 151.56377436895917 -101.115 2
vertex 149.05640959377953 -101.11515482530861 2
vertex 149.09373232747325 -101.11515482530861 2
endloop
endfacet
facet normal 0 0 1
outer loop
vertex 151.56377436895917 -101.115 2
vertex 149.09373232747325 -101.11515482530861 2
vertex 151.56387115097317 -101.11515813952678 2
endloop
endfacet
facet normal 0 0 1
outer loop
vertex 33.70000009198753 -101.115 2
vertex 30.56967410000223 -101.11499579999989 2
vertex 30.569620782202264 -101.115 2
endloop
endfacet
facet normal 0 0 1
outer loop
vertex 25.3079953377607 -101.7986132764016 2
vertex 25.97040407115591 -101.02187580684897 2
vertex 23.44588489335686 -101.02187580684897 2
endloop
endfacet
facet normal 0 0 1
outer loop
vertex 25.3079953377607 -101.7986132764016 2
vertex 23.44588489335686 -101.02187580684897 2
vertex 22.992253571706783 -101.76368563138115 2
endloop
endfacet
facet normal 0 0 1
outer loop
vertex 25.3079953377607 -101.7986132764016 2
vertex 22.992253571706783 -101.76368563138115 2
vertex 22.977830038724562 -101.7986132764016 2
endloop
endfacet
facet normal 0 0 1
outer loop
vertex 151.56377436895917 -101.115 2
vertex 151.2623620511291 -100.62249938614093 2
vertex 151.15926103898212 -100.50166369454286 2
endloop
endfacet
facet normal 0 0 1
outer loop
vertex 151.56377436895917 -101.115 2
vertex 151.15926103898212 -100.50166369454286 2
vertex 148.39599415613304 -100.50166369454286 2
endloop
endfacet
facet normal 0 0 1
outer loop
vertex 151.56377436895917 -101.115 2
vertex 148.39599415613304 -100.50166369454286 2
vertex 149.05624298018736 -101.115 2
endloop
endfacet
facet normal 0 0 1
outer loop
vertex 25.97040407115591 -101.02187580684897 2
vertex 26.7462548306128 -100.35842872853532 2
vertex 23.91583109157429 -100.35842872853532 2
endloop
endfacet
facet normal 0 0 1
outer loop
vertex 25.97040407115591 -101.02187580684897 2
vertex 23.91583109157429 -100.35842872853532 2
vertex 23.688737379829888 -100.6247463499974 2
endloop
endfacet
facet normal 0 0 1
outer loop
vertex 25.97040407115591 -101.02187580684897 2
vertex 23.688737379829888 -100.6247463499974 2
vertex 23.44588489335686 -101.02187580684897 2
endloop
endfacet
facet normal 0 0 1
outer loop
vertex 151.15926103898212 -100.50166369454286 2
vertex 150.65252918030842 -99.90776754044569 2
vertex 147.49390881905123 -99.90776754044569 2
endloop
endfacet
facet normal 0 0 1
outer loop
vertex 151.15926103898212 -100.50166369454286 2
vertex 147.49390881905123 -99.90776754044569 2
vertex 148.39599415613304 -100.50166369454286 2
endloop
endfacet
facet normal 0 0 1
outer loop
vertex 26.7462548306128 -100.35842872853532 2
vertex 27.616411070282822 -99.82463612344128 2
vertex 24.37100541810591 -99.82463612344128 2
endloop
endfacet
facet normal 0 0 1
outer loop
vertex 26.7462548306128 -100.35842872853532 2
vertex 24.37100541810591 -99.82463612344128 2
vertex 23.91583109157429 -100.35842872853532 2
endloop
endfacet
facet normal 0 0 1
outer loop
vertex 150.65252918030842 -99.90776754044569 2
vertex 150.3961319129709 -99.60726669688054 2
vertex 150.2372296256483 -99.47144106340339 2
endloop
endfacet
facet normal 0 0 1
outer loop
vertex 150.65252918030842 -99.90776754044569 2
vertex 150.2372296256483 -99.47144106340339 2
vertex 146.50593624722282 -99.47144106340339 2
endloop
endfacet
facet normal 0 0 1
outer loop
vertex 150.65252918030842 -99.90776754044569 2
vertex 146.50593624722282 -99.47144106340339 2
vertex 147.49390881905123 -99.90776754044569 2
endloop
endfacet
facet normal 0 0 1
outer loop
vertex 27.616411070282822 -99.82463612344128 2
vertex 28.559410176891106 -99.43366411476062 2
vertex 24.75987659067954 -99.43366411476062 2
endloop
endfacet
facet normal 0 0 1
outer loop
vertex 27.616411070282822 -99.82463612344128 2
vertex 24.75987659067954 -99.43366411476062 2
vertex 24.554961111670337 -99.60890737257377 2
endloop
endfacet
facet normal 0 0 1
outer loop
vertex 27.616411070282822 -99.82463612344128 2
vertex 24.554961111670337 -99.60890737257377 2
vertex 24.37100541810591 -99.82463612344128 2
endloop
endfacet
facet normal 0 0 1
outer loop
vertex 150.2372296256483 -99.47144106340339 2
vertex 149.92520541133266 -99.20473070143366 2
vertex 145.45935314964657 -99.20473070143366 2
endloop
endfacet
facet normal 0 0 1
outer loop
vertex 150.2372296256483 -99.47144106340339 2
vertex 145.45935314964657 -99.20473070143366 2
vertex 146.50593624722282 -99.47144106340339 2
endloop
endfacet
facet normal 0 0 1
outer loop
vertex 28.559410176891106 -99.43366411476062 2
vertex 29.55199285037969 -99.19515612124086 2
vertex 25.03876880228026 -99.19515612124086 2
endloop
endfacet
facet normal 0 0 1
outer loop
vertex 28.559410176891106 -99.43366411476062 2
vertex 25.03876880228026 -99.19515612124086 2
vertex 24.75987659067954 -99.43366411476062 2
endloop
endfacet
facet normal 0 0 1
outer loop
vertex 29.55199285037969 -99.19515612124086 2
vertex 30.569673600002744 -99.115 2
vertex 25.132496972964617 -99.115 2
endloop
endfacet
facet normal 0 0 1
outer loop
vertex 29.55199285037969 -99.19515612124086 2
vertex 25.132496972964617 -99.115 2
vertex 25.03876880228026 -99.19515612124086 2
endloop
endfacet
facet normal 0 0 1
outer loop
vertex 45.69999999999999 -101.115 2
vertex 45.69999999999999 -99.115 2
vertex 33.69999999999999 -99.115 2
endloop
endfacet
facet normal 0 0 1
outer loop
vertex 45.69999999999999 -101.115 2
vertex 33.69999999999999 -99.115 2
vertex 33.70000009198753 -101.115 2
endloop
endfacet
facet normal 0 0 1
outer loop
vertex 149.92520541133266 -99.20473070143366 2
vertex 149.82022954384834 -99.115 2
vertex 144.38305440001452 -99.115 2
endloop
endfacet
facet normal 0 0 1
outer loop
vertex 149.92520541133266 -99.20473070143366 2
vertex 144.38305440001452 -99.115 2
vertex 145.45935314964657 -99.20473070143366 2
endloop
endfacet
facet normal 0 0 1
outer loop
vertex 30.569673600002744 -99.115 2
vertex 33.69999999999999 -99.115 2
vertex 45.69999999999999 -99.115 2
endloop
endfacet
facet normal 0 0 1
outer loop
vertex 30.569673600002744 -99.115 2
vertex 45.69999999999999 -99.115 2
vertex 144.38305440001452 -99.115 2
endloop
endfacet
facet normal 0 0 1
outer loop
vertex 30.569673600002744 -99.115 2
vertex 144.38305440001452 -99.115 2
vertex 149.82022954384834 -99.115 2
endloop
endfacet
facet normal 0 0 1
outer loop
vertex 30.569673600002744 -99.115 2
vertex 149.82022954384834 -99.115 2
vertex 149.38167175606182 -98.74013195784583 2
endloop
endfacet
facet normal 0 0 1
outer loop
vertex 30.569673600002744 -99.115 2
vertex 149.38167175606182 -98.74013195784583 2
vertex 148.24398928085793 -98.04247111530847 2
endloop
endfacet
facet normal 0 0 1
outer loop
vertex 30.569673600002744 -99.115 2
vertex 148.24398928085793 -98.04247111530847 2
vertex 147.01112977071455 -97.5314823739005 2
endloop
endfacet
facet normal 0 0 1
outer loop
vertex 30.569673600002744 -99.115 2
vertex 147.01112977071455 -97.5314823739005 2
vertex 145.71348474088626 -97.21976223955122 2
endloop
endfacet
facet normal 0 0 1
outer loop
vertex 30.569673600002744 -99.115 2
vertex 145.71348474088626 -97.21976223955122 2
vertex 144.38306558358653 -97.11500229225635 2
endloop
endfacet
facet normal 0 0 1
outer loop
vertex 30.569673600002744 -99.115 2
vertex 144.38306558358653 -97.11500229225635 2
vertex 62.85509519729686 -97.11500229225635 2
endloop
endfacet
facet normal 0 0 1
outer loop
vertex 30.569673600002744 -99.115 2
vertex 62.85509519729686 -97.11500229225635 2
vertex 30.569666200000142 -97.11500229225635 2
endloop
endfacet
facet normal 0 0 1
outer loop
vertex 30.569673600002744 -99.115 2
vertex 30.569666200000142 -97.11500229225635 2
vertex 29.23877150848375 -97.21984451700185 2
endloop
endfacet
facet normal 0 0 1
outer loop
vertex 30.569673600002744 -99.115 2
vertex 29.23877150848375 -97.21984451700185 2
vertex 27.94070777812786 -97.53177869850634 2
endloop
endfacet
facet normal 0 0 1
outer loop
vertex 30.569673600002744 -99.115 2
vertex 27.94070777812786 -97.53177869850634 2
vertex 26.707495813586036 -98.04311091161955 2
endloop
endfacet
facet normal 0 0 1
outer loop
vertex 30.569673600002744 -99.115 2
vertex 26.707495813586036 -98.04311091161955 2
vertex 25.569556647731787 -98.74122754691209 2
endloop
endfacet
facet normal 0 0 1
outer loop
vertex 30.569673600002744 -99.115 2
vertex 25.569556647731787 -98.74122754691209 2
vertex 25.132496972964617 -99.115 2
endloop
endfacet
facet normal 0 0 1
outer loop
vertex 144.38306558358653 -97.11500229225635 2
vertex 144.38304549999984 -97.11500071083333 2
vertex 94.38461106766849 -97.11500071083333 2
endloop
endfacet
facet normal 0 0 1
outer loop
vertex 144.38306558358653 -97.11500229225635 2
vertex 94.38461106766849 -97.11500071083333 2
vertex 62.85509519729686 -97.11500229225635 2
endloop
endfacet
facet normal -0.17364818238152657 -0.9848077521808976 0
outer loop
vertex 112.61708679999983 -211.95960679999993 2
vertex 94.35778979999986 -208.74 2
vertex 94.35778979999995 -208.74 0
endloop
endfacet
facet normal -0.17364818238152657 -0.9848077521808976 0
outer loop
vertex 112.61708679999983 -211.95960679999993 2
vertex 94.35778979999995 -208.74 0
vertex 112.61708679999961 -211.95960679999993 0
endloop
endfacet
facet normal -0.25881904269832323 -0.9659258269332711 2.7193592276787495e-14
outer loop
vertex 139.87490910000048 -219.26331820000016 2
vertex 112.61708679999983 -211.95960679999993 2
vertex 112.61708679999961 -211.95960679999993 0
endloop
endfacet
facet normal -0.25881904269832323 -0.9659258269332711 2.7193592276787495e-14
outer loop
vertex 139.87490910000048 -219.26331820000016 2
vertex 112.61708679999961 -211.95960679999993 0
vertex 113.22595036903834 -212.12275130000032 0
endloop
endfacet
facet normal -0.25881904269832323 -0.9659258269332711 2.7193592276787495e-14
outer loop
vertex 139.87490910000048 -219.26331820000016 2
vertex 113.22595036903834 -212.12275130000032 0
vertex 113.3012461950616 -212.14292675557581 0
endloop
endfacet
facet normal -0.25881904269832323 -0.9659258269332711 2.7193592276787495e-14
outer loop
vertex 139.87490910000048 -219.26331820000016 2
vertex 113.3012461950616 -212.14292675557581 0
vertex 113.52424009682393 -212.2026777908752 0
endloop
endfacet
facet normal -0.25881904269832323 -0.9659258269332711 2.7193592276787495e-14
outer loop
vertex 139.87490910000048 -219.26331820000016 2
vertex 113.52424009682393 -212.2026777908752 0
vertex 113.88636254353293 -212.29970820706603 0
endloop
endfacet
facet normal -0.25881904269832323 -0.9659258269332711 2.7193592276787495e-14
outer loop
vertex 139.87490910000048 -219.26331820000016 2
vertex 113.88636254353293 -212.29970820706603 0
vertex 114.37369737300625 -212.4302891797669 0
endloop
endfacet
facet normal -0.25881904269832323 -0.9659258269332711 2.7193592276787495e-14
outer loop
vertex 139.87490910000048 -219.26331820000016 2
vertex 114.37369737300625 -212.4302891797669 0
vertex 114.96751658071595 -212.58940255533867 0
endloop
endfacet
facet normal -0.25881904269832323 -0.9659258269332711 2.7193592276787495e-14
outer loop
vertex 139.87490910000048 -219.26331820000016 2
vertex 114.96751658071595 -212.58940255533867 0
vertex 115.6450000275337 -212.7709336959916 0
endloop
endfacet
facet normal -0.25881904269832323 -0.9659258269332711 2.7193592276787495e-14
outer loop
vertex 139.87490910000048 -219.26331820000016 2
vertex 115.6450000275337 -212.7709336959916 0
vertex 116.38011240486856 -212.96790646188353 0
endloop
endfacet
facet normal -0.25881904269832323 -0.9659258269332711 2.7193592276787495e-14
outer loop
vertex 139.87490910000048 -219.26331820000016 2
vertex 116.38011240486856 -212.96790646188353 0
vertex 117.14460375602002 -213.1727513000057 0
endloop
endfacet
facet normal -0.25881904269832323 -0.9659258269332711 2.7193592276787495e-14
outer loop
vertex 139.87490910000048 -219.26331820000016 2
vertex 117.14460375602002 -213.1727513000057 0
vertex 117.90909510712058 -213.37759613811423 0
endloop
endfacet
facet normal -0.25881904269832323 -0.9659258269332711 2.7193592276787495e-14
outer loop
vertex 139.87490910000048 -219.26331820000016 2
vertex 117.90909510712058 -213.37759613811423 0
vertex 118.64420748448089 -213.57456890401298 0
endloop
endfacet
facet normal -0.25881904269832323 -0.9659258269332711 2.7193592276787495e-14
outer loop
vertex 139.87490910000048 -219.26331820000016 2
vertex 118.64420748448089 -213.57456890401298 0
vertex 119.32169093120942 -213.756100044642 0
endloop
endfacet
facet normal -0.25881904269832323 -0.9659258269332711 2.7193592276787495e-14
outer loop
vertex 139.87490910000048 -219.26331820000016 2
vertex 119.32169093120942 -213.756100044642 0
vertex 119.9155101390813 -213.91521342025723 0
endloop
endfacet
facet normal -0.25881904269832323 -0.9659258269332711 2.7193592276787495e-14
outer loop
vertex 139.87490910000048 -219.26331820000016 2
vertex 119.9155101390813 -213.91521342025723 0
vertex 120.40284496838291 -214.0457943929121 0
endloop
endfacet
facet normal -0.25881904269832323 -0.9659258269332711 2.7193592276787495e-14
outer loop
vertex 139.87490910000048 -219.26331820000016 2
vertex 120.40284496838291 -214.0457943929121 0
vertex 120.76496741522746 -214.14282480913923 0
endloop
endfacet
facet normal -0.25881904269832323 -0.9659258269332711 2.7193592276787495e-14
outer loop
vertex 139.87490910000048 -219.26331820000016 2
vertex 120.76496741522746 -214.14282480913923 0
vertex 120.98796131693348 -214.20257584442354 0
endloop
endfacet
facet normal -0.25881904269832323 -0.9659258269332711 2.7193592276787495e-14
outer loop
vertex 139.87490910000048 -219.26331820000016 2
vertex 120.98796131693348 -214.20257584442354 0
vertex 121.0632571429615 -214.2227513000003 0
endloop
endfacet
facet normal -0.25881904269832323 -0.9659258269332711 2.7193592276787495e-14
outer loop
vertex 139.87490910000048 -219.26331820000016 2
vertex 121.0632571429615 -214.2227513000003 0
vertex 139.8749091000008 -219.26331820000024 0
endloop
endfacet
facet normal 0 0 1
outer loop
vertex 157.63245505000052 -225.72654150000017 2
vertex 152.7174169524229 -223.93761250935597 2
vertex 152.6548121466229 -223.91482620539946 2
endloop
endfacet
facet normal 0 0 1
outer loop
vertex 157.63245505000052 -225.72654150000017 2
vertex 152.6548121466229 -223.91482620539946 2
vertex 152.46887729475748 -223.84715139998195 2
endloop
endfacet
facet normal 0 0 1
outer loop
vertex 157.63245505000052 -225.72654150000017 2
vertex 152.46887729475748 -223.84715139998195 2
vertex 139.87490910000048 -219.26331820000016 2
endloop
endfacet
facet normal 0 0 1
outer loop
vertex 157.63245505000052 -225.72654150000017 2
vertex 139.87490910000048 -219.26331820000016 2
vertex 139.8749091000008 -219.26331820000024 0
endloop
endfacet
facet normal 0 0 1
outer loop
vertex 157.63245505000052 -225.72654150000017 2
vertex 139.8749091000008 -219.26331820000024 0
vertex 157.63245505000037 -225.7265415000001 0
endloop
endfacet
facet normal -0.2672390119122392 -0.9636302768760279 0
outer loop
vertex 158.16169499009476 -225.87331310115178 2
vertex 157.63245505000052 -225.72654150000017 2
vertex 157.63245505000037 -225.7265415000001 0
endloop
endfacet
facet normal -0.2672390119122392 -0.9636302768760279 0
outer loop
vertex 158.16169499009476 -225.87331310115178 2
vertex 157.63245505000037 -225.7265415000001 0
vertex 158.16169499009487 -225.87331310115178 0
endloop
endfacet
facet normal -0.11320356820613135 -0.9935718152933888 0
outer loop
vertex 158.70737926405783 -225.93548616803608 2
vertex 158.16169499009476 -225.87331310115178 2
vertex 158.16169499009487 -225.87331310115178 0
endloop
endfacet
facet normal -0.11320356820613135 -0.9935718152933888 0
outer loop
vertex 158.70737926405783 -225.93548616803608 2
vertex 158.16169499009487 -225.87331310115178 0
vertex 158.70737926405795 -225.93548616803608 0
endloop
endfacet
facet normal 0.04361933378538653 -0.9990482239212074 0
outer loop
vertex 159.25607126229426 -225.91152978750972 2
vertex 158.70737926405783 -225.93548616803608 2
vertex 158.70737926405795 -225.93548616803608 0
endloop
endfacet
facet normal 0.04361933378538653 -0.9990482239212074 0
outer loop
vertex 159.25607126229426 -225.91152978750972 2
vertex 158.70737926405795 -225.93548616803608 0
vertex 159.25607126229414 -225.91152978750972 0
endloop
endfacet
facet normal 0.19936817887847225 -0.9799246548845892 0
outer loop
vertex 159.7942603147693 -225.8020338474398 2
vertex 159.25607126229426 -225.91152978750972 2
vertex 159.25607126229414 -225.91152978750972 0
endloop
endfacet
facet normal 0.19936817887847225 -0.9799246548845892 0
outer loop
vertex 159.7942603147693 -225.8020338474398 2
vertex 159.25607126229414 -225.91152978750972 0
vertex 159.79426031476953 -225.80203384743973 0
endloop
endfacet
facet normal 0.3502078988362007 -0.9366719957342238 0
outer loop
vertex 160.30869436982866 -225.6096945116503 2
vertex 159.7942603147693 -225.8020338474398 2
vertex 159.79426031476953 -225.80203384743973 0
endloop
endfacet
facet normal 0.3502078988362007 -0.9366719957342238 0
outer loop
vertex 160.30869436982866 -225.6096945116503 2
vertex 159.79426031476953 -225.80203384743973 0
vertex 160.30869436982863 -225.60969451165033 0
endloop
endfacet
facet normal 0.4924243048407698 -0.8703552745873863 0
outer loop
vertex 160.78670630494253 -225.33924783116615 2
vertex 160.30869436982866 -225.6096945116503 2
vertex 160.30869436982863 -225.60969451165033 0
endloop
endfacet
facet normal 0.4924243048407698 -0.8703552745873863 0
outer loop
vertex 160.78670630494253 -225.33924783116615 2
vertex 160.30869436982863 -225.60969451165033 0
vertex 160.7867063049425 -225.33924783116618 0
endloop
endfacet
facet normal 0.6225155435005525 -0.7826074355002078 0
outer loop
vertex 161.216525834508 -224.99735312646845 2
vertex 160.78670630494253 -225.33924783116615 2
vertex 160.7867063049425 -225.33924783116618 0
endloop
endfacet
facet normal 0.6225155435005525 -0.7826074355002078 0
outer loop
vertex 161.216525834508 -224.99735312646845 2
vertex 160.7867063049425 -225.33924783116618 0
vertex 161.21652583450816 -224.99735312646823 0
endloop
endfacet
facet normal 0.737278324435145 -0.6755891298104973 0
outer loop
vertex 161.5875693344581 -224.59242901229197 2
vertex 161.216525834508 -224.99735312646845 2
vertex 161.21652583450816 -224.99735312646823 0
endloop
endfacet
facet normal 0.737278324435145 -0.6755891298104973 0
outer loop
vertex 161.5875693344581 -224.59242901229197 2
vertex 161.21652583450816 -224.99735312646823 0
vertex 161.58756933445812 -224.59242901229194 0
endloop
endfacet
facet normal 0.8338867962188866 -0.5519355135265362 0
outer loop
vertex 161.89070044721407 -224.1344461025943 2
vertex 161.5875693344581 -224.59242901229197 2
vertex 161.58756933445812 -224.59242901229194 0
endloop
endfacet
facet normal 0.8338867962188866 -0.5519355135265362 0
outer loop
vertex 161.89070044721407 -224.1344461025943 2
vertex 161.58756933445812 -224.59242901229194 0
vertex 161.890700447214 -224.13444610259447 0
endloop
endfacet
facet normal 0 0 1
outer loop
vertex 162.11845009999985 -223.63468300000036 2
vertex 162.07198411323117 -223.7366457710894 2
vertex 162.02162659386568 -223.847147937873 2
endloop
endfacet
facet normal 0 0 1
outer loop
vertex 162.11845009999985 -223.63468300000036 2
vertex 162.02162659386568 -223.847147937873 2
vertex 161.99078637315935 -223.91482226446954 2
endloop
endfacet
facet normal 0 0 1
outer loop
vertex 162.11845009999985 -223.63468300000036 2
vertex 161.99078637315935 -223.91482226446954 2
vertex 161.98040051167246 -223.93761250935597 2
endloop
endfacet
facet normal 0 0 1
outer loop
vertex 162.11845009999985 -223.63468300000036 2
vertex 161.98040051167246 -223.93761250935597 2
vertex 161.89070044721407 -224.1344461025943 2
endloop
endfacet
facet normal 0 0 1
outer loop
vertex 162.11845009999985 -223.63468300000036 2
vertex 161.89070044721407 -224.1344461025943 2
vertex 161.890700447214 -224.13444610259447 0
endloop
endfacet
facet normal 0 0 1
outer loop
vertex 162.11845009999985 -223.63468300000036 2
vertex 161.890700447214 -224.13444610259447 0
vertex 162.11845009999993 -223.6346830000002 0
endloop
endfacet
facet normal 0 0 1
outer loop
vertex 168.63392515000012 -205.73354199999977 2
vertex 162.36742267196266 -222.95063570005115 2
vertex 162.2811727961535 -223.18760555662243 2
endloop
endfacet
facet normal 0 0 1
outer loop
vertex 168.63392515000012 -205.73354199999977 2
vertex 162.2811727961535 -223.18760555662243 2
vertex 162.2032170875589 -223.40178735006006 2
endloop
endfacet
facet normal 0 0 1
outer loop
vertex 168.63392515000012 -205.73354199999977 2
vertex 162.2032170875589 -223.40178735006006 2
vertex 162.13592418096334 -223.58667330235397 2
endloop
endfacet
facet normal 0 0 1
outer loop
vertex 168.63392515000012 -205.73354199999977 2
vertex 162.13592418096334 -223.58667330235397 2
vertex 162.11845009999985 -223.63468300000036 2
endloop
endfacet
facet normal 0 0 1
outer loop
vertex 168.63392515000012 -205.73354199999977 2
vertex 162.11845009999985 -223.63468300000036 2
vertex 162.11845009999993 -223.6346830000002 0
endloop
endfacet
facet normal 0 0 1
outer loop
vertex 168.63392515000012 -205.73354199999977 2
vertex 162.11845009999993 -223.6346830000002 0
vertex 163.70949495512104 -219.26331820000024 0
endloop
endfacet
facet normal 0 0 1
outer loop
vertex 168.63392515000012 -205.73354199999977 2
vertex 163.70949495512104 -219.26331820000024 0
vertex 165.5441091774662 -214.2227513000003 0
endloop
endfacet
facet normal 0 0 1
outer loop
vertex 168.63392515000012 -205.73354199999977 2
vertex 165.5441091774662 -214.2227513000003 0
vertex 165.5514524343811 -214.20257584442354 0
endloop
endfacet
facet normal 0 0 1
outer loop
vertex 168.63392515000012 -205.73354199999977 2
vertex 165.5514524343811 -214.20257584442354 0
vertex 165.5732000078797 -214.14282480913923 0
endloop
endfacet
facet normal 0 0 1
outer loop
vertex 168.63392515000012 -205.73354199999977 2
vertex 165.5732000078797 -214.14282480913923 0
vertex 165.60851615091323 -214.0457943929121 0
endloop
endfacet
facet normal 0 0 1
outer loop
vertex 168.63392515000012 -205.73354199999977 2
vertex 165.60851615091323 -214.0457943929121 0
vertex 165.6560436838977 -213.91521342025723 0
endloop
endfacet
facet normal 0 0 1
outer loop
vertex 168.63392515000012 -205.73354199999977 2
vertex 165.6560436838977 -213.91521342025723 0
vertex 165.71395615042385 -213.756100044642 0
endloop
endfacet
facet normal 0 0 1
outer loop
vertex 168.63392515000012 -205.73354199999977 2
vertex 165.71395615042385 -213.756100044642 0
vertex 165.7800280068249 -213.57456890401298 0
endloop
endfacet
facet normal 0 0 1
outer loop
vertex 168.63392515000012 -205.73354199999977 2
vertex 165.7800280068249 -213.57456890401298 0
vertex 165.8517201487807 -213.37759613811423 0
endloop
endfacet
facet normal 0 0 1
outer loop
vertex 168.63392515000012 -205.73354199999977 2
vertex 165.8517201487807 -213.37759613811423 0
vertex 165.92627748743396 -213.1727513000057 0
endloop
endfacet
facet normal 0 0 1
outer loop
vertex 168.63392515000012 -205.73354199999977 2
vertex 165.92627748743396 -213.1727513000057 0
vertex 166.00083482609224 -212.96790646188353 0
endloop
endfacet
facet normal 0 0 1
outer loop
vertex 168.63392515000012 -205.73354199999977 2
vertex 166.00083482609224 -212.96790646188353 0
vertex 166.07252696804557 -212.7709336959916 0
endloop
endfacet
facet normal 0 0 1
outer loop
vertex 168.63392515000012 -205.73354199999977 2
vertex 166.07252696804557 -212.7709336959916 0
vertex 166.13859882445527 -212.58940255533867 0
endloop
endfacet
facet normal 0 0 1
outer loop
vertex 168.63392515000012 -205.73354199999977 2
vertex 166.13859882445527 -212.58940255533867 0
vertex 166.19651129096562 -212.4302891797669 0
endloop
endfacet
facet normal 0 0 1
outer loop
vertex 168.63392515000012 -205.73354199999977 2
vertex 166.19651129096562 -212.4302891797669 0
vertex 166.24403882396683 -212.29970820706603 0
endloop
endfacet
facet normal 0 0 1
outer loop
vertex 168.63392515000012 -205.73354199999977 2
vertex 166.24403882396683 -212.29970820706603 0
vertex 166.27935496698714 -212.2026777908752 0
endloop
endfacet
facet normal 0 0 1
outer loop
vertex 168.63392515000012 -205.73354199999977 2
vertex 166.27935496698714 -212.2026777908752 0
vertex 166.30110254049126 -212.14292675557581 0
endloop
endfacet
facet normal 0 0 1
outer loop
vertex 168.63392515000012 -205.73354199999977 2
vertex 166.30110254049126 -212.14292675557581 0
vertex 166.30844579740568 -212.12275130000032 0
endloop
endfacet
facet normal 0 0 1
outer loop
vertex 168.63392515000012 -205.73354199999977 2
vertex 166.30844579740568 -212.12275130000032 0
vertex 166.36782547154473 -211.95960679999993 0
endloop
endfacet
facet normal 0 0 1
outer loop
vertex 168.63392515000012 -205.73354199999977 2
vertex 166.36782547154473 -211.95960679999993 0
vertex 167.5396651758524 -208.74 0
endloop
endfacet
facet normal 0 0 1
outer loop
vertex 168.63392515000012 -205.73354199999977 2
vertex 167.5396651758524 -208.74 0
vertex 168.63392515000004 -205.73354199999997 0
endloop
endfacet
facet normal 0.9659251049221835 -0.2588217372653783 0
outer loop
vertex 168.79182971672444 -205.14424070408708 2
vertex 168.63392515000012 -205.73354199999977 2
vertex 168.63392515000004 -205.73354199999997 0
endloop
endfacet
facet normal 0.9659251049221835 -0.2588217372653783 0
outer loop
vertex 168.79182971672444 -205.14424070408708 2
vertex 168.63392515000004 -205.73354199999997 0
vertex 168.79182971672446 -205.14424070408685 0
endloop
endfacet
facet normal 0 0 -1
outer loop
vertex 168.8450042880877 -204.53647233102507 2
vertex 168.82221577388296 -204.796937801022 2
vertex 168.80011887319316 -205.04949830001243 2
endloop
endfacet
facet normal 0 0 -1
outer loop
vertex 168.8450042880877 -204.53647233102507 2
vertex 168.80011887319316 -205.04949830001243 2
vertex 168.79182971672444 -205.14424070408708 2
endloop
endfacet
facet normal 0 0 -1
outer loop
vertex 168.8450042880877 -204.53647233102507 2
vertex 168.79182971672444 -205.14424070408708 2
vertex 168.79182971672446 -205.14424070408685 0
endloop
endfacet
facet normal 0 0 -1
outer loop
vertex 168.8450042880877 -204.53647233102507 2
vertex 168.79182971672446 -205.14424070408685 0
vertex 168.8450042880877 -204.53647238102508 0
endloop
endfacet
facet normal 0 0 1
outer loop
vertex 168.79183318243506 -203.9287037047529 2
vertex 168.80012132933356 -204.02344079161662 2
vertex 168.82221640112877 -204.27599697354134 2
endloop
endfacet
facet normal 0 0 1
outer loop
vertex 168.79183318243506 -203.9287037047529 2
vertex 168.82221640112877 -204.27599697354134 2
vertex 168.8450042880877 -204.53647233102507 2
endloop
endfacet
facet normal 0 0 1
outer loop
vertex 168.79183318243506 -203.9287037047529 2
vertex 168.8450042880877 -204.53647233102507 2
vertex 168.8450042880877 -204.53647238102508 0
endloop
endfacet
facet normal 0 0 1
outer loop
vertex 168.79183318243506 -203.9287037047529 2
vertex 168.8450042880877 -204.53647238102508 0
vertex 168.79183318243506 -203.92870375475283 0
endloop
endfacet
facet normal 0 0 1
outer loop
vertex 168.63393197611748 -203.3394015084213 2
vertex 168.64679496658246 -203.38740740216454 2
vertex 168.69633410575406 -203.5722921424336 2
endloop
endfacet
facet normal 0 0 1
outer loop
vertex 168.63393197611748 -203.3394015084213 2
vertex 168.69633410575406 -203.5722921424336 2
vertex 168.75372288904953 -203.78647249500673 2
endloop
endfacet
facet normal 0 0 1
outer loop
vertex 168.63393197611748 -203.3394015084213 2
vertex 168.75372288904953 -203.78647249500673 2
vertex 168.79183318243506 -203.9287037047529 2
endloop
endfacet
facet normal 0 0 1
outer loop
vertex 168.63393197611748 -203.3394015084213 2
vertex 168.79183318243506 -203.9287037047529 2
vertex 168.79183318243506 -203.92870375475283 0
endloop
endfacet
facet normal 0 0 1
outer loop
vertex 168.63393197611748 -203.3394015084213 2
vertex 168.79183318243506 -203.92870375475283 0
vertex 168.63393197611742 -203.3394015584216 0
endloop
endfacet
facet normal 0 0 -1
outer loop
vertex 168.37609841504562 -202.78647138232785 2
vertex 168.53485758489597 -203.12693415000993 2
vertex 168.5863849632919 -203.23743582293133 2
endloop
endfacet
facet normal 0 0 -1
outer loop
vertex 168.37609841504562 -202.78647138232785 2
vertex 168.5863849632919 -203.23743582293133 2
vertex 168.63393197611748 -203.3394015084213 2
endloop
endfacet
facet normal 0 0 -1
outer loop
vertex 168.37609841504562 -202.78647138232785 2
vertex 168.63393197611748 -203.3394015084213 2
vertex 168.63393197611742 -203.3394015584216 0
endloop
endfacet
facet normal 0 0 -1
outer loop
vertex 168.37609841504562 -202.78647138232785 2
vertex 168.63393197611742 -203.3394015584216 0
vertex 168.37609841504562 -202.78647143232777 0
endloop
endfacet
facet normal 0.819153765365425 0.57357397839132 0
outer loop
vertex 168.02616663767944 -202.28671382035736 2
vertex 168.37609841504562 -202.78647138232785 2
vertex 168.37609841504562 -202.78647143232777 0
endloop
endfacet
facet normal 0.819153765365425 0.57357397839132 0
outer loop
vertex 168.02616663767944 -202.28671382035736 2
vertex 168.37609841504562 -202.78647143232777 0
vertex 168.0261666376794 -202.2867138703573 0
endloop
endfacet
facet normal 0.7071089331264514 0.7071046292400948 0
outer loop
vertex 167.59476913881144 -201.85531369573127 2
vertex 168.02616663767944 -202.28671382035736 2
vertex 168.0261666376794 -202.2867138703573 0
endloop
endfacet
facet normal 0.7071089331264514 0.7071046292400948 0
outer loop
vertex 167.59476913881144 -201.85531369573127 2
vertex 168.0261666376794 -202.2867138703573 0
vertex 167.59476913881147 -201.85531374573108 0
endloop
endfacet
facet normal 0.5735789642539745 0.8191502742264927 0
outer loop
vertex 167.0950137067502 -201.5053788765395 2
vertex 167.59476913881144 -201.85531369573127 2
vertex 167.59476913881147 -201.85531374573108 0
endloop
endfacet
facet normal 0.5735789642539745 0.8191502742264927 0
outer loop
vertex 167.0950137067502 -201.5053788765395 2
vertex 167.59476913881147 -201.85531374573108 0
vertex 167.09501370675005 -201.5053789265396 0
endloop
endfacet
facet normal 0.4226153597313379 0.9063091402601829 0
outer loop
vertex 166.5420802999997 -201.24754390000032 2
vertex 167.0950137067502 -201.5053788765395 2
vertex 167.09501370675005 -201.5053789265396 0
endloop
endfacet
facet normal 0.4226153597313379 0.9063091402601829 0
outer loop
vertex 166.5420802999997 -201.24754390000032 2
vertex 167.09501370675005 -201.5053789265396 0
vertex 166.5420803 -201.247544 0
endloop
endfacet
facet normal 0.3420201540178297 0.9396926168942801 0
outer loop
vertex 152.8023402 -196.2466874 2
vertex 166.5420802999997 -201.24754390000032 2
vertex 166.5420803 -201.247544 0
endloop
endfacet
facet normal 0.3420201540178297 0.9396926168942801 0
outer loop
vertex 152.8023402 -196.2466874 2
vertex 166.5420803 -201.247544 0
vertex 152.8023402 -196.2466874 0
endloop
endfacet
facet normal 0 0 -1
outer loop
vertex 152.88304275000002 -105.62257500000013 2
vertex 152.8781917111673 -111.07 2
vertex 152.8023402 -196.2466874 2
endloop
endfacet
facet normal 0 0 -1
outer loop
vertex 152.88304275000002 -105.62257500000013 2
vertex 152.8023402 -196.2466874 2
vertex 152.8023402 -196.2466874 0
endloop
endfacet
facet normal 0 0 -1
outer loop
vertex 152.88304275000002 -105.62257500000013 2
vertex 152.8023402 -196.2466874 0
vertex 152.81542788845644 -181.55 0
endloop
endfacet
facet normal 0 0 -1
outer loop
vertex 152.88304275000002 -105.62257500000013 2
vertex 152.81542788845644 -181.55 0
vertex 152.81544585509545 -181.52982454442252 0
endloop
endfacet
facet normal 0 0 -1
outer loop
vertex 152.88304275000002 -105.62257500000013 2
vertex 152.81544585509545 -181.52982454442252 0
vertex 152.8154990645646 -181.4700735091359 0
endloop
endfacet
facet normal 0 0 -1
outer loop
vertex 152.88304275000002 -105.62257500000013 2
vertex 152.8154990645646 -181.4700735091359 0
vertex 152.8155854720538 -181.37304309293614 0
endloop
endfacet
facet normal 0 0 -1
outer loop
vertex 152.88304275000002 -105.62257500000013 2
vertex 152.8155854720538 -181.37304309293614 0
vertex 152.8157017569718 -181.24246212022743 0
endloop
endfacet
facet normal 0 0 -1
outer loop
vertex 152.88304275000002 -105.62257500000013 2
vertex 152.8157017569718 -181.24246212022743 0
vertex 152.81584345055433 -181.08334874465083 0
endloop
endfacet
facet normal 0 0 -1
outer loop
vertex 152.88304275000002 -105.62257500000013 2
vertex 152.81584345055433 -181.08334874465083 0
vertex 152.81600510759642 -180.90181760400583 0
endloop
endfacet
facet normal 0 0 -1
outer loop
vertex 152.88304275000002 -105.62257500000013 2
vertex 152.81600510759642 -180.90181760400583 0
vertex 152.81618051570877 -180.70484483813473 0
endloop
endfacet
facet normal 0 0 -1
outer loop
vertex 152.88304275000002 -105.62257500000013 2
vertex 152.81618051570877 -180.70484483813473 0
vertex 152.81636293405583 -180.50000000004107 0
endloop
endfacet
facet normal 0 0 -1
outer loop
vertex 152.88304275000002 -105.62257500000013 2
vertex 152.81636293405583 -180.50000000004107 0
vertex 152.816545352403 -180.29515516180777 0
endloop
endfacet
facet normal 0 0 -1
outer loop
vertex 152.88304275000002 -105.62257500000013 2
vertex 152.816545352403 -180.29515516180777 0
vertex 152.8167207605152 -180.09818239605994 0
endloop
endfacet
facet normal 0 0 -1
outer loop
vertex 152.88304275000002 -105.62257500000013 2
vertex 152.8167207605152 -180.09818239605994 0
vertex 152.8168824175574 -179.9166512553478 0
endloop
endfacet
facet normal 0 0 -1
outer loop
vertex 152.88304275000002 -105.62257500000013 2
vertex 152.8168824175574 -179.9166512553478 0
vertex 152.81702411113994 -179.7575378797133 0
endloop
endfacet
facet normal 0 0 -1
outer loop
vertex 152.88304275000002 -105.62257500000013 2
vertex 152.81702411113994 -179.7575378797133 0
vertex 152.81714039605788 -179.62695690709006 0
endloop
endfacet
facet normal 0 0 -1
outer loop
vertex 152.88304275000002 -105.62257500000013 2
vertex 152.81714039605788 -179.62695690709006 0
vertex 152.81722680354713 -179.5299264908647 0
endloop
endfacet
facet normal 0 0 -1
outer loop
vertex 152.88304275000002 -105.62257500000013 2
vertex 152.81722680354713 -179.5299264908647 0
vertex 152.81728001301624 -179.47017545558495 0
endloop
endfacet
facet normal 0 0 -1
outer loop
vertex 152.88304275000002 -105.62257500000013 2
vertex 152.81728001301624 -179.47017545558495 0
vertex 152.81729797965528 -179.45000000000024 0
endloop
endfacet
facet normal 0 0 -1
outer loop
vertex 152.88304275000002 -105.62257500000013 2
vertex 152.81729797965528 -179.45000000000024 0
vertex 152.82560652769573 -170.12000000000006 0
endloop
endfacet
facet normal 0 0 -1
outer loop
vertex 152.88304275000002 -105.62257500000013 2
vertex 152.82560652769573 -170.12000000000006 0
vertex 152.82562449433473 -170.09982454442533 0
endloop
endfacet
facet normal 0 0 -1
outer loop
vertex 152.88304275000002 -105.62257500000013 2
vertex 152.82562449433473 -170.09982454442533 0
vertex 152.82567770380388 -170.04007350913304 0
endloop
endfacet
facet normal 0 0 -1
outer loop
vertex 152.88304275000002 -105.62257500000013 2
vertex 152.82567770380388 -170.04007350913304 0
vertex 152.82576411129313 -169.94304309291553 0
endloop
endfacet
facet normal 0 0 -1
outer loop
vertex 152.88304275000002 -105.62257500000013 2
vertex 152.82576411129313 -169.94304309291553 0
vertex 152.8258803962111 -169.81246212023746 0
endloop
endfacet
facet normal 0 0 -1
outer loop
vertex 152.88304275000002 -105.62257500000013 2
vertex 152.8258803962111 -169.81246212023746 0
vertex 152.82602208979358 -169.65334874468024 0
endloop
endfacet
facet normal 0 0 -1
outer loop
vertex 152.88304275000002 -105.62257500000013 2
vertex 152.82602208979358 -169.65334874468024 0
vertex 152.8261837468357 -169.47181760401247 0
endloop
endfacet
facet normal 0 0 -1
outer loop
vertex 152.88304275000002 -105.62257500000013 2
vertex 152.8261837468357 -169.47181760401247 0
vertex 152.82635915494808 -169.27484483809866 0
endloop
endfacet
facet normal 0 0 -1
outer loop
vertex 152.88304275000002 -105.62257500000013 2
vertex 152.82635915494808 -169.27484483809866 0
vertex 152.82654157329515 -169.07000000000218 0
endloop
endfacet
facet normal 0 0 -1
outer loop
vertex 152.88304275000002 -105.62257500000013 2
vertex 152.82654157329515 -169.07000000000218 0
vertex 152.8267239916422 -168.86515516189786 0
endloop
endfacet
facet normal 0 0 -1
outer loop
vertex 152.88304275000002 -105.62257500000013 2
vertex 152.8267239916422 -168.86515516189786 0
vertex 152.82689939975455 -168.66818239602262 0
endloop
endfacet
facet normal 0 0 -1
outer loop
vertex 152.88304275000002 -105.62257500000013 2
vertex 152.82689939975455 -168.66818239602262 0
vertex 152.8270610567967 -168.48665125530596 0
endloop
endfacet
facet normal 0 0 -1
outer loop
vertex 152.88304275000002 -105.62257500000013 2
vertex 152.8270610567967 -168.48665125530596 0
vertex 152.8272027503792 -168.32753787975102 0
endloop
endfacet
facet normal 0 0 -1
outer loop
vertex 152.88304275000002 -105.62257500000013 2
vertex 152.8272027503792 -168.32753787975102 0
vertex 152.82731903529717 -168.1969569070844 0
endloop
endfacet
facet normal 0 0 -1
outer loop
vertex 152.88304275000002 -105.62257500000013 2
vertex 152.82731903529717 -168.1969569070844 0
vertex 152.82740544278641 -168.09992649085646 0
endloop
endfacet
facet normal 0 0 -1
outer loop
vertex 152.88304275000002 -105.62257500000013 2
vertex 152.82740544278641 -168.09992649085646 0
vertex 152.82745865225556 -168.04017545557852 0
endloop
endfacet
facet normal 0 0 -1
outer loop
vertex 152.88304275000002 -105.62257500000013 2
vertex 152.82745865225556 -168.04017545557852 0
vertex 152.82747661889456 -168.0200000000003 0
endloop
endfacet
facet normal 0 0 -1
outer loop
vertex 152.88304275000002 -105.62257500000013 2
vertex 152.82747661889456 -168.0200000000003 0
vertex 152.8492676339589 -143.5499999999971 0
endloop
endfacet
facet normal 0 0 -1
outer loop
vertex 152.88304275000002 -105.62257500000013 2
vertex 152.8492676339589 -143.5499999999971 0
vertex 152.84928560059788 -143.52982454442193 0
endloop
endfacet
facet normal 0 0 -1
outer loop
vertex 152.88304275000002 -105.62257500000013 2
vertex 152.84928560059788 -143.52982454442193 0
vertex 152.84933881006705 -143.47007350913023 0
endloop
endfacet
facet normal 0 0 -1
outer loop
vertex 152.88304275000002 -105.62257500000013 2
vertex 152.84933881006705 -143.47007350913023 0
vertex 152.84942521755627 -143.3730430929286 0
endloop
endfacet
facet normal 0 0 -1
outer loop
vertex 152.88304275000002 -105.62257500000013 2
vertex 152.84942521755627 -143.3730430929286 0
vertex 152.84954150247424 -143.24246212024138 0
endloop
endfacet
facet normal 0 0 -1
outer loop
vertex 152.88304275000002 -105.62257500000013 2
vertex 152.84954150247424 -143.24246212024138 0
vertex 152.84968319605673 -143.08334874469773 0
endloop
endfacet
facet normal 0 0 -1
outer loop
vertex 152.88304275000002 -105.62257500000013 2
vertex 152.84968319605673 -143.08334874469773 0
vertex 152.8498448530989 -142.9018176039926 0
endloop
endfacet
facet normal 0 0 -1
outer loop
vertex 152.88304275000002 -105.62257500000013 2
vertex 152.8498448530989 -142.9018176039926 0
vertex 152.85002026121126 -142.7048448380752 0
endloop
endfacet
facet normal 0 0 -1
outer loop
vertex 152.88304275000002 -105.62257500000013 2
vertex 152.85002026121126 -142.7048448380752 0
vertex 152.85020267955827 -142.50000000004107 0
endloop
endfacet
facet normal 0 0 -1
outer loop
vertex 152.88304275000002 -105.62257500000013 2
vertex 152.85020267955827 -142.50000000004107 0
vertex 152.85038509790542 -142.29515516183608 0
endloop
endfacet
facet normal 0 0 -1
outer loop
vertex 152.88304275000002 -105.62257500000013 2
vertex 152.85038509790542 -142.29515516183608 0
vertex 152.85056050601773 -142.0981823959731 0
endloop
endfacet
facet normal 0 0 -1
outer loop
vertex 152.88304275000002 -105.62257500000013 2
vertex 152.85056050601773 -142.0981823959731 0
vertex 152.8507221630598 -141.91665125539149 0
endloop
endfacet
facet normal 0 0 -1
outer loop
vertex 152.88304275000002 -105.62257500000013 2
vertex 152.8507221630598 -141.91665125539149 0
vertex 152.8508638566424 -141.75753787970075 0
endloop
endfacet
facet normal 0 0 -1
outer loop
vertex 152.88304275000002 -105.62257500000013 2
vertex 152.8508638566424 -141.75753787970075 0
vertex 152.85098014156029 -141.62695690712644 0
endloop
endfacet
facet normal 0 0 -1
outer loop
vertex 152.88304275000002 -105.62257500000013 2
vertex 152.85098014156029 -141.62695690712644 0
vertex 152.85106654904956 -141.52992649084146 0
endloop
endfacet
facet normal 0 0 -1
outer loop
vertex 152.88304275000002 -105.62257500000013 2
vertex 152.85106654904956 -141.52992649084146 0
vertex 152.8511197585187 -141.47017545557492 0
endloop
endfacet
facet normal 0 0 -1
outer loop
vertex 152.88304275000002 -105.62257500000013 2
vertex 152.8511197585187 -141.47017545557492 0
vertex 152.8511377251577 -141.44999999999612 0
endloop
endfacet
facet normal 0 0 -1
outer loop
vertex 152.88304275000002 -105.62257500000013 2
vertex 152.8511377251577 -141.44999999999612 0
vertex 152.8594462731982 -132.12000000000023 0
endloop
endfacet
facet normal 0 0 -1
outer loop
vertex 152.88304275000002 -105.62257500000013 2
vertex 152.8594462731982 -132.12000000000023 0
vertex 152.85946423983717 -132.09982454442374 0
endloop
endfacet
facet normal 0 0 -1
outer loop
vertex 152.88304275000002 -105.62257500000013 2
vertex 152.85946423983717 -132.09982454442374 0
vertex 152.85951744930634 -132.0400735091323 0
endloop
endfacet
facet normal 0 0 -1
outer loop
vertex 152.88304275000002 -105.62257500000013 2
vertex 152.85951744930634 -132.0400735091323 0
vertex 152.85960385679556 -131.9430430929175 0
endloop
endfacet
facet normal 0 0 -1
outer loop
vertex 152.88304275000002 -105.62257500000013 2
vertex 152.85960385679556 -131.9430430929175 0
vertex 152.85972014171352 -131.81246212025414 0
endloop
endfacet
facet normal 0 0 -1
outer loop
vertex 152.88304275000002 -105.62257500000013 2
vertex 152.85972014171352 -131.81246212025414 0
vertex 152.85986183529604 -131.65334874465864 0
endloop
endfacet
facet normal 0 0 -1
outer loop
vertex 152.88304275000002 -105.62257500000013 2
vertex 152.85986183529604 -131.65334874465864 0
vertex 152.86002349233817 -131.47181760398075 0
endloop
endfacet
facet normal 0 0 -1
outer loop
vertex 152.88304275000002 -105.62257500000013 2
vertex 152.86002349233817 -131.47181760398075 0
vertex 152.86019890045048 -131.27484483812958 0
endloop
endfacet
facet normal 0 0 -1
outer loop
vertex 152.88304275000002 -105.62257500000013 2
vertex 152.86019890045048 -131.27484483812958 0
vertex 152.86038131879758 -131.07000000000676 0
endloop
endfacet
facet normal 0 0 -1
outer loop
vertex 152.88304275000002 -105.62257500000013 2
vertex 152.86038131879758 -131.07000000000676 0
vertex 152.86056373714467 -130.8651551618836 0
endloop
endfacet
facet normal 0 0 -1
outer loop
vertex 152.88304275000002 -105.62257500000013 2
vertex 152.86056373714467 -130.8651551618836 0
vertex 152.86073914525699 -130.6681823960087 0
endloop
endfacet
facet normal 0 0 -1
outer loop
vertex 152.88304275000002 -105.62257500000013 2
vertex 152.86073914525699 -130.6681823960087 0
vertex 152.8609008022991 -130.48665125534927 0
endloop
endfacet
facet normal 0 0 -1
outer loop
vertex 152.88304275000002 -105.62257500000013 2
vertex 152.8609008022991 -130.48665125534927 0
vertex 152.86104249588166 -130.32753787974747 0
endloop
endfacet
facet normal 0 0 -1
outer loop
vertex 152.88304275000002 -105.62257500000013 2
vertex 152.86104249588166 -130.32753787974747 0
vertex 152.86115878079963 -130.19695690706746 0
endloop
endfacet
facet normal 0 0 -1
outer loop
vertex 152.88304275000002 -105.62257500000013 2
vertex 152.86115878079963 -130.19695690706746 0
vertex 152.86124518828885 -130.09992649086945 0
endloop
endfacet
facet normal 0 0 -1
outer loop
vertex 152.88304275000002 -105.62257500000013 2
vertex 152.86124518828885 -130.09992649086945 0
vertex 152.861298397758 -130.04017545557608 0
endloop
endfacet
facet normal 0 0 -1
outer loop
vertex 152.88304275000002 -105.62257500000013 2
vertex 152.861298397758 -130.04017545557608 0
vertex 152.861316364397 -130.01999999999995 0
endloop
endfacet
facet normal 0 0 -1
outer loop
vertex 152.88304275000002 -105.62257500000013 2
vertex 152.861316364397 -130.01999999999995 0
vertex 152.88304275000002 -105.62257500000013 0
endloop
endfacet
facet normal 0.9969834431429001 0.07761452247439136 0
outer loop
vertex 152.77946146426714 -104.29204015158662 2
vertex 152.88304275000002 -105.62257500000013 2
vertex 152.88304275000002 -105.62257500000013 0
endloop
endfacet
facet normal 0.9969834431429001 0.07761452247439136 0
outer loop
vertex 152.77946146426714 -104.29204015158662 2
vertex 152.88304275000002 -105.62257500000013 0
vertex 152.77946146426714 -104.29204015158663 0
endloop
endfacet
facet normal 0 0 1
outer loop
vertex 152.46889813182037 -102.99411778020374 2
vertex 152.48128246634013 -103.04587503274628 2
vertex 152.72633230112626 -104.07000000000102 2
endloop
endfacet
facet normal 0 0 1
outer loop
vertex 152.46889813182037 -102.99411778020374 2
vertex 152.72633230112626 -104.07000000000102 2
vertex 152.77946146426714 -104.29204015158662 2
endloop
endfacet
facet normal 0 0 1
outer loop
vertex 152.46889813182037 -102.99411778020374 2
vertex 152.77946146426714 -104.29204015158662 2
vertex 152.77946146426714 -104.29204015158663 0
endloop
endfacet
facet normal 0 0 1
outer loop
vertex 152.46889813182037 -102.99411778020374 2
vertex 152.77946146426714 -104.29204015158663 0
vertex 152.46889813182034 -102.99411778020367 0
endloop
endfacet
facet normal 0 0 -1
outer loop
vertex 151.95900852379816 -101.76080328129133 2
vertex 152.0962166077869 -102.09268044977824 2
vertex 152.46889813182037 -102.99411778020374 2
endloop
endfacet
facet normal 0 0 -1
outer loop
vertex 151.95900852379816 -101.76080328129133 2
vertex 152.46889813182037 -102.99411778020374 2
vertex 152.46889813182034 -102.99411778020367 0
endloop
endfacet
facet normal 0 0 -1
outer loop
vertex 151.95900852379816 -101.76080328129133 2
vertex 152.46889813182034 -102.99411778020367 0
vertex 151.95900852379816 -101.76080328129132 0
endloop
endfacet
facet normal 0 0 -1
outer loop
vertex 151.2623620511291 -100.62249938614093 2
vertex 151.56377436895917 -101.115 2
vertex 151.56387115097317 -101.11515813952678 2
endloop
endfacet
facet normal 0 0 -1
outer loop
vertex 151.2623620511291 -100.62249938614093 2
vertex 151.56387115097317 -101.11515813952678 2
vertex 151.63827531190512 -101.23673278251569 2
endloop
endfacet
facet normal 0 0 -1
outer loop
vertex 151.2623620511291 -100.62249938614093 2
vertex 151.63827531190512 -101.23673278251569 2
vertex 151.95900852379816 -101.76080328129133 2
endloop
endfacet
facet normal 0 0 -1
outer loop
vertex 151.2623620511291 -100.62249938614093 2
vertex 151.95900852379816 -101.76080328129133 2
vertex 151.95900852379816 -101.76080328129132 0
endloop
endfacet
facet normal 0 0 -1
outer loop
vertex 151.2623620511291 -100.62249938614093 2
vertex 151.95900852379816 -101.76080328129132 0
vertex 151.26236205112914 -100.62249938614097 0
endloop
endfacet
facet normal 0 0 1
outer loop
vertex 150.3961319129709 -99.60726669688054 2
vertex 150.65252918030842 -99.90776754044569 2
vertex 151.15926103898212 -100.50166369454286 2
endloop
endfacet
facet normal 0 0 1
outer loop
vertex 150.3961319129709 -99.60726669688054 2
vertex 151.15926103898212 -100.50166369454286 2
vertex 151.2623620511291 -100.62249938614093 2
endloop
endfacet
facet normal 0 0 1
outer loop
vertex 150.3961319129709 -99.60726669688054 2
vertex 151.2623620511291 -100.62249938614093 2
vertex 151.26236205112914 -100.62249938614097 0
endloop
endfacet
facet normal 0 0 1
outer loop
vertex 150.3961319129709 -99.60726669688054 2
vertex 151.26236205112914 -100.62249938614097 0
vertex 150.39613191297104 -99.60726669688069 0
endloop
endfacet
facet normal 0 0 -1
outer loop
vertex 149.38167175606182 -98.74013195784583 2
vertex 149.82022954384834 -99.115 2
vertex 149.92520541133266 -99.20473070143366 2
endloop
endfacet
facet normal 0 0 -1
outer loop
vertex 149.38167175606182 -98.74013195784583 2
vertex 149.92520541133266 -99.20473070143366 2
vertex 150.2372296256483 -99.47144106340339 2
endloop
endfacet
facet normal 0 0 -1
outer loop
vertex 149.38167175606182 -98.74013195784583 2
vertex 150.2372296256483 -99.47144106340339 2
vertex 150.3961319129709 -99.60726669688054 2
endloop
endfacet
facet normal 0 0 -1
outer loop
vertex 149.38167175606182 -98.74013195784583 2
vertex 150.3961319129709 -99.60726669688054 2
vertex 150.39613191297104 -99.60726669688069 0
endloop
endfacet
facet normal 0 0 -1
outer loop
vertex 149.38167175606182 -98.74013195784583 2
vertex 150.39613191297104 -99.60726669688069 0
vertex 149.38167175606173 -98.74013195784579 0
endloop
endfacet
facet normal 0.5227644430120435 0.8524771768923247 0
outer loop
vertex 148.24398928085793 -98.04247111530847 2
vertex 149.38167175606182 -98.74013195784583 2
vertex 149.38167175606173 -98.74013195784579 0
endloop
endfacet
facet normal 0.5227644430120435 0.8524771768923247 0
outer loop
vertex 148.24398928085793 -98.04247111530847 2
vertex 149.38167175606173 -98.74013195784579 0
vertex 148.24398928085787 -98.04247111530846 0
endloop
endfacet
facet normal 0.3828891181795558 0.9237943078303104 0
outer loop
vertex 147.01112977071455 -97.5314823739005 2
vertex 148.24398928085793 -98.04247111530847 2
vertex 148.24398928085787 -98.04247111530846 0
endloop
endfacet
facet normal 0.3828891181795558 0.9237943078303104 0
outer loop
vertex 147.01112977071455 -97.5314823739005 2
vertex 148.24398928085787 -98.04247111530846 0
vertex 147.01112977071452 -97.5314823739005 0
endloop
endfacet
facet normal 0.23357510193071088 0.9723387638873904 0
outer loop
vertex 145.71348474088626 -97.21976223955122 2
vertex 147.01112977071455 -97.5314823739005 2
vertex 147.01112977071452 -97.5314823739005 0
endloop
endfacet
facet normal 0.23357510193071088 0.9723387638873904 0
outer loop
vertex 145.71348474088626 -97.21976223955122 2
vertex 147.01112977071452 -97.5314823739005 0
vertex 145.71348474088623 -97.2197622395512 0
endloop
endfacet
facet normal 0 0 -1
outer loop
vertex 144.38304549999984 -97.11500071083333 2
vertex 144.38306558358653 -97.11500229225635 2
vertex 145.71348474088626 -97.21976223955122 2
endloop
endfacet
facet normal 0 0 -1
outer loop
vertex 144.38304549999984 -97.11500071083333 2
vertex 145.71348474088626 -97.21976223955122 2
vertex 145.71348474088623 -97.2197622395512 0
endloop
endfacet
facet normal 0 0 -1
outer loop
vertex 144.38304549999984 -97.11500071083333 2
vertex 145.71348474088623 -97.2197622395512 0
vertex 144.3830731069985 -97.11500229225634 0
endloop
endfacet
facet normal 0 0 -1
outer loop
vertex 144.38304549999984 -97.11500071083333 2
vertex 144.3830731069985 -97.11500229225634 0
vertex 144.38304550000007 -97.11500011841207 0
endloop
endfacet
facet normal 0 0 1
outer loop
vertex 30.569666200000142 -97.11500229225635 2
vertex 62.85509519729686 -97.11500229225635 2
vertex 94.38461106766849 -97.11500071083333 2
endloop
endfacet
facet normal 0 0 1
outer loop
vertex 30.569666200000142 -97.11500229225635 2
vertex 94.38461106766849 -97.11500071083333 2
vertex 144.38304549999984 -97.11500071083333 2
endloop
endfacet
facet normal 0 0 1
outer loop
vertex 30.569666200000142 -97.11500229225635 2
vertex 144.38304549999984 -97.11500071083333 2
vertex 144.38304550000007 -97.11500011841207 0
endloop
endfacet
facet normal 0 0 1
outer loop
vertex 30.569666200000142 -97.11500229225635 2
vertex 144.38304550000007 -97.11500011841207 0
vertex 94.3846110676685 -97.11500011841207 0
endloop
endfacet
facet normal 0 0 1
outer loop
vertex 30.569666200000142 -97.11500229225635 2
vertex 94.3846110676685 -97.11500011841207 0
vertex 62.85509519729686 -97.11500229225634 0
endloop
endfacet
facet normal 0 0 1
outer loop
vertex 30.569666200000142 -97.11500229225635 2
vertex 62.85509519729686 -97.11500229225634 0
vertex 30.56966620000003 -97.11500229225634 0
endloop
endfacet
facet normal -0.07853177782095605 0.9969116108624074 0
outer loop
vertex 29.23877150848375 -97.21984451700185 2
vertex 30.569666200000142 -97.11500229225635 2
vertex 30.56966620000003 -97.11500229225634 0
endloop
endfacet
facet normal -0.07853177782095605 0.9969116108624074 0
outer loop
vertex 29.23877150848375 -97.21984451700185 2
vertex 30.56966620000003 -97.11500229225634 0
vertex 29.238771508483808 -97.21984451700183 0
endloop
endfacet
facet normal -0.2336554570012335 0.972319457489947 0
outer loop
vertex 27.94070777812786 -97.53177869850634 2
vertex 29.23877150848375 -97.21984451700185 2
vertex 29.238771508483808 -97.21984451700183 0
endloop
endfacet
facet normal -0.2336554570012335 0.972319457489947 0
outer loop
vertex 27.94070777812786 -97.53177869850634 2
vertex 29.238771508483808 -97.21984451700183 0
vertex 27.94070777812783 -97.53177869850636 0
endloop
endfacet
facet normal -0.3830152930280511 0.923742001484525 0
outer loop
vertex 26.707495813586036 -98.04311091161955 2
vertex 27.94070777812786 -97.53177869850634 2
vertex 27.94070777812783 -97.53177869850636 0
endloop
endfacet
facet normal -0.3830152930280511 0.923742001484525 0
outer loop
vertex 26.707495813586036 -98.04311091161955 2
vertex 27.94070777812783 -97.53177869850636 0
vertex 26.707495813586007 -98.04311091161955 0
endloop
endfacet
facet normal -0.5229268580719547 0.8523775578386575 0
outer loop
vertex 25.569556647731787 -98.74122754691209 2
vertex 26.707495813586036 -98.04311091161955 2
vertex 26.707495813586007 -98.04311091161955 0
endloop
endfacet
facet normal -0.5229268580719547 0.8523775578386575 0
outer loop
vertex 25.569556647731787 -98.74122754691209 2
vertex 26.707495813586007 -98.04311091161955 0
vertex 25.569556647731872 -98.74122754691201 0
endloop
endfacet
facet normal 0 0 1
outer loop
vertex 24.554961111670337 -99.60890737257377 2
vertex 24.75987659067954 -99.43366411476062 2
vertex 25.03876880228026 -99.19515612124086 2
endloop
endfacet
facet normal 0 0 1
outer loop
vertex 24.554961111670337 -99.60890737257377 2
vertex 25.03876880228026 -99.19515612124086 2
vertex 25.132496972964617 -99.115 2
endloop
endfacet
facet normal 0 0 1
outer loop
vertex 24.554961111670337 -99.60890737257377 2
vertex 25.132496972964617 -99.115 2
vertex 25.569556647731787 -98.74122754691209 2
endloop
endfacet
facet normal 0 0 1
outer loop
vertex 24.554961111670337 -99.60890737257377 2
vertex 25.569556647731787 -98.74122754691209 2
vertex 25.569556647731872 -98.74122754691201 0
endloop
endfacet
facet normal 0 0 1
outer loop
vertex 24.554961111670337 -99.60890737257377 2
vertex 25.569556647731872 -98.74122754691201 0
vertex 24.55496111167031 -99.60890737257378 0
endloop
endfacet
facet normal 0 0 1
outer loop
vertex 23.688737379829888 -100.6247463499974 2
vertex 23.91583109157429 -100.35842872853532 2
vertex 24.37100541810591 -99.82463612344128 2
endloop
endfacet
facet normal 0 0 1
outer loop
vertex 23.688737379829888 -100.6247463499974 2
vertex 24.37100541810591 -99.82463612344128 2
vertex 24.554961111670337 -99.60890737257377 2
endloop
endfacet
facet normal 0 0 1
outer loop
vertex 23.688737379829888 -100.6247463499974 2
vertex 24.554961111670337 -99.60890737257377 2
vertex 24.55496111167031 -99.60890737257378 0
endloop
endfacet
facet normal 0 0 1
outer loop
vertex 23.688737379829888 -100.6247463499974 2
vertex 24.55496111167031 -99.60890737257378 0
vertex 23.688737379829803 -100.62474634999754 0
endloop
endfacet
facet normal 0 0 -1
outer loop
vertex 22.992253571706783 -101.76368563138115 2
vertex 23.44588489335686 -101.02187580684897 2
vertex 23.688737379829888 -100.6247463499974 2
endloop
endfacet
facet normal 0 0 -1
outer loop
vertex 22.992253571706783 -101.76368563138115 2
vertex 23.688737379829888 -100.6247463499974 2
vertex 23.688737379829803 -100.62474634999754 0
endloop
endfacet
facet normal 0 0 -1
outer loop
vertex 22.992253571706783 -101.76368563138115 2
vertex 23.688737379829803 -100.62474634999754 0
vertex 22.992253571706755 -101.76368563138124 0
endloop
endfacet
facet normal 0 0 -1
outer loop
vertex 22.48269064031811 -102.99762971464065 2
vertex 22.618200463319567 -102.66948272039106 2
vertex 22.977830038724562 -101.7986132764016 2
endloop
endfacet
facet normal 0 0 -1
outer loop
vertex 22.48269064031811 -102.99762971464065 2
vertex 22.977830038724562 -101.7986132764016 2
vertex 22.992253571706783 -101.76368563138115 2
endloop
endfacet
facet normal 0 0 -1
outer loop
vertex 22.48269064031811 -102.99762971464065 2
vertex 22.992253571706783 -101.76368563138115 2
vertex 22.992253571706755 -101.76368563138124 0
endloop
endfacet
facet normal 0 0 -1
outer loop
vertex 22.48269064031811 -102.99762971464065 2
vertex 22.992253571706755 -101.76368563138124 0
vertex 22.48269064031811 -102.99762971464067 0
endloop
endfacet
facet normal 0 0 -1
outer loop
vertex 22.17261855022207 -104.29613950690263 2
vertex 22.33574498645899 -103.61300393425294 2
vertex 22.48269064031811 -102.99762971464065 2
endloop
endfacet
facet normal 0 0 -1
outer loop
vertex 22.17261855022207 -104.29613950690263 2
vertex 22.48269064031811 -102.99762971464065 2
vertex 22.48269064031811 -102.99762971464067 0
endloop
endfacet
facet normal 0 0 -1
outer loop
vertex 22.17261855022207 -104.29613950690263 2
vertex 22.48269064031811 -102.99762971464067 0
vertex 22.17261855022204 -104.29613950690265 0
endloop
endfacet
facet normal 0 0 1
outer loop
vertex 22.069682400000005 -105.62718639999994 2
vertex 22.069952406475863 -105.62369499994244 2
vertex 22.14866293999583 -104.605904739963 2
endloop
endfacet
facet normal 0 0 1
outer loop
vertex 22.069682400000005 -105.62718639999994 2
vertex 22.14866293999583 -104.605904739963 2
vertex 22.17261855022207 -104.29613950690263 2
endloop
endfacet
facet normal 0 0 1
outer loop
vertex 22.069682400000005 -105.62718639999994 2
vertex 22.17261855022207 -104.29613950690263 2
vertex 22.17261855022204 -104.29613950690265 0
endloop
endfacet
facet normal 0 0 1
outer loop
vertex 22.069682400000005 -105.62718639999994 2
vertex 22.17261855022204 -104.29613950690265 0
vertex 22.069682400000005 -105.62718639999994 0
endloop
endfacet
facet normal 0 0 1
outer loop
vertex 22.205353349999996 -200.25291500000054 2
vertex 22.20534819418529 -200.24931900009454 2
vertex 22.069682400000005 -105.62718639999994 2
endloop
endfacet
facet normal 0 0 1
outer loop
vertex 22.205353349999996 -200.25291500000054 2
vertex 22.069682400000005 -105.62718639999994 2
vertex 22.069682400000005 -105.62718639999994 0
endloop
endfacet
facet normal 0 0 1
outer loop
vertex 22.205353349999996 -200.25291500000054 2
vertex 22.069682400000005 -105.62718639999994 0
vertex 22.10465593461103 -130.01999999999995 0
endloop
endfacet
facet normal 0 0 1
outer loop
vertex 22.205353349999996 -200.25291500000054 2
vertex 22.10465593461103 -130.01999999999995 0
vertex 22.104684861450096 -130.04017545557608 0
endloop
endfacet
facet normal 0 0 1
outer loop
vertex 22.205353349999996 -200.25291500000054 2
vertex 22.104684861450096 -130.04017545557608 0
vertex 22.10477053032517 -130.09992649086945 0
endloop
endfacet
facet normal 0 0 1
outer loop
vertex 22.205353349999996 -200.25291500000054 2
vertex 22.10477053032517 -130.09992649086945 0
vertex 22.104909649029338 -130.19695690706746 0
endloop
endfacet
facet normal 0 0 1
outer loop
vertex 22.205353349999996 -200.25291500000054 2
vertex 22.104909649029338 -130.19695690706746 0
vertex 22.105096871308916 -130.32753787974747 0
endloop
endfacet
facet normal 0 0 1
outer loop
vertex 22.205353349999996 -200.25291500000054 2
vertex 22.105096871308916 -130.32753787974747 0
vertex 22.105325002316675 -130.48665125534927 0
endloop
endfacet
facet normal 0 0 1
outer loop
vertex 22.205353349999996 -200.25291500000054 2
vertex 22.105325002316675 -130.48665125534927 0
vertex 22.105585275105824 -130.6681823960087 0
endloop
endfacet
facet normal 0 0 1
outer loop
vertex 22.205353349999996 -200.25291500000054 2
vertex 22.105585275105824 -130.6681823960087 0
vertex 22.105867687539188 -130.8651551618836 0
endloop
endfacet
facet normal 0 0 1
outer loop
vertex 22.205353349999996 -200.25291500000054 2
vertex 22.105867687539188 -130.8651551618836 0
vertex 22.106161386665207 -131.07000000000676 0
endloop
endfacet
facet normal 0 0 1
outer loop
vertex 22.205353349999996 -200.25291500000054 2
vertex 22.106161386665207 -131.07000000000676 0
vertex 22.106455085791254 -131.27484483812958 0
endloop
endfacet
facet normal 0 0 1
outer loop
vertex 22.205353349999996 -200.25291500000054 2
vertex 22.106455085791254 -131.27484483812958 0
vertex 22.10673749822456 -131.47181760398075 0
endloop
endfacet
facet normal 0 0 1
outer loop
vertex 22.205353349999996 -200.25291500000054 2
vertex 22.10673749822456 -131.47181760398075 0
vertex 22.106997771013738 -131.65334874465864 0
endloop
endfacet
facet normal 0 0 1
outer loop
vertex 22.205353349999996 -200.25291500000054 2
vertex 22.106997771013738 -131.65334874465864 0
vertex 22.107225902021497 -131.81246212025414 0
endloop
endfacet
facet normal 0 0 1
outer loop
vertex 22.205353349999996 -200.25291500000054 2
vertex 22.107225902021497 -131.81246212025414 0
vertex 22.107413124301047 -131.9430430929175 0
endloop
endfacet
facet normal 0 0 1
outer loop
vertex 22.205353349999996 -200.25291500000054 2
vertex 22.107413124301047 -131.9430430929175 0
vertex 22.107552243005244 -132.0400735091323 0
endloop
endfacet
facet normal 0 0 1
outer loop
vertex 22.205353349999996 -200.25291500000054 2
vertex 22.107552243005244 -132.0400735091323 0
vertex 22.107637911880317 -132.09982454442374 0
endloop
endfacet
facet normal 0 0 1
outer loop
vertex 22.205353349999996 -200.25291500000054 2
vertex 22.107637911880317 -132.09982454442374 0
vertex 22.107666838719382 -132.12000000000023 0
endloop
endfacet
facet normal 0 0 1
outer loop
vertex 22.205353349999996 -200.25291500000054 2
vertex 22.107666838719382 -132.12000000000023 0
vertex 22.121043855543746 -141.44999999999612 0
endloop
endfacet
facet normal 0 0 1
outer loop
vertex 22.205353349999996 -200.25291500000054 2
vertex 22.121043855543746 -141.44999999999612 0
vertex 22.12107278238284 -141.47017545557492 0
endloop
endfacet
facet normal 0 0 1
outer loop
vertex 22.205353349999996 -200.25291500000054 2
vertex 22.12107278238284 -141.47017545557492 0
vertex 22.121158451257884 -141.52992649084146 0
endloop
endfacet
facet normal 0 0 1
outer loop
vertex 22.205353349999996 -200.25291500000054 2
vertex 22.121158451257884 -141.52992649084146 0
vertex 22.121297569962167 -141.62695690712644 0
endloop
endfacet
facet normal 0 0 1
outer loop
vertex 22.205353349999996 -200.25291500000054 2
vertex 22.121297569962167 -141.62695690712644 0
vertex 22.121484792241603 -141.75753787970075 0
endloop
endfacet
facet normal 0 0 1
outer loop
vertex 22.205353349999996 -200.25291500000054 2
vertex 22.121484792241603 -141.75753787970075 0
vertex 22.121712923249504 -141.91665125539149 0
endloop
endfacet
facet normal 0 0 1
outer loop
vertex 22.205353349999996 -200.25291500000054 2
vertex 22.121712923249504 -141.91665125539149 0
vertex 22.12197319603854 -142.0981823959731 0
endloop
endfacet
facet normal 0 0 1
outer loop
vertex 22.205353349999996 -200.25291500000054 2
vertex 22.12197319603854 -142.0981823959731 0
vertex 22.122255608471846 -142.29515516183608 0
endloop
endfacet
facet normal 0 0 1
outer loop
vertex 22.205353349999996 -200.25291500000054 2
vertex 22.122255608471846 -142.29515516183608 0
vertex 22.122549307598007 -142.50000000004107 0
endloop
endfacet
facet normal 0 0 1
outer loop
vertex 22.205353349999996 -200.25291500000054 2
vertex 22.122549307598007 -142.50000000004107 0
vertex 22.12284300672391 -142.7048448380752 0
endloop
endfacet
facet normal 0 0 1
outer loop
vertex 22.205353349999996 -200.25291500000054 2
vertex 22.12284300672391 -142.7048448380752 0
vertex 22.123125419157333 -142.9018176039926 0
endloop
endfacet
facet normal 0 0 1
outer loop
vertex 22.205353349999996 -200.25291500000054 2
vertex 22.123125419157333 -142.9018176039926 0
vertex 22.123385691946538 -143.08334874469773 0
endloop
endfacet
facet normal 0 0 1
outer loop
vertex 22.205353349999996 -200.25291500000054 2
vertex 22.123385691946538 -143.08334874469773 0
vertex 22.123613822954212 -143.24246212024138 0
endloop
endfacet
facet normal 0 0 1
outer loop
vertex 22.205353349999996 -200.25291500000054 2
vertex 22.123613822954212 -143.24246212024138 0
vertex 22.12380104523379 -143.3730430929286 0
endloop
endfacet
facet normal 0 0 1
outer loop
vertex 22.205353349999996 -200.25291500000054 2
vertex 22.12380104523379 -143.3730430929286 0
vertex 22.123940163937988 -143.47007350913023 0
endloop
endfacet
facet normal 0 0 1
outer loop
vertex 22.205353349999996 -200.25291500000054 2
vertex 22.123940163937988 -143.47007350913023 0
vertex 22.124025832813032 -143.52982454442193 0
endloop
endfacet
facet normal 0 0 1
outer loop
vertex 22.205353349999996 -200.25291500000054 2
vertex 22.124025832813032 -143.52982454442193 0
vertex 22.124054759652125 -143.5499999999971 0
endloop
endfacet
facet normal 0 0 1
outer loop
vertex 22.205353349999996 -200.25291500000054 2
vertex 22.124054759652125 -143.5499999999971 0
vertex 22.159138961334037 -168.0200000000003 0
endloop
endfacet
facet normal 0 0 1
outer loop
vertex 22.205353349999996 -200.25291500000054 2
vertex 22.159138961334037 -168.0200000000003 0
vertex 22.15916788817313 -168.04017545557852 0
endloop
endfacet
facet normal 0 0 1
outer loop
vertex 22.205353349999996 -200.25291500000054 2
vertex 22.15916788817313 -168.04017545557852 0
vertex 22.159253557048174 -168.09992649085646 0
endloop
endfacet
facet normal 0 0 1
outer loop
vertex 22.205353349999996 -200.25291500000054 2
vertex 22.159253557048174 -168.09992649085646 0
vertex 22.1593926757524 -168.1969569070844 0
endloop
endfacet
facet normal 0 0 1
outer loop
vertex 22.205353349999996 -200.25291500000054 2
vertex 22.1593926757524 -168.1969569070844 0
vertex 22.15957989803195 -168.32753787975102 0
endloop
endfacet
facet normal 0 0 1
outer loop
vertex 22.205353349999996 -200.25291500000054 2
vertex 22.15957989803195 -168.32753787975102 0
vertex 22.159808029039652 -168.48665125530596 0
endloop
endfacet
facet normal 0 0 1
outer loop
vertex 22.205353349999996 -200.25291500000054 2
vertex 22.159808029039652 -168.48665125530596 0
vertex 22.160068301828886 -168.66818239602262 0
endloop
endfacet
facet normal 0 0 1
outer loop
vertex 22.205353349999996 -200.25291500000054 2
vertex 22.160068301828886 -168.66818239602262 0
vertex 22.160350714262222 -168.86515516189786 0
endloop
endfacet
facet normal 0 0 1
outer loop
vertex 22.205353349999996 -200.25291500000054 2
vertex 22.160350714262222 -168.86515516189786 0
vertex 22.16064441338824 -169.07000000000218 0
endloop
endfacet
facet normal 0 0 1
outer loop
vertex 22.205353349999996 -200.25291500000054 2
vertex 22.16064441338824 -169.07000000000218 0
vertex 22.16093811251423 -169.27484483809866 0
endloop
endfacet
facet normal 0 0 1
outer loop
vertex 22.205353349999996 -200.25291500000054 2
vertex 22.16093811251423 -169.27484483809866 0
vertex 22.161220524947623 -169.47181760401247 0
endloop
endfacet
facet normal 0 0 1
outer loop
vertex 22.205353349999996 -200.25291500000054 2
vertex 22.161220524947623 -169.47181760401247 0
vertex 22.1614807977368 -169.65334874468024 0
endloop
endfacet
facet normal 0 0 1
outer loop
vertex 22.205353349999996 -200.25291500000054 2
vertex 22.1614807977368 -169.65334874468024 0
vertex 22.161708928744503 -169.81246212023746 0
endloop
endfacet
facet normal 0 0 1
outer loop
vertex 22.205353349999996 -200.25291500000054 2
vertex 22.161708928744503 -169.81246212023746 0
vertex 22.16189615102408 -169.94304309291553 0
endloop
endfacet
facet normal 0 0 1
outer loop
vertex 22.205353349999996 -200.25291500000054 2
vertex 22.16189615102408 -169.94304309291553 0
vertex 22.16203526972828 -170.04007350913304 0
endloop
endfacet
facet normal 0 0 1
outer loop
vertex 22.205353349999996 -200.25291500000054 2
vertex 22.16203526972828 -170.04007350913304 0
vertex 22.16212093860335 -170.09982454442533 0
endloop
endfacet
facet normal 0 0 1
outer loop
vertex 22.205353349999996 -200.25291500000054 2
vertex 22.16212093860335 -170.09982454442533 0
vertex 22.162149865442416 -170.12000000000006 0
endloop
endfacet
facet normal 0 0 1
outer loop
vertex 22.205353349999996 -200.25291500000054 2
vertex 22.162149865442416 -170.12000000000006 0
vertex 22.17552688226678 -179.45000000000024 0
endloop
endfacet
facet normal 0 0 1
outer loop
vertex 22.205353349999996 -200.25291500000054 2
vertex 22.17552688226678 -179.45000000000024 0
vertex 22.175555809105873 -179.47017545558495 0
endloop
endfacet
facet normal 0 0 1
outer loop
vertex 22.205353349999996 -200.25291500000054 2
vertex 22.175555809105873 -179.47017545558495 0
vertex 22.175641477980918 -179.5299264908647 0
endloop
endfacet
facet normal 0 0 1
outer loop
vertex 22.205353349999996 -200.25291500000054 2
vertex 22.175641477980918 -179.5299264908647 0
vertex 22.175780596685144 -179.62695690709006 0
endloop
endfacet
facet normal 0 0 1
outer loop
vertex 22.205353349999996 -200.25291500000054 2
vertex 22.175780596685144 -179.62695690709006 0
vertex 22.175967818964637 -179.7575378797133 0
endloop
endfacet
facet normal 0 0 1
outer loop
vertex 22.205353349999996 -200.25291500000054 2
vertex 22.175967818964637 -179.7575378797133 0
vertex 22.176195949972453 -179.9166512553478 0
endloop
endfacet
facet normal 0 0 1
outer loop
vertex 22.205353349999996 -200.25291500000054 2
vertex 22.176195949972453 -179.9166512553478 0
vertex 22.176456222761686 -180.09818239605994 0
endloop
endfacet
facet normal 0 0 1
outer loop
vertex 22.205353349999996 -200.25291500000054 2
vertex 22.176456222761686 -180.09818239605994 0
vertex 22.176738635194823 -180.29515516180777 0
endloop
endfacet
facet normal 0 0 1
outer loop
vertex 22.205353349999996 -200.25291500000054 2
vertex 22.176738635194823 -180.29515516180777 0
vertex 22.17703233432104 -180.50000000004107 0
endloop
endfacet
facet normal 0 0 1
outer loop
vertex 22.205353349999996 -200.25291500000054 2
vertex 22.17703233432104 -180.50000000004107 0
vertex 22.17732603344703 -180.70484483813473 0
endloop
endfacet
facet normal 0 0 1
outer loop
vertex 22.205353349999996 -200.25291500000054 2
vertex 22.17732603344703 -180.70484483813473 0
vertex 22.177608445880367 -180.90181760400583 0
endloop
endfacet
facet normal 0 0 1
outer loop
vertex 22.205353349999996 -200.25291500000054 2
vertex 22.177608445880367 -180.90181760400583 0
vertex 22.177868718669487 -181.08334874465083 0
endloop
endfacet
facet normal 0 0 1
outer loop
vertex 22.205353349999996 -200.25291500000054 2
vertex 22.177868718669487 -181.08334874465083 0
vertex 22.178096849677218 -181.24246212022743 0
endloop
endfacet
facet normal 0 0 1
outer loop
vertex 22.205353349999996 -200.25291500000054 2
vertex 22.178096849677218 -181.24246212022743 0
vertex 22.178284071956824 -181.37304309293614 0
endloop
endfacet
facet normal 0 0 1
outer loop
vertex 22.205353349999996 -200.25291500000054 2
vertex 22.178284071956824 -181.37304309293614 0
vertex 22.17842319066102 -181.4700735091359 0
endloop
endfacet
facet normal 0 0 1
outer loop
vertex 22.205353349999996 -200.25291500000054 2
vertex 22.17842319066102 -181.4700735091359 0
vertex 22.178508859536066 -181.52982454442252 0
endloop
endfacet
facet normal 0 0 1
outer loop
vertex 22.205353349999996 -200.25291500000054 2
vertex 22.178508859536066 -181.52982454442252 0
vertex 22.17853778637516 -181.55 0
endloop
endfacet
facet normal 0 0 1
outer loop
vertex 22.205353349999996 -200.25291500000054 2
vertex 22.17853778637516 -181.55 0
vertex 22.199609365647632 -196.2466874 0
endloop
endfacet
facet normal 0 0 1
outer loop
vertex 22.205353349999996 -200.25291500000054 2
vertex 22.199609365647632 -196.2466874 0
vertex 22.205353349999996 -200.2529149999999 0
endloop
endfacet
facet normal 0 0 1
outer loop
vertex 22.33647932578222 -201.72731202003467 2
vertex 22.305312745203793 -201.3768710547311 2
vertex 22.205353349999996 -200.25291500000054 2
endloop
endfacet
facet normal 0 0 1
outer loop
vertex 22.33647932578222 -201.72731202003467 2
vertex 22.205353349999996 -200.25291500000054 2
vertex 22.205353349999996 -200.2529149999999 0
endloop
endfacet
facet normal 0 0 1
outer loop
vertex 22.33647932578222 -201.72731202003467 2
vertex 22.205353349999996 -200.2529149999999 0
vertex 22.33647932578222 -201.72731202003473 0
endloop
endfacet
facet normal 0 0 1
outer loop
vertex 22.721397982542015 -203.15660492979475 2
vertex 22.536474861123423 -202.46994217221567 2
vertex 22.33647932578222 -201.72731202003467 2
endloop
endfacet
facet normal 0 0 1
outer loop
vertex 22.721397982542015 -203.15660492979475 2
vertex 22.33647932578222 -201.72731202003467 2
vertex 22.33647932578222 -201.72731202003473 0
endloop
endfacet
facet normal 0 0 1
outer loop
vertex 22.721397982542015 -203.15660492979475 2
vertex 22.33647932578222 -201.72731202003473 0
vertex 22.721397982541987 -203.1566049297947 0
endloop
endfacet
facet normal 0 0 1
outer loop
vertex 23.348436345851354 -204.49744924780896 2
vertex 23.313193292978525 -204.42208631954313 2
vertex 22.879824650542332 -203.49538084852648 2
endloop
endfacet
facet normal 0 0 1
outer loop
vertex 23.348436345851354 -204.49744924780896 2
vertex 22.879824650542332 -203.49538084852648 2
vertex 22.721397982542015 -203.15660492979475 2
endloop
endfacet
facet normal 0 0 1
outer loop
vertex 23.348436345851354 -204.49744924780896 2
vertex 22.721397982542015 -203.15660492979475 2
vertex 22.721397982541987 -203.1566049297947 0
endloop
endfacet
facet normal 0 0 1
outer loop
vertex 23.348436345851354 -204.49744924780896 2
vertex 22.721397982541987 -203.1566049297947 0
vertex 23.348436345851297 -204.49744924780887 0
endloop
endfacet
facet normal 0 0 -1
outer loop
vertex 24.19857896231005 -205.70918276879937 2
vertex 23.856741919211032 -205.22195232332314 2
vertex 23.348436345851354 -204.49744924780896 2
endloop
endfacet
facet normal 0 0 -1
outer loop
vertex 24.19857896231005 -205.70918276879937 2
vertex 23.348436345851354 -204.49744924780896 2
vertex 23.348436345851297 -204.49744924780887 0
endloop
endfacet
facet normal 0 0 -1
outer loop
vertex 24.19857896231005 -205.70918276879937 2
vertex 23.348436345851297 -204.49744924780887 0
vertex 24.198578962310165 -205.70918276879954 0
endloop
endfacet
facet normal 0 0 1
outer loop
vertex 25.246044558790146 -206.75505867845732 2
vertex 25.230965096234087 -206.74000164859874 2
vertex 25.132244246749707 -206.64143066615873 2
endloop
endfacet
facet normal 0 0 1
outer loop
vertex 25.246044558790146 -206.75505867845732 2
vertex 25.132244246749707 -206.64143066615873 2
vertex 24.839079893858298 -206.34871136287248 2
endloop
endfacet
facet normal 0 0 1
outer loop
vertex 25.246044558790146 -206.75505867845732 2
vertex 24.839079893858298 -206.34871136287248 2
vertex 24.36036133444452 -205.87071954088003 2
endloop
endfacet
facet normal 0 0 1
outer loop
vertex 25.246044558790146 -206.75505867845732 2
vertex 24.36036133444452 -205.87071954088003 2
vertex 24.19857896231005 -205.70918276879937 2
endloop
endfacet
facet normal 0 0 1
outer loop
vertex 25.246044558790146 -206.75505867845732 2
vertex 24.19857896231005 -205.70918276879937 2
vertex 24.198578962310165 -205.70918276879954 0
endloop
endfacet
facet normal 0 0 1
outer loop
vertex 25.246044558790146 -206.75505867845732 2
vertex 24.198578962310165 -205.70918276879954 0
vertex 25.24604455879006 -206.75505867845726 0
endloop
endfacet
facet normal -0.5730927259388673 -0.8194905292167558 0
outer loop
vertex 26.45906788071821 -207.6033599307678 2
vertex 25.246044558790146 -206.75505867845732 2
vertex 25.24604455879006 -206.75505867845726 0
endloop
endfacet
facet normal -0.5730927259388673 -0.8194905292167558 0
outer loop
vertex 26.45906788071821 -207.6033599307678 2
vertex 25.24604455879006 -206.75505867845726 0
vertex 26.459067880718152 -207.60335993076777 0
endloop
endfacet
facet normal -0.4222363447885876 -0.9064857798882303 0
outer loop
vertex 27.800862999511082 -208.22836109348214 2
vertex 26.45906788071821 -207.6033599307678 2
vertex 26.459067880718152 -207.60335993076777 0
endloop
endfacet
facet normal -0.4222363447885876 -0.9064857798882303 0
outer loop
vertex 27.800862999511082 -208.22836109348214 2
vertex 26.459067880718152 -207.60335993076777 0
vertex 27.800862999511054 -208.2283610934821 0
endloop
endfacet
facet normal -0.2585752996688483 -0.9659911047215526 0
outer loop
vertex 29.230738876078163 -208.6111084929824 2
vertex 27.800862999511082 -208.22836109348214 2
vertex 27.800862999511054 -208.2283610934821 0
endloop
endfacet
facet normal -0.2585752996688483 -0.9659911047215526 0
outer loop
vertex 29.230738876078163 -208.6111084929824 2
vertex 27.800862999511054 -208.2283610934821 0
vertex 29.23073887607825 -208.6111084929824 0
endloop
endfacet
facet normal -0.08707590215283278 -0.9962016800147802 0
outer loop
vertex 30.705336700000004 -208.74 2
vertex 29.230738876078163 -208.6111084929824 2
vertex 29.23073887607825 -208.6111084929824 0
endloop
endfacet
facet normal -0.08707590215283278 -0.9962016800147802 0
outer loop
vertex 30.705336700000004 -208.74 2
vertex 29.23073887607825 -208.6111084929824 0
vertex 30.70533670000009 -208.74 0
endloop
endfacet
facet normal 0 -1 0
outer loop
vertex 94.35778979999995 -208.74 0
vertex 94.35778979999986 -208.74 2
vertex 30.705336700000004 -208.74 2
endloop
endfacet
facet normal 0 -1 0
outer loop
vertex 94.35778979999995 -208.74 0
vertex 30.705336700000004 -208.74 2
vertex 30.70533670000009 -208.74 0
endloop
endfacet
facet normal 0 0 1
outer loop
vertex 159.08999930897875 -223.91482226446874 5
vertex 159.34255625065134 -223.84714793787728 5
vertex 159.5795248021522 -223.73664577108323 5
endloop
endfacet
facet normal 0 0 1
outer loop
vertex 159.08999930897875 -223.91482226446874 5
vertex 159.5795248021522 -223.73664577108323 5
vertex 159.79370482430645 -223.58667330235494 5
endloop
endfacet
facet normal 0 0 1
outer loop
vertex 159.08999930897875 -223.91482226446874 5
vertex 159.79370482430645 -223.58667330235494 5
vertex 159.97858859295366 -223.4017873500563 5
endloop
endfacet
facet normal 0 0 1
outer loop
vertex 159.08999930897875 -223.91482226446874 5
vertex 159.97858859295366 -223.4017873500563 5
vertex 160.12855853201884 -223.18760555661123 5
endloop
endfacet
facet normal 0 0 1
outer loop
vertex 159.08999930897875 -223.91482226446874 5
vertex 160.12855853201884 -223.18760555661123 5
vertex 160.23905789999995 -222.9506357000001 5
endloop
endfacet
facet normal 0 0 1
outer loop
vertex 159.08999930897875 -223.91482226446874 5
vertex 160.23905789999995 -222.9506357000001 5
vertex 160.65903634886146 -221.79675609999998 5
endloop
endfacet
facet normal 0 0 1
outer loop
vertex 159.08999930897875 -223.91482226446874 5
vertex 160.65903634886146 -221.79675609999998 5
vertex 158.5306898560408 -221.79675609999998 5
endloop
endfacet
facet normal 0 0 1
outer loop
vertex 159.08999930897875 -223.91482226446874 5
vertex 158.5306898560408 -221.79675609999998 5
vertex 152.68308106648627 -221.79675609999998 5
endloop
endfacet
facet normal 0 0 1
outer loop
vertex 159.08999930897875 -223.91482226446874 5
vertex 152.68308106648627 -221.79675609999998 5
vertex 158.31649579999927 -223.84715139999977 5
endloop
endfacet
facet normal 0 0 1
outer loop
vertex 159.08999930897875 -223.91482226446874 5
vertex 158.31649579999927 -223.84715139999977 5
vertex 158.569055865555 -223.91482620540143 5
endloop
endfacet
facet normal 0 0 1
outer loop
vertex 159.08999930897875 -223.91482226446874 5
vertex 158.569055865555 -223.91482620540143 5
vertex 158.8295277596601 -223.93761250935663 5
endloop
endfacet
facet normal 0 0 1
outer loop
vertex 158.5306898560408 -221.79675609999998 5
vertex 146.324501783032 -217.35406700000004 5
vertex 140.4768932000001 -217.35406700000004 5
endloop
endfacet
facet normal 0 0 1
outer loop
vertex 158.5306898560408 -221.79675609999998 5
vertex 140.4768932000001 -217.35406700000004 5
vertex 152.68308106648627 -221.79675609999998 5
endloop
endfacet
facet normal 0 0 1
outer loop
vertex 160.65903634886146 -221.79675609999998 5
vertex 164.1343183440155 -212.2485114 5
vertex 163.0701444 -212.2485114 5
endloop
endfacet
facet normal 0 0 1
outer loop
vertex 160.65903634886146 -221.79675609999998 5
vertex 163.0701444 -212.2485114 5
vertex 162.0059666928498 -212.2485114 5
endloop
endfacet
facet normal 0 0 1
outer loop
vertex 160.65903634886146 -221.79675609999998 5
vertex 162.0059666928498 -212.2485114 5
vertex 158.5306898560408 -221.79675609999998 5
endloop
endfacet
facet normal 0 0 1
outer loop
vertex 163.0701444 -212.2485114 5
vertex 162.1304518276681 -211.90649130000008 5
vertex 162.0059666928498 -212.2485114 5
endloop
endfacet
facet normal 0 0 1
outer loop
vertex 146.324501783032 -217.35406700000004 5
vertex 141.16152789999998 -215.4748982 5
vertex 141.07860578248537 -215.44673049284148 5
endloop
endfacet
facet normal 0 0 1
outer loop
vertex 146.324501783032 -217.35406700000004 5
vertex 141.07860578248537 -215.44673049284148 5
vertex 140.99452895000064 -215.42221910000018 5
endloop
endfacet
facet normal 0 0 1
outer loop
vertex 146.324501783032 -217.35406700000004 5
vertex 140.99452895000064 -215.42221910000018 5
vertex 120.7777811625394 -210.0051546 5
endloop
endfacet
facet normal 0 0 1
outer loop
vertex 146.324501783032 -217.35406700000004 5
vertex 120.7777811625394 -210.0051546 5
vertex 113.05037870000001 -210.0051546 5
endloop
endfacet
facet normal 0 0 1
outer loop
vertex 146.324501783032 -217.35406700000004 5
vertex 113.05037870000001 -210.0051546 5
vertex 140.4768932000001 -217.35406700000004 5
endloop
endfacet
facet normal 0 0 1
outer loop
vertex 164.1343183440155 -212.2485114 5
vertex 165.50240094484855 -208.48974089999996 5
vertex 164.43822500000002 -208.48974089999996 5
endloop
endfacet
facet normal 0 0 1
outer loop
vertex 164.1343183440155 -212.2485114 5
vertex 164.43822500000002 -208.48974089999996 5
vertex 163.0701444 -212.2485114 5
endloop
endfacet
facet normal 0 0 1
outer loop
vertex 120.7777811625394 -210.0051546 5
vertex 113.5680167999994 -208.07330289999982 5
vertex 113.48326035709269 -208.05256306093878 5
endloop
endfacet
facet normal 0 0 1
outer loop
vertex 120.7777811625394 -210.0051546 5
vertex 113.48326035709269 -208.05256306093878 5
vertex 113.3976783999978 -208.0355414499996 5
endloop
endfacet
facet normal 0 0 1
outer loop
vertex 120.7777811625394 -210.0051546 5
vertex 113.3976783999978 -208.0355414499996 5
vertex 106.05031016050812 -206.74000099743935 5
endloop
endfacet
facet normal 0 0 1
outer loop
vertex 120.7777811625394 -210.0051546 5
vertex 106.05031016050812 -206.74000099743935 5
vertex 94.53276709999997 -206.74000099743935 5
endloop
endfacet
facet normal 0 0 1
outer loop
vertex 120.7777811625394 -210.0051546 5
vertex 94.53276709999997 -206.74000099743935 5
vertex 113.05037870000001 -210.0051546 5
endloop
endfacet
facet normal 0 0 1
outer loop
vertex 165.50240094484855 -208.48974089999996 5
vertex 166.7545487 -205.0494982999994 5
vertex 166.81193646264083 -204.835304297313 5
endloop
endfacet
facet normal 0 0 1
outer loop
vertex 165.50240094484855 -208.48974089999996 5
vertex 166.81193646264083 -204.835304297313 5
vertex 164.7041534 -204.835304297313 5
endloop
endfacet
facet normal 0 0 1
outer loop
vertex 165.50240094484855 -208.48974089999996 5
vertex 164.7041534 -204.835304297313 5
vertex 163.49853239999996 -208.14772079385443 5
endloop
endfacet
facet normal 0 0 1
outer loop
vertex 165.50240094484855 -208.48974089999996 5
vertex 163.49853239999996 -208.14772079385443 5
vertex 164.43822500000002 -208.48974089999996 5
endloop
endfacet
facet normal 0 0 1
outer loop
vertex 94.53276709999997 -206.74000099743935 5
vertex 106.05031016050812 -206.74000099743935 5
vertex 94.88006350000025 -204.77038450000006 5
endloop
endfacet
facet normal 0 0 1
outer loop
vertex 94.53276709999997 -206.74000099743935 5
vertex 94.88006350000025 -204.77038450000006 5
vertex 94.70707996590819 -204.7476104565509 5
endloop
endfacet
facet normal 0 0 1
outer loop
vertex 94.53276709999997 -206.74000099743935 5
vertex 94.70707996590819 -204.7476104565509 5
vertex 94.53276674999987 -204.74000225 5
endloop
endfacet
facet normal 0 0 1
outer loop
vertex 94.53276709999997 -206.74000099743935 5
vertex 94.53276674999987 -204.74000225 5
vertex 30.705336700000345 -204.73999983581393 5
endloop
endfacet
facet normal 0 0 1
outer loop
vertex 94.53276709999997 -206.74000099743935 5
vertex 30.705336700000345 -204.73999983581393 5
vertex 26.04774780050164 -204.73999983581393 5
endloop
endfacet
facet normal 0 0 1
outer loop
vertex 94.53276709999997 -206.74000099743935 5
vertex 26.04774780050164 -204.73999983581393 5
vertex 26.530392326010883 -205.22195232332658 5
endloop
endfacet
facet normal 0 0 1
outer loop
vertex 94.53276709999997 -206.74000099743935 5
vertex 26.530392326010883 -205.22195232332658 5
vertex 27.45802965131486 -205.87071954085545 5
endloop
endfacet
facet normal 0 0 1
outer loop
vertex 94.53276709999997 -206.74000099743935 5
vertex 27.45802965131486 -205.87071954085545 5
vertex 28.484155242025224 -206.34871136288453 5
endloop
endfacet
facet normal 0 0 1
outer loop
vertex 94.53276709999997 -206.74000099743935 5
vertex 28.484155242025224 -206.34871136288453 5
vertex 29.5776475004931 -206.64143066615773 5
endloop
endfacet
facet normal 0 0 1
outer loop
vertex 94.53276709999997 -206.74000099743935 5
vertex 29.5776475004931 -206.64143066615773 5
vertex 30.70534164999961 -206.74000205837757 5
endloop
endfacet
facet normal 0 0 1
outer loop
vertex 30.705336700000345 -204.73999983581393 5
vertex 29.924629444751957 -204.6717551880935 5
vertex 25.979405159948925 -204.6717551880935 5
endloop
endfacet
facet normal 0 0 1
outer loop
vertex 30.705336700000345 -204.73999983581393 5
vertex 25.979405159948925 -204.6717551880935 5
vertex 26.04774780050164 -204.73999983581393 5
endloop
endfacet
facet normal 0 0 1
outer loop
vertex 29.924629444751957 -204.6717551880935 5
vertex 29.167595517241352 -204.46910379983643 5
vertex 25.77646278354598 -204.46910379983643 5
endloop
endfacet
facet normal 0 0 1
outer loop
vertex 29.924629444751957 -204.6717551880935 5
vertex 25.77646278354598 -204.46910379983643 5
vertex 25.979405159948925 -204.6717551880935 5
endloop
endfacet
facet normal 0 0 1
outer loop
vertex 29.167595517241352 -204.46910379983643 5
vertex 28.457201490518315 -204.1381870821798 5
vertex 25.530218277200305 -204.1381870821798 5
endloop
endfacet
facet normal 0 0 1
outer loop
vertex 29.167595517241352 -204.46910379983643 5
vertex 25.530218277200305 -204.1381870821798 5
vertex 25.72937779064287 -204.4220863195693 5
endloop
endfacet
facet normal 0 0 1
outer loop
vertex 29.167595517241352 -204.46910379983643 5
vertex 25.72937779064287 -204.4220863195693 5
vertex 25.77646278354598 -204.46910379983643 5
endloop
endfacet
facet normal 0 0 1
outer loop
vertex 28.457201490518315 -204.1381870821798 5
vertex 27.814991432030723 -203.68904146213592 5
vertex 25.21513598259699 -203.68904146213592 5
endloop
endfacet
facet normal 0 0 1
outer loop
vertex 28.457201490518315 -204.1381870821798 5
vertex 25.21513598259699 -203.68904146213592 5
vertex 25.530218277200305 -204.1381870821798 5
endloop
endfacet
facet normal 0 0 1
outer loop
vertex 27.814991432030723 -203.68904146213592 5
vertex 27.260443035210045 -203.13528915034712 5
vertex 24.9109123584729 -203.13528915034712 5
endloop
endfacet
facet normal 0 0 1
outer loop
vertex 27.814991432030723 -203.68904146213592 5
vertex 24.9109123584729 -203.13528915034712 5
vertex 25.079280198194226 -203.4953808484891 5
endloop
endfacet
facet normal 0 0 1
outer loop
vertex 27.814991432030723 -203.68904146213592 5
vertex 25.079280198194226 -203.4953808484891 5
vertex 25.21513598259699 -203.68904146213592 5
endloop
endfacet
facet normal 0 0 1
outer loop
vertex 27.260443035210045 -203.13528915034712 5
vertex 26.8103752886787 -202.49372499084325 5
vertex 24.610936624137253 -202.49372499084325 5
endloop
endfacet
facet normal 0 0 1
outer loop
vertex 27.260443035210045 -203.13528915034712 5
vertex 24.610936624137253 -202.49372499084325 5
vertex 24.9109123584729 -203.13528915034712 5
endloop
endfacet
facet normal 0 0 1
outer loop
vertex 26.8103752886787 -202.49372499084325 5
vertex 26.47843837040398 -201.78380708748102 5
vertex 24.415088051547173 -201.78380708748102 5
endloop
endfacet
facet normal 0 0 1
outer loop
vertex 26.8103752886787 -202.49372499084325 5
vertex 24.415088051547173 -201.78380708748102 5
vertex 24.599816507181515 -202.46994217219594 5
endloop
endfacet
facet normal 0 0 1
outer loop
vertex 26.8103752886787 -202.49372499084325 5
vertex 24.599816507181515 -202.46994217219594 5
vertex 24.610936624137253 -202.49372499084325 5
endloop
endfacet
facet normal 0 0 1
outer loop
vertex 26.47843837040398 -201.78380708748102 5
vertex 26.27469964922824 -201.02706665594494 5
vertex 24.274447683919675 -201.02706665594494 5
endloop
endfacet
facet normal 0 0 1
outer loop
vertex 26.47843837040398 -201.78380708748102 5
vertex 24.274447683919675 -201.02706665594494 5
vertex 24.305528481511715 -201.37687105475405 5
endloop
endfacet
facet normal 0 0 1
outer loop
vertex 26.47843837040398 -201.78380708748102 5
vertex 24.305528481511715 -201.37687105475405 5
vertex 24.415088051547173 -201.78380708748102 5
endloop
endfacet
facet normal 0 0 1
outer loop
vertex 26.27469964922824 -201.02706665594494 5
vertex 26.205338350000005 -200.246455 5
vertex 24.20533919383047 -200.246455 5
endloop
endfacet
facet normal 0 0 1
outer loop
vertex 26.27469964922824 -201.02706665594494 5
vertex 24.20533919383047 -200.246455 5
vertex 24.20534330000001 -200.24931899999982 5
endloop
endfacet
facet normal 0 0 1
outer loop
vertex 26.27469964922824 -201.02706665594494 5
vertex 24.20534330000001 -200.24931899999982 5
vertex 24.274447683919675 -201.02706665594494 5
endloop
endfacet
facet normal 0 0 1
outer loop
vertex 166.81193646264083 -204.835304297313 5
vertex 166.82221577650773 -204.79693780103042 5
vertex 166.84500349892352 -204.53646735918016 5
endloop
endfacet
facet normal 0 0 1
outer loop
vertex 166.81193646264083 -204.835304297313 5
vertex 166.84500349892352 -204.53646735918016 5
vertex 166.82221513375902 -204.27599697356248 5
endloop
endfacet
facet normal 0 0 1
outer loop
vertex 166.81193646264083 -204.835304297313 5
vertex 166.82221513375902 -204.27599697356248 5
vertex 166.7545430840319 -204.0234407915833 5
endloop
endfacet
facet normal 0 0 1
outer loop
vertex 166.81193646264083 -204.835304297313 5
vertex 166.7545430840319 -204.0234407915833 5
vertex 166.6440435012522 -203.78647249501958 5
endloop
endfacet
facet normal 0 0 1
outer loop
vertex 166.81193646264083 -204.835304297313 5
vertex 166.6440435012522 -203.78647249501958 5
vertex 166.49407381119494 -203.57229214243222 5
endloop
endfacet
facet normal 0 0 1
outer loop
vertex 166.81193646264083 -204.835304297313 5
vertex 166.49407381119494 -203.57229214243222 5
vertex 166.30919070167897 -203.3874074021574 5
endloop
endfacet
facet normal 0 0 1
outer loop
vertex 166.81193646264083 -204.835304297313 5
vertex 166.30919070167897 -203.3874074021574 5
vertex 166.09501167189856 -203.2374358229408 5
endloop
endfacet
facet normal 0 0 1
outer loop
vertex 166.81193646264083 -204.835304297313 5
vertex 166.09501167189856 -203.2374358229408 5
vertex 165.85804435000014 -203.1269341500001 5
endloop
endfacet
facet normal 0 0 1
outer loop
vertex 166.81193646264083 -204.835304297313 5
vertex 165.85804435000014 -203.1269341500001 5
vertex 150.80109280000008 -197.64664850000003 5
endloop
endfacet
facet normal 0 0 1
outer loop
vertex 166.81193646264083 -204.835304297313 5
vertex 150.80109280000008 -197.64664850000003 5
vertex 148.80122835788487 -197.64664850000003 5
endloop
endfacet
facet normal 0 0 1
outer loop
vertex 166.81193646264083 -204.835304297313 5
vertex 148.80122835788487 -197.64664850000003 5
vertex 148.8241324267278 -197.94935543738768 5
endloop
endfacet
facet normal 0 0 1
outer loop
vertex 166.81193646264083 -204.835304297313 5
vertex 148.8241324267278 -197.94935543738768 5
vertex 148.89325744738002 -198.24678567256268 5
endloop
endfacet
facet normal 0 0 1
outer loop
vertex 166.81193646264083 -204.835304297313 5
vertex 148.89325744738002 -198.24678567256268 5
vertex 149.00685550565228 -198.53022613268354 5
endloop
endfacet
facet normal 0 0 1
outer loop
vertex 166.81193646264083 -204.835304297313 5
vertex 149.00685550565228 -198.53022613268354 5
vertex 149.16227854523027 -198.7930696071022 5
endloop
endfacet
facet normal 0 0 1
outer loop
vertex 166.81193646264083 -204.835304297313 5
vertex 149.16227854523027 -198.7930696071022 5
vertex 149.35590353797863 -199.02918901642687 5
endloop
endfacet
facet normal 0 0 1
outer loop
vertex 166.81193646264083 -204.835304297313 5
vertex 149.35590353797863 -199.02918901642687 5
vertex 149.58321693945462 -199.23308023935178 5
endloop
endfacet
facet normal 0 0 1
outer loop
vertex 166.81193646264083 -204.835304297313 5
vertex 149.58321693945462 -199.23308023935178 5
vertex 149.83891990303076 -199.39999041787524 5
endloop
endfacet
facet normal 0 0 1
outer loop
vertex 166.81193646264083 -204.835304297313 5
vertex 149.83891990303076 -199.39999041787524 5
vertex 150.11705180000058 -199.52602875000002 5
endloop
endfacet
facet normal 0 0 1
outer loop
vertex 166.81193646264083 -204.835304297313 5
vertex 150.11705180000058 -199.52602875000002 5
vertex 164.7041534 -204.835304297313 5
endloop
endfacet
facet normal 0 0 1
outer loop
vertex 150.80109280000008 -197.64664850000003 5
vertex 150.8781903 -111.07 5
vertex 148.8781895 -111.07 5
endloop
endfacet
facet normal 0 0 1
outer loop
vertex 150.80109280000008 -197.64664850000003 5
vertex 148.8781895 -111.07 5
vertex 148.8010936 -197.6448674999999 5
endloop
endfacet
facet normal 0 0 1
outer loop
vertex 150.80109280000008 -197.64664850000003 5
vertex 148.8010936 -197.6448674999999 5
vertex 148.80122835788487 -197.64664850000003 5
endloop
endfacet
facet normal 0 0 1
outer loop
vertex 26.205338350000005 -200.246455 5
vertex 26.0696782 -105.62145159999984 5
vertex 24.0698504895569 -105.62145159999984 5
endloop
endfacet
facet normal 0 0 1
outer loop
vertex 26.205338350000005 -200.246455 5
vertex 24.0698504895569 -105.62145159999984 5
vertex 24.069676799999996 -105.62369500000003 5
endloop
endfacet
facet normal 0 0 1
outer loop
vertex 26.205338350000005 -200.246455 5
vertex 24.069676799999996 -105.62369500000003 5
vertex 24.20533919383047 -200.246455 5
endloop
endfacet
facet normal 0 0 1
outer loop
vertex 26.0696782 -105.62145159999984 5
vertex 26.124166201985474 -104.91678325718014 5
vertex 24.124407649321057 -104.91678325718014 5
endloop
endfacet
facet normal 0 0 1
outer loop
vertex 26.0696782 -105.62145159999984 5
vertex 24.124407649321057 -104.91678325718014 5
vertex 24.0698504895569 -105.62145159999984 5
endloop
endfacet
facet normal 0 0 1
outer loop
vertex 26.124166201985474 -104.91678325718014 5
vertex 26.288321247698235 -104.22933442072024 5
vertex 24.238430227706374 -104.22933442072024 5
endloop
endfacet
facet normal 0 0 1
outer loop
vertex 26.124166201985474 -104.91678325718014 5
vertex 24.238430227706374 -104.22933442072024 5
vertex 24.148476630287234 -104.6059047399678 5
endloop
endfacet
facet normal 0 0 1
outer loop
vertex 26.124166201985474 -104.91678325718014 5
vertex 24.148476630287234 -104.6059047399678 5
vertex 24.124407649321057 -104.91678325718014 5
endloop
endfacet
facet normal 0 0 1
outer loop
vertex 26.288321247698235 -104.22933442072024 5
vertex 26.558089813600986 -103.57606747479862 5
vertex 24.400912935785072 -103.57606747479862 5
endloop
endfacet
facet normal 0 0 1
outer loop
vertex 26.288321247698235 -104.22933442072024 5
vertex 24.400912935785072 -103.57606747479862 5
vertex 24.385656765812882 -103.6130039342567 5
endloop
endfacet
facet normal 0 0 1
outer loop
vertex 26.288321247698235 -104.22933442072024 5
vertex 24.385656765812882 -103.6130039342567 5
vertex 24.238430227706374 -104.22933442072024 5
endloop
endfacet
facet normal 0 0 1
outer loop
vertex 150.69675880000003 -104.0699999999994 5
vertex 150.4876837149852 -103.44572685759084 5
vertex 148.32566666325104 -103.44572685759084 5
endloop
endfacet
facet normal 0 0 1
outer loop
vertex 150.69675880000003 -104.0699999999994 5
vertex 148.32566666325104 -103.44572685759084 5
vertex 148.60950774999998 -104.0699999999994 5
endloop
endfacet
facet normal 0 0 1
outer loop
vertex 26.558089813600986 -103.57606747479862 5
vertex 26.926817171685656 -102.9730973949582 5
vertex 24.649962632511603 -102.9730973949582 5
endloop
endfacet
facet normal 0 0 1
outer loop
vertex 26.558089813600986 -103.57606747479862 5
vertex 24.649962632511603 -102.9730973949582 5
vertex 24.400912935785072 -103.57606747479862 5
endloop
endfacet
facet normal 0 0 1
outer loop
vertex 150.4876837149852 -103.44572685759084 5
vertex 150.35376948963597 -103.04587503274958 5
vertex 150.26104563044407 -102.871832563151 5
endloop
endfacet
facet normal 0 0 1
outer loop
vertex 150.4876837149852 -103.44572685759084 5
vertex 150.26104563044407 -102.871832563151 5
vertex 147.95026280382947 -102.871832563151 5
endloop
endfacet
facet normal 0 0 1
outer loop
vertex 150.4876837149852 -103.44572685759084 5
vertex 147.95026280382947 -102.871832563151 5
vertex 148.32566666325104 -103.44572685759084 5
endloop
endfacet
facet normal 0 0 1
outer loop
vertex 26.926817171685656 -102.9730973949582 5
vertex 27.38540745020407 -102.43529841928833 5
vertex 24.918595425860076 -102.43529841928833 5
endloop
endfacet
facet normal 0 0 1
outer loop
vertex 26.926817171685656 -102.9730973949582 5
vertex 24.918595425860076 -102.43529841928833 5
vertex 24.77536710140504 -102.66948272039767 5
endloop
endfacet
facet normal 0 0 1
outer loop
vertex 26.926817171685656 -102.9730973949582 5
vertex 24.77536710140504 -102.66948272039767 5
vertex 24.649962632511603 -102.9730973949582 5
endloop
endfacet
facet normal 0 0 1
outer loop
vertex 150.26104563044407 -102.871832563151 5
vertex 149.98923527029896 -102.36164514478396 5
vertex 147.49201449013927 -102.36164514478396 5
endloop
endfacet
facet normal 0 0 1
outer loop
vertex 150.26104563044407 -102.871832563151 5
vertex 147.49201449013927 -102.36164514478396 5
vertex 147.95026280382947 -102.871832563151 5
endloop
endfacet
facet normal 0 0 1
outer loop
vertex 27.38540745020407 -102.43529841928833 5
vertex 27.92254801322875 -101.97593712647365 5
vertex 25.199543157956924 -101.97593712647365 5
endloop
endfacet
facet normal 0 0 1
outer loop
vertex 27.38540745020407 -102.43529841928833 5
vertex 25.199543157956924 -101.97593712647365 5
vertex 24.918595425860076 -102.43529841928833 5
endloop
endfacet
facet normal 0 0 1
outer loop
vertex 149.98923527029896 -102.36164514478396 5
vertex 149.8459401046622 -102.09268044976002 5
vertex 149.71845878197388 -101.9270131124284 5
endloop
endfacet
facet normal 0 0 1
outer loop
vertex 149.98923527029896 -102.36164514478396 5
vertex 149.71845878197388 -101.9270131124284 5
vertex 146.96156400676668 -101.9270131124284 5
endloop
endfacet
facet normal 0 0 1
outer loop
vertex 149.98923527029896 -102.36164514478396 5
vertex 146.96156400676668 -101.9270131124284 5
vertex 147.49201449013927 -102.36164514478396 5
endloop
endfacet
facet normal 0 0 1
outer loop
vertex 27.92254801322875 -101.97593712647365 5
vertex 28.52498852398685 -101.60634517204187 5
vertex 25.471963314682398 -101.60634517204187 5
endloop
endfacet
facet normal 0 0 1
outer loop
vertex 27.92254801322875 -101.97593712647365 5
vertex 25.471963314682398 -101.60634517204187 5
vertex 25.307995337767863 -101.7986132763941 5
endloop
endfacet
facet normal 0 0 1
outer loop
vertex 27.92254801322875 -101.97593712647365 5
vertex 25.307995337767863 -101.7986132763941 5
vertex 25.199543157956924 -101.97593712647365 5
endloop
endfacet
facet normal 0 0 1
outer loop
vertex 149.71845878197388 -101.9270131124284 5
vertex 149.44991585421346 -101.57803028997925 5
vertex 146.3712304497879 -101.57803028997925 5
endloop
endfacet
facet normal 0 0 1
outer loop
vertex 149.71845878197388 -101.9270131124284 5
vertex 146.3712304497879 -101.57803028997925 5
vertex 146.96156400676668 -101.9270131124284 5
endloop
endfacet
facet normal 0 0 1
outer loop
vertex 28.52498852398685 -101.60634517204187 5
vertex 29.17786780794981 -101.33563975585112 5
vertex 25.70282333996923 -101.33563975585112 5
endloop
endfacet
facet normal 0 0 1
outer loop
vertex 28.52498852398685 -101.60634517204187 5
vertex 25.70282333996923 -101.33563975585112 5
vertex 25.471963314682398 -101.60634517204187 5
endloop
endfacet
facet normal 0 0 1
outer loop
vertex 149.44991585421346 -101.57803028997925 5
vertex 149.25351674943457 -101.32280139795887 5
vertex 145.7347236300775 -101.32280139795887 5
endloop
endfacet
facet normal 0 0 1
outer loop
vertex 149.44991585421346 -101.57803028997925 5
vertex 145.7347236300775 -101.32280139795887 5
vertex 146.3712304497879 -101.57803028997925 5
endloop
endfacet
facet normal 0 0 1
outer loop
vertex 29.17786780794981 -101.33563975585112 5
vertex 29.865080452530577 -101.17049871639975 5
vertex 25.843657110789565 -101.17049871639975 5
endloop
endfacet
facet normal 0 0 1
outer loop
vertex 29.17786780794981 -101.33563975585112 5
vertex 25.843657110789565 -101.17049871639975 5
vertex 25.70282333996923 -101.33563975585112 5
endloop
endfacet
facet normal 0 0 1
outer loop
vertex 149.25351674943457 -101.32280139795887 5
vertex 149.1872867905465 -101.23673278250058 5
vertex 149.11249357229354 -101.16725383080043 5
endloop
endfacet
facet normal 0 0 1
outer loop
vertex 149.25351674943457 -101.32280139795887 5
vertex 149.11249357229354 -101.16725383080043 5
vertex 145.0668256788822 -101.16725383080043 5
endloop
endfacet
facet normal 0 0 1
outer loop
vertex 149.25351674943457 -101.32280139795887 5
vertex 145.0668256788822 -101.16725383080043 5
vertex 145.7347236300775 -101.32280139795887 5
endloop
endfacet
facet normal 0 0 1
outer loop
vertex 149.11249357229354 -101.16725383080043 5
vertex 149.05624298019373 -101.115 5
vertex 144.38304550000015 -101.115 5
endloop
endfacet
facet normal 0 0 1
outer loop
vertex 149.11249357229354 -101.16725383080043 5
vertex 144.38304550000015 -101.115 5
vertex 145.0668256788822 -101.16725383080043 5
endloop
endfacet
facet normal 0 0 1
outer loop
vertex 29.865080452530577 -101.17049871639975 5
vertex 30.56967409999993 -101.11499580000002 5
vertex 25.890990499473986 -101.11499580000002 5
endloop
endfacet
facet normal 0 0 1
outer loop
vertex 29.865080452530577 -101.17049871639975 5
vertex 25.890990499473986 -101.11499580000002 5
vertex 25.843657110789565 -101.17049871639975 5
endloop
endfacet
facet normal 0 0 1
outer loop
vertex 30.56967409999993 -101.11499580000002 5
vertex 33.70000000000002 -101.11499580000002 5
vertex 33.69999999999999 -99.115 5
endloop
endfacet
facet normal 0 0 1
outer loop
vertex 30.56967409999993 -101.11499580000002 5
vertex 33.69999999999999 -99.115 5
vertex 30.569673599999987 -99.115 5
endloop
endfacet
facet normal 0 0 1
outer loop
vertex 30.56967409999993 -101.11499580000002 5
vertex 30.569673599999987 -99.115 5
vertex 29.551992850381424 -99.1951561212405 5
endloop
endfacet
facet normal 0 0 1
outer loop
vertex 30.56967409999993 -101.11499580000002 5
vertex 29.551992850381424 -99.1951561212405 5
vertex 28.559410176899092 -99.43366411475878 5
endloop
endfacet
facet normal 0 0 1
outer loop
vertex 30.56967409999993 -101.11499580000002 5
vertex 28.559410176899092 -99.43366411475878 5
vertex 27.616411070275547 -99.82463612344577 5
endloop
endfacet
facet normal 0 0 1
outer loop
vertex 30.56967409999993 -101.11499580000002 5
vertex 27.616411070275547 -99.82463612344577 5
vertex 26.746254830613736 -100.35842872853473 5
endloop
endfacet
facet normal 0 0 1
outer loop
vertex 30.56967409999993 -101.11499580000002 5
vertex 26.746254830613736 -100.35842872853473 5
vertex 25.970404071158015 -101.02187580684742 5
endloop
endfacet
facet normal 0 0 1
outer loop
vertex 30.56967409999993 -101.11499580000002 5
vertex 25.970404071158015 -101.02187580684742 5
vertex 25.890990499473986 -101.11499580000002 5
endloop
endfacet
facet normal 0 0 1
outer loop
vertex 144.38304550000015 -101.115 5
vertex 149.05624298019373 -101.115 5
vertex 148.39599415615803 -100.50166369456015 5
endloop
endfacet
facet normal 0 0 1
outer loop
vertex 144.38304550000015 -101.115 5
vertex 148.39599415615803 -100.50166369456015 5
vertex 147.49390881905546 -99.90776754044936 5
endloop
endfacet
facet normal 0 0 1
outer loop
vertex 144.38304550000015 -101.115 5
vertex 147.49390881905546 -99.90776754044936 5
vertex 146.5059362472144 -99.47144106340146 5
endloop
endfacet
facet normal 0 0 1
outer loop
vertex 144.38304550000015 -101.115 5
vertex 146.5059362472144 -99.47144106340146 5
vertex 145.45935314965232 -99.20473070143537 5
endloop
endfacet
facet normal 0 0 1
outer loop
vertex 144.38304550000015 -101.115 5
vertex 145.45935314965232 -99.20473070143537 5
vertex 144.38305439999993 -99.115 5
endloop
endfacet
facet normal 0 0 1
outer loop
vertex 144.38304550000015 -101.115 5
vertex 144.38305439999993 -99.115 5
vertex 45.69999999999999 -99.115 5
endloop
endfacet
facet normal 0 0 1
outer loop
vertex 144.38304550000015 -101.115 5
vertex 45.69999999999999 -99.115 5
vertex 45.69999999999999 -101.115 5
endloop
endfacet
facet normal 0 1 0
outer loop
vertex 150.8781903 -111.07 5
vertex 150.87819030000023 -111.07 2
vertex 148.87818949999857 -111.07 2
endloop
endfacet
facet normal 0 1 0
outer loop
vertex 150.8781903 -111.07 5
vertex 148.87818949999857 -111.07 2
vertex 148.8781895 -111.07 5
endloop
endfacet
facet normal 7.833591553207953e-9 -1 0
outer loop
vertex 94.53276709999997 -206.74000099743935 5
vertex 30.70534164999961 -206.74000205837757 5
vertex 30.70534164994274 -206.74000164859874 2
endloop
endfacet
facet normal 7.833591553207953e-9 -1 0
outer loop
vertex 94.53276709999997 -206.74000099743935 5
vertex 30.70534164994274 -206.74000164859874 2
vertex 94.53276709998507 -206.74000164859874 2
endloop
endfacet
facet normal 0 1 0
outer loop
vertex 33.69999999999999 -99.115 5
vertex 33.69999999999999 -99.115 2
vertex 30.569673600002744 -99.115 2
endloop
endfacet
facet normal 0 1 0
outer loop
vertex 33.69999999999999 -99.115 5
vertex 30.569673600002744 -99.115 2
vertex 30.569673599999987 -99.115 5
endloop
endfacet
facet normal 0 1 0
outer loop
vertex 144.38305439999993 -99.115 5
vertex 144.38305440001452 -99.115 2
vertex 45.69999999999999 -99.115 2
endloop
endfacet
facet normal 0 1 0
outer loop
vertex 144.38305439999993 -99.115 5
vertex 45.69999999999999 -99.115 2
vertex 45.69999999999999 -99.115 5
endloop
endfacet
facet normal 3.525127567627351e-8 0.9999999999999994 0
outer loop
vertex 30.705336700000345 -204.73999983581393 5
vertex 94.53276674999987 -204.74000225 5
vertex 94.53276674992561 -204.74000225616888 2
endloop
endfacet
facet normal 3.525127567627351e-8 0.9999999999999994 0
outer loop
vertex 30.705336700000345 -204.73999983581393 5
vertex 94.53276674992561 -204.74000225616888 2
vertex 30.70533669999992 -204.73999983581402 2
endloop
endfacet
facet normal 0.08708183773785555 0.9962011611799084 0
outer loop
vertex 29.924629444751957 -204.6717551880935 5
vertex 30.705336700000345 -204.73999983581393 5
vertex 30.70533669999992 -204.73999983581402 2
endloop
endfacet
facet normal 0.08708183773785555 0.9962011611799084 0
outer loop
vertex 29.924629444751957 -204.6717551880935 5
vertex 30.70533669999992 -204.73999983581402 2
vertex 29.92462785610124 -204.67175518809447 2
endloop
endfacet
facet normal 0.2585871014497338 0.965987945558238 0
outer loop
vertex 29.167595517241352 -204.46910379983643 5
vertex 29.924629444751957 -204.6717551880935 5
vertex 29.92462785610124 -204.67175518809447 2
endloop
endfacet
facet normal 0.2585871014497338 0.965987945558238 0
outer loop
vertex 29.167595517241352 -204.46910379983643 5
vertex 29.92462785610124 -204.67175518809447 2
vertex 29.167595517267813 -204.46910379984186 2
endloop
endfacet
facet normal 0.4222561492225637 0.9064765548229761 0
outer loop
vertex 28.457201490518315 -204.1381870821798 5
vertex 29.167595517241352 -204.46910379983643 5
vertex 29.167595517267813 -204.46910379984186 2
endloop
endfacet
facet normal 0.4222561492225637 0.9064765548229761 0
outer loop
vertex 28.457201490518315 -204.1381870821798 5
vertex 29.167595517267813 -204.46910379984186 2
vertex 28.4572014904642 -204.13818708214765 2
endloop
endfacet
facet normal 0.5731185214910421 0.819472489058615 0
outer loop
vertex 27.814991432030723 -203.68904146213592 5
vertex 28.457201490518315 -204.1381870821798 5
vertex 28.4572014904642 -204.13818708214765 2
endloop
endfacet
facet normal 0.5731185214910421 0.819472489058615 0
outer loop
vertex 27.814991432030723 -203.68904146213592 5
vertex 28.4572014904642 -204.13818708214765 2
vertex 27.814991432045332 -203.6890414621519 2
endloop
endfacet
facet normal 0.7065986888027946 0.7076145087419927 0
outer loop
vertex 27.260443035210045 -203.13528915034712 5
vertex 27.814991432030723 -203.68904146213592 5
vertex 27.814991432045332 -203.6890414621519 2
endloop
endfacet
facet normal 0.7065986888027946 0.7076145087419927 0
outer loop
vertex 27.260443035210045 -203.13528915034712 5
vertex 27.814991432045332 -203.6890414621519 2
vertex 27.260443035215644 -203.13528915035408 2
endloop
endfacet
facet normal 0.8186483094291008 0.5742951727716987 0
outer loop
vertex 26.8103752886787 -202.49372499084325 5
vertex 27.260443035210045 -203.13528915034712 5
vertex 27.260443035215644 -203.13528915035408 2
endloop
endfacet
facet normal 0.8186483094291008 0.5742951727716987 0
outer loop
vertex 26.8103752886787 -202.49372499084325 5
vertex 27.260443035215644 -203.13528915035408 2
vertex 26.810375288663778 -202.49372499082088 2
endloop
endfacet
facet normal 0.905869012181481 0.42355794499613403 0
outer loop
vertex 26.47843837040398 -201.78380708748102 5
vertex 26.8103752886787 -202.49372499084325 5
vertex 26.810375288663778 -202.49372499082088 2
endloop
endfacet
facet normal 0.905869012181481 0.42355794499613403 0
outer loop
vertex 26.47843837040398 -201.78380708748102 5
vertex 26.810375288663778 -202.49372499082088 2
vertex 26.47843837041742 -201.7838070875193 2
endloop
endfacet
facet normal 0.9656154661642724 0.25997455934063046 0
outer loop
vertex 26.27469964922824 -201.02706665594494 5
vertex 26.47843837040398 -201.78380708748102 5
vertex 26.47843837041742 -201.7838070875193 2
endloop
endfacet
facet normal 0.9656154661642724 0.25997455934063046 0
outer loop
vertex 26.27469964922824 -201.02706665594494 5
vertex 26.47843837041742 -201.7838070875193 2
vertex 26.274699649224004 -201.02706665593394 2
endloop
endfacet
facet normal 0.9960756114464402 0.08850636294414294 0
outer loop
vertex 26.205338350000005 -200.246455 5
vertex 26.27469964922824 -201.02706665594494 5
vertex 26.274699649224004 -201.02706665593394 2
endloop
endfacet
facet normal 0.9960756114464402 0.08850636294414294 0
outer loop
vertex 26.205338350000005 -200.246455 5
vertex 26.274699649224004 -201.02706665593394 2
vertex 26.205338350000744 -200.24645499998462 2
endloop
endfacet
facet normal 0.9999989723100617 0.0014336592413103717 2.536675542555472e-13
outer loop
vertex 26.0696782 -105.62145159999984 5
vertex 26.205338350000005 -200.246455 5
vertex 26.205338350000744 -200.24645499998462 2
endloop
endfacet
facet normal 0.9999989723100617 0.0014336592413103717 2.536675542555472e-13
outer loop
vertex 26.0696782 -105.62145159999984 5
vertex 26.205338350000744 -200.24645499998462 2
vertex 26.204305503188294 -199.52602874999673 2
endloop
endfacet
facet normal 0.9999989723100617 0.0014336592413103717 2.536675542555472e-13
outer loop
vertex 26.0696782 -105.62145159999984 5
vertex 26.204305503188294 -199.52602874999673 2
vertex 26.204124806983003 -199.39999041788064 2
endloop
endfacet
facet normal 0.9999989723100617 0.0014336592413103717 2.536675542555472e-13
outer loop
vertex 26.0696782 -105.62145159999984 5
vertex 26.204124806983003 -199.39999041788064 2
vertex 26.203885514417152 -199.233080239353 2
endloop
endfacet
facet normal 0.9999989723100617 0.0014336592413103717 2.536675542555472e-13
outer loop
vertex 26.0696782 -105.62145159999984 5
vertex 26.203885514417152 -199.233080239353 2
vertex 26.203593203580766 -199.02918901642465 2
endloop
endfacet
facet normal 0.9999989723100617 0.0014336592413103717 2.536675542555472e-13
outer loop
vertex 26.0696782 -105.62145159999984 5
vertex 26.203593203580766 -199.02918901642465 2
vertex 26.20325468845965 -198.79306960709437 2
endloop
endfacet
facet normal 0.9999989723100617 0.0014336592413103717 2.536675542555472e-13
outer loop
vertex 26.0696782 -105.62145159999984 5
vertex 26.20325468845965 -198.79306960709437 2
vertex 26.202877860096294 -198.53022613269658 2
endloop
endfacet
facet normal 0.9999989723100617 0.0014336592413103717 2.536675542555472e-13
outer loop
vertex 26.0696782 -105.62145159999984 5
vertex 26.202877860096294 -198.53022613269658 2
vertex 26.20247150264359 -198.24678567253073 2
endloop
endfacet
facet normal 0.9999989723100617 0.0014336592413103717 2.536675542555472e-13
outer loop
vertex 26.0696782 -105.62145159999984 5
vertex 26.20247150264359 -198.24678567253073 2
vertex 26.20204508860016 -197.94935543742992 2
endloop
endfacet
facet normal 0.9999989723100617 0.0014336592413103717 2.536675542555472e-13
outer loop
vertex 26.0696782 -105.62145159999984 5
vertex 26.20204508860016 -197.94935543742992 2
vertex 26.201608556206196 -197.6448675000142 2
endloop
endfacet
facet normal 0.9999989723100617 0.0014336592413103717 2.536675542555472e-13
outer loop
vertex 26.0696782 -105.62145159999984 5
vertex 26.201608556206196 -197.6448675000142 2
vertex 26.178533976963564 -181.54999999999998 2
endloop
endfacet
facet normal 0.9999989723100617 0.0014336592413103717 2.536675542555472e-13
outer loop
vertex 26.0696782 -105.62145159999984 5
vertex 26.178533976963564 -181.54999999999998 2
vertex 26.17850505220551 -181.52982454442252 2
endloop
endfacet
facet normal 0.9999989723100617 0.0014336592413103717 2.536675542555472e-13
outer loop
vertex 26.0696782 -105.62145159999984 5
vertex 26.17850505220551 -181.52982454442252 2
vertex 26.17841938949354 -181.47007350913586 2
endloop
endfacet
facet normal 0.9999989723100617 0.0014336592413103717 2.536675542555472e-13
outer loop
vertex 26.0696782 -105.62145159999984 5
vertex 26.17841938949354 -181.47007350913586 2
vertex 26.178280280797708 -181.37304309293623 2
endloop
endfacet
facet normal 0.9999989723100617 0.0014336592413103717 2.536675542555472e-13
outer loop
vertex 26.0696782 -105.62145159999984 5
vertex 26.178280280797708 -181.37304309293623 2
vertex 26.178093071987036 -181.24246212022734 2
endloop
endfacet
facet normal 0.9999989723100617 0.0014336592413103717 2.536675542555472e-13
outer loop
vertex 26.0696782 -105.62145159999984 5
vertex 26.178093071987036 -181.24246212022734 2
vertex 26.177864957391307 -181.08334874465086 2
endloop
endfacet
facet normal 0.9999989723100617 0.0014336592413103717 2.536675542555472e-13
outer loop
vertex 26.0696782 -105.62145159999984 5
vertex 26.177864957391307 -181.08334874465086 2
vertex 26.177604703326466 -180.90181760400586 2
endloop
endfacet
facet normal 0.9999989723100617 0.0014336592413103717 2.536675542555472e-13
outer loop
vertex 26.0696782 -105.62145159999984 5
vertex 26.177604703326466 -180.90181760400586 2
vertex 26.17732231121019 -180.70484483813468 2
endloop
endfacet
facet normal 0.9999989723100617 0.0014336592413103717 2.536675542555472e-13
outer loop
vertex 26.0696782 -105.62145159999984 5
vertex 26.17732231121019 -180.70484483813468 2
vertex 26.17702863321321 -180.50000000004133 2
endloop
endfacet
facet normal 0.9999989723100617 0.0014336592413103717 2.536675542555472e-13
outer loop
vertex 26.0696782 -105.62145159999984 5
vertex 26.17702863321321 -180.50000000004133 2
vertex 26.176734955216034 -180.29515516180734 2
endloop
endfacet
facet normal 0.9999989723100617 0.0014336592413103717 2.536675542555472e-13
outer loop
vertex 26.0696782 -105.62145159999984 5
vertex 26.176734955216034 -180.29515516180734 2
vertex 26.1764525630999 -180.0981823960601 2
endloop
endfacet
facet normal 0.9999989723100617 0.0014336592413103717 2.536675542555472e-13
outer loop
vertex 26.0696782 -105.62145159999984 5
vertex 26.1764525630999 -180.0981823960601 2
vertex 26.176192309034974 -179.91665125534803 2
endloop
endfacet
facet normal 0.9999989723100617 0.0014336592413103717 2.536675542555472e-13
outer loop
vertex 26.0696782 -105.62145159999984 5
vertex 26.176192309034974 -179.91665125534803 2
vertex 26.17596419443916 -179.75753787971325 2
endloop
endfacet
facet normal 0.9999989723100617 0.0014336592413103717 2.536675542555472e-13
outer loop
vertex 26.0696782 -105.62145159999984 5
vertex 26.17596419443916 -179.75753787971325 2
vertex 26.17577698562863 -179.62695690709012 2
endloop
endfacet
facet normal 0.9999989723100617 0.0014336592413103717 2.536675542555472e-13
outer loop
vertex 26.0696782 -105.62145159999984 5
vertex 26.17577698562863 -179.62695690709012 2
vertex 26.175637876932768 -179.52992649086463 2
endloop
endfacet
facet normal 0.9999989723100617 0.0014336592413103717 2.536675542555472e-13
outer loop
vertex 26.0696782 -105.62145159999984 5
vertex 26.175637876932768 -179.52992649086463 2
vertex 26.1755522142208 -179.47017545558492 2
endloop
endfacet
facet normal 0.9999989723100617 0.0014336592413103717 2.536675542555472e-13
outer loop
vertex 26.0696782 -105.62145159999984 5
vertex 26.1755522142208 -179.47017545558492 2
vertex 26.175523289462745 -179.45000000000022 2
endloop
endfacet
facet normal 0.9999989723100617 0.0014336592413103717 2.536675542555472e-13
outer loop
vertex 26.0696782 -105.62145159999984 5
vertex 26.175523289462745 -179.45000000000022 2
vertex 26.162147234994848 -170.12000000000006 2
endloop
endfacet
facet normal 0.9999989723100617 0.0014336592413103717 2.536675542555472e-13
outer loop
vertex 26.0696782 -105.62145159999984 5
vertex 26.162147234994848 -170.12000000000006 2
vertex 26.162118310236792 -170.09982454442533 2
endloop
endfacet
facet normal 0.9999989723100617 0.0014336592413103717 2.536675542555472e-13
outer loop
vertex 26.0696782 -105.62145159999984 5
vertex 26.162118310236792 -170.09982454442533 2
vertex 26.162032647524825 -170.040073509133 2
endloop
endfacet
facet normal 0.9999989723100617 0.0014336592413103717 2.536675542555472e-13
outer loop
vertex 26.0696782 -105.62145159999984 5
vertex 26.162032647524825 -170.040073509133 2
vertex 26.161893538828963 -169.94304309291553 2
endloop
endfacet
facet normal 0.9999989723100617 0.0014336592413103717 2.536675542555472e-13
outer loop
vertex 26.0696782 -105.62145159999984 5
vertex 26.161893538828963 -169.94304309291553 2
vertex 26.161706330018347 -169.8124621202374 2
endloop
endfacet
facet normal 0.9999989723100617 0.0014336592413103717 2.536675542555472e-13
outer loop
vertex 26.0696782 -105.62145159999984 5
vertex 26.161706330018347 -169.8124621202374 2
vertex 26.161478215422648 -169.6533487446802 2
endloop
endfacet
facet normal 0.9999989723100617 0.0014336592413103717 2.536675542555472e-13
outer loop
vertex 26.0696782 -105.62145159999984 5
vertex 26.161478215422648 -169.6533487446802 2
vertex 26.161217961357778 -169.4718176040124 2
endloop
endfacet
facet normal 0.9999989723100617 0.0014336592413103717 2.536675542555472e-13
outer loop
vertex 26.0696782 -105.62145159999984 5
vertex 26.161217961357778 -169.4718176040124 2
vertex 26.160935569241417 -169.27484483809886 2
endloop
endfacet
facet normal 0.9999989723100617 0.0014336592413103717 2.536675542555472e-13
outer loop
vertex 26.0696782 -105.62145159999984 5
vertex 26.160935569241417 -169.27484483809886 2
vertex 26.16064189124444 -169.0700000000022 2
endloop
endfacet
facet normal 0.9999989723100617 0.0014336592413103717 2.536675542555472e-13
outer loop
vertex 26.0696782 -105.62145159999984 5
vertex 26.16064189124444 -169.0700000000022 2
vertex 26.16034821324743 -168.8651551618977 2
endloop
endfacet
facet normal 0.9999989723100617 0.0014336592413103717 2.536675542555472e-13
outer loop
vertex 26.0696782 -105.62145159999984 5
vertex 26.16034821324743 -168.8651551618977 2
vertex 26.160065821131155 -168.66818239602256 2
endloop
endfacet
facet normal 0.9999989723100617 0.0014336592413103717 2.536675542555472e-13
outer loop
vertex 26.0696782 -105.62145159999984 5
vertex 26.160065821131155 -168.66818239602256 2
vertex 26.1598055670662 -168.48665125530601 2
endloop
endfacet
facet normal 0.9999989723100617 0.0014336592413103717 2.536675542555472e-13
outer loop
vertex 26.0696782 -105.62145159999984 5
vertex 26.1598055670662 -168.48665125530601 2
vertex 26.1595774524705 -168.327537879751 2
endloop
endfacet
facet normal 0.9999989723100617 0.0014336592413103717 2.536675542555472e-13
outer loop
vertex 26.0696782 -105.62145159999984 5
vertex 26.1595774524705 -168.327537879751 2
vertex 26.159390243659914 -168.1969569070842 2
endloop
endfacet
facet normal 0.9999989723100617 0.0014336592413103717 2.536675542555472e-13
outer loop
vertex 26.0696782 -105.62145159999984 5
vertex 26.159390243659914 -168.1969569070842 2
vertex 26.159251134964023 -168.09992649085655 2
endloop
endfacet
facet normal 0.9999989723100617 0.0014336592413103717 2.536675542555472e-13
outer loop
vertex 26.0696782 -105.62145159999984 5
vertex 26.159251134964023 -168.09992649085655 2
vertex 26.159165472252084 -168.04017545557855 2
endloop
endfacet
facet normal 0.9999989723100617 0.0014336592413103717 2.536675542555472e-13
outer loop
vertex 26.0696782 -105.62145159999984 5
vertex 26.159165472252084 -168.04017545557855 2
vertex 26.15913654749403 -168.0200000000003 2
endloop
endfacet
facet normal 0.9999989723100617 0.0014336592413103717 2.536675542555472e-13
outer loop
vertex 26.0696782 -105.62145159999984 5
vertex 26.15913654749403 -168.0200000000003 2
vertex 26.124054869805974 -143.54999999999708 2
endloop
endfacet
facet normal 0.9999989723100617 0.0014336592413103717 2.536675542555472e-13
outer loop
vertex 26.0696782 -105.62145159999984 5
vertex 26.124054869805974 -143.54999999999708 2
vertex 26.12402594504792 -143.52982454442193 2
endloop
endfacet
facet normal 0.9999989723100617 0.0014336592413103717 2.536675542555472e-13
outer loop
vertex 26.0696782 -105.62145159999984 5
vertex 26.12402594504792 -143.52982454442193 2
vertex 26.12394028233595 -143.47007350913017 2
endloop
endfacet
facet normal 0.9999989723100617 0.0014336592413103717 2.536675542555472e-13
outer loop
vertex 26.0696782 -105.62145159999984 5
vertex 26.12394028233595 -143.47007350913017 2
vertex 26.123801173640118 -143.3730430929287 2
endloop
endfacet
facet normal 0.9999989723100617 0.0014336592413103717 2.536675542555472e-13
outer loop
vertex 26.0696782 -105.62145159999984 5
vertex 26.123801173640118 -143.3730430929287 2
vertex 26.123613964829502 -143.24246212024138 2
endloop
endfacet
facet normal 0.9999989723100617 0.0014336592413103717 2.536675542555472e-13
outer loop
vertex 26.0696782 -105.62145159999984 5
vertex 26.123613964829502 -143.24246212024138 2
vertex 26.123385850233802 -143.0833487446979 2
endloop
endfacet
facet normal 0.9999989723100617 0.0014336592413103717 2.536675542555472e-13
outer loop
vertex 26.0696782 -105.62145159999984 5
vertex 26.123385850233802 -143.0833487446979 2
vertex 26.123125596168876 -142.90181760399255 2
endloop
endfacet
facet normal 0.9999989723100617 0.0014336592413103717 2.536675542555472e-13
outer loop
vertex 26.0696782 -105.62145159999984 5
vertex 26.123125596168876 -142.90181760399255 2
vertex 26.122843204052515 -142.7048448380755 2
endloop
endfacet
facet normal 0.9999989723100617 0.0014336592413103717 2.536675542555472e-13
outer loop
vertex 26.0696782 -105.62145159999984 5
vertex 26.122843204052515 -142.7048448380755 2
vertex 26.12254952605562 -142.50000000004104 2
endloop
endfacet
facet normal 0.9999989723100617 0.0014336592413103717 2.536675542555472e-13
outer loop
vertex 26.0696782 -105.62145159999984 5
vertex 26.12254952605562 -142.50000000004104 2
vertex 26.122255848058472 -142.29515516183594 2
endloop
endfacet
facet normal 0.9999989723100617 0.0014336592413103717 2.536675542555472e-13
outer loop
vertex 26.0696782 -105.62145159999984 5
vertex 26.122255848058472 -142.29515516183594 2
vertex 26.121973455942197 -142.09818239597317 2
endloop
endfacet
facet normal 0.9999989723100617 0.0014336592413103717 2.536675542555472e-13
outer loop
vertex 26.0696782 -105.62145159999984 5
vertex 26.121973455942197 -142.09818239597317 2
vertex 26.12171320187747 -141.91665125539157 2
endloop
endfacet
facet normal 0.9999989723100617 0.0014336592413103717 2.536675542555472e-13
outer loop
vertex 26.0696782 -105.62145159999984 5
vertex 26.12171320187747 -141.91665125539157 2
vertex 26.12148508728157 -141.75753787970075 2
endloop
endfacet
facet normal 0.9999989723100617 0.0014336592413103717 2.536675542555472e-13
outer loop
vertex 26.0696782 -105.62145159999984 5
vertex 26.12148508728157 -141.75753787970075 2
vertex 26.121297878471097 -141.62695690712653 2
endloop
endfacet
facet normal 0.9999989723100617 0.0014336592413103717 2.536675542555472e-13
outer loop
vertex 26.0696782 -105.62145159999984 5
vertex 26.121297878471097 -141.62695690712653 2
vertex 26.12115876977515 -141.5299264908414 2
endloop
endfacet
facet normal 0.9999989723100617 0.0014336592413103717 2.536675542555472e-13
outer loop
vertex 26.0696782 -105.62145159999984 5
vertex 26.12115876977515 -141.5299264908414 2
vertex 26.12107310706321 -141.47017545557495 2
endloop
endfacet
facet normal 0.9999989723100617 0.0014336592413103717 2.536675542555472e-13
outer loop
vertex 26.0696782 -105.62145159999984 5
vertex 26.12107310706321 -141.47017545557495 2
vertex 26.121044182305155 -141.44999999999612 2
endloop
endfacet
facet normal 0.9999989723100617 0.0014336592413103717 2.536675542555472e-13
outer loop
vertex 26.0696782 -105.62145159999984 5
vertex 26.121044182305155 -141.44999999999612 2
vertex 26.107668127837258 -132.12000000000023 2
endloop
endfacet
facet normal 0.9999989723100617 0.0014336592413103717 2.536675542555472e-13
outer loop
vertex 26.0696782 -105.62145159999984 5
vertex 26.107668127837258 -132.12000000000023 2
vertex 26.107639203079202 -132.0998245444237 2
endloop
endfacet
facet normal 0.9999989723100617 0.0014336592413103717 2.536675542555472e-13
outer loop
vertex 26.0696782 -105.62145159999984 5
vertex 26.107639203079202 -132.0998245444237 2
vertex 26.107553540367235 -132.0400735091323 2
endloop
endfacet
facet normal 0.9999989723100617 0.0014336592413103717 2.536675542555472e-13
outer loop
vertex 26.0696782 -105.62145159999984 5
vertex 26.107553540367235 -132.0400735091323 2
vertex 26.107414431671373 -131.9430430929175 2
endloop
endfacet
facet normal 0.9999989723100617 0.0014336592413103717 2.536675542555472e-13
outer loop
vertex 26.0696782 -105.62145159999984 5
vertex 26.107414431671373 -131.9430430929175 2
vertex 26.107227222860786 -131.81246212025417 2
endloop
endfacet
facet normal 0.9999989723100617 0.0014336592413103717 2.536675542555472e-13
outer loop
vertex 26.0696782 -105.62145159999984 5
vertex 26.107227222860786 -131.81246212025417 2
vertex 26.106999108265 -131.6533487446587 2
endloop
endfacet
facet normal 0.9999989723100617 0.0014336592413103717 2.536675542555472e-13
outer loop
vertex 26.0696782 -105.62145159999984 5
vertex 26.106999108265 -131.6533487446587 2
vertex 26.10673885420013 -131.47181760398067 2
endloop
endfacet
facet normal 0.9999989723100617 0.0014336592413103717 2.536675542555472e-13
outer loop
vertex 26.0696782 -105.62145159999984 5
vertex 26.10673885420013 -131.47181760398067 2
vertex 26.106456462083884 -131.27484483812947 2
endloop
endfacet
facet normal 0.9999989723100617 0.0014336592413103717 2.536675542555472e-13
outer loop
vertex 26.0696782 -105.62145159999984 5
vertex 26.106456462083884 -131.27484483812947 2
vertex 26.106162784086848 -131.0700000000067 2
endloop
endfacet
facet normal 0.9999989723100617 0.0014336592413103717 2.536675542555472e-13
outer loop
vertex 26.0696782 -105.62145159999984 5
vertex 26.106162784086848 -131.0700000000067 2
vertex 26.10586910608984 -130.86515516188382 2
endloop
endfacet
facet normal 0.9999989723100617 0.0014336592413103717 2.536675542555472e-13
outer loop
vertex 26.0696782 -105.62145159999984 5
vertex 26.10586910608984 -130.86515516188382 2
vertex 26.105586713973537 -130.66818239600866 2
endloop
endfacet
facet normal 0.9999989723100617 0.0014336592413103717 2.536675542555472e-13
outer loop
vertex 26.0696782 -105.62145159999984 5
vertex 26.105586713973537 -130.66818239600866 2
vertex 26.105326459908696 -130.4866512553492 2
endloop
endfacet
facet normal 0.9999989723100617 0.0014336592413103717 2.536675542555472e-13
outer loop
vertex 26.0696782 -105.62145159999984 5
vertex 26.105326459908696 -130.4866512553492 2
vertex 26.10509834531291 -130.3275378797475 2
endloop
endfacet
facet normal 0.9999989723100617 0.0014336592413103717 2.536675542555472e-13
outer loop
vertex 26.0696782 -105.62145159999984 5
vertex 26.10509834531291 -130.3275378797475 2
vertex 26.104911136502295 -130.1969569070674 2
endloop
endfacet
facet normal 0.9999989723100617 0.0014336592413103717 2.536675542555472e-13
outer loop
vertex 26.0696782 -105.62145159999984 5
vertex 26.104911136502295 -130.1969569070674 2
vertex 26.10477202780646 -130.0999264908695 2
endloop
endfacet
facet normal 0.9999989723100617 0.0014336592413103717 2.536675542555472e-13
outer loop
vertex 26.0696782 -105.62145159999984 5
vertex 26.10477202780646 -130.0999264908695 2
vertex 26.104686365094494 -130.04017545557608 2
endloop
endfacet
facet normal 0.9999989723100617 0.0014336592413103717 2.536675542555472e-13
outer loop
vertex 26.0696782 -105.62145159999984 5
vertex 26.104686365094494 -130.04017545557608 2
vertex 26.10465744033644 -130.01999999999995 2
endloop
endfacet
facet normal 0.9999989723100617 0.0014336592413103717 2.536675542555472e-13
outer loop
vertex 26.0696782 -105.62145159999984 5
vertex 26.10465744033644 -130.01999999999995 2
vertex 26.077489569793386 -111.07 2
endloop
endfacet
facet normal 0.9999989723100617 0.0014336592413103717 2.536675542555472e-13
outer loop
vertex 26.0696782 -105.62145159999984 5
vertex 26.077489569793386 -111.07 2
vertex 26.069678200000283 -105.62145159999646 2
endloop
endfacet
facet normal 0.9970238140433731 -0.07709419063979794 0
outer loop
vertex 26.124166201985474 -104.91678325718014 5
vertex 26.0696782 -105.62145159999984 5
vertex 26.069678200000283 -105.62145159999646 2
endloop
endfacet
facet normal 0.9970238140433731 -0.07709419063979794 0
outer loop
vertex 26.124166201985474 -104.91678325718014 5
vertex 26.069678200000283 -105.62145159999646 2
vertex 26.124166201984934 -104.9167832571877 2
endloop
endfacet
facet normal 0.9726540158455645 -0.23225883289876476 0
outer loop
vertex 26.288321247698235 -104.22933442072024 5
vertex 26.124166201985474 -104.91678325718014 5
vertex 26.124166201984934 -104.9167832571877 2
endloop
endfacet
facet normal 0.9726540158455645 -0.23225883289876476 0
outer loop
vertex 26.288321247698235 -104.22933442072024 5
vertex 26.124166201984934 -104.9167832571877 2
vertex 26.28832124770196 -104.2293344207098 2
endloop
endfacet
facet normal 0.9242909212588537 -0.38168873821277405 -1.7997745185093075e-13
outer loop
vertex 26.558089813600986 -103.57606747479862 5
vertex 26.288321247698235 -104.22933442072024 5
vertex 26.28832124770196 -104.2293344207098 2
endloop
endfacet
facet normal 0.9242909212588537 -0.38168873821277405 -1.7997745185093075e-13
outer loop
vertex 26.558089813600986 -103.57606747479862 5
vertex 26.28832124770196 -104.2293344207098 2
vertex 26.354118879806123 -104.07000000000102 2
endloop
endfacet
facet normal 0.9242909212588537 -0.38168873821277405 -1.7997745185093075e-13
outer loop
vertex 26.558089813600986 -103.57606747479862 5
vertex 26.354118879806123 -104.07000000000102 2
vertex 26.558089813598684 -103.57606747480281 2
endloop
endfacet
facet normal 0.853127154322864 -0.5217030367526839 0
outer loop
vertex 26.926817171685656 -102.9730973949582 5
vertex 26.558089813600986 -103.57606747479862 5
vertex 26.558089813598684 -103.57606747480281 2
endloop
endfacet
facet normal 0.853127154322864 -0.5217030367526839 0
outer loop
vertex 26.926817171685656 -102.9730973949582 5
vertex 26.558089813598684 -103.57606747480281 2
vertex 26.92681717168668 -102.97309739495697 2
endloop
endfacet
facet normal 0.7609182031590397 -0.6488478158252662 0
outer loop
vertex 27.38540745020407 -102.43529841928833 5
vertex 26.926817171685656 -102.9730973949582 5
vertex 26.92681717168668 -102.97309739495697 2
endloop
endfacet
facet normal 0.7609182031590397 -0.6488478158252662 0
outer loop
vertex 27.38540745020407 -102.43529841928833 5
vertex 26.92681717168668 -102.97309739495697 2
vertex 27.38540745020245 -102.43529841929022 2
endloop
endfacet
facet normal 0.6499387045022048 -0.7599866317179507 0
outer loop
vertex 27.92254801322875 -101.97593712647365 5
vertex 27.38540745020407 -102.43529841928833 5
vertex 27.38540745020245 -102.43529841929022 2
endloop
endfacet
facet normal 0.6499387045022048 -0.7599866317179507 0
outer loop
vertex 27.92254801322875 -101.97593712647365 5
vertex 27.38540745020245 -102.43529841929022 2
vertex 27.92254801323017 -101.97593712647291 2
endloop
endfacet
facet normal 0.5229263323121378 -0.8523778803879039 0
outer loop
vertex 28.52498852398685 -101.60634517204187 5
vertex 27.92254801322875 -101.97593712647365 5
vertex 27.92254801323017 -101.97593712647291 2
endloop
endfacet
facet normal 0.5229263323121378 -0.8523778803879039 0
outer loop
vertex 28.52498852398685 -101.60634517204187 5
vertex 27.92254801323017 -101.97593712647291 2
vertex 28.524988523989748 -101.60634517204022 2
endloop
endfacet
facet normal 0.38301426405054456 -0.9237424281334163 0
outer loop
vertex 29.17786780794981 -101.33563975585112 5
vertex 28.52498852398685 -101.60634517204187 5
vertex 28.524988523989748 -101.60634517204022 2
endloop
endfacet
facet normal 0.38301426405054456 -0.9237424281334163 0
outer loop
vertex 29.17786780794981 -101.33563975585112 5
vertex 28.524988523989748 -101.60634517204022 2
vertex 29.177867807952907 -101.33563975584939 2
endloop
endfacet
facet normal 0.23365389056510785 -0.9723198339146377 0
outer loop
vertex 29.865080452530577 -101.17049871639975 5
vertex 29.17786780794981 -101.33563975585112 5
vertex 29.177867807952907 -101.33563975584939 2
endloop
endfacet
facet normal 0.23365389056510785 -0.9723198339146377 0
outer loop
vertex 29.865080452530577 -101.17049871639975 5
vertex 29.177867807952907 -101.33563975584939 2
vertex 29.86508045252424 -101.1704987164003 2
endloop
endfacet
facet normal 0.07852967619429155 -0.9969117764159574 1.82608586320484e-14
outer loop
vertex 30.56967409999993 -101.11499580000002 5
vertex 29.865080452530577 -101.17049871639975 5
vertex 29.86508045252424 -101.1704987164003 2
endloop
endfacet
facet normal 0.07852967619429155 -0.9969117764159574 1.82608586320484e-14
outer loop
vertex 30.56967409999993 -101.11499580000002 5
vertex 29.86508045252424 -101.1704987164003 2
vertex 30.569620782202264 -101.115 2
endloop
endfacet
facet normal 0.07852967619429155 -0.9969117764159574 1.82608586320484e-14
outer loop
vertex 30.56967409999993 -101.11499580000002 5
vertex 30.569620782202264 -101.115 2
vertex 30.56967410000223 -101.11499579999989 2
endloop
endfacet
facet normal -0.0000013417133288839977 -0.9999999999991 0
outer loop
vertex 33.70000000000002 -101.11499580000002 5
vertex 30.56967409999993 -101.11499580000002 5
vertex 30.56967410000223 -101.11499579999989 2
endloop
endfacet
facet normal -0.0000013417133288839977 -0.9999999999991 0
outer loop
vertex 33.70000000000002 -101.11499580000002 5
vertex 30.56967410000223 -101.11499579999989 2
vertex 33.70000009198753 -101.115 2
endloop
endfacet
facet normal 1 0 0
outer loop
vertex 33.69999999999999 -99.115 2
vertex 33.69999999999999 -99.115 5
vertex 33.70000000000002 -101.11499580000002 5
endloop
endfacet
facet normal 1 0 0
outer loop
vertex 33.69999999999999 -99.115 2
vertex 33.70000000000002 -101.11499580000002 5
vertex 33.70000009198753 -101.115 2
endloop
endfacet
facet normal -0.6499055545734104 0.760014980204093 0
outer loop
vertex 25.970404071158015 -101.02187580684742 5
vertex 26.746254830613736 -100.35842872853473 5
vertex 26.7462548306128 -100.35842872853532 2
endloop
endfacet
facet normal -0.6499055545734104 0.760014980204093 0
outer loop
vertex 25.970404071158015 -101.02187580684742 5
vertex 26.7462548306128 -100.35842872853532 2
vertex 25.97040407115591 -101.02187580684897 2
endloop
endfacet
facet normal 0 0 -1
outer loop
vertex 25.307995337767863 -101.7986132763941 5
vertex 25.471963314682398 -101.60634517204187 5
vertex 25.70282333996923 -101.33563975585112 5
endloop
endfacet
facet normal 0 0 -1
outer loop
vertex 25.307995337767863 -101.7986132763941 5
vertex 25.70282333996923 -101.33563975585112 5
vertex 25.843657110789565 -101.17049871639975 5
endloop
endfacet
facet normal 0 0 -1
outer loop
vertex 25.307995337767863 -101.7986132763941 5
vertex 25.843657110789565 -101.17049871639975 5
vertex 25.890990499473986 -101.11499580000002 5
endloop
endfacet
facet normal 0 0 -1
outer loop
vertex 25.307995337767863 -101.7986132763941 5
vertex 25.890990499473986 -101.11499580000002 5
vertex 25.970404071158015 -101.02187580684742 5
endloop
endfacet
facet normal 0 0 -1
outer loop
vertex 25.307995337767863 -101.7986132763941 5
vertex 25.970404071158015 -101.02187580684742 5
vertex 25.97040407115591 -101.02187580684897 2
endloop
endfacet
facet normal 0 0 -1
outer loop
vertex 25.307995337767863 -101.7986132763941 5
vertex 25.97040407115591 -101.02187580684897 2
vertex 25.3079953377607 -101.7986132764016 2
endloop
endfacet
facet normal 0 0 -1
outer loop
vertex 24.77536710140504 -102.66948272039767 5
vertex 24.918595425860076 -102.43529841928833 5
vertex 25.199543157956924 -101.97593712647365 5
endloop
endfacet
facet normal 0 0 -1
outer loop
vertex 24.77536710140504 -102.66948272039767 5
vertex 25.199543157956924 -101.97593712647365 5
vertex 25.307995337767863 -101.7986132763941 5
endloop
endfacet
facet normal 0 0 -1
outer loop
vertex 24.77536710140504 -102.66948272039767 5
vertex 25.307995337767863 -101.7986132763941 5
vertex 25.3079953377607 -101.7986132764016 2
endloop
endfacet
facet normal 0 0 -1
outer loop
vertex 24.77536710140504 -102.66948272039767 5
vertex 25.3079953377607 -101.7986132764016 2
vertex 24.77536710140646 -102.66948272039106 2
endloop
endfacet
facet normal 0 0 1
outer loop
vertex 24.385656765812882 -103.6130039342567 5
vertex 24.400912935785072 -103.57606747479862 5
vertex 24.649962632511603 -102.9730973949582 5
endloop
endfacet
facet normal 0 0 1
outer loop
vertex 24.385656765812882 -103.6130039342567 5
vertex 24.649962632511603 -102.9730973949582 5
vertex 24.77536710140504 -102.66948272039767 5
endloop
endfacet
facet normal 0 0 1
outer loop
vertex 24.385656765812882 -103.6130039342567 5
vertex 24.77536710140504 -102.66948272039767 5
vertex 24.77536710140646 -102.66948272039106 2
endloop
endfacet
facet normal 0 0 1
outer loop
vertex 24.385656765812882 -103.6130039342567 5
vertex 24.77536710140646 -102.66948272039106 2
vertex 24.38565676581308 -103.61300393425294 2
endloop
endfacet
facet normal 0 0 1
outer loop
vertex 24.148476630287234 -104.6059047399678 5
vertex 24.238430227706374 -104.22933442072024 5
vertex 24.385656765812882 -103.6130039342567 5
endloop
endfacet
facet normal 0 0 1
outer loop
vertex 24.148476630287234 -104.6059047399678 5
vertex 24.385656765812882 -103.6130039342567 5
vertex 24.38565676581308 -103.61300393425294 2
endloop
endfacet
facet normal 0 0 1
outer loop
vertex 24.148476630287234 -104.6059047399678 5
vertex 24.38565676581308 -103.61300393425294 2
vertex 24.14847663028769 -104.605904739963 2
endloop
endfacet
facet normal 0 0 1
outer loop
vertex 24.069676799999996 -105.62369500000003 5
vertex 24.0698504895569 -105.62145159999984 5
vertex 24.124407649321057 -104.91678325718014 5
endloop
endfacet
facet normal 0 0 1
outer loop
vertex 24.069676799999996 -105.62369500000003 5
vertex 24.124407649321057 -104.91678325718014 5
vertex 24.148476630287234 -104.6059047399678 5
endloop
endfacet
facet normal 0 0 1
outer loop
vertex 24.069676799999996 -105.62369500000003 5
vertex 24.148476630287234 -104.6059047399678 5
vertex 24.14847663028769 -104.605904739963 2
endloop
endfacet
facet normal 0 0 1
outer loop
vertex 24.069676799999996 -105.62369500000003 5
vertex 24.14847663028769 -104.605904739963 2
vertex 24.069676799999854 -105.62369499994244 2
endloop
endfacet
facet normal 0 0 -1
outer loop
vertex 24.305528481511715 -201.37687105475405 5
vertex 24.274447683919675 -201.02706665594494 5
vertex 24.20534330000001 -200.24931899999982 5
endloop
endfacet
facet normal 0 0 -1
outer loop
vertex 24.305528481511715 -201.37687105475405 5
vertex 24.20534330000001 -200.24931899999982 5
vertex 24.205343299999697 -200.24931900009454 2
endloop
endfacet
facet normal 0 0 -1
outer loop
vertex 24.305528481511715 -201.37687105475405 5
vertex 24.205343299999697 -200.24931900009454 2
vertex 24.30552848150782 -201.3768710547311 2
endloop
endfacet
facet normal 0 0 -1
outer loop
vertex 24.599816507181515 -202.46994217219594 5
vertex 24.415088051547173 -201.78380708748102 5
vertex 24.305528481511715 -201.37687105475405 5
endloop
endfacet
facet normal 0 0 -1
outer loop
vertex 24.599816507181515 -202.46994217219594 5
vertex 24.305528481511715 -201.37687105475405 5
vertex 24.30552848150782 -201.3768710547311 2
endloop
endfacet
facet normal 0 0 -1
outer loop
vertex 24.599816507181515 -202.46994217219594 5
vertex 24.30552848150782 -201.3768710547311 2
vertex 24.599816507190866 -202.46994217221567 2
endloop
endfacet
facet normal 0 0 1
outer loop
vertex 25.079280198194226 -203.4953808484891 5
vertex 24.9109123584729 -203.13528915034712 5
vertex 24.610936624137253 -202.49372499084325 5
endloop
endfacet
facet normal 0 0 1
outer loop
vertex 25.079280198194226 -203.4953808484891 5
vertex 24.610936624137253 -202.49372499084325 5
vertex 24.599816507181515 -202.46994217219594 5
endloop
endfacet
facet normal 0 0 1
outer loop
vertex 25.079280198194226 -203.4953808484891 5
vertex 24.599816507181515 -202.46994217219594 5
vertex 24.599816507190866 -202.46994217221567 2
endloop
endfacet
facet normal 0 0 1
outer loop
vertex 25.079280198194226 -203.4953808484891 5
vertex 24.599816507190866 -202.46994217221567 2
vertex 25.07928019821179 -203.49538084852648 2
endloop
endfacet
facet normal 0 0 1
outer loop
vertex 25.72937779064287 -204.4220863195693 5
vertex 25.530218277200305 -204.1381870821798 5
vertex 25.21513598259699 -203.68904146213592 5
endloop
endfacet
facet normal 0 0 1
outer loop
vertex 25.72937779064287 -204.4220863195693 5
vertex 25.21513598259699 -203.68904146213592 5
vertex 25.079280198194226 -203.4953808484891 5
endloop
endfacet
facet normal 0 0 1
outer loop
vertex 25.72937779064287 -204.4220863195693 5
vertex 25.079280198194226 -203.4953808484891 5
vertex 25.07928019821179 -203.49538084852648 2
endloop
endfacet
facet normal 0 0 1
outer loop
vertex 25.72937779064287 -204.4220863195693 5
vertex 25.07928019821179 -203.49538084852648 2
vertex 25.729377790615814 -204.42208631954313 2
endloop
endfacet
facet normal -0.5731190674781753 -0.8194721072086266 0
outer loop
vertex 27.45802965131486 -205.87071954085545 5
vertex 26.530392326010883 -205.22195232332658 5
vertex 26.53039232600662 -205.22195232332314 2
endloop
endfacet
facet normal -0.5731190674781753 -0.8194721072086266 0
outer loop
vertex 27.45802965131486 -205.87071954085545 5
vertex 26.53039232600662 -205.22195232332314 2
vertex 27.458029651350728 -205.87071954088003 2
endloop
endfacet
facet normal -0.4222565812541505 -0.9064763535733058 0
outer loop
vertex 28.484155242025224 -206.34871136288453 5
vertex 27.45802965131486 -205.87071954085545 5
vertex 27.458029651350728 -205.87071954088003 2
endloop
endfacet
facet normal -0.4222565812541505 -0.9064763535733058 0
outer loop
vertex 28.484155242025224 -206.34871136288453 5
vertex 27.458029651350728 -205.87071954088003 2
vertex 28.484155241982506 -206.34871136287248 2
endloop
endfacet
facet normal -0.25858737863447273 -0.9659878713580995 0
outer loop
vertex 29.5776475004931 -206.64143066615773 5
vertex 28.484155242025224 -206.34871136288453 5
vertex 28.484155241982506 -206.34871136287248 2
endloop
endfacet
facet normal -0.25858737863447273 -0.9659878713580995 0
outer loop
vertex 29.5776475004931 -206.64143066615773 5
vertex 28.484155241982506 -206.34871136287248 2
vertex 29.57764750049904 -206.64143066615873 2
endloop
endfacet
facet normal -0.08707766321259655 -0.9962015260826667 0
outer loop
vertex 30.70534164999961 -206.74000205837757 5
vertex 29.5776475004931 -206.64143066615773 5
vertex 29.57764750049904 -206.64143066615873 2
endloop
endfacet
facet normal -0.08707766321259655 -0.9962015260826667 0
outer loop
vertex 30.70534164999961 -206.74000205837757 5
vertex 29.57764750049904 -206.64143066615873 2
vertex 30.70534164994274 -206.74000164859874 2
endloop
endfacet
facet normal -0.17364812914182537 -0.9848077615684687 2.1375646747755357e-7
outer loop
vertex 113.05037870000001 -210.0051546 5
vertex 94.53276709999997 -206.74000099743935 5
vertex 94.53276709998507 -206.74000164859874 2
endloop
endfacet
facet normal -0.17364812914182537 -0.9848077615684687 2.1375646747755357e-7
outer loop
vertex 113.05037870000001 -210.0051546 5
vertex 94.53276709998507 -206.74000164859874 2
vertex 105.87532691974977 -208.74 2
endloop
endfacet
facet normal -0.17364812914182537 -0.9848077615684687 2.1375646747755357e-7
outer loop
vertex 113.05037870000001 -210.0051546 5
vertex 105.87532691974977 -208.74 2
vertex 113.0503786999925 -210.00515459999593 2
endloop
endfacet
facet normal 0 0 1
outer loop
vertex 158.31649579999927 -223.84715139999977 5
vertex 152.68308106648627 -221.79675609999998 5
vertex 140.4768932000001 -217.35406700000004 5
endloop
endfacet
facet normal 0 0 1
outer loop
vertex 158.31649579999927 -223.84715139999977 5
vertex 140.4768932000001 -217.35406700000004 5
vertex 140.47689319995007 -217.35406699998669 2
endloop
endfacet
facet normal 0 0 1
outer loop
vertex 158.31649579999927 -223.84715139999977 5
vertex 140.47689319995007 -217.35406699998669 2
vertex 145.7225177095913 -219.26331820000016 2
endloop
endfacet
facet normal 0 0 1
outer loop
vertex 158.31649579999927 -223.84715139999977 5
vertex 145.7225177095913 -219.26331820000016 2
vertex 158.3164957999347 -223.84715139998195 2
endloop
endfacet
facet normal -0.25882453960969004 -0.9659243540235604 0
outer loop
vertex 158.569055865555 -223.91482620540143 5
vertex 158.31649579999927 -223.84715139999977 5
vertex 158.3164957999347 -223.84715139998195 2
endloop
endfacet
facet normal -0.25882453960969004 -0.9659243540235604 0
outer loop
vertex 158.569055865555 -223.91482620540143 5
vertex 158.3164957999347 -223.84715139998195 2
vertex 158.56905586554961 -223.91482620539946 2
endloop
endfacet
facet normal -0.08714802284731595 -0.9961953734653679 0
outer loop
vertex 158.8295277596601 -223.93761250935663 5
vertex 158.569055865555 -223.91482620540143 5
vertex 158.56905586554961 -223.91482620539946 2
endloop
endfacet
facet normal -0.08714802284731595 -0.9961953734653679 0
outer loop
vertex 158.8295277596601 -223.93761250935663 5
vertex 158.56905586554961 -223.91482620539946 2
vertex 158.82952775966953 -223.93761250935597 2
endloop
endfacet
facet normal 0.08716309525624417 -0.9961940548032552 0
outer loop
vertex 159.08999930897875 -223.91482226446874 5
vertex 158.8295277596601 -223.93761250935663 5
vertex 158.82952775966953 -223.93761250935597 2
endloop
endfacet
facet normal 0.08716309525624417 -0.9961940548032552 0
outer loop
vertex 159.08999930897875 -223.91482226446874 5
vertex 158.82952775966953 -223.93761250935597 2
vertex 159.0899993089717 -223.91482226446954 2
endloop
endfacet
facet normal 0.25882581798094745 -0.9659240114763136 0
outer loop
vertex 159.34255625065134 -223.84714793787728 5
vertex 159.08999930897875 -223.91482226446874 5
vertex 159.0899993089717 -223.91482226446954 2
endloop
endfacet
facet normal 0.25882581798094745 -0.9659240114763136 0
outer loop
vertex 159.34255625065134 -223.84714793787728 5
vertex 159.0899993089717 -223.91482226446954 2
vertex 159.3425562506632 -223.847147937873 2
endloop
endfacet
facet normal 0.4226242823486392 -0.9063049795567152 0
outer loop
vertex 159.5795248021522 -223.73664577108323 5
vertex 159.34255625065134 -223.84714793787728 5
vertex 159.3425562506632 -223.847147937873 2
endloop
endfacet
facet normal 0.4226242823486392 -0.9063049795567152 0
outer loop
vertex 159.5795248021522 -223.73664577108323 5
vertex 159.3425562506632 -223.847147937873 2
vertex 159.57952480214166 -223.7366457710894 2
endloop
endfacet
facet normal 0.5735815758847902 -0.8191484455246928 0
outer loop
vertex 159.79370482430645 -223.58667330235494 5
vertex 159.5795248021522 -223.73664577108323 5
vertex 159.57952480214166 -223.7366457710894 2
endloop
endfacet
facet normal 0.5735815758847902 -0.8191484455246928 0
outer loop
vertex 159.79370482430645 -223.58667330235494 5
vertex 159.57952480214166 -223.7366457710894 2
vertex 159.7937048243061 -223.58667330235397 2
endloop
endfacet
facet normal 0.7071109569479854 -0.7071026054004501 0
outer loop
vertex 159.97858859295366 -223.4017873500563 5
vertex 159.79370482430645 -223.58667330235494 5
vertex 159.7937048243061 -223.58667330235397 2
endloop
endfacet
facet normal 0.7071109569479854 -0.7071026054004501 0
outer loop
vertex 159.97858859295366 -223.4017873500563 5
vertex 159.7937048243061 -223.58667330235397 2
vertex 159.97858859294863 -223.40178735006006 2
endloop
endfacet
facet normal 0.819155219965945 -0.573571900987613 0
outer loop
vertex 160.12855853201884 -223.18760555661123 5
vertex 159.97858859295366 -223.4017873500563 5
vertex 159.97858859294863 -223.40178735006006 2
endloop
endfacet
facet normal 0.819155219965945 -0.573571900987613 0
outer loop
vertex 160.12855853201884 -223.18760555661123 5
vertex 159.97858859294863 -223.40178735006006 2
vertex 160.12855853200864 -223.18760555662243 2
endloop
endfacet
facet normal 0.9063099710547109 -0.4226135780672565 0
outer loop
vertex 160.23905789999995 -222.9506357000001 5
vertex 160.12855853201884 -223.18760555661123 5
vertex 160.12855853200864 -223.18760555662243 2
endloop
endfacet
facet normal 0.9063099710547109 -0.4226135780672565 0
outer loop
vertex 160.23905789999995 -222.9506357000001 5
vertex 160.12855853200864 -223.18760555662243 2
vertex 160.23905789997912 -222.95063570005115 2
endloop
endfacet
facet normal 0 0 -1
outer loop
vertex 166.7545487 -205.0494982999994 5
vertex 165.50240094484855 -208.48974089999996 5
vertex 164.1343183440155 -212.2485114 5
endloop
endfacet
facet normal 0 0 -1
outer loop
vertex 166.7545487 -205.0494982999994 5
vertex 164.1343183440155 -212.2485114 5
vertex 160.65903634886146 -221.79675609999998 5
endloop
endfacet
facet normal 0 0 -1
outer loop
vertex 166.7545487 -205.0494982999994 5
vertex 160.65903634886146 -221.79675609999998 5
vertex 160.23905789999995 -222.9506357000001 5
endloop
endfacet
facet normal 0 0 -1
outer loop
vertex 166.7545487 -205.0494982999994 5
vertex 160.23905789999995 -222.9506357000001 5
vertex 160.23905789997912 -222.95063570005115 2
endloop
endfacet
facet normal 0 0 -1
outer loop
vertex 166.7545487 -205.0494982999994 5
vertex 160.23905789997912 -222.95063570005115 2
vertex 166.75454875792735 -205.04949830001243 2
endloop
endfacet
facet normal 0 0 -1
outer loop
vertex 166.82221577650773 -204.79693780103042 5
vertex 166.81193646264083 -204.835304297313 5
vertex 166.7545487 -205.0494982999994 5
endloop
endfacet
facet normal 0 0 -1
outer loop
vertex 166.82221577650773 -204.79693780103042 5
vertex 166.7545487 -205.0494982999994 5
vertex 166.75454875792735 -205.04949830001243 2
endloop
endfacet
facet normal 0 0 -1
outer loop
vertex 166.82221577650773 -204.79693780103042 5
vertex 166.75454875792735 -205.04949830001243 2
vertex 166.82221579184434 -204.796937801022 2
endloop
endfacet
facet normal 0.9961946452135833 0.08715634714570798 0
outer loop
vertex 166.82221513375902 -204.27599697356248 5
vertex 166.84500349892352 -204.53646735918016 5
vertex 166.84500350470208 -204.53646735918807 2
endloop
endfacet
facet normal 0.9961946452135833 0.08715634714570798 0
outer loop
vertex 166.82221513375902 -204.27599697356248 5
vertex 166.84500350470208 -204.53646735918807 2
vertex 166.8222151337563 -204.27599697354134 2
endloop
endfacet
facet normal 0.965925993880741 0.2588184196410735 0
outer loop
vertex 166.7545430840319 -204.0234407915833 5
vertex 166.82221513375902 -204.27599697356248 5
vertex 166.8222151337563 -204.27599697354134 2
endloop
endfacet
facet normal 0.965925993880741 0.2588184196410735 0
outer loop
vertex 166.7545430840319 -204.0234407915833 5
vertex 166.8222151337563 -204.27599697354134 2
vertex 166.75454308404454 -204.02344079161662 2
endloop
endfacet
facet normal 0.9063085907523982 0.4226165381624365 0
outer loop
vertex 166.6440435012522 -203.78647249501958 5
vertex 166.7545430840319 -204.0234407915833 5
vertex 166.75454308404454 -204.02344079161662 2
endloop
endfacet
facet normal 0.9063085907523982 0.4226165381624365 0
outer loop
vertex 166.6440435012522 -203.78647249501958 5
vertex 166.75454308404454 -204.02344079161662 2
vertex 166.64404350123036 -203.78647249500673 2
endloop
endfacet
facet normal 0.8191538544861151 0.5735738511129501 0
outer loop
vertex 166.49407381119494 -203.57229214243222 5
vertex 166.6440435012522 -203.78647249501958 5
vertex 166.64404350123036 -203.78647249500673 2
endloop
endfacet
facet normal 0.8191538544861151 0.5735738511129501 0
outer loop
vertex 166.49407381119494 -203.57229214243222 5
vertex 166.64404350123036 -203.78647249500673 2
vertex 166.49407381121273 -203.5722921424336 2
endloop
endfacet
facet normal 0.7071098996772306 0.7071036626821111 0
outer loop
vertex 166.30919070167897 -203.3874074021574 5
vertex 166.49407381119494 -203.57229214243222 5
vertex 166.49407381121273 -203.5722921424336 2
endloop
endfacet
facet normal 0.7071098996772306 0.7071036626821111 0
outer loop
vertex 166.30919070167897 -203.3874074021574 5
vertex 166.49407381121273 -203.5722921424336 2
vertex 166.30919070169273 -203.38740740216454 2
endloop
endfacet
facet normal 0.5735810763906675 0.8191487952786864 0
outer loop
vertex 166.09501167189856 -203.2374358229408 5
vertex 166.30919070167897 -203.3874074021574 5
vertex 166.30919070169273 -203.38740740216454 2
endloop
endfacet
facet normal 0.5735810763906675 0.8191487952786864 0
outer loop
vertex 166.09501167189856 -203.2374358229408 5
vertex 166.30919070169273 -203.38740740216454 2
vertex 166.09501167187318 -203.23743582293133 2
endloop
endfacet
facet normal 0.42262453218934715 0.9063048630520172 0
outer loop
vertex 165.85804435000014 -203.1269341500001 5
vertex 166.09501167189856 -203.2374358229408 5
vertex 166.09501167187318 -203.23743582293133 2
endloop
endfacet
facet normal 0.42262453218934715 0.9063048630520172 0
outer loop
vertex 165.85804435000014 -203.1269341500001 5
vertex 166.09501167187318 -203.23743582293133 2
vertex 165.8580443500336 -203.12693415000993 2
endloop
endfacet
facet normal 0.34202033438825324 0.9396925512447928 0
outer loop
vertex 150.80109280000008 -197.64664850000003 5
vertex 165.85804435000014 -203.1269341500001 5
vertex 165.8580443500336 -203.12693415000993 2
endloop
endfacet
facet normal 0.34202033438825324 0.9396925512447928 0
outer loop
vertex 150.80109280000008 -197.64664850000003 5
vertex 165.8580443500336 -203.12693415000993 2
vertex 150.80109279999678 -197.64664849999994 2
endloop
endfacet
facet normal 0.9999996034948814 -0.0008905111339620538 -1.0989979102879479e-12
outer loop
vertex 150.8781903 -111.07 5
vertex 150.80109280000008 -197.64664850000003 5
vertex 150.80109279999678 -197.64664849999994 2
endloop
endfacet
facet normal 0.9999996034948814 -0.0008905111339620538 -1.0989979102879479e-12
outer loop
vertex 150.8781903 -111.07 5
vertex 150.80109279999678 -197.64664849999994 2
vertex 150.80233948143783 -196.2466874 2
endloop
endfacet
facet normal 0.9999996034948814 -0.0008905111339620538 -1.0989979102879479e-12
outer loop
vertex 150.8781903 -111.07 5
vertex 150.80233948143783 -196.2466874 2
vertex 150.87819030000023 -111.07 2
endloop
endfacet
facet normal 0 0 1
outer loop
vertex 148.8241324267278 -197.94935543738768 5
vertex 148.80122835788487 -197.64664850000003 5
vertex 148.8010936 -197.6448674999999 5
endloop
endfacet
facet normal 0 0 1
outer loop
vertex 148.8241324267278 -197.94935543738768 5
vertex 148.8010936 -197.6448674999999 5
vertex 148.80109359999744 -197.6448675000142 2
endloop
endfacet
facet normal 0 0 1
outer loop
vertex 148.8241324267278 -197.94935543738768 5
vertex 148.80109359999744 -197.6448675000142 2
vertex 148.82413242673 -197.94935543742992 2
endloop
endfacet
facet normal -0.9740403869552519 -0.22637430194274077 0
outer loop
vertex 148.89325744738002 -198.24678567256268 5
vertex 148.8241324267278 -197.94935543738768 5
vertex 148.82413242673 -197.94935543742992 2
endloop
endfacet
facet normal -0.9740403869552519 -0.22637430194274077 0
outer loop
vertex 148.89325744738002 -198.24678567256268 5
vertex 148.82413242673 -197.94935543742992 2
vertex 148.89325744737533 -198.24678567253073 2
endloop
endfacet
facet normal -0.9282259259619736 -0.37201697591916 0
outer loop
vertex 149.00685550565228 -198.53022613268354 5
vertex 148.89325744738002 -198.24678567256268 5
vertex 148.89325744737533 -198.24678567253073 2
endloop
endfacet
facet normal -0.9282259259619736 -0.37201697591916 0
outer loop
vertex 149.00685550565228 -198.53022613268354 5
vertex 148.89325744737533 -198.24678567253073 2
vertex 149.00685550565348 -198.53022613269658 2
endloop
endfacet
facet normal -0.8607738193841764 -0.5089876539394423 0
outer loop
vertex 149.16227854523027 -198.7930696071022 5
vertex 149.00685550565228 -198.53022613268354 5
vertex 149.00685550565348 -198.53022613269658 2
endloop
endfacet
facet normal -0.8607738193841764 -0.5089876539394423 0
outer loop
vertex 149.16227854523027 -198.7930696071022 5
vertex 149.00685550565348 -198.53022613269658 2
vertex 149.16227854524334 -198.79306960709437 2
endloop
endfacet
facet normal -0.7732564266392052 -0.6340934463162092 0
outer loop
vertex 149.35590353797863 -199.02918901642687 5
vertex 149.16227854523027 -198.7930696071022 5
vertex 149.16227854524334 -198.79306960709437 2
endloop
endfacet
facet normal -0.7732564266392052 -0.6340934463162092 0
outer loop
vertex 149.35590353797863 -199.02918901642687 5
vertex 149.16227854524334 -198.79306960709437 2
vertex 149.3559035379706 -199.02918901642465 2
endloop
endfacet
facet normal -0.6677138440804021 -0.7444180427846794 0
outer loop
vertex 149.58321693945462 -199.23308023935178 5
vertex 149.35590353797863 -199.02918901642687 5
vertex 149.3559035379706 -199.02918901642465 2
endloop
endfacet
facet normal -0.6677138440804021 -0.7444180427846794 0
outer loop
vertex 149.58321693945462 -199.23308023935178 5
vertex 149.3559035379706 -199.02918901642465 2
vertex 149.58321693945 -199.233080239353 2
endloop
endfacet
facet normal -0.5466063488144653 -0.8373896938915114 0
outer loop
vertex 149.83891990303076 -199.39999041787524 5
vertex 149.58321693945462 -199.23308023935178 5
vertex 149.58321693945 -199.233080239353 2
endloop
endfacet
facet normal -0.5466063488144653 -0.8373896938915114 0
outer loop
vertex 149.83891990303076 -199.39999041787524 5
vertex 149.58321693945 -199.233080239353 2
vertex 149.83891990302476 -199.39999041788064 2
endloop
endfacet
facet normal -0.4127570477887169 -0.9108411604120351 0
outer loop
vertex 150.11705180000058 -199.52602875000002 5
vertex 149.83891990303076 -199.39999041787524 5
vertex 149.83891990302476 -199.39999041788064 2
endloop
endfacet
facet normal -0.4127570477887169 -0.9108411604120351 0
outer loop
vertex 150.11705180000058 -199.52602875000002 5
vertex 149.83891990302476 -199.39999041788064 2
vertex 150.1170518000161 -199.52602874999673 2
endloop
endfacet
facet normal -0.3420204141320228 -0.9396925222204121 -2.801902354698344e-12
outer loop
vertex 164.7041534 -204.835304297313 5
vertex 150.11705180000058 -199.52602875000002 5
vertex 150.1170518000161 -199.52602874999673 2
endloop
endfacet
facet normal -0.3420204141320228 -0.9396925222204121 -2.801902354698344e-12
outer loop
vertex 164.7041534 -204.835304297313 5
vertex 150.1170518000161 -199.52602874999673 2
vertex 164.4423201778654 -204.74000486897577 2
endloop
endfacet
facet normal -0.3420204141320228 -0.9396925222204121 -2.801902354698344e-12
outer loop
vertex 164.7041534 -204.835304297313 5
vertex 164.4423201778654 -204.74000486897577 2
vertex 164.4632163735001 -204.74761045654103 2
endloop
endfacet
facet normal -0.3420204141320228 -0.9396925222204121 -2.801902354698344e-12
outer loop
vertex 164.7041534 -204.835304297313 5
vertex 164.4632163735001 -204.74761045654103 2
vertex 164.52578759028526 -204.77038450003886 2
endloop
endfacet
facet normal -0.3420204141320228 -0.9396925222204121 -2.801902354698344e-12
outer loop
vertex 164.7041534 -204.835304297313 5
vertex 164.52578759028526 -204.77038450003886 2
vertex 164.7041534000012 -204.83530429731474 2
endloop
endfacet
facet normal 0 0 1
outer loop
vertex 158.5306898560408 -221.79675609999998 5
vertex 162.0059666928498 -212.2485114 5
vertex 162.1304518276681 -211.90649130000008 5
endloop
endfacet
facet normal 0 0 1
outer loop
vertex 158.5306898560408 -221.79675609999998 5
vertex 162.1304518276681 -211.90649130000008 5
vertex 162.13045183133502 -211.90649130000182 2
endloop
endfacet
facet normal 0 0 1
outer loop
vertex 158.5306898560408 -221.79675609999998 5
vertex 162.13045183133502 -211.90649130000182 2
vertex 162.05173962909288 -212.12275130000032 2
endloop
endfacet
facet normal 0 0 1
outer loop
vertex 158.5306898560408 -221.79675609999998 5
vertex 162.05173962909288 -212.12275130000032 2
vertex 162.04439636385845 -212.14292675557581 2
endloop
endfacet
facet normal 0 0 1
outer loop
vertex 158.5306898560408 -221.79675609999998 5
vertex 162.04439636385845 -212.14292675557581 2
vertex 162.02264876571414 -212.20267779087519 2
endloop
endfacet
facet normal 0 0 1
outer loop
vertex 158.5306898560408 -221.79675609999998 5
vertex 162.02264876571414 -212.20267779087519 2
vertex 161.98733258268027 -212.29970820706603 2
endloop
endfacet
facet normal 0 0 1
outer loop
vertex 158.5306898560408 -221.79675609999998 5
vertex 161.98733258268027 -212.29970820706603 2
vertex 161.9398049958298 -212.43028917976693 2
endloop
endfacet
facet normal 0 0 1
outer loop
vertex 158.5306898560408 -221.79675609999998 5
vertex 161.9398049958298 -212.43028917976693 2
vertex 161.88189246370402 -212.5894025553387 2
endloop
endfacet
facet normal 0 0 1
outer loop
vertex 158.5306898560408 -221.79675609999998 5
vertex 161.88189246370402 -212.5894025553387 2
vertex 161.8158205324342 -212.77093369599157 2
endloop
endfacet
facet normal 0 0 1
outer loop
vertex 158.5306898560408 -221.79675609999998 5
vertex 161.8158205324342 -212.77093369599157 2
vertex 161.74412830925291 -212.96790646188347 2
endloop
endfacet
facet normal 0 0 1
outer loop
vertex 158.5306898560408 -221.79675609999998 5
vertex 161.74412830925291 -212.96790646188347 2
vertex 161.6695708861204 -213.17275130000564 2
endloop
endfacet
facet normal 0 0 1
outer loop
vertex 158.5306898560408 -221.79675609999998 5
vertex 161.6695708861204 -213.17275130000564 2
vertex 161.59501346299282 -213.37759613811414 2
endloop
endfacet
facet normal 0 0 1
outer loop
vertex 158.5306898560408 -221.79675609999998 5
vertex 161.59501346299282 -213.37759613811414 2
vertex 161.523321239809 -213.57456890401306 2
endloop
endfacet
facet normal 0 0 1
outer loop
vertex 158.5306898560408 -221.79675609999998 5
vertex 161.523321239809 -213.57456890401306 2
vertex 161.45724930854783 -213.75610004464212 2
endloop
endfacet
facet normal 0 0 1
outer loop
vertex 158.5306898560408 -221.79675609999998 5
vertex 161.45724930854783 -213.75610004464212 2
vertex 161.3993367764063 -213.91521342025715 2
endloop
endfacet
facet normal 0 0 1
outer loop
vertex 158.5306898560408 -221.79675609999998 5
vertex 161.3993367764063 -213.91521342025715 2
vertex 161.35180918957258 -214.0457943929121 2
endloop
endfacet
facet normal 0 0 1
outer loop
vertex 158.5306898560408 -221.79675609999998 5
vertex 161.35180918957258 -214.0457943929121 2
vertex 161.31649300652552 -214.1428248091392 2
endloop
endfacet
facet normal 0 0 1
outer loop
vertex 158.5306898560408 -221.79675609999998 5
vertex 161.31649300652552 -214.1428248091392 2
vertex 161.29474540838666 -214.20257584442354 2
endloop
endfacet
facet normal 0 0 1
outer loop
vertex 158.5306898560408 -221.79675609999998 5
vertex 161.29474540838666 -214.20257584442354 2
vertex 161.28740214315175 -214.2227513000003 2
endloop
endfacet
facet normal 0 0 1
outer loop
vertex 158.5306898560408 -221.79675609999998 5
vertex 161.28740214315175 -214.2227513000003 2
vertex 160.85083091527193 -215.42222090002758 2
endloop
endfacet
facet normal 0 0 1
outer loop
vertex 158.5306898560408 -221.79675609999998 5
vertex 160.85083091527193 -215.42222090002758 2
vertex 160.84191015310918 -215.44673049282707 2
endloop
endfacet
facet normal 0 0 1
outer loop
vertex 158.5306898560408 -221.79675609999998 5
vertex 160.84191015310918 -215.44673049282707 2
vertex 160.83165794619418 -215.47489820004733 2
endloop
endfacet
facet normal 0 0 1
outer loop
vertex 158.5306898560408 -221.79675609999998 5
vertex 160.83165794619418 -215.47489820004733 2
vertex 158.53068985604367 -221.7967561203958 2
endloop
endfacet
facet normal -0.9396926215365914 0.3420201412631839 -5.715837565016359e-13
outer loop
vertex 163.49853239999996 -208.14772079385443 5
vertex 164.7041534 -204.835304297313 5
vertex 164.7041534000012 -204.83530429731474 2
endloop
endfacet
facet normal -0.9396926215365914 0.3420201412631839 -5.715837565016359e-13
outer loop
vertex 163.49853239999996 -208.14772079385443 5
vertex 164.7041534000012 -204.83530429731474 2
vertex 163.53936249427883 -208.03554144993552 2
endloop
endfacet
facet normal -0.9396926215365914 0.3420201412631839 -5.715837565016359e-13
outer loop
vertex 163.49853239999996 -208.14772079385443 5
vertex 163.53936249427883 -208.03554144993552 2
vertex 163.53316713351535 -208.05256306096095 2
endloop
endfacet
facet normal -0.9396926215365914 0.3420201412631839 -5.715837565016359e-13
outer loop
vertex 163.49853239999996 -208.14772079385443 5
vertex 163.53316713351535 -208.05256306096095 2
vertex 163.52561844821383 -208.07330289998913 2
endloop
endfacet
facet normal -0.9396926215365914 0.3420201412631839 -5.715837565016359e-13
outer loop
vertex 163.49853239999996 -208.14772079385443 5
vertex 163.52561844821383 -208.07330289998913 2
vertex 163.49853240000246 -208.14772079385554 2
endloop
endfacet
facet normal -0.34202011174852504 -0.9396926322790482 0
outer loop
vertex 164.43822500000002 -208.48974089999996 5
vertex 163.49853239999996 -208.14772079385443 5
vertex 163.49853240000246 -208.14772079385554 2
endloop
endfacet
facet normal -0.34202011174852504 -0.9396926322790482 0
outer loop
vertex 164.43822500000002 -208.48974089999996 5
vertex 163.49853240000246 -208.14772079385554 2
vertex 164.4382250000002 -208.48974089999908 2
endloop
endfacet
facet normal -0.9396926191337753 0.3420201478648672 4.707345595024022e-14
outer loop
vertex 163.0701444 -212.2485114 5
vertex 164.43822500000002 -208.48974089999996 5
vertex 164.4382250000002 -208.48974089999908 2
endloop
endfacet
facet normal -0.9396926191337753 0.3420201478648672 4.707345595024022e-14
outer loop
vertex 163.0701444 -212.2485114 5
vertex 164.4382250000002 -208.48974089999908 2
vertex 163.19462953779015 -211.90649130000182 2
endloop
endfacet
facet normal -0.9396926191337753 0.3420201478648672 4.707345595024022e-14
outer loop
vertex 163.0701444 -212.2485114 5
vertex 163.19462953779015 -211.90649130000182 2
vertex 163.07014439999918 -212.24851139999967 2
endloop
endfacet
facet normal 0.34202011174852504 0.9396926322790482 0
outer loop
vertex 162.1304518276681 -211.90649130000008 5
vertex 163.0701444 -212.2485114 5
vertex 163.07014439999918 -212.24851139999967 2
endloop
endfacet
facet normal 0.34202011174852504 0.9396926322790482 0
outer loop
vertex 162.1304518276681 -211.90649130000008 5
vertex 163.07014439999918 -212.24851139999967 2
vertex 162.13045183133502 -211.90649130000182 2
endloop
endfacet
facet normal 0 0 -1
outer loop
vertex 141.16152789999998 -215.4748982 5
vertex 146.324501783032 -217.35406700000004 5
vertex 158.5306898560408 -221.79675609999998 5
endloop
endfacet
facet normal 0 0 -1
outer loop
vertex 141.16152789999998 -215.4748982 5
vertex 158.5306898560408 -221.79675609999998 5
vertex 158.53068985604367 -221.7967561203958 2
endloop
endfacet
facet normal 0 0 -1
outer loop
vertex 141.16152789999998 -215.4748982 5
vertex 158.53068985604367 -221.7967561203958 2
vertex 141.16152790013476 -215.47489820004733 2
endloop
endfacet
facet normal 0.3216385144460212 0.9468625380829873 0
outer loop
vertex 141.07860578248537 -215.44673049284148 5
vertex 141.16152789999998 -215.4748982 5
vertex 141.16152790013476 -215.47489820004733 2
endloop
endfacet
facet normal 0.3216385144460212 0.9468625380829873 0
outer loop
vertex 141.07860578248537 -215.44673049284148 5
vertex 141.16152790013476 -215.47489820004733 2
vertex 141.07860578243847 -215.44673049282707 2
endloop
endfacet
facet normal 0.2798840664330835 0.9600338063614643 0
outer loop
vertex 140.99452895000064 -215.42221910000018 5
vertex 141.07860578248537 -215.44673049284148 5
vertex 141.07860578243847 -215.44673049282707 2
endloop
endfacet
facet normal 0.2798840664330835 0.9600338063614643 0
outer loop
vertex 140.99452895000064 -215.42221910000018 5
vertex 141.07860578243847 -215.44673049282707 2
vertex 140.99453512429946 -215.42222090002758 2
endloop
endfacet
facet normal 0 0 1
outer loop
vertex 113.5680167999994 -208.07330289999982 5
vertex 120.7777811625394 -210.0051546 5
vertex 140.99452895000064 -215.42221910000018 5
endloop
endfacet
facet normal 0 0 1
outer loop
vertex 113.5680167999994 -208.07330289999982 5
vertex 140.99452895000064 -215.42221910000018 5
vertex 140.99453512429946 -215.42222090002758 2
endloop
endfacet
facet normal 0 0 1
outer loop
vertex 113.5680167999994 -208.07330289999982 5
vertex 140.99453512429946 -215.42222090002758 2
vertex 136.51805650900192 -214.2227513000003 2
endloop
endfacet
facet normal 0 0 1
outer loop
vertex 113.5680167999994 -208.07330289999982 5
vertex 136.51805650900192 -214.2227513000003 2
vertex 136.44276073206746 -214.20257584442354 2
endloop
endfacet
facet normal 0 0 1
outer loop
vertex 113.5680167999994 -208.07330289999982 5
vertex 136.44276073206746 -214.20257584442354 2
vertex 136.2197669757554 -214.1428248091392 2
endloop
endfacet
facet normal 0 0 1
outer loop
vertex 113.5680167999994 -208.07330289999982 5
vertex 136.2197669757554 -214.1428248091392 2
vertex 135.85764476501808 -214.0457943929121 2
endloop
endfacet
facet normal 0 0 1
outer loop
vertex 113.5680167999994 -208.07330289999982 5
vertex 135.85764476501808 -214.0457943929121 2
vertex 135.37031025346292 -213.91521342025715 2
endloop
endfacet
facet normal 0 0 1
outer loop
vertex 113.5680167999994 -208.07330289999982 5
vertex 135.37031025346292 -213.91521342025715 2
vertex 134.7764914327673 -213.75610004464212 2
endloop
endfacet
facet normal 0 0 1
outer loop
vertex 113.5680167999994 -208.07330289999982 5
vertex 134.7764914327673 -213.75610004464212 2
vertex 134.099008427764 -213.57456890401306 2
endloop
endfacet
facet normal 0 0 1
outer loop
vertex 113.5680167999994 -208.07330289999982 5
vertex 134.099008427764 -213.57456890401306 2
vertex 133.363896529703 -213.37759613811414 2
endloop
endfacet
facet normal 0 0 1
outer loop
vertex 113.5680167999994 -208.07330289999982 5
vertex 133.363896529703 -213.37759613811414 2
vertex 132.59940567705786 -213.17275130000564 2
endloop
endfacet
facet normal 0 0 1
outer loop
vertex 113.5680167999994 -208.07330289999982 5
vertex 132.59940567705786 -213.17275130000564 2
vertex 131.8349148243617 -212.96790646188347 2
endloop
endfacet
facet normal 0 0 1
outer loop
vertex 113.5680167999994 -208.07330289999982 5
vertex 131.8349148243617 -212.96790646188347 2
vertex 131.0998029263269 -212.77093369599157 2
endloop
endfacet
facet normal 0 0 1
outer loop
vertex 113.5680167999994 -208.07330289999982 5
vertex 131.0998029263269 -212.77093369599157 2
vertex 130.42231992123473 -212.5894025553387 2
endloop
endfacet
facet normal 0 0 1
outer loop
vertex 113.5680167999994 -208.07330289999982 5
vertex 130.42231992123473 -212.5894025553387 2
vertex 129.82850110070055 -212.43028917976693 2
endloop
endfacet
facet normal 0 0 1
outer loop
vertex 113.5680167999994 -208.07330289999982 5
vertex 129.82850110070055 -212.43028917976693 2
vertex 129.34116658897386 -212.29970820706603 2
endloop
endfacet
facet normal 0 0 1
outer loop
vertex 113.5680167999994 -208.07330289999982 5
vertex 129.34116658897386 -212.29970820706603 2
vertex 128.97904437837187 -212.20267779087519 2
endloop
endfacet
facet normal 0 0 1
outer loop
vertex 113.5680167999994 -208.07330289999982 5
vertex 128.97904437837187 -212.20267779087519 2
vertex 128.7560506220037 -212.14292675557581 2
endloop
endfacet
facet normal 0 0 1
outer loop
vertex 113.5680167999994 -208.07330289999982 5
vertex 128.7560506220037 -212.14292675557581 2
vertex 128.680754845074 -212.12275130000032 2
endloop
endfacet
facet normal 0 0 1
outer loop
vertex 113.5680167999994 -208.07330289999982 5
vertex 128.680754845074 -212.12275130000032 2
vertex 127.87366205563147 -211.90649130000182 2
endloop
endfacet
facet normal 0 0 1
outer loop
vertex 113.5680167999994 -208.07330289999982 5
vertex 127.87366205563147 -211.90649130000182 2
vertex 113.84574744783073 -208.14772079385554 2
endloop
endfacet
facet normal 0 0 1
outer loop
vertex 113.5680167999994 -208.07330289999982 5
vertex 113.84574744783073 -208.14772079385554 2
vertex 113.56801624324046 -208.07330289998913 2
endloop
endfacet
facet normal 0.23768664304850473 0.971341886112368 0
outer loop
vertex 113.48326035709269 -208.05256306093878 5
vertex 113.5680167999994 -208.07330289999982 5
vertex 113.56801624324046 -208.07330289998913 2
endloop
endfacet
facet normal 0.23768664304850473 0.971341886112368 0
outer loop
vertex 113.48326035709269 -208.05256306093878 5
vertex 113.56801624324046 -208.07330289998913 2
vertex 113.48326034484911 -208.05256306096095 2
endloop
endfacet
facet normal 0.19507159485499426 0.9807890052813241 0
outer loop
vertex 113.3976783999978 -208.0355414499996 5
vertex 113.48326035709269 -208.05256306093878 5
vertex 113.48326034484911 -208.05256306096095 2
endloop
endfacet
facet normal 0.19507159485499426 0.9807890052813241 0
outer loop
vertex 113.3976783999978 -208.0355414499996 5
vertex 113.48326034484911 -208.05256306096095 2
vertex 113.3976783873663 -208.03554144993552 2
endloop
endfacet
facet normal 0.13052804655114847 0.991444617244726 0
outer loop
vertex 94.70707996590819 -204.7476104565509 5
vertex 94.88006350000025 -204.77038450000006 5
vertex 94.88006348467725 -204.77038450003886 2
endloop
endfacet
facet normal 0.13052804655114847 0.991444617244726 0
outer loop
vertex 94.70707996590819 -204.7476104565509 5
vertex 94.88006348467725 -204.77038450003886 2
vertex 94.7070799540276 -204.74761045654103 2
endloop
endfacet
facet normal 0.04360524176348691 0.9990488390918373 0
outer loop
vertex 94.53276674999987 -204.74000225 5
vertex 94.70707996590819 -204.7476104565509 5
vertex 94.7070799540276 -204.74761045654103 2
endloop
endfacet
facet normal 0.04360524176348691 0.9990488390918373 0
outer loop
vertex 94.53276674999987 -204.74000225 5
vertex 94.7070799540276 -204.74761045654103 2
vertex 94.53276674992561 -204.74000225616888 2
endloop
endfacet
facet normal 0 -1 0
outer loop
vertex 144.38304550000123 -101.115 2
vertex 144.38304550000015 -101.115 5
vertex 45.69999999999999 -101.115 5
endloop
endfacet
facet normal 0 -1 0
outer loop
vertex 144.38304550000123 -101.115 2
vertex 45.69999999999999 -101.115 5
vertex 45.69999999999999 -101.115 2
endloop
endfacet
facet normal -0.2268212360357326 -0.9739364080283798 0
outer loop
vertex 145.7347236300775 -101.32280139795887 5
vertex 145.0668256788822 -101.16725383080043 5
vertex 145.0668256788645 -101.167253830799 2
endloop
endfacet
facet normal -0.2268212360357326 -0.9739364080283798 0
outer loop
vertex 145.7347236300775 -101.32280139795887 5
vertex 145.0668256788645 -101.167253830799 2
vertex 145.73472363008182 -101.32280139796258 2
endloop
endfacet
facet normal -0.37217768054910777 -0.9281615021649445 0
outer loop
vertex 146.3712304497879 -101.57803028997925 5
vertex 145.7347236300775 -101.32280139795887 5
vertex 145.73472363008182 -101.32280139796258 2
endloop
endfacet
facet normal -0.37217768054910777 -0.9281615021649445 0
outer loop
vertex 146.3712304497879 -101.57803028997925 5
vertex 145.73472363008182 -101.32280139796258 2
vertex 146.37123044980655 -101.57803028998867 2
endloop
endfacet
facet normal -0.5088907309139991 -0.8608311239667255 0
outer loop
vertex 146.96156400676668 -101.9270131124284 5
vertex 146.3712304497879 -101.57803028997925 5
vertex 146.37123044980655 -101.57803028998867 2
endloop
endfacet
facet normal -0.5088907309139991 -0.8608311239667255 0
outer loop
vertex 146.96156400676668 -101.9270131124284 5
vertex 146.37123044980655 -101.57803028998867 2
vertex 146.96156400675156 -101.92701311241788 2
endloop
endfacet
facet normal -0.6337853854004919 -0.7735089432273877 0
outer loop
vertex 147.49201449013927 -102.36164514478396 5
vertex 146.96156400676668 -101.9270131124284 5
vertex 146.96156400675156 -101.92701311241788 2
endloop
endfacet
facet normal -0.6337853854004919 -0.7735089432273877 0
outer loop
vertex 147.49201449013927 -102.36164514478396 5
vertex 146.96156400675156 -101.92701311241788 2
vertex 147.49201449015393 -102.36164514479795 2
endloop
endfacet
facet normal -0.7439611107897406 -0.6682229161234261 0
outer loop
vertex 147.95026280382947 -102.871832563151 5
vertex 147.49201449013927 -102.36164514478396 5
vertex 147.49201449015393 -102.36164514479795 2
endloop
endfacet
facet normal -0.7439611107897406 -0.6682229161234261 0
outer loop
vertex 147.95026280382947 -102.871832563151 5
vertex 147.49201449015393 -102.36164514479795 2
vertex 147.95026280384417 -102.87183256316473 2
endloop
endfacet
facet normal -0.8368592038872442 -0.5474181882886318 0
outer loop
vertex 148.32566666325104 -103.44572685759084 5
vertex 147.95026280382947 -102.871832563151 5
vertex 147.95026280384417 -102.87183256316473 2
endloop
endfacet
facet normal -0.8368592038872442 -0.5474181882886318 0
outer loop
vertex 148.32566666325104 -103.44572685759084 5
vertex 147.95026280384417 -102.87183256316473 2
vertex 148.3256666632376 -103.44572685756206 2
endloop
endfacet
facet normal -0.9103222144312919 -0.4139003091481197 0
outer loop
vertex 148.60950774999998 -104.0699999999994 5
vertex 148.32566666325104 -103.44572685759084 5
vertex 148.3256666632376 -103.44572685756206 2
endloop
endfacet
facet normal -0.9103222144312919 -0.4139003091481197 0
outer loop
vertex 148.60950774999998 -104.0699999999994 5
vertex 148.3256666632376 -103.44572685756206 2
vertex 148.60950775000023 -104.07000000000102 2
endloop
endfacet
facet normal 0 -1 0
outer loop
vertex 150.69675880000221 -104.07000000000102 2
vertex 150.69675880000003 -104.0699999999994 5
vertex 148.60950774999998 -104.0699999999994 5
endloop
endfacet
facet normal 0 -1 0
outer loop
vertex 150.69675880000221 -104.07000000000102 2
vertex 148.60950774999998 -104.0699999999994 5
vertex 148.60950775000023 -104.07000000000102 2
endloop
endfacet
facet normal 0 0 1
outer loop
vertex 150.35376948963597 -103.04587503274958 5
vertex 150.4876837149852 -103.44572685759084 5
vertex 150.69675880000003 -104.0699999999994 5
endloop
endfacet
facet normal 0 0 1
outer loop
vertex 150.35376948963597 -103.04587503274958 5
vertex 150.69675880000003 -104.0699999999994 5
vertex 150.69675880000221 -104.07000000000102 2
endloop
endfacet
facet normal 0 0 1
outer loop
vertex 150.35376948963597 -103.04587503274958 5
vertex 150.69675880000221 -104.07000000000102 2
vertex 150.35376948963665 -103.04587503274628 2
endloop
endfacet
facet normal 0 0 1
outer loop
vertex 149.8459401046622 -102.09268044976002 5
vertex 149.98923527029896 -102.36164514478396 5
vertex 150.26104563044407 -102.871832563151 5
endloop
endfacet
facet normal 0 0 1
outer loop
vertex 149.8459401046622 -102.09268044976002 5
vertex 150.26104563044407 -102.871832563151 5
vertex 150.35376948963597 -103.04587503274958 5
endloop
endfacet
facet normal 0 0 1
outer loop
vertex 149.8459401046622 -102.09268044976002 5
vertex 150.35376948963597 -103.04587503274958 5
vertex 150.35376948963665 -103.04587503274628 2
endloop
endfacet
facet normal 0 0 1
outer loop
vertex 149.8459401046622 -102.09268044976002 5
vertex 150.35376948963665 -103.04587503274628 2
vertex 149.8459401046743 -102.09268044977824 2
endloop
endfacet
facet normal 0 0 1
outer loop
vertex 149.1872867905465 -101.23673278250058 5
vertex 149.25351674943457 -101.32280139795887 5
vertex 149.44991585421346 -101.57803028997925 5
endloop
endfacet
facet normal 0 0 1
outer loop
vertex 149.1872867905465 -101.23673278250058 5
vertex 149.44991585421346 -101.57803028997925 5
vertex 149.71845878197388 -101.9270131124284 5
endloop
endfacet
facet normal 0 0 1
outer loop
vertex 149.1872867905465 -101.23673278250058 5
vertex 149.71845878197388 -101.9270131124284 5
vertex 149.8459401046622 -102.09268044976002 5
endloop
endfacet
facet normal 0 0 1
outer loop
vertex 149.1872867905465 -101.23673278250058 5
vertex 149.8459401046622 -102.09268044976002 5
vertex 149.8459401046743 -102.09268044977824 2
endloop
endfacet
facet normal 0 0 1
outer loop
vertex 149.1872867905465 -101.23673278250058 5
vertex 149.8459401046743 -102.09268044977824 2
vertex 149.1872867905565 -101.23673278251569 2
endloop
endfacet
facet normal 0.5498872054715527 0.8352389246549077 0
outer loop
vertex 147.49390881905546 -99.90776754044936 5
vertex 148.39599415615803 -100.50166369456015 5
vertex 148.39599415613304 -100.50166369454286 2
endloop
endfacet
facet normal 0.5498872054715527 0.8352389246549077 0
outer loop
vertex 147.49390881905546 -99.90776754044936 5
vertex 148.39599415613304 -100.50166369454286 2
vertex 147.49390881905123 -99.90776754044569 2
endloop
endfacet
facet normal 0.40399377143017245 0.9147617354511642 0
outer loop
vertex 146.5059362472144 -99.47144106340146 5
vertex 147.49390881905546 -99.90776754044936 5
vertex 147.49390881905123 -99.90776754044569 2
endloop
endfacet
facet normal 0.40399377143017245 0.9147617354511642 0
outer loop
vertex 146.5059362472144 -99.47144106340146 5
vertex 147.49390881905123 -99.90776754044569 2
vertex 146.50593624722282 -99.47144106340339 2
endloop
endfacet
facet normal 0.2469465656524718 0.9690290984859276 0
outer loop
vertex 145.45935314965232 -99.20473070143537 5
vertex 146.5059362472144 -99.47144106340146 5
vertex 146.50593624722282 -99.47144106340339 2
endloop
endfacet
facet normal 0.2469465656524718 0.9690290984859276 0
outer loop
vertex 145.45935314965232 -99.20473070143537 5
vertex 146.50593624722282 -99.47144106340339 2
vertex 145.45935314964657 -99.20473070143366 2
endloop
endfacet
facet normal 0.08308146856273878 0.9965427585314435 0
outer loop
vertex 144.38305439999993 -99.115 5
vertex 145.45935314965232 -99.20473070143537 5
vertex 145.45935314964657 -99.20473070143366 2
endloop
endfacet
facet normal 0.08308146856273878 0.9965427585314435 0
outer loop
vertex 144.38305439999993 -99.115 5
vertex 145.45935314964657 -99.20473070143366 2
vertex 144.38305440001452 -99.115 2
endloop
endfacet
facet normal -1 0 0
outer loop
vertex 45.69999999999999 -99.115 5
vertex 45.69999999999999 -99.115 2
vertex 45.69999999999999 -101.115 2
endloop
endfacet
facet normal -1 0 0
outer loop
vertex 45.69999999999999 -99.115 5
vertex 45.69999999999999 -101.115 2
vertex 45.69999999999999 -101.115 5
endloop
endfacet
facet normal -0.07852034165181011 0.9969125116813828 0
outer loop
vertex 29.551992850381424 -99.1951561212405 5
vertex 30.569673599999987 -99.115 5
vertex 30.569673600002744 -99.115 2
endloop
endfacet
facet normal -0.07852034165181011 0.9969125116813828 0
outer loop
vertex 29.551992850381424 -99.1951561212405 5
vertex 30.569673600002744 -99.115 2
vertex 29.55199285037969 -99.19515612124086 2
endloop
endfacet
facet normal -0.2336398408625515 0.9723232100293203 0
outer loop
vertex 28.559410176899092 -99.43366411475878 5
vertex 29.551992850381424 -99.1951561212405 5
vertex 29.55199285037969 -99.19515612124086 2
endloop
endfacet
facet normal -0.2336398408625515 0.9723232100293203 0
outer loop
vertex 28.559410176899092 -99.43366411475878 5
vertex 29.55199285037969 -99.19515612124086 2
vertex 28.559410176891106 -99.43366411476062 2
endloop
endfacet
facet normal -0.382991934751816 0.923751686285368 0
outer loop
vertex 27.616411070275547 -99.82463612344577 5
vertex 28.559410176899092 -99.43366411475878 5
vertex 28.559410176891106 -99.43366411476062 2
endloop
endfacet
facet normal -0.382991934751816 0.923751686285368 0
outer loop
vertex 27.616411070275547 -99.82463612344577 5
vertex 28.559410176891106 -99.43366411476062 2
vertex 27.616411070282822 -99.82463612344128 2
endloop
endfacet
facet normal -0.5228974403199795 0.852395604697029 0
outer loop
vertex 26.746254830613736 -100.35842872853473 5
vertex 27.616411070275547 -99.82463612344577 5
vertex 27.616411070282822 -99.82463612344128 2
endloop
endfacet
facet normal -0.5228974403199795 0.852395604697029 0
outer loop
vertex 26.746254830613736 -100.35842872853473 5
vertex 27.616411070282822 -99.82463612344128 2
vertex 26.7462548306128 -100.35842872853532 2
endloop
endfacet
facet normal 0 0 1
outer loop
vertex 24.20534330000001 -200.24931899999982 5
vertex 24.20533919383047 -200.246455 5
vertex 24.069676799999996 -105.62369500000003 5
endloop
endfacet
facet normal 0 0 1
outer loop
vertex 24.20534330000001 -200.24931899999982 5
vertex 24.069676799999996 -105.62369500000003 5
vertex 24.069676799999854 -105.62369499994244 2
endloop
endfacet
facet normal 0 0 1
outer loop
vertex 24.20534330000001 -200.24931899999982 5
vertex 24.069676799999854 -105.62369499994244 2
vertex 24.205343299999697 -200.24931900009454 2
endloop
endfacet
facet normal 0 0 -1
outer loop
vertex 26.530392326010883 -205.22195232332658 5
vertex 26.04774780050164 -204.73999983581393 5
vertex 25.979405159948925 -204.6717551880935 5
endloop
endfacet
facet normal 0 0 -1
outer loop
vertex 26.530392326010883 -205.22195232332658 5
vertex 25.979405159948925 -204.6717551880935 5
vertex 25.77646278354598 -204.46910379983643 5
endloop
endfacet
facet normal 0 0 -1
outer loop
vertex 26.530392326010883 -205.22195232332658 5
vertex 25.77646278354598 -204.46910379983643 5
vertex 25.72937779064287 -204.4220863195693 5
endloop
endfacet
facet normal 0 0 -1
outer loop
vertex 26.530392326010883 -205.22195232332658 5
vertex 25.72937779064287 -204.4220863195693 5
vertex 25.729377790615814 -204.42208631954313 2
endloop
endfacet
facet normal 0 0 -1
outer loop
vertex 26.530392326010883 -205.22195232332658 5
vertex 25.729377790615814 -204.42208631954313 2
vertex 26.53039232600662 -205.22195232332314 2
endloop
endfacet
facet normal -0.2588190447254433 -0.9659258263901059 -6.613110049756544e-13
outer loop
vertex 140.4768932000001 -217.35406700000004 5
vertex 113.05037870000001 -210.0051546 5
vertex 113.0503786999925 -210.00515459999593 2
endloop
endfacet
facet normal -0.2588190447254433 -0.9659258263901059 -6.613110049756544e-13
outer loop
vertex 140.4768932000001 -217.35406700000004 5
vertex 113.0503786999925 -210.00515459999593 2
vertex 120.34449362275521 -211.95960679999993 2
endloop
endfacet
facet normal -0.2588190447254433 -0.9659258263901059 -6.613110049756544e-13
outer loop
vertex 140.4768932000001 -217.35406700000004 5
vertex 120.34449362275521 -211.95960679999993 2
vertex 140.47689319995007 -217.35406699998669 2
endloop
endfacet
facet normal 0.99619486028153 -0.08715388889007154 0
outer loop
vertex 166.84500349892352 -204.53646735918016 5
vertex 166.82221577650773 -204.79693780103042 5
vertex 166.82221579184434 -204.796937801022 2
endloop
endfacet
facet normal 0.99619486028153 -0.08715388889007154 0
outer loop
vertex 166.84500349892352 -204.53646735918016 5
vertex 166.82221579184434 -204.796937801022 2
vertex 166.84500350470208 -204.53646735918807 2
endloop
endfacet
facet normal -0.9999996034950255 0.0008905109722643391 4.736956943255549e-13
outer loop
vertex 148.8010936 -197.6448674999999 5
vertex 148.8781895 -111.07 5
vertex 148.87818949999857 -111.07 2
endloop
endfacet
facet normal -0.9999996034950255 0.0008905109722643391 4.736956943255549e-13
outer loop
vertex 148.8010936 -197.6448674999999 5
vertex 148.87818949999857 -111.07 2
vertex 148.8613143103828 -130.01999999999995 2
endloop
endfacet
facet normal -0.9999996034950255 0.0008905109722643391 4.736956943255549e-13
outer loop
vertex 148.8010936 -197.6448674999999 5
vertex 148.8613143103828 -130.01999999999995 2
vertex 148.8612963439111 -130.04017545557608 2
endloop
endfacet
facet normal -0.9999996034950255 0.0008905109722643391 4.736956943255549e-13
outer loop
vertex 148.8010936 -197.6448674999999 5
vertex 148.8612963439111 -130.04017545557608 2
vertex 148.8612431349375 -130.0999264908695 2
endloop
endfacet
facet normal -0.9999996034950255 0.0008905109722643391 4.736956943255549e-13
outer loop
vertex 148.8010936 -197.6448674999999 5
vertex 148.8612431349375 -130.0999264908695 2
vertex 148.86115672825295 -130.1969569070674 2
endloop
endfacet
facet normal -0.9999996034950255 0.0008905109722643391 4.736956943255549e-13
outer loop
vertex 148.8010936 -197.6448674999999 5
vertex 148.86115672825295 -130.1969569070674 2
vertex 148.8610404444179 -130.3275378797475 2
endloop
endfacet
facet normal -0.9999996034950255 0.0008905109722643391 4.736956943255549e-13
outer loop
vertex 148.8010936 -197.6448674999999 5
vertex 148.8610404444179 -130.3275378797475 2
vertex 148.86089875215492 -130.4866512553492 2
endloop
endfacet
facet normal -0.9999996034950255 0.0008905109722643391 4.736956943255549e-13
outer loop
vertex 148.8010936 -197.6448674999999 5
vertex 148.86089875215492 -130.4866512553492 2
vertex 148.86073709661827 -130.66818239600866 2
endloop
endfacet
facet normal -0.9999996034950255 0.0008905109722643391 4.736956943255549e-13
outer loop
vertex 148.8010936 -197.6448674999999 5
vertex 148.86073709661827 -130.66818239600866 2
vertex 148.86056169013946 -130.86515516188382 2
endloop
endfacet
facet normal -0.9999996034950255 0.0008905109722643391 4.736956943255549e-13
outer loop
vertex 148.8010936 -197.6448674999999 5
vertex 148.86056169013946 -130.86515516188382 2
vertex 148.86037927349116 -131.0700000000067 2
endloop
endfacet
facet normal -0.9999996034950255 0.0008905109722643391 4.736956943255549e-13
outer loop
vertex 148.8010936 -197.6448674999999 5
vertex 148.86037927349116 -131.0700000000067 2
vertex 148.86019685684286 -131.27484483812947 2
endloop
endfacet
facet normal -0.9999996034950255 0.0008905109722643391 4.736956943255549e-13
outer loop
vertex 148.8010936 -197.6448674999999 5
vertex 148.86019685684286 -131.27484483812947 2
vertex 148.8600214503641 -131.47181760398067 2
endloop
endfacet
facet normal -0.9999996034950255 0.0008905109722643391 4.736956943255549e-13
outer loop
vertex 148.8010936 -197.6448674999999 5
vertex 148.8600214503641 -131.47181760398067 2
vertex 148.8598597948274 -131.6533487446587 2
endloop
endfacet
facet normal -0.9999996034950255 0.0008905109722643391 4.736956943255549e-13
outer loop
vertex 148.8010936 -197.6448674999999 5
vertex 148.8598597948274 -131.6533487446587 2
vertex 148.85971810256441 -131.81246212025417 2
endloop
endfacet
facet normal -0.9999996034950255 0.0008905109722643391 4.736956943255549e-13
outer loop
vertex 148.8010936 -197.6448674999999 5
vertex 148.85971810256441 -131.81246212025417 2
vertex 148.8596018187294 -131.9430430929175 2
endloop
endfacet
facet normal -0.9999996034950255 0.0008905109722643391 4.736956943255549e-13
outer loop
vertex 148.8010936 -197.6448674999999 5
vertex 148.8596018187294 -131.9430430929175 2
vertex 148.85951541204486 -132.0400735091323 2
endloop
endfacet
facet normal -0.9999996034950255 0.0008905109722643391 4.736956943255549e-13
outer loop
vertex 148.8010936 -197.6448674999999 5
vertex 148.85951541204486 -132.0400735091323 2
vertex 148.85946220307122 -132.0998245444237 2
endloop
endfacet
facet normal -0.9999996034950255 0.0008905109722643391 4.736956943255549e-13
outer loop
vertex 148.8010936 -197.6448674999999 5
vertex 148.85946220307122 -132.0998245444237 2
vertex 148.85944423659953 -132.12000000000023 2
endloop
endfacet
facet normal -0.9999996034950255 0.0008905109722643391 4.736956943255549e-13
outer loop
vertex 148.8010936 -197.6448674999999 5
vertex 148.85944423659953 -132.12000000000023 2
vertex 148.85113576593383 -141.44999999999612 2
endloop
endfacet
facet normal -0.9999996034950255 0.0008905109722643391 4.736956943255549e-13
outer loop
vertex 148.8010936 -197.6448674999999 5
vertex 148.85113576593383 -141.44999999999612 2
vertex 148.85111779946214 -141.47017545557495 2
endloop
endfacet
facet normal -0.9999996034950255 0.0008905109722643391 4.736956943255549e-13
outer loop
vertex 148.8010936 -197.6448674999999 5
vertex 148.85111779946214 -141.47017545557495 2
vertex 148.85106459048853 -141.5299264908414 2
endloop
endfacet
facet normal -0.9999996034950255 0.0008905109722643391 4.736956943255549e-13
outer loop
vertex 148.8010936 -197.6448674999999 5
vertex 148.85106459048853 -141.5299264908414 2
vertex 148.85097818380393 -141.62695690712653 2
endloop
endfacet
facet normal -0.9999996034950255 0.0008905109722643391 4.736956943255549e-13
outer loop
vertex 148.8010936 -197.6448674999999 5
vertex 148.85097818380393 -141.62695690712653 2
vertex 148.85086189996898 -141.75753787970075 2
endloop
endfacet
facet normal -0.9999996034950255 0.0008905109722643391 4.736956943255549e-13
outer loop
vertex 148.8010936 -197.6448674999999 5
vertex 148.85086189996898 -141.75753787970075 2
vertex 148.8507202077059 -141.91665125539157 2
endloop
endfacet
facet normal -0.9999996034950255 0.0008905109722643391 4.736956943255549e-13
outer loop
vertex 148.8010936 -197.6448674999999 5
vertex 148.8507202077059 -141.91665125539157 2
vertex 148.8505585521693 -142.09818239597317 2
endloop
endfacet
facet normal -0.9999996034950255 0.0008905109722643391 4.736956943255549e-13
outer loop
vertex 148.8010936 -197.6448674999999 5
vertex 148.8505585521693 -142.09818239597317 2
vertex 148.85038314569053 -142.29515516183594 2
endloop
endfacet
facet normal -0.9999996034950255 0.0008905109722643391 4.736956943255549e-13
outer loop
vertex 148.8010936 -197.6448674999999 5
vertex 148.85038314569053 -142.29515516183594 2
vertex 148.85020072904217 -142.50000000004104 2
endloop
endfacet
facet normal -0.9999996034950255 0.0008905109722643391 4.736956943255549e-13
outer loop
vertex 148.8010936 -197.6448674999999 5
vertex 148.85020072904217 -142.50000000004104 2
vertex 148.85001831239396 -142.7048448380755 2
endloop
endfacet
facet normal -0.9999996034950255 0.0008905109722643391 4.736956943255549e-13
outer loop
vertex 148.8010936 -197.6448674999999 5
vertex 148.85001831239396 -142.7048448380755 2
vertex 148.8498429059151 -142.90181760399255 2
endloop
endfacet
facet normal -0.9999996034950255 0.0008905109722643391 4.736956943255549e-13
outer loop
vertex 148.8010936 -197.6448674999999 5
vertex 148.8498429059151 -142.90181760399255 2
vertex 148.8496812503784 -143.0833487446979 2
endloop
endfacet
facet normal -0.9999996034950255 0.0008905109722643391 4.736956943255549e-13
outer loop
vertex 148.8010936 -197.6448674999999 5
vertex 148.8496812503784 -143.0833487446979 2
vertex 148.84953955811545 -143.24246212024138 2
endloop
endfacet
facet normal -0.9999996034950255 0.0008905109722643391 4.736956943255549e-13
outer loop
vertex 148.8010936 -197.6448674999999 5
vertex 148.84953955811545 -143.24246212024138 2
vertex 148.8494232742804 -143.3730430929287 2
endloop
endfacet
facet normal -0.9999996034950255 0.0008905109722643391 4.736956943255549e-13
outer loop
vertex 148.8010936 -197.6448674999999 5
vertex 148.8494232742804 -143.3730430929287 2
vertex 148.84933686759587 -143.47007350913017 2
endloop
endfacet
facet normal -0.9999996034950255 0.0008905109722643391 4.736956943255549e-13
outer loop
vertex 148.8010936 -197.6448674999999 5
vertex 148.84933686759587 -143.47007350913017 2
vertex 148.84928365862226 -143.52982454442193 2
endloop
endfacet
facet normal -0.9999996034950255 0.0008905109722643391 4.736956943255549e-13
outer loop
vertex 148.8010936 -197.6448674999999 5
vertex 148.84928365862226 -143.52982454442193 2
vertex 148.84926569215057 -143.54999999999708 2
endloop
endfacet
facet normal -0.9999996034950255 0.0008905109722643391 4.736956943255549e-13
outer loop
vertex 148.8010936 -197.6448674999999 5
vertex 148.84926569215057 -143.54999999999708 2
vertex 148.82747488001877 -168.0200000000003 2
endloop
endfacet
facet normal -0.9999996034950255 0.0008905109722643391 4.736956943255549e-13
outer loop
vertex 148.8010936 -197.6448674999999 5
vertex 148.82747488001877 -168.0200000000003 2
vertex 148.82745691354708 -168.04017545557855 2
endloop
endfacet
facet normal -0.9999996034950255 0.0008905109722643391 4.736956943255549e-13
outer loop
vertex 148.8010936 -197.6448674999999 5
vertex 148.82745691354708 -168.04017545557855 2
vertex 148.82740370457347 -168.09992649085655 2
endloop
endfacet
facet normal -0.9999996034950255 0.0008905109722643391 4.736956943255549e-13
outer loop
vertex 148.8010936 -197.6448674999999 5
vertex 148.82740370457347 -168.09992649085655 2
vertex 148.82731729788892 -168.1969569070842 2
endloop
endfacet
facet normal -0.9999996034950255 0.0008905109722643391 4.736956943255549e-13
outer loop
vertex 148.8010936 -197.6448674999999 5
vertex 148.82731729788892 -168.1969569070842 2
vertex 148.82720101405388 -168.327537879751 2
endloop
endfacet
facet normal -0.9999996034950255 0.0008905109722643391 4.736956943255549e-13
outer loop
vertex 148.8010936 -197.6448674999999 5
vertex 148.82720101405388 -168.327537879751 2
vertex 148.82705932179093 -168.48665125530601 2
endloop
endfacet
facet normal -0.9999996034950255 0.0008905109722643391 4.736956943255549e-13
outer loop
vertex 148.8010936 -197.6448674999999 5
vertex 148.82705932179093 -168.48665125530601 2
vertex 148.8268976662542 -168.66818239602256 2
endloop
endfacet
facet normal -0.9999996034950255 0.0008905109722643391 4.736956943255549e-13
outer loop
vertex 148.8010936 -197.6448674999999 5
vertex 148.8268976662542 -168.66818239602256 2
vertex 148.8267222597754 -168.8651551618977 2
endloop
endfacet
facet normal -0.9999996034950255 0.0008905109722643391 4.736956943255549e-13
outer loop
vertex 148.8010936 -197.6448674999999 5
vertex 148.8267222597754 -168.8651551618977 2
vertex 148.82653984312714 -169.0700000000022 2
endloop
endfacet
facet normal -0.9999996034950255 0.0008905109722643391 4.736956943255549e-13
outer loop
vertex 148.8010936 -197.6448674999999 5
vertex 148.82653984312714 -169.0700000000022 2
vertex 148.82635742647886 -169.27484483809886 2
endloop
endfacet
facet normal -0.9999996034950255 0.0008905109722643391 4.736956943255549e-13
outer loop
vertex 148.8010936 -197.6448674999999 5
vertex 148.82635742647886 -169.27484483809886 2
vertex 148.82618202000003 -169.4718176040124 2
endloop
endfacet
facet normal -0.9999996034950255 0.0008905109722643391 4.736956943255549e-13
outer loop
vertex 148.8010936 -197.6448674999999 5
vertex 148.82618202000003 -169.4718176040124 2
vertex 148.82602036446335 -169.6533487446802 2
endloop
endfacet
facet normal -0.9999996034950255 0.0008905109722643391 4.736956943255549e-13
outer loop
vertex 148.8010936 -197.6448674999999 5
vertex 148.82602036446335 -169.6533487446802 2
vertex 148.82587867220042 -169.8124621202374 2
endloop
endfacet
facet normal -0.9999996034950255 0.0008905109722643391 4.736956943255549e-13
outer loop
vertex 148.8010936 -197.6448674999999 5
vertex 148.82587867220042 -169.8124621202374 2
vertex 148.82576238836535 -169.94304309291553 2
endloop
endfacet
facet normal -0.9999996034950255 0.0008905109722643391 4.736956943255549e-13
outer loop
vertex 148.8010936 -197.6448674999999 5
vertex 148.82576238836535 -169.94304309291553 2
vertex 148.8256759816808 -170.040073509133 2
endloop
endfacet
facet normal -0.9999996034950255 0.0008905109722643391 4.736956943255549e-13
outer loop
vertex 148.8010936 -197.6448674999999 5
vertex 148.8256759816808 -170.040073509133 2
vertex 148.8256227727072 -170.09982454442533 2
endloop
endfacet
facet normal -0.9999996034950255 0.0008905109722643391 4.736956943255549e-13
outer loop
vertex 148.8010936 -197.6448674999999 5
vertex 148.8256227727072 -170.09982454442533 2
vertex 148.8256048062355 -170.12000000000006 2
endloop
endfacet
facet normal -0.9999996034950255 0.0008905109722643391 4.736956943255549e-13
outer loop
vertex 148.8010936 -197.6448674999999 5
vertex 148.8256048062355 -170.12000000000006 2
vertex 148.8172963355698 -179.45000000000022 2
endloop
endfacet
facet normal -0.9999996034950255 0.0008905109722643391 4.736956943255549e-13
outer loop
vertex 148.8010936 -197.6448674999999 5
vertex 148.8172963355698 -179.45000000000022 2
vertex 148.81727836909812 -179.47017545558492 2
endloop
endfacet
facet normal -0.9999996034950255 0.0008905109722643391 4.736956943255549e-13
outer loop
vertex 148.8010936 -197.6448674999999 5
vertex 148.81727836909812 -179.47017545558492 2
vertex 148.81722516012448 -179.52992649086463 2
endloop
endfacet
facet normal -0.9999996034950255 0.0008905109722643391 4.736956943255549e-13
outer loop
vertex 148.8010936 -197.6448674999999 5
vertex 148.81722516012448 -179.52992649086463 2
vertex 148.81713875343993 -179.62695690709012 2
endloop
endfacet
facet normal -0.9999996034950255 0.0008905109722643391 4.736956943255549e-13
outer loop
vertex 148.8010936 -197.6448674999999 5
vertex 148.81713875343993 -179.62695690709012 2
vertex 148.81702246960492 -179.75753787971325 2
endloop
endfacet
facet normal -0.9999996034950255 0.0008905109722643391 4.736956943255549e-13
outer loop
vertex 148.8010936 -197.6448674999999 5
vertex 148.81702246960492 -179.75753787971325 2
vertex 148.8168807773419 -179.91665125534803 2
endloop
endfacet
facet normal -0.9999996034950255 0.0008905109722643391 4.736956943255549e-13
outer loop
vertex 148.8010936 -197.6448674999999 5
vertex 148.8168807773419 -179.91665125534803 2
vertex 148.8167191218052 -180.0981823960601 2
endloop
endfacet
facet normal -0.9999996034950255 0.0008905109722643391 4.736956943255549e-13
outer loop
vertex 148.8010936 -197.6448674999999 5
vertex 148.8167191218052 -180.0981823960601 2
vertex 148.8165437153265 -180.29515516180734 2
endloop
endfacet
facet normal -0.9999996034950255 0.0008905109722643391 4.736956943255549e-13
outer loop
vertex 148.8010936 -197.6448674999999 5
vertex 148.8165437153265 -180.29515516180734 2
vertex 148.81636129867812 -180.50000000004133 2
endloop
endfacet
facet normal -0.9999996034950255 0.0008905109722643391 4.736956943255549e-13
outer loop
vertex 148.8010936 -197.6448674999999 5
vertex 148.81636129867812 -180.50000000004133 2
vertex 148.81617888202987 -180.70484483813468 2
endloop
endfacet
facet normal -0.9999996034950255 0.0008905109722643391 4.736956943255549e-13
outer loop
vertex 148.8010936 -197.6448674999999 5
vertex 148.81617888202987 -180.70484483813468 2
vertex 148.81600347555107 -180.90181760400586 2
endloop
endfacet
facet normal -0.9999996034950255 0.0008905109722643391 4.736956943255549e-13
outer loop
vertex 148.8010936 -197.6448674999999 5
vertex 148.81600347555107 -180.90181760400586 2
vertex 148.8158418200144 -181.08334874465086 2
endloop
endfacet
facet normal -0.9999996034950255 0.0008905109722643391 4.736956943255549e-13
outer loop
vertex 148.8010936 -197.6448674999999 5
vertex 148.8158418200144 -181.08334874465086 2
vertex 148.81570012775146 -181.24246212022734 2
endloop
endfacet
facet normal -0.9999996034950255 0.0008905109722643391 4.736956943255549e-13
outer loop
vertex 148.8010936 -197.6448674999999 5
vertex 148.81570012775146 -181.24246212022734 2
vertex 148.81558384391636 -181.37304309293623 2
endloop
endfacet
facet normal -0.9999996034950255 0.0008905109722643391 4.736956943255549e-13
outer loop
vertex 148.8010936 -197.6448674999999 5
vertex 148.81558384391636 -181.37304309293623 2
vertex 148.81549743723184 -181.47007350913586 2
endloop
endfacet
facet normal -0.9999996034950255 0.0008905109722643391 4.736956943255549e-13
outer loop
vertex 148.8010936 -197.6448674999999 5
vertex 148.81549743723184 -181.47007350913586 2
vertex 148.8154442282582 -181.52982454442252 2
endloop
endfacet
facet normal -0.9999996034950255 0.0008905109722643391 4.736956943255549e-13
outer loop
vertex 148.8010936 -197.6448674999999 5
vertex 148.8154442282582 -181.52982454442252 2
vertex 148.8154262617865 -181.54999999999998 2
endloop
endfacet
facet normal -0.9999996034950255 0.0008905109722643391 4.736956943255549e-13
outer loop
vertex 148.8010936 -197.6448674999999 5
vertex 148.8154262617865 -181.54999999999998 2
vertex 148.80109359999744 -197.6448675000142 2
endloop
endfacet
facet normal 0 0 -1
outer loop
vertex 94.88006350000025 -204.77038450000006 5
vertex 106.05031016050812 -206.74000099743935 5
vertex 113.3976783999978 -208.0355414499996 5
endloop
endfacet
facet normal 0 0 -1
outer loop
vertex 94.88006350000025 -204.77038450000006 5
vertex 113.3976783999978 -208.0355414499996 5
vertex 113.3976783873663 -208.03554144993552 2
endloop
endfacet
facet normal 0 0 -1
outer loop
vertex 94.88006350000025 -204.77038450000006 5
vertex 113.3976783873663 -208.03554144993552 2
vertex 94.88006348467725 -204.77038450003886 2
endloop
endfacet
facet normal -0.07619688261553395 -0.9970927916095245 0
outer loop
vertex 145.0668256788822 -101.16725383080043 5
vertex 144.38304550000015 -101.115 5
vertex 144.38304550000123 -101.115 2
endloop
endfacet
facet normal -0.07619688261553395 -0.9970927916095245 0
outer loop
vertex 145.0668256788822 -101.16725383080043 5
vertex 144.38304550000123 -101.115 2
vertex 145.0668256788645 -101.167253830799 2
endloop
endfacet
facet normal 0 0 -1
outer loop
vertex 148.39599415615803 -100.50166369456015 5
vertex 149.05624298019373 -101.115 5
vertex 149.11249357229354 -101.16725383080043 5
endloop
endfacet
facet normal 0 0 -1
outer loop
vertex 148.39599415615803 -100.50166369456015 5
vertex 149.11249357229354 -101.16725383080043 5
vertex 149.1872867905465 -101.23673278250058 5
endloop
endfacet
facet normal 0 0 -1
outer loop
vertex 148.39599415615803 -100.50166369456015 5
vertex 149.1872867905465 -101.23673278250058 5
vertex 149.1872867905565 -101.23673278251569 2
endloop
endfacet
facet normal 0 0 -1
outer loop
vertex 148.39599415615803 -100.50166369456015 5
vertex 149.1872867905565 -101.23673278251569 2
vertex 149.05640959377953 -101.11515482530861 2
endloop
endfacet
facet normal 0 0 -1
outer loop
vertex 148.39599415615803 -100.50166369456015 5
vertex 149.05640959377953 -101.11515482530861 2
vertex 149.05624298018736 -101.115 2
endloop
endfacet
facet normal 0 0 -1
outer loop
vertex 148.39599415615803 -100.50166369456015 5
vertex 149.05624298018736 -101.115 2
vertex 148.39599415613304 -100.50166369454286 2
endloop
endfacet
facet normal -0.9951847266721984 0.09801714032954582 0
outer loop
vertex 140.32505774442498 -213.37759613811414 2
vertex 140.3452331999997 -213.17275130000564 2
vertex 140.3452331999997 -213.1727513000057 0
endloop
endfacet
facet normal -0.9951847266721984 0.09801714032954582 0
outer loop
vertex 140.32505774442498 -213.37759613811414 2
vertex 140.3452331999997 -213.1727513000057 0
vertex 140.32505774442393 -213.37759613811423 0
endloop
endfacet
facet normal -0.9951847266721984 -0.09801714032954582 0
outer loop
vertex 140.3452331999997 -213.17275130000564 2
vertex 140.3250577444226 -212.96790646188347 2
vertex 140.3250577444226 -212.96790646188353 0
endloop
endfacet
facet normal -0.9951847266721984 -0.09801714032954582 0
outer loop
vertex 140.3452331999997 -213.17275130000564 2
vertex 140.3250577444226 -212.96790646188353 0
vertex 140.3452331999997 -213.1727513000057 0
endloop
endfacet
facet normal -0.9569403357321961 -0.2902846772545049 0
outer loop
vertex 140.3250577444226 -212.96790646188347 2
vertex 140.2653067091283 -212.77093369599157 2
vertex 140.2653067091283 -212.7709336959916 0
endloop
endfacet
facet normal -0.9569403357321961 -0.2902846772545049 0
outer loop
vertex 140.3250577444226 -212.96790646188347 2
vertex 140.2653067091283 -212.7709336959916 0
vertex 140.3250577444226 -212.96790646188353 0
endloop
endfacet
facet normal -0.881921264348347 -0.47139673682601263 0
outer loop
vertex 140.2653067091283 -212.77093369599157 2
vertex 140.1682762929275 -212.5894025553387 2
vertex 140.16827629292746 -212.58940255533867 0
endloop
endfacet
facet normal -0.881921264348347 -0.47139673682601263 0
outer loop
vertex 140.2653067091283 -212.77093369599157 2
vertex 140.16827629292746 -212.58940255533867 0
vertex 140.2653067091283 -212.7709336959916 0
endloop
endfacet
facet normal -0.7730104533627206 -0.6343932841636656 0
outer loop
vertex 140.1682762929275 -212.5894025553387 2
vertex 140.0376953202586 -212.43028917976693 2
vertex 140.03769532025854 -212.4302891797669 0
endloop
endfacet
facet normal -0.7730104533627206 -0.6343932841636656 0
outer loop
vertex 140.1682762929275 -212.5894025553387 2
vertex 140.03769532025854 -212.4302891797669 0
vertex 140.16827629292746 -212.58940255533867 0
endloop
endfacet
facet normal -0.6343932841636364 -0.7730104533627445 0
outer loop
vertex 140.0376953202586 -212.43028917976693 2
vertex 139.87858194464783 -212.29970820706603 2
vertex 139.87858194464783 -212.29970820706603 0
endloop
endfacet
facet normal -0.6343932841636364 -0.7730104533627445 0
outer loop
vertex 140.0376953202586 -212.43028917976693 2
vertex 139.87858194464783 -212.29970820706603 0
vertex 140.03769532025854 -212.4302891797669 0
endloop
endfacet
facet normal -0.4713967368260224 -0.8819212643483418 0
outer loop
vertex 139.87858194464783 -212.29970820706603 2
vertex 139.69705080401363 -212.20267779087519 2
vertex 139.69705080401368 -212.2026777908752 0
endloop
endfacet
facet normal -0.4713967368260224 -0.8819212643483418 0
outer loop
vertex 139.87858194464783 -212.29970820706603 2
vertex 139.69705080401368 -212.2026777908752 0
vertex 139.87858194464783 -212.29970820706603 0
endloop
endfacet
facet normal -0.2902846772545339 -0.9569403357321872 0
outer loop
vertex 139.69705080401363 -212.20267779087519 2
vertex 139.500078038105 -212.14292675557581 2
vertex 139.50007803810487 -212.14292675557581 0
endloop
endfacet
facet normal -0.2902846772545339 -0.9569403357321872 0
outer loop
vertex 139.69705080401363 -212.20267779087519 2
vertex 139.50007803810487 -212.14292675557581 0
vertex 139.69705080401368 -212.2026777908752 0
endloop
endfacet
facet normal -0.09801714032954566 -0.9951847266721985 0
outer loop
vertex 139.500078038105 -212.14292675557581 2
vertex 139.2952331999992 -212.12275130000032 2
vertex 139.2952331999993 -212.12275130000032 0
endloop
endfacet
facet normal -0.09801714032954566 -0.9951847266721985 0
outer loop
vertex 139.500078038105 -212.14292675557581 2
vertex 139.2952331999993 -212.12275130000032 0
vertex 139.50007803810487 -212.14292675557581 0
endloop
endfacet
facet normal 0.09801714032954566 -0.9951847266721985 0
outer loop
vertex 139.2952331999992 -212.12275130000032 2
vertex 139.09038836187656 -212.14292675557581 2
vertex 139.09038836189362 -212.14292675557581 0
endloop
endfacet
facet normal 0.09801714032954566 -0.9951847266721985 0
outer loop
vertex 139.2952331999992 -212.12275130000032 2
vertex 139.09038836189362 -212.14292675557581 0
vertex 139.2952331999993 -212.12275130000032 0
endloop
endfacet
facet normal 0.2902846772545339 -0.9569403357321872 0
outer loop
vertex 139.09038836187656 -212.14292675557581 2
vertex 138.8934155960226 -212.20267779087519 2
vertex 138.89341559596792 -212.2026777908752 0
endloop
endfacet
facet normal 0.2902846772545339 -0.9569403357321872 0
outer loop
vertex 139.09038836187656 -212.14292675557581 2
vertex 138.89341559596792 -212.2026777908752 0
vertex 139.09038836189362 -212.14292675557581 0
endloop
endfacet
facet normal 0.47139673682602534 -0.8819212643483402 0
outer loop
vertex 138.8934155960226 -212.20267779087519 2
vertex 138.7118844553261 -212.29970820706603 2
vertex 138.7118844553877 -212.29970820706603 0
endloop
endfacet
facet normal 0.47139673682602534 -0.8819212643483402 0
outer loop
vertex 138.8934155960226 -212.20267779087519 2
vertex 138.7118844553877 -212.29970820706603 0
vertex 138.89341559596792 -212.2026777908752 0
endloop
endfacet
facet normal 0.6343932841636518 -0.7730104533627319 0
outer loop
vertex 138.7118844553261 -212.29970820706603 2
vertex 138.55277107975348 -212.43028917976693 2
vertex 138.55277107971614 -212.4302891797669 0
endloop
endfacet
facet normal 0.6343932841636518 -0.7730104533627319 0
outer loop
vertex 138.7118844553261 -212.29970820706603 2
vertex 138.55277107971614 -212.4302891797669 0
vertex 138.7118844553877 -212.29970820706603 0
endloop
endfacet
facet normal 0.7730104533627319 -0.6343932841636518 0
outer loop
vertex 138.55277107975348 -212.43028917976693 2
vertex 138.42219010708618 -212.5894025553387 2
vertex 138.4221901070842 -212.58940255533867 0
endloop
endfacet
facet normal 0.7730104533627319 -0.6343932841636518 0
outer loop
vertex 138.55277107975348 -212.43028917976693 2
vertex 138.4221901070842 -212.58940255533867 0
vertex 138.55277107971614 -212.4302891797669 0
endloop
endfacet
facet normal 0.8819212643483552 -0.47139673682599736 0
outer loop
vertex 138.42219010708618 -212.5894025553387 2
vertex 138.32515969085748 -212.77093369599157 2
vertex 138.32515969088507 -212.7709336959916 0
endloop
endfacet
facet normal 0.8819212643483552 -0.47139673682599736 0
outer loop
vertex 138.42219010708618 -212.5894025553387 2
vertex 138.32515969088507 -212.7709336959916 0
vertex 138.4221901070842 -212.58940255533867 0
endloop
endfacet
facet normal 0.9569403357321872 -0.2902846772545339 0
outer loop
vertex 138.32515969085748 -212.77093369599157 2
vertex 138.265408655578 -212.96790646188347 2
vertex 138.26540865556362 -212.96790646188353 0
endloop
endfacet
facet normal 0.9569403357321872 -0.2902846772545339 0
outer loop
vertex 138.32515969085748 -212.77093369599157 2
vertex 138.26540865556362 -212.96790646188353 0
vertex 138.32515969088507 -212.7709336959916 0
endloop
endfacet
facet normal 0.9951847266721985 -0.09801714032954566 0
outer loop
vertex 138.265408655578 -212.96790646188347 2
vertex 138.2452332 -213.17275130000564 2
vertex 138.24523320000083 -213.1727513000057 0
endloop
endfacet
facet normal 0.9951847266721985 -0.09801714032954566 0
outer loop
vertex 138.265408655578 -212.96790646188347 2
vertex 138.24523320000083 -213.1727513000057 0
vertex 138.26540865556362 -212.96790646188353 0
endloop
endfacet
facet normal 0.9951847266721984 0.09801714032954582 0
outer loop
vertex 138.2452332 -213.17275130000564 2
vertex 138.26540865557604 -213.37759613811414 2
vertex 138.26540865586264 -213.37759613811423 0
endloop
endfacet
facet normal 0.9951847266721984 0.09801714032954582 0
outer loop
vertex 138.2452332 -213.17275130000564 2
vertex 138.26540865586264 -213.37759613811423 0
vertex 138.24523320000083 -213.1727513000057 0
endloop
endfacet
facet normal 0.9569403357321875 0.29028467725453294 0
outer loop
vertex 138.26540865557604 -213.37759613811414 2
vertex 138.32515969087245 -213.57456890401306 2
vertex 138.3251596908724 -213.57456890401298 0
endloop
endfacet
facet normal 0.9569403357321875 0.29028467725453294 0
outer loop
vertex 138.26540865557604 -213.37759613811414 2
vertex 138.3251596908724 -213.57456890401298 0
vertex 138.26540865586264 -213.37759613811423 0
endloop
endfacet
facet normal 0.8819212643483703 0.4713967368259691 0
outer loop
vertex 138.32515969087245 -213.57456890401306 2
vertex 138.42219010706054 -213.75610004464212 2
vertex 138.42219010706046 -213.756100044642 0
endloop
endfacet
facet normal 0.8819212643483703 0.4713967368259691 0
outer loop
vertex 138.32515969087245 -213.57456890401306 2
vertex 138.42219010706046 -213.756100044642 0
vertex 138.3251596908724 -213.57456890401298 0
endloop
endfacet
facet normal 0.7730104533627332 0.6343932841636499 0
outer loop
vertex 138.42219010706054 -213.75610004464212 2
vertex 138.55277107976494 -213.91521342025715 2
vertex 138.55277107976502 -213.91521342025723 0
endloop
endfacet
facet normal 0.7730104533627332 0.6343932841636499 0
outer loop
vertex 138.42219010706054 -213.75610004464212 2
vertex 138.55277107976502 -213.91521342025723 0
vertex 138.42219010706046 -213.756100044642 0
endloop
endfacet
facet normal 0.6343932841636518 0.7730104533627319 0
outer loop
vertex 138.55277107976494 -213.91521342025715 2
vertex 138.71188445531968 -214.0457943929121 2
vertex 138.71188445531968 -214.0457943929121 0
endloop
endfacet
facet normal 0.6343932841636518 0.7730104533627319 0
outer loop
vertex 138.55277107976494 -213.91521342025715 2
vertex 138.71188445531968 -214.0457943929121 0
vertex 138.55277107976502 -213.91521342025723 0
endloop
endfacet
facet normal 0.4713967368260224 0.8819212643483417 0
outer loop
vertex 138.71188445531968 -214.0457943929121 2
vertex 138.89341559602173 -214.1428248091392 2
vertex 138.89341559602178 -214.14282480913923 0
endloop
endfacet
facet normal 0.4713967368260224 0.8819212643483417 0
outer loop
vertex 138.71188445531968 -214.0457943929121 2
vertex 138.89341559602178 -214.14282480913923 0
vertex 138.71188445531968 -214.0457943929121 0
endloop
endfacet
facet normal 0.2902846772545339 0.9569403357321872 0
outer loop
vertex 138.89341559602173 -214.1428248091392 2
vertex 139.09038836188085 -214.20257584442354 2
vertex 139.09038836188077 -214.20257584442354 0
endloop
endfacet
facet normal 0.2902846772545339 0.9569403357321872 0
outer loop
vertex 138.89341559602173 -214.1428248091392 2
vertex 139.09038836188077 -214.20257584442354 0
vertex 138.89341559602178 -214.14282480913923 0
endloop
endfacet
facet normal 0.09801714032954566 0.9951847266721985 0
outer loop
vertex 139.09038836188085 -214.20257584442354 2
vertex 139.29523319999947 -214.2227513000003 2
vertex 139.29523319999944 -214.2227513000003 0
endloop
endfacet
facet normal 0.09801714032954566 0.9951847266721985 0
outer loop
vertex 139.09038836188085 -214.20257584442354 2
vertex 139.29523319999944 -214.2227513000003 0
vertex 139.09038836188077 -214.20257584442354 0
endloop
endfacet
facet normal -0.09801714032954566 0.9951847266721985 0
outer loop
vertex 139.29523319999947 -214.2227513000003 2
vertex 139.50007803811823 -214.20257584442354 2
vertex 139.50007803810473 -214.20257584442354 0
endloop
endfacet
facet normal -0.09801714032954566 0.9951847266721985 0
outer loop
vertex 139.29523319999947 -214.2227513000003 2
vertex 139.50007803810473 -214.20257584442354 0
vertex 139.29523319999944 -214.2227513000003 0
endloop
endfacet
facet normal -0.2902846772545339 0.9569403357321872 0
outer loop
vertex 139.50007803811823 -214.20257584442354 2
vertex 139.69705080396508 -214.1428248091392 2
vertex 139.69705080398896 -214.14282480913923 0
endloop
endfacet
facet normal -0.2902846772545339 0.9569403357321872 0
outer loop
vertex 139.50007803811823 -214.20257584442354 2
vertex 139.69705080398896 -214.14282480913923 0
vertex 139.50007803810473 -214.20257584442354 0
endloop
endfacet
facet normal -0.47139673682601946 0.8819212643483434 0
outer loop
vertex 139.69705080396508 -214.1428248091392 2
vertex 139.87858194468728 -214.0457943929121 2
vertex 139.878581944675 -214.0457943929121 0
endloop
endfacet
facet normal -0.47139673682601946 0.8819212643483434 0
outer loop
vertex 139.69705080396508 -214.1428248091392 2
vertex 139.878581944675 -214.0457943929121 0
vertex 139.69705080398896 -214.14282480913923 0
endloop
endfacet
facet normal -0.6343932841636518 0.7730104533627319 0
outer loop
vertex 139.87858194468728 -214.0457943929121 2
vertex 140.03769532023082 -213.91521342025715 2
vertex 140.03769532024305 -213.91521342025723 0
endloop
endfacet
facet normal -0.6343932841636518 0.7730104533627319 0
outer loop
vertex 139.87858194468728 -214.0457943929121 2
vertex 140.03769532024305 -213.91521342025723 0
vertex 139.878581944675 -214.0457943929121 0
endloop
endfacet
facet normal -0.7730104533627319 0.6343932841636518 0
outer loop
vertex 140.03769532023082 -213.91521342025715 2
vertex 140.16827629294397 -213.75610004464212 2
vertex 140.16827629291353 -213.756100044642 0
endloop
endfacet
facet normal -0.7730104533627319 0.6343932841636518 0
outer loop
vertex 140.03769532023082 -213.91521342025715 2
vertex 140.16827629291353 -213.756100044642 0
vertex 140.03769532024305 -213.91521342025723 0
endloop
endfacet
facet normal -0.8819212643483434 0.47139673682601946 0
outer loop
vertex 140.16827629294397 -213.75610004464212 2
vertex 140.26530670911322 -213.57456890401306 2
vertex 140.2653067091336 -213.57456890401298 0
endloop
endfacet
facet normal -0.8819212643483434 0.47139673682601946 0
outer loop
vertex 140.16827629294397 -213.75610004464212 2
vertex 140.2653067091336 -213.57456890401298 0
vertex 140.16827629291353 -213.756100044642 0
endloop
endfacet
facet normal -0.9569403357321872 0.2902846772545339 0
outer loop
vertex 140.26530670911322 -213.57456890401306 2
vertex 140.32505774442498 -213.37759613811414 2
vertex 140.32505774442393 -213.37759613811423 0
endloop
endfacet
facet normal -0.9569403357321872 0.2902846772545339 0
outer loop
vertex 140.26530670911322 -213.57456890401306 2
vertex 140.32505774442393 -213.37759613811423 0
vertex 140.2653067091336 -213.57456890401298 0
endloop
endfacet
facet normal -0.9951847266721984 0.09801714032954581 0
outer loop
vertex 143.52982454442432 -169.27484483809886 2
vertex 143.54999999999998 -169.0700000000022 2
vertex 143.55 -169.07000000000218 0
endloop
endfacet
facet normal -0.9951847266721984 0.09801714032954581 0
outer loop
vertex 143.52982454442432 -169.27484483809886 2
vertex 143.55 -169.07000000000218 0
vertex 143.52982454442542 -169.27484483809866 0
endloop
endfacet
facet normal -0.9951847266721984 -0.09801714032954582 0
outer loop
vertex 143.54999999999998 -169.0700000000022 2
vertex 143.5298245444246 -168.8651551618977 2
vertex 143.52982454442466 -168.86515516189786 0
endloop
endfacet
facet normal -0.9951847266721984 -0.09801714032954582 0
outer loop
vertex 143.54999999999998 -169.0700000000022 2
vertex 143.52982454442466 -168.86515516189786 0
vertex 143.55 -169.07000000000218 0
endloop
endfacet
facet normal -0.9569403357321875 -0.29028467725453294 0
outer loop
vertex 143.5298245444246 -168.8651551618977 2
vertex 143.4700735091354 -168.66818239602256 2
vertex 143.47007350913543 -168.66818239602262 0
endloop
endfacet
facet normal -0.9569403357321875 -0.29028467725453294 0
outer loop
vertex 143.5298245444246 -168.8651551618977 2
vertex 143.47007350913543 -168.66818239602262 0
vertex 143.52982454442466 -168.86515516189786 0
endloop
endfacet
facet normal -0.8819212643483529 -0.47139673682600136 0
outer loop
vertex 143.4700735091354 -168.66818239602256 2
vertex 143.37304309290056 -168.48665125530601 2
vertex 143.37304309290053 -168.48665125530596 0
endloop
endfacet
facet normal -0.8819212643483529 -0.47139673682600136 0
outer loop
vertex 143.4700735091354 -168.66818239602256 2
vertex 143.37304309290053 -168.48665125530596 0
vertex 143.47007350913543 -168.66818239602262 0
endloop
endfacet
facet normal -0.7730104533627317 -0.634393284163652 0
outer loop
vertex 143.37304309290056 -168.48665125530601 2
vertex 143.2424621202454 -168.327537879751 2
vertex 143.24246212024542 -168.32753787975102 0
endloop
endfacet
facet normal -0.7730104533627317 -0.634393284163652 0
outer loop
vertex 143.37304309290056 -168.48665125530601 2
vertex 143.24246212024542 -168.32753787975102 0
vertex 143.37304309290053 -168.48665125530596 0
endloop
endfacet
facet normal -0.6343932841636385 -0.7730104533627428 0
outer loop
vertex 143.2424621202454 -168.327537879751 2
vertex 143.0833487446762 -168.1969569070842 2
vertex 143.08334874466527 -168.1969569070844 0
endloop
endfacet
facet normal -0.6343932841636385 -0.7730104533627428 0
outer loop
vertex 143.2424621202454 -168.327537879751 2
vertex 143.08334874466527 -168.1969569070844 0
vertex 143.24246212024542 -168.32753787975102 0
endloop
endfacet
facet normal -0.47139673682600847 -0.8819212643483494 0
outer loop
vertex 143.0833487446762 -168.1969569070842 2
vertex 142.90181760396263 -168.09992649085655 2
vertex 142.90181760399923 -168.09992649085646 0
endloop
endfacet
facet normal -0.47139673682600847 -0.8819212643483494 0
outer loop
vertex 143.0833487446762 -168.1969569070842 2
vertex 142.90181760399923 -168.09992649085646 0
vertex 143.08334874466527 -168.1969569070844 0
endloop
endfacet
facet normal -0.2902846772545339 -0.9569403357321872 0
outer loop
vertex 142.90181760396263 -168.09992649085655 2
vertex 142.70484483815991 -168.04017545557855 2
vertex 142.7048448381217 -168.04017545557852 0
endloop
endfacet
facet normal -0.2902846772545339 -0.9569403357321872 0
outer loop
vertex 142.90181760396263 -168.09992649085655 2
vertex 142.7048448381217 -168.04017545557852 0
vertex 142.90181760399923 -168.09992649085646 0
endloop
endfacet
facet normal -0.09801714032954582 -0.9951847266721984 0
outer loop
vertex 142.70484483815991 -168.04017545557855 2
vertex 142.49999999999915 -168.0200000000003 2
vertex 142.49999999999912 -168.0200000000003 0
endloop
endfacet
facet normal -0.09801714032954582 -0.9951847266721984 0
outer loop
vertex 142.70484483815991 -168.04017545557855 2
vertex 142.49999999999912 -168.0200000000003 0
vertex 142.7048448381217 -168.04017545557852 0
endloop
endfacet
facet normal 0.09801714032954566 -0.9951847266721985 0
outer loop
vertex 142.49999999999915 -168.0200000000003 2
vertex 142.29515516187584 -168.04017545557855 2
vertex 142.29515516186572 -168.04017545557852 0
endloop
endfacet
facet normal 0.09801714032954566 -0.9951847266721985 0
outer loop
vertex 142.49999999999915 -168.0200000000003 2
vertex 142.29515516186572 -168.04017545557852 0
vertex 142.49999999999912 -168.0200000000003 0
endloop
endfacet
facet normal 0.2902846772545339 -0.9569403357321872 0
outer loop
vertex 142.29515516187584 -168.04017545557855 2
vertex 142.09818239602117 -168.09992649085655 2
vertex 142.0981823960377 -168.09992649085646 0
endloop
endfacet
facet normal 0.2902846772545339 -0.9569403357321872 0
outer loop
vertex 142.29515516187584 -168.04017545557855 2
vertex 142.0981823960377 -168.09992649085646 0
vertex 142.29515516186572 -168.04017545557852 0
endloop
endfacet
facet normal 0.47139673682602534 -0.8819212643483402 0
outer loop
vertex 142.09818239602117 -168.09992649085655 2
vertex 141.91665125533007 -168.1969569070842 2
vertex 141.9166512553179 -168.1969569070844 0
endloop
endfacet
facet normal 0.47139673682602534 -0.8819212643483402 0
outer loop
vertex 142.09818239602117 -168.09992649085655 2
vertex 141.9166512553179 -168.1969569070844 0
vertex 142.0981823960377 -168.09992649085646 0
endloop
endfacet
facet normal 0.6343932841636518 -0.7730104533627319 0
outer loop
vertex 141.91665125533007 -168.1969569070842 2
vertex 141.757537879753 -168.327537879751 2
vertex 141.75753787976103 -168.32753787975102 0
endloop
endfacet
facet normal 0.6343932841636518 -0.7730104533627319 0
outer loop
vertex 141.91665125533007 -168.1969569070842 2
vertex 141.75753787976103 -168.32753787975102 0
vertex 141.9166512553179 -168.1969569070844 0
endloop
endfacet
facet normal 0.7730104533627319 -0.6343932841636518 0
outer loop
vertex 141.757537879753 -168.327537879751 2
vertex 141.62695690708006 -168.48665125530601 2
vertex 141.62695690709802 -168.48665125530596 0
endloop
endfacet
facet normal 0.7730104533627319 -0.6343932841636518 0
outer loop
vertex 141.757537879753 -168.327537879751 2
vertex 141.62695690709802 -168.48665125530596 0
vertex 141.75753787976103 -168.32753787975102 0
endloop
endfacet
facet normal 0.8819212643483402 -0.47139673682602534 0
outer loop
vertex 141.62695690708006 -168.48665125530601 2
vertex 141.52992649086147 -168.66818239602256 2
vertex 141.52992649084533 -168.66818239602262 0
endloop
endfacet
facet normal 0.8819212643483402 -0.47139673682602534 0
outer loop
vertex 141.62695690708006 -168.48665125530601 2
vertex 141.52992649084533 -168.66818239602262 0
vertex 141.62695690709802 -168.48665125530596 0
endloop
endfacet
facet normal 0.9569403357321872 -0.2902846772545339 0
outer loop
vertex 141.52992649086147 -168.66818239602256 2
vertex 141.47017545557762 -168.8651551618977 2
vertex 141.47017545557216 -168.86515516189786 0
endloop
endfacet
facet normal 0.9569403357321872 -0.2902846772545339 0
outer loop
vertex 141.52992649086147 -168.66818239602256 2
vertex 141.47017545557216 -168.86515516189786 0
vertex 141.52992649084533 -168.66818239602262 0
endloop
endfacet
facet normal 0.9951847266721984 -0.09801714032954582 0
outer loop
vertex 141.47017545557762 -168.8651551618977 2
vertex 141.44999999999996 -169.0700000000022 2
vertex 141.45000000000223 -169.07000000000218 0
endloop
endfacet
facet normal 0.9951847266721984 -0.09801714032954582 0
outer loop
vertex 141.47017545557762 -168.8651551618977 2
vertex 141.45000000000223 -169.07000000000218 0
vertex 141.47017545557216 -168.86515516189786 0
endloop
endfacet
facet normal 0.9951847266721984 0.09801714032954582 0
outer loop
vertex 141.44999999999996 -169.0700000000022 2
vertex 141.47017545557628 -169.27484483809886 2
vertex 141.47017545557458 -169.27484483809866 0
endloop
endfacet
facet normal 0.9951847266721984 0.09801714032954582 0
outer loop
vertex 141.44999999999996 -169.0700000000022 2
vertex 141.47017545557458 -169.27484483809866 0
vertex 141.45000000000223 -169.07000000000218 0
endloop
endfacet
facet normal 0.9569403357321875 0.29028467725453294 0
outer loop
vertex 141.47017545557628 -169.27484483809886 2
vertex 141.52992649086997 -169.4718176040124 2
vertex 141.52992649087707 -169.47181760401247 0
endloop
endfacet
facet normal 0.9569403357321875 0.29028467725453294 0
outer loop
vertex 141.47017545557628 -169.27484483809886 2
vertex 141.52992649087707 -169.47181760401247 0
vertex 141.47017545557458 -169.27484483809866 0
endloop
endfacet
facet normal 0.8819212643483411 0.4713967368260239 0
outer loop
vertex 141.52992649086997 -169.4718176040124 2
vertex 141.62695690706212 -169.6533487446802 2
vertex 141.62695690707892 -169.65334874468024 0
endloop
endfacet
facet normal 0.8819212643483411 0.4713967368260239 0
outer loop
vertex 141.52992649086997 -169.4718176040124 2
vertex 141.62695690707892 -169.65334874468024 0
vertex 141.52992649087707 -169.47181760401247 0
endloop
endfacet
facet normal 0.7730104533627318 0.6343932841636519 0
outer loop
vertex 141.62695690706212 -169.6533487446802 2
vertex 141.75753787975594 -169.8124621202374 2
vertex 141.75753787972144 -169.81246212023746 0
endloop
endfacet
facet normal 0.7730104533627318 0.6343932841636519 0
outer loop
vertex 141.62695690706212 -169.6533487446802 2
vertex 141.75753787972144 -169.81246212023746 0
vertex 141.62695690707892 -169.65334874468024 0
endloop
endfacet
facet normal 0.6343932841636208 0.7730104533627572 0
outer loop
vertex 141.75753787975594 -169.8124621202374 2
vertex 141.91665125533424 -169.94304309291553 2
vertex 141.91665125533788 -169.94304309291553 0
endloop
endfacet
facet normal 0.6343932841636208 0.7730104533627572 0
outer loop
vertex 141.75753787975594 -169.8124621202374 2
vertex 141.91665125533788 -169.94304309291553 0
vertex 141.75753787972144 -169.81246212023746 0
endloop
endfacet
facet normal 0.47139673682600847 0.8819212643483494 0
outer loop
vertex 141.91665125533424 -169.94304309291553 2
vertex 142.09818239602043 -170.040073509133 2
vertex 142.0981823960173 -170.04007350913304 0
endloop
endfacet
facet normal 0.47139673682600847 0.8819212643483494 0
outer loop
vertex 141.91665125533424 -169.94304309291553 2
vertex 142.0981823960173 -170.04007350913304 0
vertex 141.91665125533788 -169.94304309291553 0
endloop
endfacet
facet normal 0.2902846772545039 0.9569403357321963 0
outer loop
vertex 142.09818239602043 -170.040073509133 2
vertex 142.2951551618826 -170.09982454442533 2
vertex 142.29515516190315 -170.09982454442533 0
endloop
endfacet
facet normal 0.2902846772545039 0.9569403357321963 0
outer loop
vertex 142.09818239602043 -170.040073509133 2
vertex 142.29515516190315 -170.09982454442533 0
vertex 142.0981823960173 -170.04007350913304 0
endloop
endfacet
facet normal 0.09801714032954581 0.9951847266721984 0
outer loop
vertex 142.2951551618826 -170.09982454442533 2
vertex 142.49999999998343 -170.12000000000006 2
vertex 142.49999999998352 -170.12000000000006 0
endloop
endfacet
facet normal 0.09801714032954581 0.9951847266721984 0
outer loop
vertex 142.2951551618826 -170.09982454442533 2
vertex 142.49999999998352 -170.12000000000006 0
vertex 142.29515516190315 -170.09982454442533 0
endloop
endfacet
facet normal -0.09801714032954566 0.9951847266721985 0
outer loop
vertex 142.49999999998343 -170.12000000000006 2
vertex 142.70484483809608 -170.09982454442533 2
vertex 142.70484483811177 -170.09982454442533 0
endloop
endfacet
facet normal -0.09801714032954566 0.9951847266721985 0
outer loop
vertex 142.49999999998343 -170.12000000000006 2
vertex 142.70484483811177 -170.09982454442533 0
vertex 142.49999999998352 -170.12000000000006 0
endloop
endfacet
facet normal -0.29028467725456186 0.9569403357321787 0
outer loop
vertex 142.70484483809608 -170.09982454442533 2
vertex 142.90181760399457 -170.040073509133 2
vertex 142.901817603984 -170.04007350913304 0
endloop
endfacet
facet normal -0.29028467725456186 0.9569403357321787 0
outer loop
vertex 142.70484483809608 -170.09982454442533 2
vertex 142.901817603984 -170.04007350913304 0
vertex 142.70484483811177 -170.09982454442533 0
endloop
endfacet
facet normal -0.47139673682601946 0.8819212643483434 0
outer loop
vertex 142.90181760399457 -170.040073509133 2
vertex 143.0833487446689 -169.94304309291553 2
vertex 143.0833487446747 -169.94304309291553 0
endloop
endfacet
facet normal -0.47139673682601946 0.8819212643483434 0
outer loop
vertex 142.90181760399457 -170.040073509133 2
vertex 143.0833487446747 -169.94304309291553 0
vertex 142.901817603984 -170.04007350913304 0
endloop
endfacet
facet normal -0.6343932841636518 0.7730104533627319 0
outer loop
vertex 143.0833487446689 -169.94304309291553 2
vertex 143.24246212025625 -169.8124621202374 2
vertex 143.24246212024465 -169.81246212023746 0
endloop
endfacet
facet normal -0.6343932841636518 0.7730104533627319 0
outer loop
vertex 143.0833487446689 -169.94304309291553 2
vertex 143.24246212024465 -169.81246212023746 0
vertex 143.0833487446747 -169.94304309291553 0
endloop
endfacet
facet normal -0.7730104533627319 0.6343932841636518 0
outer loop
vertex 143.24246212025625 -169.8124621202374 2
vertex 143.3730430929057 -169.6533487446802 2
vertex 143.37304309291426 -169.65334874468024 0
endloop
endfacet
facet normal -0.7730104533627319 0.6343932841636518 0
outer loop
vertex 143.24246212025625 -169.8124621202374 2
vertex 143.37304309291426 -169.65334874468024 0
vertex 143.24246212024465 -169.81246212023746 0
endloop
endfacet
facet normal -0.8819212643483402 0.47139673682602534 0
outer loop
vertex 143.3730430929057 -169.6533487446802 2
vertex 143.47007350912148 -169.4718176040124 2
vertex 143.4700735091356 -169.47181760401247 0
endloop
endfacet
facet normal -0.8819212643483402 0.47139673682602534 0
outer loop
vertex 143.3730430929057 -169.6533487446802 2
vertex 143.4700735091356 -169.47181760401247 0
vertex 143.37304309291426 -169.65334874468024 0
endloop
endfacet
facet normal -0.9569403357321872 0.2902846772545339 0
outer loop
vertex 143.47007350912148 -169.4718176040124 2
vertex 143.52982454442432 -169.27484483809886 2
vertex 143.52982454442542 -169.27484483809866 0
endloop
endfacet
facet normal -0.9569403357321872 0.2902846772545339 0
outer loop
vertex 143.47007350912148 -169.4718176040124 2
vertex 143.52982454442542 -169.27484483809866 0
vertex 143.4700735091356 -169.47181760401247 0
endloop
endfacet
facet normal -0.9951847266721984 0.09801714032954582 0
outer loop
vertex 143.52982454442503 -131.27484483812947 2
vertex 143.54999999999993 -131.0700000000067 2
vertex 143.54999999999993 -131.07000000000676 0
endloop
endfacet
facet normal -0.9951847266721984 0.09801714032954582 0
outer loop
vertex 143.52982454442503 -131.27484483812947 2
vertex 143.54999999999993 -131.07000000000676 0
vertex 143.52982454442275 -131.27484483812958 0
endloop
endfacet
facet normal -0.9951847266721984 -0.09801714032954582 0
outer loop
vertex 143.54999999999993 -131.0700000000067 2
vertex 143.52982454442275 -130.86515516188382 2
vertex 143.5298245444227 -130.8651551618836 0
endloop
endfacet
facet normal -0.9951847266721984 -0.09801714032954582 0
outer loop
vertex 143.54999999999993 -131.0700000000067 2
vertex 143.5298245444227 -130.8651551618836 0
vertex 143.54999999999993 -131.07000000000676 0
endloop
endfacet
facet normal -0.9569403357321875 -0.29028467725453294 0
outer loop
vertex 143.52982454442275 -130.86515516188382 2
vertex 143.47007350913353 -130.66818239600866 2
vertex 143.47007350913356 -130.6681823960087 0
endloop
endfacet
facet normal -0.9569403357321875 -0.29028467725453294 0
outer loop
vertex 143.52982454442275 -130.86515516188382 2
vertex 143.47007350913356 -130.6681823960087 0
vertex 143.5298245444227 -130.8651551618836 0
endloop
endfacet
facet normal -0.8819212643483568 -0.4713967368259944 0
outer loop
vertex 143.47007350913353 -130.66818239600866 2
vertex 143.37304309292918 -130.4866512553492 2
vertex 143.37304309292924 -130.48665125534927 0
endloop
endfacet
facet normal -0.8819212643483568 -0.4713967368259944 0
outer loop
vertex 143.47007350913353 -130.66818239600866 2
vertex 143.37304309292924 -130.48665125534927 0
vertex 143.47007350913356 -130.6681823960087 0
endloop
endfacet
facet normal -0.7730104533627572 -0.6343932841636208 0
outer loop
vertex 143.37304309292918 -130.4866512553492 2
vertex 143.24246212023573 -130.3275378797475 2
vertex 143.24246212023567 -130.32753787974747 0
endloop
endfacet
facet normal -0.7730104533627572 -0.6343932841636208 0
outer loop
vertex 143.37304309292918 -130.4866512553492 2
vertex 143.24246212023567 -130.32753787974747 0
vertex 143.37304309292924 -130.48665125534927 0
endloop
endfacet
facet normal -0.634393284163652 -0.7730104533627318 0
outer loop
vertex 143.24246212023573 -130.3275378797475 2
vertex 143.0833487446503 -130.1969569070674 2
vertex 143.08334874465035 -130.19695690706746 0
endloop
endfacet
facet normal -0.634393284163652 -0.7730104533627318 0
outer loop
vertex 143.24246212023573 -130.3275378797475 2
vertex 143.08334874465035 -130.19695690706746 0
vertex 143.24246212023567 -130.32753787974747 0
endloop
endfacet
facet normal -0.4713967368260239 -0.881921264348341 0
outer loop
vertex 143.0833487446503 -130.1969569070674 2
vertex 142.90181760400287 -130.0999264908695 2
vertex 142.90181760400273 -130.09992649086945 0
endloop
endfacet
facet normal -0.4713967368260239 -0.881921264348341 0
outer loop
vertex 143.0833487446503 -130.1969569070674 2
vertex 142.90181760400273 -130.09992649086945 0
vertex 143.08334874465035 -130.19695690706746 0
endloop
endfacet
facet normal -0.2902846772545049 -0.9569403357321961 0
outer loop
vertex 142.90181760400287 -130.0999264908695 2
vertex 142.70484483811381 -130.04017545557608 2
vertex 142.70484483811387 -130.04017545557608 0
endloop
endfacet
facet normal -0.2902846772545049 -0.9569403357321961 0
outer loop
vertex 142.90181760400287 -130.0999264908695 2
vertex 142.70484483811387 -130.04017545557608 0
vertex 142.90181760400273 -130.09992649086945 0
endloop
endfacet
facet normal -0.09801714032954582 -0.9951847266721984 0
outer loop
vertex 142.70484483811381 -130.04017545557608 2
vertex 142.5000000000017 -130.01999999999995 2
vertex 142.50000000000176 -130.01999999999995 0
endloop
endfacet
facet normal -0.09801714032954582 -0.9951847266721984 0
outer loop
vertex 142.70484483811381 -130.04017545557608 2
vertex 142.50000000000176 -130.01999999999995 0
vertex 142.70484483811387 -130.04017545557608 0
endloop
endfacet
facet normal 0.09801714032954581 -0.9951847266721984 0
outer loop
vertex 142.5000000000017 -130.01999999999995 2
vertex 142.2951551618753 -130.04017545557608 2
vertex 142.2951551618897 -130.04017545557608 0
endloop
endfacet
facet normal 0.09801714032954581 -0.9951847266721984 0
outer loop
vertex 142.5000000000017 -130.01999999999995 2
vertex 142.2951551618897 -130.04017545557608 0
vertex 142.50000000000176 -130.01999999999995 0
endloop
endfacet
facet normal 0.29028467725453194 -0.956940335732188 0
outer loop
vertex 142.2951551618753 -130.04017545557608 2
vertex 142.09818239602058 -130.0999264908695 2
vertex 142.0981823959866 -130.09992649086945 0
endloop
endfacet
facet normal 0.29028467725453194 -0.956940335732188 0
outer loop
vertex 142.2951551618753 -130.04017545557608 2
vertex 142.0981823959866 -130.09992649086945 0
vertex 142.2951551618897 -130.04017545557608 0
endloop
endfacet
facet normal 0.47139673682602534 -0.8819212643483402 0
outer loop
vertex 142.09818239602058 -130.0999264908695 2
vertex 141.9166512553302 -130.1969569070674 2
vertex 141.91665125537176 -130.19695690706746 0
endloop
endfacet
facet normal 0.47139673682602534 -0.8819212643483402 0
outer loop
vertex 142.09818239602058 -130.0999264908695 2
vertex 141.91665125537176 -130.19695690706746 0
vertex 142.0981823959866 -130.09992649086945 0
endloop
endfacet
facet normal 0.6343932841636518 -0.7730104533627319 0
outer loop
vertex 141.9166512553302 -130.1969569070674 2
vertex 141.75753787975452 -130.3275378797475 2
vertex 141.75753787974622 -130.32753787974747 0
endloop
endfacet
facet normal 0.6343932841636518 -0.7730104533627319 0
outer loop
vertex 141.9166512553302 -130.1969569070674 2
vertex 141.75753787974622 -130.32753787974747 0
vertex 141.91665125537176 -130.19695690706746 0
endloop
endfacet
facet normal 0.7730104533627319 -0.6343932841636518 0
outer loop
vertex 141.75753787975452 -130.3275378797475 2
vertex 141.62695690708136 -130.4866512553492 2
vertex 141.62695690706127 -130.48665125534927 0
endloop
endfacet
facet normal 0.7730104533627319 -0.6343932841636518 0
outer loop
vertex 141.75753787975452 -130.3275378797475 2
vertex 141.62695690706127 -130.48665125534927 0
vertex 141.75753787974622 -130.32753787974747 0
endloop
endfacet
facet normal 0.8819212643483434 -0.47139673682601946 0
outer loop
vertex 141.62695690708136 -130.4866512553492 2
vertex 141.52992649086207 -130.66818239600866 2
vertex 141.52992649087653 -130.6681823960087 0
endloop
endfacet
facet normal 0.8819212643483434 -0.47139673682601946 0
outer loop
vertex 141.62695690708136 -130.4866512553492 2
vertex 141.52992649087653 -130.6681823960087 0
vertex 141.62695690706127 -130.48665125534927 0
endloop
endfacet
facet normal 0.9569403357321872 -0.2902846772545339 0
outer loop
vertex 141.52992649086207 -130.66818239600866 2
vertex 141.4701754555778 -130.86515516188382 2
vertex 141.47017545557304 -130.8651551618836 0
endloop
endfacet
facet normal 0.9569403357321872 -0.2902846772545339 0
outer loop
vertex 141.52992649086207 -130.66818239600866 2
vertex 141.47017545557304 -130.8651551618836 0
vertex 141.52992649087653 -130.6681823960087 0
endloop
endfacet
facet normal 0.9951847266721984 -0.09801714032954582 0
outer loop
vertex 141.4701754555778 -130.86515516188382 2
vertex 141.45000000000016 -131.0700000000067 2
vertex 141.45000000000059 -131.07000000000676 0
endloop
endfacet
facet normal 0.9951847266721984 -0.09801714032954582 0
outer loop
vertex 141.4701754555778 -130.86515516188382 2
vertex 141.45000000000059 -131.07000000000676 0
vertex 141.47017545557304 -130.8651551618836 0
endloop
endfacet
facet normal 0.9951847266721984 0.09801714032954582 0
outer loop
vertex 141.45000000000016 -131.0700000000067 2
vertex 141.4701754555776 -131.27484483812947 2
vertex 141.4701754555774 -131.27484483812958 0
endloop
endfacet
facet normal 0.9951847266721984 0.09801714032954582 0
outer loop
vertex 141.45000000000016 -131.0700000000067 2
vertex 141.4701754555774 -131.27484483812958 0
vertex 141.45000000000059 -131.07000000000676 0
endloop
endfacet
facet normal 0.9569403357321875 0.29028467725453294 0
outer loop
vertex 141.4701754555776 -131.27484483812947 2
vertex 141.52992649085954 -131.47181760398067 2
vertex 141.52992649085957 -131.47181760398075 0
endloop
endfacet
facet normal 0.9569403357321875 0.29028467725453294 0
outer loop
vertex 141.4701754555776 -131.27484483812947 2
vertex 141.52992649085957 -131.47181760398075 0
vertex 141.4701754555774 -131.27484483812958 0
endloop
endfacet
facet normal 0.8819212643483455 0.47139673682601535 0
outer loop
vertex 141.52992649085954 -131.47181760398067 2
vertex 141.6269569070738 -131.6533487446587 2
vertex 141.62695690707375 -131.65334874465864 0
endloop
endfacet
facet normal 0.8819212643483455 0.47139673682601535 0
outer loop
vertex 141.52992649085954 -131.47181760398067 2
vertex 141.62695690707375 -131.65334874465864 0
vertex 141.52992649085957 -131.47181760398075 0
endloop
endfacet
facet normal 0.7730104533627428 0.6343932841636385 0
outer loop
vertex 141.6269569070738 -131.6533487446587 2
vertex 141.75753787976214 -131.81246212025417 2
vertex 141.75753787976214 -131.81246212025414 0
endloop
endfacet
facet normal 0.7730104533627428 0.6343932841636385 0
outer loop
vertex 141.6269569070738 -131.6533487446587 2
vertex 141.75753787976214 -131.81246212025414 0
vertex 141.62695690707375 -131.65334874465864 0
endloop
endfacet
facet normal 0.634393284163652 0.7730104533627318 0
outer loop
vertex 141.75753787976214 -131.81246212025417 2
vertex 141.9166512553271 -131.9430430929175 2
vertex 141.9166512553271 -131.9430430929175 0
endloop
endfacet
facet normal 0.634393284163652 0.7730104533627318 0
outer loop
vertex 141.75753787976214 -131.81246212025417 2
vertex 141.9166512553271 -131.9430430929175 0
vertex 141.75753787976214 -131.81246212025414 0
endloop
endfacet
facet normal 0.47139673682600136 0.8819212643483529 0
outer loop
vertex 141.9166512553271 -131.9430430929175 2
vertex 142.09818239600614 -132.0400735091323 2
vertex 142.09818239600617 -132.0400735091323 0
endloop
endfacet
facet normal 0.47139673682600136 0.8819212643483529 0
outer loop
vertex 141.9166512553271 -131.9430430929175 2
vertex 142.09818239600617 -132.0400735091323 0
vertex 141.9166512553271 -131.9430430929175 0
endloop
endfacet
facet normal 0.2902846772545049 0.9569403357321961 0
outer loop
vertex 142.09818239600614 -132.0400735091323 2
vertex 142.29515516188857 -132.0998245444237 2
vertex 142.2951551618887 -132.09982454442374 0
endloop
endfacet
facet normal 0.2902846772545049 0.9569403357321961 0
outer loop
vertex 142.09818239600614 -132.0400735091323 2
vertex 142.2951551618887 -132.09982454442374 0
vertex 142.09818239600617 -132.0400735091323 0
endloop
endfacet
facet normal 0.09801714032954582 0.9951847266721984 0
outer loop
vertex 142.29515516188857 -132.0998245444237 2
vertex 142.50000000000463 -132.12000000000023 2
vertex 142.5000000000045 -132.12000000000023 0
endloop
endfacet
facet normal 0.09801714032954582 0.9951847266721984 0
outer loop
vertex 142.29515516188857 -132.0998245444237 2
vertex 142.5000000000045 -132.12000000000023 0
vertex 142.2951551618887 -132.09982454442374 0
endloop
endfacet
facet normal -0.09801714032954581 0.9951847266721984 0
outer loop
vertex 142.50000000000463 -132.12000000000023 2
vertex 142.7048448381207 -132.0998245444237 2
vertex 142.70484483810642 -132.09982454442374 0
endloop
endfacet
facet normal -0.09801714032954581 0.9951847266721984 0
outer loop
vertex 142.50000000000463 -132.12000000000023 2
vertex 142.70484483810642 -132.09982454442374 0
vertex 142.5000000000045 -132.12000000000023 0
endloop
endfacet
facet normal -0.2902846772545339 0.9569403357321872 0
outer loop
vertex 142.7048448381207 -132.0998245444237 2
vertex 142.90181760399 -132.0400735091323 2
vertex 142.90181760398383 -132.0400735091323 0
endloop
endfacet
facet normal -0.2902846772545339 0.9569403357321872 0
outer loop
vertex 142.7048448381207 -132.0998245444237 2
vertex 142.90181760398383 -132.0400735091323 0
vertex 142.70484483810642 -132.09982454442374 0
endloop
endfacet
facet normal -0.47139673682602534 0.8819212643483402 0
outer loop
vertex 142.90181760399 -132.0400735091323 2
vertex 143.08334874466453 -131.9430430929175 2
vertex 143.08334874467468 -131.9430430929175 0
endloop
endfacet
facet normal -0.47139673682602534 0.8819212643483402 0
outer loop
vertex 142.90181760399 -132.0400735091323 2
vertex 143.08334874467468 -131.9430430929175 0
vertex 142.90181760398383 -132.0400735091323 0
endloop
endfacet
facet normal -0.6343932841636448 0.7730104533627374 0
outer loop
vertex 143.08334874466453 -131.9430430929175 2
vertex 143.24246212023797 -131.81246212025417 2
vertex 143.24246212024607 -131.81246212025414 0
endloop
endfacet
facet normal -0.6343932841636448 0.7730104533627374 0
outer loop
vertex 143.08334874466453 -131.9430430929175 2
vertex 143.24246212024607 -131.81246212025414 0
vertex 143.08334874467468 -131.9430430929175 0
endloop
endfacet
facet normal -0.7730104533627319 0.6343932841636518 0
outer loop
vertex 143.24246212023797 -131.81246212025417 2
vertex 143.37304309293094 -131.6533487446587 2
vertex 143.3730430929149 -131.65334874465864 0
endloop
endfacet
facet normal -0.7730104533627319 0.6343932841636518 0
outer loop
vertex 143.24246212023797 -131.81246212025417 2
vertex 143.3730430929149 -131.65334874465864 0
vertex 143.24246212024607 -131.81246212025414 0
endloop
endfacet
facet normal -0.8819212643483402 0.47139673682602534 0
outer loop
vertex 143.37304309293094 -131.6533487446587 2
vertex 143.47007350913452 -131.47181760398067 2
vertex 143.4700735091346 -131.47181760398075 0
endloop
endfacet
facet normal -0.8819212643483402 0.47139673682602534 0
outer loop
vertex 143.37304309293094 -131.6533487446587 2
vertex 143.4700735091346 -131.47181760398075 0
vertex 143.3730430929149 -131.65334874465864 0
endloop
endfacet
facet normal -0.9569403357321872 0.2902846772545339 0
outer loop
vertex 143.47007350913452 -131.47181760398067 2
vertex 143.52982454442503 -131.27484483812947 2
vertex 143.52982454442275 -131.27484483812958 0
endloop
endfacet
facet normal -0.9569403357321872 0.2902846772545339 0
outer loop
vertex 143.47007350913452 -131.47181760398067 2
vertex 143.52982454442275 -131.27484483812958 0
vertex 143.4700735091346 -131.47181760398075 0
endloop
endfacet
facet normal -0.9951847266721984 0.09801714032954582 0
outer loop
vertex 33.5298245444242 -180.70484483813468 2
vertex 33.54999999999649 -180.50000000004133 2
vertex 33.55000000000271 -180.50000000004107 0
endloop
endfacet
facet normal -0.9951847266721984 0.09801714032954582 0
outer loop
vertex 33.5298245444242 -180.70484483813468 2
vertex 33.55000000000271 -180.50000000004107 0
vertex 33.52982454442221 -180.70484483813473 0
endloop
endfacet
facet normal -0.9951847266721956 -0.09801714032957419 0
outer loop
vertex 33.54999999999649 -180.50000000004133 2
vertex 33.529824544417096 -180.29515516180734 2
vertex 33.529824544431506 -180.29515516180777 0
endloop
endfacet
facet normal -0.9951847266721956 -0.09801714032957419 0
outer loop
vertex 33.54999999999649 -180.50000000004133 2
vertex 33.529824544431506 -180.29515516180777 0
vertex 33.55000000000271 -180.50000000004107 0
endloop
endfacet
facet normal -0.9569403357322133 -0.2902846772544479 0
outer loop
vertex 33.529824544417096 -180.29515516180734 2
vertex 33.47007350916138 -180.0981823960601 2
vertex 33.470073509128696 -180.09818239605994 0
endloop
endfacet
facet normal -0.9569403357322133 -0.2902846772544479 0
outer loop
vertex 33.529824544417096 -180.29515516180734 2
vertex 33.470073509128696 -180.09818239605994 0
vertex 33.529824544431506 -180.29515516180777 0
endloop
endfacet
facet normal -0.773010453362767 -0.634393284163609 0
outer loop
vertex 33.37304309293063 -179.91665125534803 2
vertex 33.242462120205204 -179.75753787971325 2
vertex 33.24246212023945 -179.7575378797133 0
endloop
endfacet
facet normal -0.773010453362767 -0.634393284163609 0
outer loop
vertex 33.37304309293063 -179.91665125534803 2
vertex 33.24246212023945 -179.7575378797133 0
vertex 33.373043092925656 -179.9166512553478 0
endloop
endfacet
facet normal -0.6343932841636758 -0.7730104533627121 0
outer loop
vertex 33.242462120205204 -179.75753787971325 2
vertex 33.083348744722656 -179.62695690709012 2
vertex 33.083348744694575 -179.62695690709006 0
endloop
endfacet
facet normal -0.6343932841636758 -0.7730104533627121 0
outer loop
vertex 33.242462120205204 -179.75753787971325 2
vertex 33.083348744694575 -179.62695690709006 0
vertex 33.24246212023945 -179.7575378797133 0
endloop
endfacet
facet normal -0.47139673682602534 -0.8819212643483402 0
outer loop
vertex 33.083348744722656 -179.62695690709012 2
vertex 32.901817603995 -179.52992649086463 2
vertex 32.901817603981584 -179.5299264908647 0
endloop
endfacet
facet normal -0.47139673682602534 -0.8819212643483402 0
outer loop
vertex 33.083348744722656 -179.62695690709012 2
vertex 32.901817603981584 -179.5299264908647 0
vertex 33.083348744694575 -179.62695690709006 0
endloop
endfacet
facet normal -0.29028467725447593 -0.9569403357322049 0
outer loop
vertex 32.901817603995 -179.52992649086463 2
vertex 32.70484483813766 -179.47017545558492 2
vertex 32.70484483809912 -179.47017545558495 0
endloop
endfacet
facet normal -0.29028467725447593 -0.9569403357322049 0
outer loop
vertex 32.901817603995 -179.52992649086463 2
vertex 32.70484483809912 -179.47017545558495 0
vertex 32.901817603981584 -179.5299264908647 0
endloop
endfacet
facet normal -0.09801714032954566 -0.9951847266721985 0
outer loop
vertex 32.70484483813766 -179.47017545558492 2
vertex 32.500000000001165 -179.45000000000022 2
vertex 32.50000000000108 -179.45000000000024 0
endloop
endfacet
facet normal -0.09801714032954566 -0.9951847266721985 0
outer loop
vertex 32.70484483813766 -179.47017545558492 2
vertex 32.50000000000108 -179.45000000000024 0
vertex 32.70484483809912 -179.47017545558495 0
endloop
endfacet
facet normal 0.09801714032954566 -0.9951847266721985 0
outer loop
vertex 32.500000000001165 -179.45000000000022 2
vertex 32.295155161898066 -179.47017545558492 2
vertex 32.29515516180089 -179.47017545558495 0
endloop
endfacet
facet normal 0.09801714032954566 -0.9951847266721985 0
outer loop
vertex 32.500000000001165 -179.45000000000022 2
vertex 32.29515516180089 -179.47017545558495 0
vertex 32.50000000000108 -179.45000000000024 0
endloop
endfacet
facet normal 0.2902846772545339 -0.9569403357321872 0
outer loop
vertex 32.295155161898066 -179.47017545558492 2
vertex 32.09818239600267 -179.52992649086463 2
vertex 32.09818239602893 -179.5299264908647 0
endloop
endfacet
facet normal 0.2902846772545339 -0.9569403357321872 0
outer loop
vertex 32.295155161898066 -179.47017545558492 2
vertex 32.09818239602893 -179.5299264908647 0
vertex 32.29515516180089 -179.47017545558495 0
endloop
endfacet
facet normal 0.6343932841636448 -0.7730104533627374 0
outer loop
vertex 31.916651255331857 -179.62695690709012 2
vertex 31.757537879755233 -179.75753787971325 2
vertex 31.757537879815544 -179.7575378797133 0
endloop
endfacet
facet normal 0.6343932841636448 -0.7730104533627374 0
outer loop
vertex 31.916651255331857 -179.62695690709012 2
vertex 31.757537879815544 -179.7575378797133 0
vertex 31.91665125531489 -179.62695690709006 0
endloop
endfacet
facet normal 0.7730104533627319 -0.6343932841636518 0
outer loop
vertex 31.757537879755233 -179.75753787971325 2
vertex 31.62695690708216 -179.91665125534803 2
vertex 31.626956907035236 -179.9166512553478 0
endloop
endfacet
facet normal 0.7730104533627319 -0.6343932841636518 0
outer loop
vertex 31.757537879755233 -179.75753787971325 2
vertex 31.626956907035236 -179.9166512553478 0
vertex 31.757537879815544 -179.7575378797133 0
endloop
endfacet
facet normal 0.8819212643483568 -0.4713967368259944 0
outer loop
vertex 31.62695690708216 -179.91665125534803 2
vertex 31.529926490855644 -180.0981823960601 2
vertex 31.52992649084962 -180.09818239605994 0
endloop
endfacet
facet normal 0.8819212643483568 -0.4713967368259944 0
outer loop
vertex 31.62695690708216 -179.91665125534803 2
vertex 31.52992649084962 -180.09818239605994 0
vertex 31.626956907035236 -179.9166512553478 0
endloop
endfacet
facet normal 0.9569403357322048 -0.29028467725447593 0
outer loop
vertex 31.529926490855644 -180.0981823960601 2
vertex 31.470175455582734 -180.29515516180734 2
vertex 31.47017545560496 -180.29515516180777 0
endloop
endfacet
facet normal 0.9569403357322048 -0.29028467725447593 0
outer loop
vertex 31.529926490855644 -180.0981823960601 2
vertex 31.47017545560496 -180.29515516180777 0
vertex 31.52992649084962 -180.09818239605994 0
endloop
endfacet
facet normal 0.9951847266721984 -0.09801714032954582 0
outer loop
vertex 31.470175455582734 -180.29515516180734 2
vertex 31.45000000000249 -180.50000000004133 2
vertex 31.44999999999473 -180.50000000004107 0
endloop
endfacet
facet normal 0.9951847266721984 -0.09801714032954582 0
outer loop
vertex 31.470175455582734 -180.29515516180734 2
vertex 31.44999999999473 -180.50000000004107 0
vertex 31.47017545560496 -180.29515516180777 0
endloop
endfacet
facet normal 0.9951847266721957 0.09801714032957241 0
outer loop
vertex 31.45000000000249 -180.50000000004133 2
vertex 31.470175455580176 -180.70484483813468 2
vertex 31.47017545557688 -180.70484483813473 0
endloop
endfacet
facet normal 0.9951847266721957 0.09801714032957241 0
outer loop
vertex 31.45000000000249 -180.50000000004133 2
vertex 31.47017545557688 -180.70484483813473 0
vertex 31.44999999999473 -180.50000000004107 0
endloop
endfacet
facet normal 0.9569403357322133 0.2902846772544479 0
outer loop
vertex 31.470175455580176 -180.70484483813468 2
vertex 31.52992649086815 -180.90181760400586 2
vertex 31.52992649086815 -180.90181760400583 0
endloop
endfacet
facet normal 0.9569403357322133 0.2902846772544479 0
outer loop
vertex 31.470175455580176 -180.70484483813468 2
vertex 31.52992649086815 -180.90181760400583 0
vertex 31.47017545557688 -180.70484483813473 0
endloop
endfacet
facet normal 0.8819212643483717 0.4713967368259664 0
outer loop
vertex 31.52992649086815 -180.90181760400586 2
vertex 31.626956907064766 -181.08334874465086 2
vertex 31.626956907064738 -181.08334874465083 0
endloop
endfacet
facet normal 0.8819212643483717 0.4713967368259664 0
outer loop
vertex 31.52992649086815 -180.90181760400586 2
vertex 31.626956907064738 -181.08334874465083 0
vertex 31.52992649086815 -180.90181760400583 0
endloop
endfacet
facet normal 0.7730104533627572 0.6343932841636208 0
outer loop
vertex 31.626956907064766 -181.08334874465086 2
vertex 31.757537879737555 -181.24246212022734 2
vertex 31.75753787973761 -181.24246212022743 0
endloop
endfacet
facet normal 0.7730104533627572 0.6343932841636208 0
outer loop
vertex 31.626956907064766 -181.08334874465086 2
vertex 31.75753787973761 -181.24246212022743 0
vertex 31.626956907064738 -181.08334874465083 0
endloop
endfacet
facet normal 0.6343932841636208 0.7730104533627572 0
outer loop
vertex 31.757537879737555 -181.24246212022734 2
vertex 31.916651255358005 -181.37304309293623 2
vertex 31.91665125535789 -181.37304309293614 0
endloop
endfacet
facet normal 0.6343932841636208 0.7730104533627572 0
outer loop
vertex 31.757537879737555 -181.24246212022734 2
vertex 31.91665125535789 -181.37304309293614 0
vertex 31.75753787973761 -181.24246212022743 0
endloop
endfacet
facet normal 0.4713967368259914 0.8819212643483584 0
outer loop
vertex 31.916651255358005 -181.37304309293623 2
vertex 32.098182396008696 -181.47007350913586 2
vertex 32.09818239600875 -181.4700735091359 0
endloop
endfacet
facet normal 0.4713967368259914 0.8819212643483584 0
outer loop
vertex 31.916651255358005 -181.37304309293623 2
vertex 32.09818239600875 -181.4700735091359 0
vertex 31.91665125535789 -181.37304309293614 0
endloop
endfacet
facet normal 0.2902846772545039 0.9569403357321963 0
outer loop
vertex 32.098182396008696 -181.47007350913586 2
vertex 32.2951551618755 -181.52982454442252 2
vertex 32.29515516187544 -181.52982454442252 0
endloop
endfacet
facet normal 0.2902846772545039 0.9569403357321963 0
outer loop
vertex 32.098182396008696 -181.47007350913586 2
vertex 32.29515516187544 -181.52982454442252 0
vertex 32.09818239600875 -181.4700735091359 0
endloop
endfacet
facet normal 0.09801714032954566 0.9951847266721985 0
outer loop
vertex 32.2951551618755 -181.52982454442252 2
vertex 32.50000000000114 -181.54999999999998 2
vertex 32.500000000001336 -181.55 0
endloop
endfacet
facet normal 0.09801714032954566 0.9951847266721985 0
outer loop
vertex 32.2951551618755 -181.52982454442252 2
vertex 32.500000000001336 -181.55 0
vertex 32.29515516187544 -181.52982454442252 0
endloop
endfacet
facet normal -0.09801714032954566 0.9951847266721985 0
outer loop
vertex 32.50000000000114 -181.54999999999998 2
vertex 32.70484483812689 -181.52982454442252 2
vertex 32.70484483808744 -181.52982454442252 0
endloop
endfacet
facet normal -0.09801714032954566 0.9951847266721985 0
outer loop
vertex 32.50000000000114 -181.54999999999998 2
vertex 32.70484483808744 -181.52982454442252 0
vertex 32.500000000001336 -181.55 0
endloop
endfacet
facet normal -0.29028467725447593 0.9569403357322048 0
outer loop
vertex 32.70484483812689 -181.52982454442252 2
vertex 32.90181760395777 -181.47007350913586 2
vertex 32.901817604009096 -181.4700735091359 0
endloop
endfacet
facet normal -0.29028467725447593 0.9569403357322048 0
outer loop
vertex 32.70484483812689 -181.52982454442252 2
vertex 32.901817604009096 -181.4700735091359 0
vertex 32.70484483808744 -181.52982454442252 0
endloop
endfacet
facet normal -0.47139673682602534 0.8819212643483402 0
outer loop
vertex 32.90181760395777 -181.47007350913586 2
vertex 33.083348744652284 -181.37304309293623 2
vertex 33.08334874468022 -181.37304309293614 0
endloop
endfacet
facet normal -0.47139673682602534 0.8819212643483402 0
outer loop
vertex 32.90181760395777 -181.47007350913586 2
vertex 33.08334874468022 -181.37304309293614 0
vertex 32.901817604009096 -181.4700735091359 0
endloop
endfacet
facet normal -0.6343932841636364 0.7730104533627445 0
outer loop
vertex 33.083348744652284 -181.37304309293623 2
vertex 33.242462120289616 -181.24246212022734 2
vertex 33.24246212023533 -181.24246212022743 0
endloop
endfacet
facet normal -0.6343932841636364 0.7730104533627445 0
outer loop
vertex 33.083348744652284 -181.37304309293623 2
vertex 33.24246212023533 -181.24246212022743 0
vertex 33.08334874468022 -181.37304309293614 0
endloop
endfacet
facet normal -0.7730104533627319 0.6343932841636518 0
outer loop
vertex 33.242462120289616 -181.24246212022734 2
vertex 33.37304309292011 -181.08334874465086 2
vertex 33.37304309291969 -181.08334874465083 0
endloop
endfacet
facet normal -0.7730104533627319 0.6343932841636518 0
outer loop
vertex 33.242462120289616 -181.24246212022734 2
vertex 33.37304309291969 -181.08334874465083 0
vertex 33.24246212023533 -181.24246212022743 0
endloop
endfacet
facet normal -0.8819212643483494 0.47139673682600847 0
outer loop
vertex 33.37304309292011 -181.08334874465086 2
vertex 33.4700735091219 -180.90181760400586 2
vertex 33.47007350913714 -180.90181760400583 0
endloop
endfacet
facet normal -0.8819212643483494 0.47139673682600847 0
outer loop
vertex 33.37304309292011 -181.08334874465086 2
vertex 33.47007350913714 -180.90181760400583 0
vertex 33.37304309291969 -181.08334874465083 0
endloop
endfacet
facet normal -0.9569403357322133 0.2902846772544479 0
outer loop
vertex 33.4700735091219 -180.90181760400586 2
vertex 33.5298245444242 -180.70484483813468 2
vertex 33.52982454442221 -180.70484483813473 0
endloop
endfacet
facet normal -0.9569403357322133 0.2902846772544479 0
outer loop
vertex 33.4700735091219 -180.90181760400586 2
vertex 33.52982454442221 -180.70484483813473 0
vertex 33.47007350913714 -180.90181760400583 0
endloop
endfacet
facet normal -0.9951847266721985 0.09801714032954578 0
outer loop
vertex 33.52982454442369 -142.7048448380755 2
vertex 33.54999999999606 -142.50000000004104 2
vertex 33.54999999999964 -142.50000000004107 0
endloop
endfacet
facet normal -0.9951847266721985 0.09801714032954578 0
outer loop
vertex 33.52982454442369 -142.7048448380755 2
vertex 33.54999999999964 -142.50000000004107 0
vertex 33.52982454442761 -142.7048448380752 0
endloop
endfacet
facet normal -0.9951847266721985 -0.09801714032954581 0
outer loop
vertex 33.54999999999606 -142.50000000004104 2
vertex 33.52982454441437 -142.29515516183594 2
vertex 33.529824544422866 -142.29515516183608 0
endloop
endfacet
facet normal -0.9951847266721985 -0.09801714032954581 0
outer loop
vertex 33.54999999999606 -142.50000000004104 2
vertex 33.529824544422866 -142.29515516183608 0
vertex 33.54999999999964 -142.50000000004107 0
endloop
endfacet
facet normal -0.9569403357322133 -0.29028467725444784 0
outer loop
vertex 33.52982454441437 -142.29515516183594 2
vertex 33.47007350913728 -142.09818239597317 2
vertex 33.47007350913043 -142.0981823959731 0
endloop
endfacet
facet normal -0.9569403357322133 -0.29028467725444784 0
outer loop
vertex 33.52982454441437 -142.29515516183594 2
vertex 33.47007350913043 -142.0981823959731 0
vertex 33.529824544422866 -142.29515516183608 0
endloop
endfacet
facet normal -0.8819212643483455 -0.47139673682601535 0
outer loop
vertex 33.47007350913728 -142.09818239597317 2
vertex 33.37304309296755 -141.91665125539157 2
vertex 33.37304309292222 -141.91665125539149 0
endloop
endfacet
facet normal -0.8819212643483455 -0.47139673682601535 0
outer loop
vertex 33.47007350913728 -142.09818239597317 2
vertex 33.37304309292222 -141.91665125539149 0
vertex 33.47007350913043 -142.0981823959731 0
endloop
endfacet
facet normal -0.773010453362722 -0.6343932841636638 0
outer loop
vertex 33.37304309296755 -141.91665125539157 2
vertex 33.24246212015649 -141.75753787970075 2
vertex 33.242462120254544 -141.75753787970075 0
endloop
endfacet
facet normal -0.773010453362722 -0.6343932841636638 0
outer loop
vertex 33.37304309296755 -141.91665125539157 2
vertex 33.242462120254544 -141.75753787970075 0
vertex 33.37304309292222 -141.91665125539149 0
endloop
endfacet
facet normal -0.6343932841636054 -0.7730104533627699 0
outer loop
vertex 33.24246212015649 -141.75753787970075 2
vertex 33.08334874479644 -141.62695690712653 2
vertex 33.08334874466195 -141.62695690712644 0
endloop
endfacet
facet normal -0.6343932841636054 -0.7730104533627699 0
outer loop
vertex 33.24246212015649 -141.75753787970075 2
vertex 33.08334874466195 -141.62695690712644 0
vertex 33.242462120254544 -141.75753787970075 0
endloop
endfacet
facet normal -0.47139673682600836 -0.8819212643483493 0
outer loop
vertex 33.08334874479644 -141.62695690712653 2
vertex 32.90181760385366 -141.5299264908414 2
vertex 32.901817603963565 -141.52992649084146 0
endloop
endfacet
facet normal -0.47139673682600836 -0.8819212643483493 0
outer loop
vertex 33.08334874479644 -141.62695690712653 2
vertex 32.901817603963565 -141.52992649084146 0
vertex 33.08334874466195 -141.62695690712644 0
endloop
endfacet
facet normal -0.2902846772545339 -0.9569403357321872 0
outer loop
vertex 32.90181760385366 -141.5299264908414 2
vertex 32.704844838162444 -141.47017545557495 2
vertex 32.704844838140104 -141.47017545557492 0
endloop
endfacet
facet normal -0.2902846772545339 -0.9569403357321872 0
outer loop
vertex 32.90181760385366 -141.5299264908414 2
vertex 32.704844838140104 -141.47017545557492 0
vertex 32.901817603963565 -141.52992649084146 0
endloop
endfacet
facet normal -0.09801714032954582 -0.9951847266721984 0
outer loop
vertex 32.704844838162444 -141.47017545557495 2
vertex 32.499999999998835 -141.44999999999612 2
vertex 32.49999999999886 -141.44999999999612 0
endloop
endfacet
facet normal -0.09801714032954582 -0.9951847266721984 0
outer loop
vertex 32.704844838162444 -141.47017545557495 2
vertex 32.49999999999886 -141.44999999999612 0
vertex 32.704844838140104 -141.47017545557492 0
endloop
endfacet
facet normal 0.09801714032954581 -0.9951847266721984 0
outer loop
vertex 32.499999999998835 -141.44999999999612 2
vertex 32.29515516188448 -141.47017545557495 2
vertex 32.29515516186041 -141.47017545557492 0
endloop
endfacet
facet normal 0.09801714032954581 -0.9951847266721984 0
outer loop
vertex 32.499999999998835 -141.44999999999612 2
vertex 32.29515516186041 -141.47017545557492 0
vertex 32.49999999999886 -141.44999999999612 0
endloop
endfacet
facet normal 0.29028467725450585 -0.9569403357321956 0
outer loop
vertex 32.29515516188448 -141.47017545557495 2
vertex 32.09818239601705 -141.5299264908414 2
vertex 32.09818239608384 -141.52992649084146 0
endloop
endfacet
facet normal 0.29028467725450585 -0.9569403357321956 0
outer loop
vertex 32.29515516188448 -141.47017545557495 2
vertex 32.09818239608384 -141.52992649084146 0
vertex 32.29515516186041 -141.47017545557492 0
endloop
endfacet
facet normal 0.4713967368260364 -0.8819212643483343 0
outer loop
vertex 32.09818239601705 -141.5299264908414 2
vertex 31.916651255332596 -141.62695690712653 2
vertex 31.91665125520757 -141.62695690712644 0
endloop
endfacet
facet normal 0.4713967368260364 -0.8819212643483343 0
outer loop
vertex 32.09818239601705 -141.5299264908414 2
vertex 31.91665125520757 -141.62695690712644 0
vertex 32.09818239608384 -141.52992649084146 0
endloop
endfacet
facet normal 0.6343932841636364 -0.7730104533627445 0
outer loop
vertex 31.916651255332596 -141.62695690712653 2
vertex 31.75753787975384 -141.75753787970075 2
vertex 31.757537879875088 -141.75753787970075 0
endloop
endfacet
facet normal 0.6343932841636364 -0.7730104533627445 0
outer loop
vertex 31.916651255332596 -141.62695690712653 2
vertex 31.757537879875088 -141.75753787970075 0
vertex 31.91665125520757 -141.62695690712644 0
endloop
endfacet
facet normal 0.7730104533627319 -0.6343932841636518 0
outer loop
vertex 31.75753787975384 -141.75753787970075 2
vertex 31.62695690708236 -141.91665125539157 2
vertex 31.62695690698817 -141.91665125539149 0
endloop
endfacet
facet normal 0.7730104533627319 -0.6343932841636518 0
outer loop
vertex 31.75753787975384 -141.75753787970075 2
vertex 31.62695690698817 -141.91665125539149 0
vertex 31.757537879875088 -141.75753787970075 0
endloop
endfacet
facet normal 0.8819212643483567 -0.47139673682599437 0
outer loop
vertex 31.62695690708236 -141.91665125539157 2
vertex 31.529926490861925 -142.09818239597317 2
vertex 31.529926490918996 -142.0981823959731 0
endloop
endfacet
facet normal 0.8819212643483567 -0.47139673682599437 0
outer loop
vertex 31.62695690708236 -141.91665125539157 2
vertex 31.529926490918996 -142.0981823959731 0
vertex 31.62695690698817 -141.91665125539149 0
endloop
endfacet
facet normal 0.9569403357322133 -0.2902846772544479 0
outer loop
vertex 31.529926490861925 -142.09818239597317 2
vertex 31.470175455574662 -142.29515516183594 2
vertex 31.47017545557668 -142.29515516183608 0
endloop
endfacet
facet normal 0.9569403357322133 -0.2902846772544479 0
outer loop
vertex 31.529926490861925 -142.09818239597317 2
vertex 31.47017545557668 -142.29515516183608 0
vertex 31.529926490918996 -142.0981823959731 0
endloop
endfacet
facet normal 0.9951847266721956 -0.09801714032957423 0
outer loop
vertex 31.470175455574662 -142.29515516183594 2
vertex 31.44999999999996 -142.50000000004104 2
vertex 31.4499999999895 -142.50000000004107 0
endloop
endfacet
facet normal 0.9951847266721956 -0.09801714032957423 0
outer loop
vertex 31.470175455574662 -142.29515516183594 2
vertex 31.4499999999895 -142.50000000004107 0
vertex 31.47017545557668 -142.29515516183608 0
endloop
endfacet
facet normal 0.9951847266721956 0.0980171403295742 0
outer loop
vertex 31.44999999999996 -142.50000000004104 2
vertex 31.470175455579295 -142.7048448380755 2
vertex 31.470175455568466 -142.7048448380752 0
endloop
endfacet
facet normal 0.9951847266721956 0.0980171403295742 0
outer loop
vertex 31.44999999999996 -142.50000000004104 2
vertex 31.470175455568466 -142.7048448380752 0
vertex 31.4499999999895 -142.50000000004107 0
endloop
endfacet
facet normal 0.9569403357322133 0.2902846772544478 0
outer loop
vertex 31.470175455579295 -142.7048448380755 2
vertex 31.529926490863716 -142.90181760399255 2
vertex 31.52992649088077 -142.9018176039926 0
endloop
endfacet
facet normal 0.9569403357322133 0.2902846772544478 0
outer loop
vertex 31.470175455579295 -142.7048448380755 2
vertex 31.52992649088077 -142.9018176039926 0
vertex 31.470175455568466 -142.7048448380752 0
endloop
endfacet
facet normal 0.8819212643483455 0.47139673682601535 0
outer loop
vertex 31.529926490863716 -142.90181760399255 2
vertex 31.626956907065647 -143.0833487446979 2
vertex 31.626956907092676 -143.08334874469773 0
endloop
endfacet
facet normal 0.8819212643483455 0.47139673682601535 0
outer loop
vertex 31.529926490863716 -142.90181760399255 2
vertex 31.626956907092676 -143.08334874469773 0
vertex 31.52992649088077 -142.9018176039926 0
endloop
endfacet
facet normal 0.7730104533627157 0.6343932841636716 0
outer loop
vertex 31.626956907065647 -143.0833487446979 2
vertex 31.757537879768563 -143.24246212024138 2
vertex 31.757537879713936 -143.24246212024138 0
endloop
endfacet
facet normal 0.7730104533627157 0.6343932841636716 0
outer loop
vertex 31.626956907065647 -143.0833487446979 2
vertex 31.757537879713936 -143.24246212024138 0
vertex 31.626956907092676 -143.08334874469773 0
endloop
endfacet
facet normal 0.6343932841636364 0.7730104533627445 0
outer loop
vertex 31.757537879768563 -143.24246212024138 2
vertex 31.916651255315827 -143.3730430929287 2
vertex 31.916651255360108 -143.3730430929286 0
endloop
endfacet
facet normal 0.6343932841636364 0.7730104533627445 0
outer loop
vertex 31.757537879768563 -143.24246212024138 2
vertex 31.916651255360108 -143.3730430929286 0
vertex 31.757537879713936 -143.24246212024138 0
endloop
endfacet
facet normal 0.47139673682600836 0.8819212643483493 0
outer loop
vertex 31.916651255315827 -143.3730430929287 2
vertex 32.098182396020746 -143.47007350913017 2
vertex 32.09818239597274 -143.47007350913023 0
endloop
endfacet
facet normal 0.47139673682600836 0.8819212643483493 0
outer loop
vertex 31.916651255315827 -143.3730430929287 2
vertex 32.09818239597274 -143.47007350913023 0
vertex 31.916651255360108 -143.3730430929286 0
endloop
endfacet
facet normal 0.2902846772545039 0.9569403357321963 0
outer loop
vertex 32.098182396020746 -143.47007350913017 2
vertex 32.29515516189397 -143.52982454442193 2
vertex 32.2951551618996 -143.52982454442193 0
endloop
endfacet
facet normal 0.2902846772545039 0.9569403357321963 0
outer loop
vertex 32.098182396020746 -143.47007350913017 2
vertex 32.2951551618996 -143.52982454442193 0
vertex 32.09818239597274 -143.47007350913023 0
endloop
endfacet
facet normal 0.09801714032954582 0.9951847266721984 0
outer loop
vertex 32.29515516189397 -143.52982454442193 2
vertex 32.499999999992525 -143.54999999999708 2
vertex 32.49999999999281 -143.5499999999971 0
endloop
endfacet
facet normal 0.09801714032954582 0.9951847266721984 0
outer loop
vertex 32.29515516189397 -143.52982454442193 2
vertex 32.49999999999281 -143.5499999999971 0
vertex 32.2951551618996 -143.52982454442193 0
endloop
endfacet
facet normal -0.09801714032954582 0.9951847266721984 0
outer loop
vertex 32.499999999992525 -143.54999999999708 2
vertex 32.7048448380981 -143.52982454442193 2
vertex 32.70484483810989 -143.52982454442193 0
endloop
endfacet
facet normal -0.09801714032954582 0.9951847266721984 0
outer loop
vertex 32.499999999992525 -143.54999999999708 2
vertex 32.70484483810989 -143.52982454442193 0
vertex 32.49999999999281 -143.5499999999971 0
endloop
endfacet
facet normal -0.2902846772545039 0.9569403357321963 0
outer loop
vertex 32.7048448380981 -143.52982454442193 2
vertex 32.90181760399207 -143.47007350913017 2
vertex 32.90181760398909 -143.47007350913023 0
endloop
endfacet
facet normal -0.2902846772545039 0.9569403357321963 0
outer loop
vertex 32.7048448380981 -143.52982454442193 2
vertex 32.90181760398909 -143.47007350913023 0
vertex 32.70484483810989 -143.52982454442193 0
endloop
endfacet
facet normal -0.47139673682602534 0.8819212643483402 0
outer loop
vertex 32.90181760399207 -143.47007350913017 2
vertex 33.083348744641654 -143.3730430929287 2
vertex 33.0833487446732 -143.3730430929286 0
endloop
endfacet
facet normal -0.47139673682602534 0.8819212643483402 0
outer loop
vertex 32.90181760399207 -143.47007350913017 2
vertex 33.0833487446732 -143.3730430929286 0
vertex 32.90181760398909 -143.47007350913023 0
endloop
endfacet
facet normal -0.6343932841636364 0.7730104533627445 0
outer loop
vertex 33.083348744641654 -143.3730430929287 2
vertex 33.242462120258295 -143.24246212024138 2
vertex 33.24246212024124 -143.24246212024138 0
endloop
endfacet
facet normal -0.6343932841636364 0.7730104533627445 0
outer loop
vertex 33.083348744641654 -143.3730430929287 2
vertex 33.24246212024124 -143.24246212024138 0
vertex 33.0833487446732 -143.3730430929286 0
endloop
endfacet
facet normal -0.7730104533627319 0.6343932841636518 0
outer loop
vertex 33.242462120258295 -143.24246212024138 2
vertex 33.37304309288865 -143.0833487446979 2
vertex 33.37304309292389 -143.08334874469773 0
endloop
endfacet
facet normal -0.7730104533627319 0.6343932841636518 0
outer loop
vertex 33.242462120258295 -143.24246212024138 2
vertex 33.37304309292389 -143.08334874469773 0
vertex 33.24246212024124 -143.24246212024138 0
endloop
endfacet
facet normal -0.8819212643483567 0.47139673682599437 0
outer loop
vertex 33.37304309288865 -143.0833487446979 2
vertex 33.470073509137336 -142.90181760399255 2
vertex 33.470073509134124 -142.9018176039926 0
endloop
endfacet
facet normal -0.8819212643483567 0.47139673682599437 0
outer loop
vertex 33.37304309288865 -143.0833487446979 2
vertex 33.470073509134124 -142.9018176039926 0
vertex 33.37304309292389 -143.08334874469773 0
endloop
endfacet
facet normal -0.9569403357322133 0.2902846772544479 0
outer loop
vertex 33.470073509137336 -142.90181760399255 2
vertex 33.52982454442369 -142.7048448380755 2
vertex 33.52982454442761 -142.7048448380752 0
endloop
endfacet
facet normal -0.9569403357322133 0.2902846772544479 0
outer loop
vertex 33.470073509137336 -142.90181760399255 2
vertex 33.52982454442761 -142.7048448380752 0
vertex 33.470073509134124 -142.9018176039926 0
endloop
endfacet
facet normal -0.8819212643483455 -0.4713967368260154 0
outer loop
vertex 33.47007350916138 -180.0981823960601 2
vertex 33.37304309293063 -179.91665125534803 2
vertex 33.373043092925656 -179.9166512553478 0
endloop
endfacet
facet normal -0.8819212643483455 -0.4713967368260154 0
outer loop
vertex 33.47007350916138 -180.0981823960601 2
vertex 33.373043092925656 -179.9166512553478 0
vertex 33.470073509128696 -180.09818239605994 0
endloop
endfacet
facet normal 0.47139673682602534 -0.8819212643483402 0
outer loop
vertex 32.09818239600267 -179.52992649086463 2
vertex 31.916651255331857 -179.62695690709012 2
vertex 31.91665125531489 -179.62695690709006 0
endloop
endfacet
facet normal 0.47139673682602534 -0.8819212643483402 0
outer loop
vertex 32.09818239600267 -179.52992649086463 2
vertex 31.91665125531489 -179.62695690709006 0
vertex 32.09818239602893 -179.5299264908647 0
endloop
endfacet
endsolid csg.js
